{
  "type": "FeatureCollection",
  "features": [
    {
      "type": "Feature",
      "geometry": {
        "type": "Polygon",
        "coordinates": [
          [
            [
              -100.07908302737098,
              52.975546875715885
            ],
            [
              -100.07779091491153,
              52.97557720057143
            ],
            [
              -99.90076497469266,
              52.97557720057143
            ],
            [
              -99.89931785292158,
              52.975541882776454
            ],
            [
              -99.89842231085058,
              52.97440596907215
            ],
            [
              -99.84018742860052,
              52.896770553349086
            ],
            [
              -99.8393994297863,
              52.895664866945104
            ],
            [
              -99.84069755874657,
              52.896062702423905
            ],
            [
              -100.07786706036053,
              52.975107907562155
            ],
            [
              -100.07908302737098,
              52.975546875715885
            ]
          ]
        ]
      },
      "properties": {
        "hail_size_bin": "1.5\"",
        "min_size_inches": 1.5
      }
    },
    {
      "type": "Feature",
      "geometry": {
        "type": "Polygon",
        "coordinates": [
          [
            [
              -116.16692085194266,
              53.77531702533885
            ],
            [
              -116.16549677533249,
              53.775435613505266
            ],
            [
              -115.99848573116078,
              53.78525838891947
            ],
            [
              -115.99701749271163,
              53.78530825538934
            ],
            [
              -115.99617498105093,
              53.78410779733429
            ],
            [
              -115.93782558766883,
              53.696596212489396
            ],
            [
              -115.9370735098614,
              53.69540600198029
            ],
            [
              -115.93848100029908,
              53.69537146571428
            ],
            [
              -116.1255377226807,
              53.69537146571428
            ],
            [
              -116.12696202262825,
              53.69540575125713
            ],
            [
              -116.1276277208099,
              53.696663073051724
            ],
            [
              -116.16631331206621,
              53.774023200958716
            ],
            [
              -116.16692085194266,
              53.77531702533885
            ]
          ]
        ]
      },
      "properties": {
        "hail_size_bin": "1.5\"",
        "min_size_inches": 1.5
      }
    },
    {
      "type": "Feature",
      "geometry": {
        "type": "Polygon",
        "coordinates": [
          [
            [
              -87.3109797049815,
              47.80704754922504
            ],
            [
              -87.30965394671914,
              47.80738809987631
            ],
            [
              -87.18255698707902,
              47.836713976877135
            ],
            [
              -87.18114188042914,
              47.83700401946468
            ],
            [
              -87.18113454352081,
              47.836983656339754
            ],
            [
              -87.17928163980018,
              47.831420173536436
            ],
            [
              -87.177115573788,
              47.82585626403641
            ],
            [
              -87.1746754389532,
              47.82040698216798
            ],
            [
              -87.17196727614285,
              47.81508581828343
            ],
            [
              -87.16899778973954,
              47.80990594556355
            ],
            [
              -87.16577433106377,
              47.8048801874059
            ],
            [
              -87.16230488017497,
              47.800020985678884
            ],
            [
              -87.15859802611584,
              47.795340369920474
            ],
            [
              -87.15466294564916,
              47.79084992755758
            ],
            [
              -87.15050938053966,
              47.78656077522004
            ],
            [
              -87.146147613437,
              47.78248353122001
            ],
            [
              -87.14158844241993,
              47.778628289265114
            ],
            [
              -87.13684315426434,
              47.775004593470214
            ],
            [
              -87.13192349650144,
              47.771621414729815
            ],
            [
              -87.12684164833536,
              47.768487128509555
            ],
            [
              -87.12161019049208,
              47.76560949411172
            ],
            [
              -87.11624207407432,
              47.76299563546615
            ],
            [
              -87.11075058849954,
              47.7606520234941
            ],
            [
              -87.10514932860033,
              47.75858446008874
            ],
            [
              -87.09945216096888,
              47.75679806375177
            ],
            [
              -87.09367318962845,
              47.75529725692208
            ],
            [
              -87.08782672111722,
              47.754085755027354
            ],
            [
              -87.08192722907077,
              47.753166557286164
            ],
            [
              -87.07598931839077,
              47.752541939283
            ],
            [
              -87.07002768908885,
              47.75221344733482
            ],
            [
              -87.06405709989492,
              47.75218189466291
            ],
            [
              -87.05809233172025,
              47.75244735937972
            ],
            [
              -87.05214815106538,
              47.75300918429542
            ],
            [
              -87.04623927346404,
              47.753865978544916
            ],
            [
              -87.04038032705297,
              47.75501562103104
            ],
            [
              -87.03260997326892,
              47.75674211960323
            ],
            [
              -87.03115056022547,
              47.75702815408762
            ],
            [
              -87.03007480103453,
              47.75600393234171
            ],
            [
              -86.98219378602937,
              47.70812975845905
            ],
            [
              -86.98119527633511,
              47.70708087297042
            ],
            [
              -86.9820947223977,
              47.705945893165214
            ],
            [
              -87.0302012489519,
              47.64822630931185
            ],
            [
              -87.03114269369966,
              47.6471512614175
            ],
            [
              -87.03217644835641,
              47.64813671109963
            ],
            [
              -87.10799095159112,
              47.723940382143276
            ],
            [
              -87.1124286352534,
              47.728156653553036
            ],
            [
              -87.11707554990373,
              47.73214114412521
            ],
            [
              -87.12191960388913,
              47.73588348588858
            ],
            [
              -87.12694819258385,
              47.73937394096298
            ],
            [
              -87.13214823118778,
              47.74260342689806
            ],
            [
              -87.13750618877401,
              47.74556354030659
            ],
            [
              -87.14300812349752,
              47.748246578730736
            ],
            [
              -87.14863971887297,
              47.75064556068448
            ],
            [
              -87.15438632102737,
              47.752754243820064
            ],
            [
              -87.16023297683066,
              47.75456714117104
            ],
            [
              -87.16616447280497,
              47.75607953542982
            ],
            [
              -87.16995785140975,
              47.7568431262585
            ],
            [
              -87.17111119342856,
              47.75710304742263
            ],
            [
              -87.17249089100426,
              47.75755838541521
            ],
            [
              -87.30970238066985,
              47.80655548728057
            ],
            [
              -87.3109797049815,
              47.80704754922504
            ]
          ]
        ]
      },
      "properties": {
        "hail_size_bin": "1.0\"",
        "min_size_inches": 1.0
      }
    },
    {
      "type": "Feature",
      "geometry": {
        "type": "Polygon",
        "coordinates": [
          [
            [
              -93.45013476843202,
              51.35607349647426
            ],
            [
              -93.44911397146467,
              51.35699011229643
            ],
            [
              -93.38136048361272,
              51.41505623292418
            ],
            [
              -93.38023654291759,
              51.41597220078902
            ],
            [
              -93.3792813460818,
              51.41488176797212
            ],
            [
              -93.35704706623204,
              51.38820444428794
            ],
            [
              -93.35319498924247,
              51.38380513628929
            ],
            [
              -93.34913317726225,
              51.37959870176134
            ],
            [
              -93.34487127495335,
              51.375595128768374
            ],
            [
              -93.34041940208678,
              51.371803923685476
            ],
            [
              -93.33578812951349,
              51.36823408862591
            ],
            [
              -93.33098845406413,
              51.364894100065854
            ],
            [
              -93.32603177243737,
              51.361791888717214
            ],
            [
              -93.32092985413883,
              51.35893482069639
            ],
            [
              -93.3156948135346,
              51.35632968003362
            ],
            [
              -93.31033908108613,
              51.35398265256449
            ],
            [
              -93.30487537383426,
              51.351899311241844
            ],
            [
              -93.2993166652032,
              51.350084602902925
            ],
            [
              -93.2936761541952,
              51.34854283652329
            ],
            [
              -93.28796723405014,
              51.34727767298525
            ],
            [
              -93.2822034604435,
              51.346292116385165
            ],
            [
              -93.2802528667552,
              51.346007307158345
            ],
            [
              -93.27880872518112,
              51.34572344303211
            ],
            [
              -93.20227748262373,
              51.328718930152036
            ],
            [
              -93.1959970234802,
              51.32749819128328
            ],
            [
              -93.1896604283867,
              51.32661392149403
            ],
            [
              -93.18328571015788,
              51.32606863446671
            ],
            [
              -93.17689098997964,
              51.32586388026946
            ],
            [
              -93.17049444589678,
              51.326000240949796
            ],
            [
              -93.17027124234346,
              51.32601095761377
            ],
            [
              -93.16909485302476,
              51.325114707482065
            ],
            [
              -93.07141764317618,
              51.24698410430816
            ],
            [
              -93.0703203856306,
              51.24606173519745
            ],
            [
              -93.0704810337376,
              51.245762220864535
            ],
            [
              -93.07301907512543,
              51.241284522885636
            ],
            [
              -93.07568771414239,
              51.23598089480928
            ],
            [
              -93.07809076220296,
              51.23055176366391
            ],
            [
              -93.08022233682826,
              51.22501041954971
            ],
            [
              -93.08207722008565,
              51.219370427255704
            ],
            [
              -93.08365087136201,
              51.21364559305413
            ],
            [
              -93.08493943847867,
              51.207849930903784
            ],
            [
              -93.0859397671213,
              51.20199762814489
            ],
            [
              -93.08660767718915,
              51.19644965128189
            ],
            [
              -93.08808925255939,
              51.197107769553156
            ],
            [
              -93.0935831783843,
              51.199231908188274
            ],
            [
              -93.09917471874516,
              51.20108389693113
            ],
            [
              -93.10485040145223,
              51.202659273622444
            ],
            [
              -93.11059655158421,
              51.20395424256866
            ],
            [
              -93.11639932443643,
              51.20496568368725
            ],
            [
              -93.12224473887814,
              51.20569116002421
            ],
            [
              -93.12811871103845,
              51.20612892362563
            ],
            [
              -93.13400708823985,
              51.206277919749176
            ],
            [
              -93.1398956830975,
              51.20613778940539
            ],
            [
              -93.14026763537429,
              51.20611979609431
            ],
            [
              -93.14173079758365,
              51.206341286777636
            ],
            [
              -93.30879797900829,
              51.23581951817888
            ],
            [
              -93.31020837426121,
              51.236104088464536
            ],
            [
              -93.31020743465838,
              51.2363697764651
            ],
            [
              -93.31036762229513,
              51.24224718959589
            ],
            [
              -93.3108155046637,
              51.24810970156372
            ],
            [
              -93.3115500065464,
              51.25394323841312
            ],
            [
              -93.31256936464672,
              51.259733795748325
            ],
            [
              -93.31387113182248,
              51.26546747235319
            ],
            [
              -93.31545218296051,
              51.271130503563406
            ],
            [
              -93.3173087224791,
              51.27670929431096
            ],
            [
              -93.31943629343986,
              51.282190451761345
            ],
            [
              -93.32182978824744,
              51.287560817465376
            ],
            [
              -93.32448346091114,
              51.29280749894828
            ],
            [
              -93.32739094083911,
              51.297917900660224
            ],
            [
              -93.33054524813207,
              51.30287975421414
            ],
            [
              -93.33393881033977,
              51.30768114783803
            ],
            [
              -93.33756348063987,
              51.31231055497119
            ],
            [
              -93.34141055739583,
              51.31675686193571
            ],
            [
              -93.34547080504666,
              51.32100939461671
            ],
            [
              -93.34973447627841,
              51.32505794408739
            ],
            [
              -93.3541913354243,
              51.32889279111728
            ],
            [
              -93.35883068303716,
              51.332504729504926
            ],
            [
              -93.36364138157525,
              51.335885088178884
            ],
            [
              -93.36861188213986,
              51.339025752014166
            ],
            [
              -93.37373025220036,
              51.34191918131393
            ],
            [
              -93.37898420424031,
              51.34455842990983
            ],
            [
              -93.38436112525568,
              51.34693716183745
            ],
            [
              -93.38984810703454,
              51.34904966654688
            ],
            [
              -93.39543197714544,
              51.350890872611856
            ],
            [
              -93.40109933055999,
              51.352456359904565
            ],
            [
              -93.40683656183397,
              51.35374237020693
            ],
            [
              -93.4126298977695,
              51.354745816232864
            ],
            [
              -93.41846543047996,
              51.35546428903979
            ],
            [
              -93.42432915077815,
              51.35589606381172
            ],
            [
              -93.4302069818078,
              51.356040104
            ],
            [
              -93.44876257864858,
              51.356040104
            ],
            [
              -93.45013476843202,
              51.35607349647426
            ]
          ]
        ]
      },
      "properties": {
        "hail_size_bin": "1.0\"",
        "min_size_inches": 1.0
      }
    },
    {
      "type": "Feature",
      "geometry": {
        "type": "Polygon",
        "coordinates": [
          [
            [
              -93.01467552221843,
              51.07454567212238
            ],
            [
              -93.01162895785062,
              51.07324290086885
            ],
            [
              -93.006061169316,
              51.071181387878624
            ],
            [
              -93.0003982303121,
              51.06939778848044
            ],
            [
              -92.99465400328297,
              51.06789646878998
            ],
            [
              -92.98884254965958,
              51.066681103923685
            ],
            [
              -92.98297809543847,
              51.06575466900233
            ],
            [
              -92.9770749963576,
              51.065119431868155
            ],
            [
              -92.97114770275466,
              51.06477694753335
            ],
            [
              -92.96521072419364,
              51.06472805437354
            ],
            [
              -92.95927859394659,
              51.064972872075444
            ],
            [
              -92.95336583341727,
              51.06551080134395
            ],
            [
              -92.94748691659382,
              51.066340525369114
            ],
            [
              -92.94165623461755,
              51.067460013049626
            ],
            [
              -92.93588806055459,
              51.068866523964765
            ],
            [
              -92.93019651445638,
              51.070556615082765
            ],
            [
              -92.924595528795,
              51.0725261491891
            ],
            [
              -92.9190988143574,
              51.074770305014034
            ],
            [
              -92.87165572234511,
              51.09552369215242
            ],
            [
              -92.87042452363718,
              51.096026610128675
            ],
            [
              -92.8712760097805,
              51.09500522625933
            ],
            [
              -92.93934446911888,
              51.0172238161072
            ],
            [
              -92.94030957227764,
              51.0161731234413
            ],
            [
              -92.94173039120247,
              51.01629668341532
            ],
            [
              -93.02880925050071,
              51.0259707298246
            ],
            [
              -93.03022589903246,
              51.02616364588006
            ],
            [
              -93.02937329856572,
              51.0277558936964
            ],
            [
              -93.02831676929071,
              51.029617095288486
            ],
            [
              -93.02566381287366,
              51.034876088363205
            ],
            [
              -93.02327211509069,
              51.040258928470976
            ],
            [
              -93.02114743846955,
              51.04575264626191
            ],
            [
              -93.01929490218039,
              51.05134400523878
            ],
            [
              -93.01771896970178,
              51.05701953364886
            ],
            [
              -93.01642343806633,
              51.06276555694262
            ],
            [
              -93.01541142871234,
              51.068568230721
            ],
            [
              -93.0146853799629,
              51.07441357409195
            ],
            [
              -93.01467552221843,
              51.07454567212238
            ]
          ]
        ]
      },
      "properties": {
        "hail_size_bin": "1.0\"",
        "min_size_inches": 1.0
      }
    },
    {
      "type": "Feature",
      "geometry": {
        "type": "Polygon",
        "coordinates": [
          [
            [
              -100.07922737185362,
              52.96560469724861
            ],
            [
              -100.07872097743586,
              52.96696526789522
            ],
            [
              -100.05982669038384,
              53.0141942366013
            ],
            [
              -100.05925877802375,
              53.015518330744094
            ],
            [
              -100.05793811552817,
              53.01494377131647
            ],
            [
              -99.7806639034081,
              52.886227708953946
            ],
            [
              -99.77962648410525,
              52.88571456664751
            ],
            [
              -99.78075176522074,
              52.88598519851738
            ],
            [
              -100.07783355642584,
              52.96519569048652
            ],
            [
              -100.07922737185362,
              52.96560469724861
            ]
          ]
        ]
      },
      "properties": {
        "hail_size_bin": "1.0\"",
        "min_size_inches": 1.0
      }
    },
    {
      "type": "Feature",
      "geometry": {
        "type": "Polygon",
        "coordinates": [
          [
            [
              -100.15919895480422,
              45.457749150951265
            ],
            [
              -100.15829570252352,
              45.458855167222104
            ],
            [
              -100.10025049922062,
              45.52656489549244
            ],
            [
              -100.09925151114581,
              45.527672807511834
            ],
            [
              -100.09777847855844,
              45.52787193939798
            ],
            [
              -100.01075820842988,
              45.537539476829636
            ],
            [
              -100.00938651267845,
              45.537657652345445
            ],
            [
              -100.01038687036333,
              45.53671171408681
            ],
            [
              -100.1081791293177,
              45.44871125611512
            ],
            [
              -100.10928186897085,
              45.44776673694481
            ],
            [
              -100.11071101274148,
              45.44801683488073
            ],
            [
              -100.15780527584407,
              45.45743434175859
            ],
            [
              -100.15919895480422,
              45.457749150951265
            ]
          ]
        ]
      },
      "properties": {
        "hail_size_bin": "1.0\"",
        "min_size_inches": 1.0
      }
    },
    {
      "type": "Feature",
      "geometry": {
        "type": "Polygon",
        "coordinates": [
          [
            [
              -108.12806428897004,
              30.0221141203413
            ],
            [
              -108.12667074345556,
              30.022402212816523
            ],
            [
              -108.01959987770492,
              30.041866861494125
            ],
            [
              -108.01818659230702,
              30.04208785155719
            ],
            [
              -108.01847417736711,
              30.040686967635903
            ],
            [
              -108.04780819184005,
              29.91359106666675
            ],
            [
              -108.04815270722155,
              29.91224826898118
            ],
            [
              -108.04899465583428,
              29.913349301971994
            ],
            [
              -108.12725551111652,
              30.020942603120215
            ],
            [
              -108.12806428897004,
              30.0221141203413
            ]
          ]
        ]
      },
      "properties": {
        "hail_size_bin": "1.0\"",
        "min_size_inches": 1.0
      }
    },
    {
      "type": "Feature",
      "geometry": {
        "type": "Polygon",
        "coordinates": [
          [
            [
              -113.73726662287554,
              53.145545839407276
            ],
            [
              -113.736389857591,
              53.146648621188355
            ],
            [
              -113.68826524712134,
              53.20438990263978
            ],
            [
              -113.68731378776835,
              53.20547660141668
            ],
            [
              -113.68587041433017,
              53.20551147971428
            ],
            [
              -113.648780283605,
              53.20551147971428
            ],
            [
              -113.64735598365746,
              53.205477194171436
            ],
            [
              -113.646690285476,
              53.2042198723772
            ],
            [
              -113.62799071821675,
              53.16682608135571
            ],
            [
              -113.62738252249025,
              53.165532253600816
            ],
            [
              -113.6284768535419,
              53.164612787963854
            ],
            [
              -113.67616470758598,
              53.126467955547895
            ],
            [
              -113.67734013399368,
              53.12557483299385
            ],
            [
              -113.6787498605114,
              53.12600692682911
            ],
            [
              -113.7359401268016,
              53.14506762519065
            ],
            [
              -113.73726662287554,
              53.145545839407276
            ]
          ]
        ]
      },
      "properties": {
        "hail_size_bin": "1.0\"",
        "min_size_inches": 1.0
      }
    },
    {
      "type": "Feature",
      "geometry": {
        "type": "Polygon",
        "coordinates": [
          [
            [
              -114.50713653043245,
              53.50547693183472
            ],
            [
              -114.5063583368708,
              53.50662253382102
            ],
            [
              -114.40806875035905,
              53.64420829421093
            ],
            [
              -114.40721075250264,
              53.645350072033544
            ],
            [
              -114.4057893833011,
              53.645225975135205
            ],
            [
              -114.22873672638025,
              53.625556268460805
            ],
            [
              -114.22730424649116,
              53.62536094737908
            ],
            [
              -114.22780769325068,
              53.624005701896444
            ],
            [
              -114.24671061488634,
              53.5767551498155
            ],
            [
              -114.247278686464,
              53.575429230324694
            ],
            [
              -114.24855042212955,
              53.57475586166078
            ],
            [
              -114.30590699407317,
              53.54608167317245
            ],
            [
              -114.30725680679718,
              53.545448319720315
            ],
            [
              -114.30871397848894,
              53.54516901192594
            ],
            [
              -114.36451400442887,
              53.535870336364525
            ],
            [
              -114.36992892435067,
              53.534839634108714
            ],
            [
              -114.50577514424675,
              53.5057338889973
            ],
            [
              -114.50713653043245,
              53.50547693183472
            ]
          ]
        ]
      },
      "properties": {
        "hail_size_bin": "1.0\"",
        "min_size_inches": 1.0
      }
    },
    {
      "type": "Feature",
      "geometry": {
        "type": "Polygon",
        "coordinates": [
          [
            [
              -114.72706943948583,
              52.79558413929964
            ],
            [
              -114.72570322347102,
              52.795490031461824
            ],
            [
              -114.40870375672638,
              52.7657755775898
            ],
            [
              -114.40724180622901,
              52.765602005934795
            ],
            [
              -114.40617912896317,
              52.76458889705018
            ],
            [
              -114.35827039129433,
              52.716687004464795
            ],
            [
              -114.35731788520812,
              52.71568697139594
            ],
            [
              -114.3586983376969,
              52.71570375785747
            ],
            [
              -114.63575262054074,
              52.72559713992906
            ],
            [
              -114.63718324539336,
              52.72568271193185
            ],
            [
              -114.6383338394647,
              52.726534487949635
            ],
            [
              -114.72600951638759,
              52.79471693797784
            ],
            [
              -114.72706943948583,
              52.79558413929964
            ]
          ]
        ]
      },
      "properties": {
        "hail_size_bin": "1.0\"",
        "min_size_inches": 1.0
      }
    },
    {
      "type": "Feature",
      "geometry": {
        "type": "Polygon",
        "coordinates": [
          [
            [
              -115.48676879610413,
              54.76504687360329
            ],
            [
              -115.48559757933336,
              54.76511331703577
            ],
            [
              -115.19121304193317,
              54.774608235631135
            ],
            [
              -115.1856068791207,
              54.774920482728355
            ],
            [
              -115.18002145939622,
              54.77549463099416
            ],
            [
              -115.17446901116728,
              54.776329423420236
            ],
            [
              -115.16896169065545,
              54.777423032358456
            ],
            [
              -115.1635115552822,
              54.778773063522166
            ],
            [
              -115.06862421066971,
              54.80464773279682
            ],
            [
              -115.06713162938175,
              54.80501372192816
            ],
            [
              -115.06561792036581,
              54.804751261775436
            ],
            [
              -114.96858955720157,
              54.78534836177771
            ],
            [
              -114.96732634082878,
              54.7850633930474
            ],
            [
              -114.9686015164797,
              54.784839742900296
            ],
            [
              -115.29558299950904,
              54.73530417248916
            ],
            [
              -115.29710430834325,
              54.73511336337862
            ],
            [
              -115.2986163790001,
              54.735313620890786
            ],
            [
              -115.48561487438317,
              54.76483548049521
            ],
            [
              -115.48676879610413,
              54.76504687360329
            ]
          ]
        ]
      },
      "properties": {
        "hail_size_bin": "1.0\"",
        "min_size_inches": 1.0
      }
    },
    {
      "type": "Feature",
      "geometry": {
        "type": "Polygon",
        "coordinates": [
          [
            [
              -116.40687622225671,
              53.825343068802546
            ],
            [
              -116.40577518212572,
              53.82620917017698
            ],
            [
              -116.3281203812903,
              53.884441949457305
            ],
            [
              -116.32696420152283,
              53.88526582103745
            ],
            [
              -116.32630075918861,
              53.88401238397202
            ],
            [
              -116.31885767964846,
              53.86912835178976
            ],
            [
              -116.31606817189565,
              53.86387929993765
            ],
            [
              -116.31302215307247,
              53.85877482462886
            ],
            [
              -116.3097270973262,
              53.853827450933835
            ],
            [
              -116.30619108987676,
              53.84904931843603
            ],
            [
              -116.30242280717756,
              53.844452151444486
            ],
            [
              -116.29843149562583,
              53.84004723022542
            ],
            [
              -116.29422694887424,
              53.83584536332334
            ],
            [
              -116.28981948379983,
              53.831856861039626
            ],
            [
              -116.2852199151891,
              53.82809151013376
            ],
            [
              -116.2804395292012,
              53.824558549809055
            ],
            [
              -116.27549005567468,
              53.821266649042116
            ],
            [
              -116.27038363934544,
              53.818223885311305
            ],
            [
              -116.26513281004665,
              53.815437724776764
            ],
            [
              -116.25975045196385,
              53.812915003960335
            ],
            [
              -116.25424977202036,
              53.81066191297049
            ],
            [
              -116.24864426747097,
              53.808683980313425
            ],
            [
              -116.24294769278308,
              53.806986059327514
            ],
            [
              -116.2371740258868,
              53.805572316274436
            ],
            [
              -116.23133743387676,
              53.804446220116276
            ],
            [
              -116.22545223824957,
              53.80361053400358
            ],
            [
              -116.21953287976268,
              53.80306730849527
            ],
            [
              -116.2135938830004,
              53.80281787652713
            ],
            [
              -116.2076498207343,
              53.80286285014109
            ],
            [
              -116.20171527816542,
              53.803202118983464
            ],
            [
              -116.19580481713592,
              53.80383485057572
            ],
            [
              -116.18993294039801,
              53.80475949235715
            ],
            [
              -116.18696721369973,
              53.80530209746888
            ],
            [
              -116.18546667370224,
              53.805271562965636
            ],
            [
              -115.96844115101244,
              53.79540817593777
            ],
            [
              -115.9670236092478,
              53.79530966673347
            ],
            [
              -115.96623260944435,
              53.79412980071992
            ],
            [
              -115.91781385504329,
              53.71805405773074
            ],
            [
              -115.91428822436525,
              53.712823352264245
            ],
            [
              -115.91049260074021,
              53.707785139024196
            ],
            [
              -115.90643747230689,
              53.70295333969637
            ],
            [
              -115.90213404427259,
              53.69834130559971
            ],
            [
              -115.89759420795075,
              53.69396178079376
            ],
            [
              -115.89283050790263,
              53.68982686686397
            ],
            [
              -115.88785610727399,
              53.685947989482436
            ],
            [
              -115.88583299580053,
              53.68445424890889
            ],
            [
              -115.79818141250605,
              53.616290535691995
            ],
            [
              -115.79711871064141,
              53.61542180636526
            ],
            [
              -115.79848722267843,
              53.61532489480071
            ],
            [
              -116.0055281677571,
              53.60546721082099
            ],
            [
              -116.00698143480093,
              53.60543372687498
            ],
            [
              -116.0074743928093,
              53.60621787972753
            ],
            [
              -116.010693878695,
              53.61105378984353
            ],
            [
              -116.01414364438092,
              53.615728213094634
            ],
            [
              -116.01781560421138,
              53.62023019343908
            ],
            [
              -116.02170115174593,
              53.624549179011524
            ],
            [
              -116.02579117993142,
              53.6286750468548
            ],
            [
              -116.03007610244728,
              53.6325981266464
            ],
            [
              -116.0345458761743,
              53.63630922336401
            ],
            [
              -116.0391900247339,
              53.63979963883708
            ],
            [
              -116.04399766304293,
              53.64306119213385
            ],
            [
              -116.04895752282656,
              53.646086238736
            ],
            [
              -116.05405797902897,
              53.64886768845609
            ],
            [
              -116.05928707706067,
              53.651399022055806
            ],
            [
              -116.0646325608179,
              53.653674306525815
            ],
            [
              -116.07008190140881,
              53.65568820899182
            ],
            [
              -116.07562232651905,
              53.657436009213825
            ],
            [
              -116.08124085034788,
              53.65891361064961
            ],
            [
              -116.08692430404464,
              53.6601175500563
            ],
            [
              -116.09265936657427,
              53.66104500560758
            ],
            [
              -116.09843259593946,
              53.66169380350765
            ],
            [
              -116.10423046068647,
              53.66206242308614
            ],
            [
              -116.11003937162045,
              53.66215000036234
            ],
            [
              -116.1158457136562,
              53.66195633007022
            ],
            [
              -116.12163587772959,
              53.66148186613954
            ],
            [
              -116.36549273935344,
              53.63554335337879
            ],
            [
              -116.36686817617908,
              53.635430885669834
            ],
            [
              -116.36678356687459,
              53.63553366547787
            ],
            [
              -116.3632242477423,
              53.639654731475666
            ],
            [
              -116.35957934823512,
              53.64432181998524
            ],
            [
              -116.35616912737181,
              53.64916303896779
            ],
            [
              -116.35300188975243,
              53.65416659904398
            ],
            [
              -116.35008534826211,
              53.65932031549997
            ],
            [
              -116.34742660528849,
              53.664611637959794
            ],
            [
              -116.34503213542604,
              53.67002768094812
            ],
            [
              -116.34290776970896,
              53.67555525526907
            ],
            [
              -116.34105868141148,
              53.6811809001247
            ],
            [
              -116.3394893734498,
              53.686890915894814
            ],
            [
              -116.33820366741656,
              53.69267139749843
            ],
            [
              -116.33720469427452,
              53.69850826825552
            ],
            [
              -116.33649488673188,
              53.70438731416672
            ],
            [
              -116.33607597331829,
              53.71029421852734
            ],
            [
              -116.33594897417538,
              53.716214596791545
            ],
            [
              -116.3361141985726,
              53.72213403160174
            ],
            [
              -116.33657124415403,
              53.72803810789783
            ],
            [
              -116.33731899791823,
              53.73391244802092
            ],
            [
              -116.33835563892862,
              53.73974274672589
            ],
            [
              -116.33967864274778,
              53.74551480601768
            ],
            [
              -116.34128478758515,
              53.75121456972638
            ],
            [
              -116.34317016214254,
              53.756828157736905
            ],
            [
              -116.34533017513917,
              53.762341899789995
            ],
            [
              -116.34775956649221,
              53.767742368772154
            ],
            [
              -116.35045242012635,
              53.77301641341348
            ],
            [
              -116.35340217838055,
              53.778151190313736
            ],
            [
              -116.35660165797736,
              53.783134195218715
            ],
            [
              -116.36004306751576,
              53.787953293470736
            ],
            [
              -116.36371802644472,
              53.792596749559046
            ],
            [
              -116.3676175854717,
              53.79705325569823
            ],
            [
              -116.37173224835604,
              53.80131195936506
            ],
            [
              -116.3760519950342,
              53.80536248972664
            ],
            [
              -116.38056630602081,
              53.80919498289555
            ],
            [
              -116.38526418802577,
              53.812800105950465
            ],
            [
              -116.39013420072519,
              53.81616907966379
            ],
            [
              -116.395164484621,
              53.81929369988088
            ],
            [
              -116.4003427899213,
              53.82216635749892
            ],
            [
              -116.40565650637114,
              53.824780056996616
            ],
            [
              -116.40687622225671,
              53.825343068802546
            ]
          ]
        ]
      },
      "properties": {
        "hail_size_bin": "1.0\"",
        "min_size_inches": 1.0
      }
    },
    {
      "type": "Feature",
      "geometry": {
        "type": "Polygon",
        "coordinates": [
          [
            [
              -80.28671259618021,
              22.14661283793532
            ],
            [
              -80.28140930860303,
              22.14569148760692
            ],
            [
              -80.27555670149916,
              22.14496874969838
            ],
            [
              -80.2696756550825,
              22.14453440761904
            ],
            [
              -80.26378037181877,
              22.14438951028572
            ],
            [
              -80.21356844517432,
              22.14438951028572
            ],
            [
              -80.21214303903612,
              22.14435495893908
            ],
            [
              -80.21187518314709,
              22.142955135851725
            ],
            [
              -80.20235006814558,
              22.08581261139375
            ],
            [
              -80.20215043810428,
              22.084410393711387
            ],
            [
              -80.2026772513766,
              22.08309657551943
            ],
            [
              -80.23152870106864,
              22.01578614476224
            ],
            [
              -80.23213733759087,
              22.014457620812244
            ],
            [
              -80.23356668202427,
              22.014162101929823
            ],
            [
              -80.34063273636261,
              21.99469832792947
            ],
            [
              -80.34204132537438,
              21.99447816310525
            ],
            [
              -80.34154339862857,
              21.9958129392911
            ],
            [
              -80.29483379362875,
              22.1125702674049
            ],
            [
              -80.2927908127162,
              22.118062144264712
            ],
            [
              -80.29101835411528,
              22.123647202273393
            ],
            [
              -80.28952064396823,
              22.12931212475899
            ],
            [
              -80.28830125332388,
              22.13504340462555
            ],
            [
              -80.28736308962297,
              22.14082737655863
            ],
            [
              -80.28671259618021,
              22.14661283793532
            ]
          ]
        ]
      },
      "properties": {
        "hail_size_bin": "0.5\"",
        "min_size_inches": 0.5
      }
    },
    {
      "type": "Feature",
      "geometry": {
        "type": "Polygon",
        "coordinates": [
          [
            [
              -81.13194511142039,
              27.742813671524477
            ],
            [
              -81.1317422591606,
              27.74423253823634
            ],
            [
              -81.12222604368382,
              27.80132167317522
            ],
            [
              -81.12195194586974,
              27.802749357091027
            ],
            [
              -81.11980938687252,
              27.8039160099316
            ],
            [
              -81.11472295548022,
              27.80685065841249
            ],
            [
              -81.10978618092861,
              27.810030627444057
            ],
            [
              -81.10501088540293,
              27.813448301895715
            ],
            [
              -81.1004085043916,
              27.817095497399315
            ],
            [
              -81.09599005930143,
              27.82096347994841
            ],
            [
              -81.09176613106449,
              27.82504298681374
            ],
            [
              -81.08774683479979,
              27.82932424872485
            ],
            [
              -81.0839417955903,
              27.83379701326475
            ],
            [
              -81.08036012543376,
              27.838450569421575
            ],
            [
              -81.07701040142182,
              27.843273773238426
            ],
            [
              -81.07390064520047,
              27.848255074500024
            ],
            [
              -81.07103830376037,
              27.853382544392215
            ],
            [
              -81.06843023160346,
              27.858643904068128
            ],
            [
              -81.06608267432829,
              27.864026554052554
            ],
            [
              -81.06400125367364,
              27.86951760441414
            ],
            [
              -81.06219095405602,
              27.875103905633143
            ],
            [
              -81.06065611063336,
              27.880772080090843
            ],
            [
              -81.05940039892354,
              27.886508554105152
            ],
            [
              -81.0584268260026,
              27.89229959043578
            ],
            [
              -81.05773772330362,
              27.898131321181047
            ],
            [
              -81.05733474103351,
              27.9039897809876
            ],
            [
              -81.05721884422142,
              27.909860940493523
            ],
            [
              -81.05739031040754,
              27.915730739924683
            ],
            [
              -81.05784872897866,
              27.921585122763947
            ],
            [
              -81.05859300215133,
              27.927410069412584
            ],
            [
              -81.05962134760085,
              27.933191630763247
            ],
            [
              -81.06093130272937,
              27.938915961604167
            ],
            [
              -81.06149312512144,
              27.94091555028232
            ],
            [
              -81.0619572854615,
              27.94274031526078
            ],
            [
              -81.06188744782983,
              27.94420729730845
            ],
            [
              -81.05209790946203,
              28.08124125258271
            ],
            [
              -81.05196329016873,
              28.082645695828692
            ],
            [
              -81.0506243354185,
              28.082203010369675
            ],
            [
              -80.9134151674984,
              28.033206737580656
            ],
            [
              -80.91206053560471,
              28.032684798266622
            ],
            [
              -80.91253663769112,
              28.031313675948496
            ],
            [
              -80.94149288402356,
              27.954108051589376
            ],
            [
              -80.94203538310886,
              27.952762939707238
            ],
            [
              -80.94494133340824,
              27.952448842485893
            ],
            [
              -80.94493845960442,
              27.9524222547592
            ],
            [
              -80.94828767331812,
              27.952059835053404
            ],
            [
              -80.95413295278071,
              27.95113382732757
            ],
            [
              -80.959925468506,
              27.94992075524544
            ],
            [
              -80.96565113149381,
              27.948423569333794
            ],
            [
              -80.97129601534836,
              27.94664591116282
            ],
            [
              -80.97684639015101,
              27.944592104488787
            ],
            [
              -80.98228875585528,
              27.942267144737514
            ],
            [
              -80.98760987512271,
              27.939676686854078
            ],
            [
              -80.9927968055197,
              27.936827031548443
            ],
            [
              -80.99783693099708,
              27.933725109970375
            ],
            [
              -81.00271799257584,
              27.93037846685099
            ],
            [
              -81.00742811816436,
              27.92679524215186
            ],
            [
              -81.01195585143465,
              27.922984151266395
            ],
            [
              -81.01629017968725,
              27.91895446382158
            ],
            [
              -81.02042056063718,
              27.914715981131685
            ],
            [
              -81.02433694805573,
              27.910279012358764
            ],
            [
              -81.02802981620565,
              27.905654349437906
            ],
            [
              -81.03149018301029,
              27.90085324082828
            ],
            [
              -81.03470963190065,
              27.895887364153772
            ],
            [
              -81.03768033228671,
              27.890768797799755
            ],
            [
              -81.04039505860355,
              27.88550999153514
            ],
            [
              -81.04284720788604,
              27.880123736231077
            ],
            [
              -81.04503081582898,
              27.87462313275003
            ],
            [
              -81.04694057129397,
              27.869021560080856
            ],
            [
              -81.04857182922758,
              27.863332642797385
            ],
            [
              -81.0499206219594,
              27.857570217919722
            ],
            [
              -81.0509836688525,
              27.851748301258755
            ],
            [
              -81.05175838428283,
              27.845881053325854
            ],
            [
              -81.05224288392824,
              27.839982744890573
            ],
            [
              -81.05243598935161,
              27.834067722270195
            ],
            [
              -81.05233723086714,
              27.828150372435523
            ],
            [
              -81.05194684868276,
              27.822245088017795
            ],
            [
              -81.04213037184655,
              27.71427927091622
            ],
            [
              -81.04203595525988,
              27.712848251510437
            ],
            [
              -81.04340683202041,
              27.713268237847323
            ],
            [
              -81.13059478594003,
              27.742326736753213
            ],
            [
              -81.13194511142039,
              27.742813671524477
            ]
          ]
        ]
      },
      "properties": {
        "hail_size_bin": "0.5\"",
        "min_size_inches": 0.5
      }
    },
    {
      "type": "Feature",
      "geometry": {
        "type": "Polygon",
        "coordinates": [
          [
            [
              -81.75183765869363,
              22.22440903898955
            ],
            [
              -81.75129054044974,
              22.225694590679183
            ],
            [
              -81.70251427431036,
              22.332987044311533
            ],
            [
              -81.70188568500241,
              22.3342838087306
            ],
            [
              -81.7011547097891,
              22.333825139486834
            ],
            [
              -81.69621816270524,
              22.330899612811503
            ],
            [
              -81.69114740327286,
              22.328213425510086
            ],
            [
              -81.6859540267002,
              22.325772720035495
            ],
            [
              -81.6806499085817,
              22.323583077502068
            ],
            [
              -81.67524717774239,
              22.32164950492333
            ],
            [
              -81.66975818850312,
              22.319976423762558
            ],
            [
              -81.66419549243018,
              22.318567659822314
            ],
            [
              -81.65857180963384,
              22.317426434496042
            ],
            [
              -81.65289999968154,
              22.316555357401782
            ],
            [
              -81.64719303219215,
              22.315956420414793
            ],
            [
              -81.64146395717864,
              22.315630993112777
            ],
            [
              -81.63572587520683,
              22.315579819644096
            ],
            [
              -81.62999190743852,
              22.315803017026145
            ],
            [
              -81.62427516562772,
              22.316300074877752
            ],
            [
              -81.55334968301511,
              22.324179558094734
            ],
            [
              -81.55192859216282,
              22.324303098090624
            ],
            [
              -81.55063869312849,
              22.32369610844305
            ],
            [
              -81.4732603347416,
              22.285012457065044
            ],
            [
              -81.472016609049,
              22.284351783941403
            ],
            [
              -81.47329697304878,
              22.28376556287241
            ],
            [
              -81.61057286014936,
              22.22494144567652
            ],
            [
              -81.61191401962402,
              22.224404962507364
            ],
            [
              -81.61256479050398,
              22.224678409547565
            ],
            [
              -81.61690252526769,
              22.22662002111047
            ],
            [
              -81.6226168073449,
              22.22883498370768
            ],
            [
              -81.62843672118049,
              22.23075531750972
            ],
            [
              -81.63434708687147,
              22.232376013768736
            ],
            [
              -81.640332488592,
              22.233692845272323
            ],
            [
              -81.64637731480211,
              22.2347023773692
            ],
            [
              -81.65246579896672,
              22.23540197692771
            ],
            [
              -81.65858206067907,
              22.235789819203763
            ],
            [
              -81.66471014708105,
              22.235864892600222
            ],
            [
              -81.6708340744726,
              22.23562700130545
            ],
            [
              -81.67693787000144,
              22.235076765804024
            ],
            [
              -81.68300561332465,
              22.234215621258347
            ],
            [
              -81.68336794937225,
              22.234154721639083
            ],
            [
              -81.7504501697127,
              22.224572916525275
            ],
            [
              -81.75183765869363,
              22.22440903898955
            ]
          ]
        ]
      },
      "properties": {
        "hail_size_bin": "0.5\"",
        "min_size_inches": 0.5
      }
    },
    {
      "type": "Feature",
      "geometry": {
        "type": "Polygon",
        "coordinates": [
          [
            [
              -82.96160943704692,
              21.634476445555023
            ],
            [
              -82.96027942939705,
              21.634214859457142
            ],
            [
              -82.87322200685365,
              21.61487152968127
            ],
            [
              -82.87174451067114,
              21.614503630788757
            ],
            [
              -82.87045457254688,
              21.613713075664414
            ],
            [
              -82.70300623173564,
              21.50537962988716
            ],
            [
              -82.70185845035257,
              21.50459606292653
            ],
            [
              -82.70323849247343,
              21.504437859648
            ],
            [
              -82.81026378979033,
              21.494709677302204
            ],
            [
              -82.81172998973128,
              21.49461291922985
            ],
            [
              -82.81282852775519,
              21.495588465860227
            ],
            [
              -82.9606414461586,
              21.633527478497843
            ],
            [
              -82.96160943704692,
              21.634476445555023
            ]
          ]
        ]
      },
      "properties": {
        "hail_size_bin": "0.5\"",
        "min_size_inches": 0.5
      }
    },
    {
      "type": "Feature",
      "geometry": {
        "type": "Polygon",
        "coordinates": [
          [
            [
              -87.40098314912811,
              47.89698650301637
            ],
            [
              -87.39962656922025,
              47.896901804411335
            ],
            [
              -87.17256130662506,
              47.87715982005786
            ],
            [
              -87.17114389027283,
              47.877002066118834
            ],
            [
              -87.17072223499711,
              47.875643227441245
            ],
            [
              -87.1636691752877,
              47.85096104549209
            ],
            [
              -87.16188348554397,
              47.84525426135337
            ],
            [
              -87.15981573019512,
              47.83964351622602
            ],
            [
              -87.15747104360302,
              47.834142741930364
            ],
            [
              -87.15485524776668,
              47.8287655972225
            ],
            [
              -87.15197483786571,
              47.82352543387874
            ],
            [
              -87.14883696613256,
              47.81843526354239
            ],
            [
              -87.14544942409299,
              47.81350772541499
            ],
            [
              -87.14182062321925,
              47.80875505487249
            ],
            [
              -87.13795957404395,
              47.80418905308398
            ],
            [
              -87.13387586378626,
              47.79982105770874
            ],
            [
              -87.12957963254635,
              47.79566191474412
            ],
            [
              -87.1250815481269,
              47.791721951594276
            ],
            [
              -87.12039277954419,
              47.78801095142657
            ],
            [
              -87.11552496929492,
              47.78453812887943
            ],
            [
              -87.11049020444707,
              47.78131210718179
            ],
            [
              -87.10530098662701,
              47.77834089674112
            ],
            [
              -87.0999702009772,
              47.77563187525308
            ],
            [
              -87.09451108416162,
              47.77319176938229
            ],
            [
              -87.08893719149832,
              47.771026638059546
            ],
            [
              -87.0832623633007,
              47.76914185743721
            ],
            [
              -87.07750069051124,
              47.76754210753984
            ],
            [
              -87.07166647971283,
              47.76623136064341
            ],
            [
              -87.0657742176046,
              47.765212871411954
            ],
            [
              -87.0598385350306,
              47.76448916881597
            ],
            [
              -87.05387417065052,
              47.76406204985288
            ],
            [
              -87.04789593434278,
              47.76393257508498
            ],
            [
              -87.04191867043055,
              47.764101066005956
            ],
            [
              -87.03595722082254,
              47.764567104242644
            ],
            [
              -87.03002638815958,
              47.76532953259384
            ],
            [
              -87.02414089905874,
              47.76638645790372
            ],
            [
              -87.02112160459419,
              47.767006693055436
            ],
            [
              -87.0200346522484,
              47.766150264873616
            ],
            [
              -86.77321151697797,
              47.561912027811324
            ],
            [
              -86.76854864401615,
              47.55824400021002
            ],
            [
              -86.76371018109649,
              47.554810913069105
            ],
            [
              -86.75870795450119,
              47.55162115761902
            ],
            [
              -86.7535541907874,
              47.5486825303333
            ],
            [
              -86.74826148690273,
              47.54600221387226
            ],
            [
              -86.74284277939562,
              47.543586759526946
            ],
            [
              -86.73731131279538,
              47.541442071206355
            ],
            [
              -86.73168060723974,
              47.53957339100693
            ],
            [
              -86.72596442542854,
              47.53798528639975
            ],
            [
              -86.72017673898466,
              47.536681639066565
            ],
            [
              -86.71433169430424,
              47.53566563541212
            ],
            [
              -86.70844357797972,
              47.53493975877589
            ],
            [
              -86.70252678188028,
              47.53450578336223
            ],
            [
              -86.69659576797484,
              47.534364769903796
            ],
            [
              -86.6906650329838,
              47.53451706306894
            ],
            [
              -86.68474907294586,
              47.5349622906192
            ],
            [
              -86.67886234778642,
              47.535699364319164
            ],
            [
              -86.67301924597432,
              47.53672648259638
            ],
            [
              -86.67123198706767,
              47.53708641061439
            ],
            [
              -86.67137431890164,
              47.53566720376642
            ],
            [
              -86.68100590602646,
              47.45862551586909
            ],
            [
              -86.68121439751413,
              47.457237362420045
            ],
            [
              -86.68213894061452,
              47.45829329617734
            ],
            [
              -86.72216409651728,
              47.506316620824805
            ],
            [
              -86.72598161287533,
              47.510678330754246
            ],
            [
              -86.73000529844397,
              47.51485060820156
            ],
            [
              -86.73422576519782,
              47.51882371844823
            ],
            [
              -86.73863316598354,
              47.52258839147077
            ],
            [
              -86.74321721749504,
              47.52613584356947
            ],
            [
              -86.74796722426642,
              47.52945779786243
            ],
            [
              -86.75287210362652,
              47.53254650359712
            ],
            [
              -86.75792041155691,
              47.53539475423435
            ],
            [
              -86.763100369393,
              47.53799590426251
            ],
            [
              -86.76839989130583,
              47.5403438847028
            ],
            [
              -86.7738066125007,
              47.54243321726932
            ],
            [
              -87.11974329433787,
              47.666597872999674
            ],
            [
              -87.12111312365596,
              47.66712776439295
            ],
            [
              -87.12226296689595,
              47.668027527234095
            ],
            [
              -87.3999541488626,
              47.89609840726837
            ],
            [
              -87.40098314912811,
              47.89698650301637
            ]
          ]
        ]
      },
      "properties": {
        "hail_size_bin": "0.5\"",
        "min_size_inches": 0.5
      }
    },
    {
      "type": "Feature",
      "geometry": {
        "type": "Polygon",
        "coordinates": [
          [
            [
              -88.20091518325523,
              38.53966353162576
            ],
            [
              -88.19950159627587,
              38.53953990338361
            ],
            [
              -88.11245858202273,
              38.52986983918809
            ],
            [
              -88.11100451282785,
              38.52967183061966
            ],
            [
              -88.11006541933354,
              38.52854416576471
            ],
            [
              -87.9219139426045,
              38.29091309952619
            ],
            [
              -87.9210523061923,
              38.289769047286974
            ],
            [
              -87.92167710962893,
              38.28836993542033
            ],
            [
              -87.92391494296034,
              38.28300182868501
            ],
            [
              -87.92589005554369,
              38.277531600332914
            ],
            [
              -87.92759780799479,
              38.2719720995004
            ],
            [
              -87.92903418893738,
              38.266336385017865
            ],
            [
              -87.93019582442557,
              38.26063769473557
            ],
            [
              -87.9310799858689,
              38.25488941442898
            ],
            [
              -87.93168459644166,
              38.24910504635665
            ],
            [
              -87.93200823596113,
              38.243298177544425
            ],
            [
              -87.93205014422355,
              38.23748244787065
            ],
            [
              -87.9318102227897,
              38.231671518027106
            ],
            [
              -87.93128903521614,
              38.22587903743119
            ],
            [
              -87.93048780573152,
              38.22011861216443
            ],
            [
              -87.92940841636093,
              38.214403773012926
            ],
            [
              -87.92805340250511,
              38.208747943684564
            ],
            [
              -87.92642594698512,
              38.20316440927782
            ],
            [
              -87.924529872566,
              38.19766628507604
            ],
            [
              -87.92236963297754,
              38.19226648574076
            ],
            [
              -87.91995030245266,
              38.1869776949761
            ],
            [
              -87.9172775638086,
              38.181812335735785
            ],
            [
              -87.91435769509829,
              38.176782541042606
            ],
            [
              -87.9111975548638,
              38.17190012548887
            ],
            [
              -87.90780456602613,
              38.167176557484886
            ],
            [
              -87.90418669844928,
              38.162622932320545
            ],
            [
              -87.90035245021977,
              38.158249946103375
            ],
            [
              -87.8963108276853,
              38.15406787063422
            ],
            [
              -87.89207132429942,
              38.150086529279584
            ],
            [
              -87.88764389832234,
              38.14631527389731
            ],
            [
              -87.88303894942958,
              38.14276296286982
            ],
            [
              -87.8782672942841,
              38.13943794029643
            ],
            [
              -87.87334014112868,
              38.136348016393804
            ],
            [
              -87.86826906345877,
              38.13350044915025
            ],
            [
              -87.86306597283712,
              38.13090192727736
            ],
            [
              -87.85774309091457,
              38.12855855449873
            ],
            [
              -87.85231292072231,
              38.12647583521281
            ],
            [
              -87.8467882173032,
              38.12465866156345
            ],
            [
              -87.84118195775127,
              38.12311130194871
            ],
            [
              -87.83550731072947,
              38.12183739099466
            ],
            [
              -87.82977760553753,
              38.120839921018
            ],
            [
              -87.8240063008025,
              38.120121234997285
            ],
            [
              -87.8224789088899,
              38.11996851762903
            ],
            [
              -87.82108693171233,
              38.119795059367355
            ],
            [
              -87.82187515947071,
              38.11863597304183
            ],
            [
              -87.82466902465714,
              38.11472512063371
            ],
            [
              -87.82794104713973,
              38.10990141888508
            ],
            [
              -87.8309749779259,
              38.10492452289752
            ],
            [
              -87.8337636589975,
              38.09980617476875
            ],
            [
              -87.83630051095929,
              38.094558450327604
            ],
            [
              -87.8385795485619,
              38.0891937306432
            ],
            [
              -87.84059539482288,
              38.08372467281408
            ],
            [
              -87.84234329371282,
              38.07816418010597
            ],
            [
              -87.84381912137626,
              38.07252537150893
            ],
            [
              -87.84501939586124,
              38.06682155078533
            ],
            [
              -87.84594128533439,
              38.061066175082075
            ],
            [
              -87.84658261476203,
              38.05527282318084
            ],
            [
              -87.84694187104185,
              38.04945516346136
            ],
            [
              -87.84701820657278,
              38.04362692165331
            ],
            [
              -87.84681144125477,
              38.03780184845296
            ],
            [
              -87.84632206291369,
              38.03199368708075
            ],
            [
              -87.84555122615035,
              38.02621614085674
            ],
            [
              -87.84450074961653,
              38.02048284086998
            ],
            [
              -87.8431731117241,
              38.01480731381843
            ],
            [
              -87.8415714447977,
              38.00920295009512
            ],
            [
              -87.83969952768453,
              38.00368297219592
            ],
            [
              -87.83756177683892,
              37.998260403523375
            ],
            [
              -87.83516323590241,
              37.9929480376604
            ],
            [
              -87.83250956380421,
              37.987758408186
            ],
            [
              -87.82960702140997,
              37.982703759104616
            ],
            [
              -87.82646245675039,
              37.97779601595853
            ],
            [
              -87.82308328886448,
              37.97304675769169
            ],
            [
              -87.81947749029572,
              37.96846718933126
            ],
            [
              -87.81565356828223,
              37.96406811555136
            ],
            [
              -87.81162054468543,
              37.959859915181376
            ],
            [
              -87.80738793470464,
              37.955852516718934
            ],
            [
              -87.80296572442761,
              37.952055374905406
            ],
            [
              -87.79836434727015,
              37.94847744841915
            ],
            [
              -87.79359465936035,
              37.94512717873905
            ],
            [
              -87.78866791392547,
              37.94201247022843
            ],
            [
              -87.78359573474195,
              37.93914067148605
            ],
            [
              -87.77839008871126,
              37.93651855800845
            ],
            [
              -87.70237820958148,
              37.900518075448296
            ],
            [
              -87.70111063784509,
              37.899879094099866
            ],
            [
              -87.70223455018939,
              37.89901330564398
            ],
            [
              -87.84983883763255,
              37.79078562703509
            ],
            [
              -87.85100008610425,
              37.789977087313716
            ],
            [
              -87.8513105547368,
              37.79135703828189
            ],
            [
              -87.89063641381225,
              37.98795823974549
            ],
            [
              -87.89197409173188,
              37.99386619718375
            ],
            [
              -87.89360819926249,
              37.99969912405518
            ],
            [
              -87.89553457245485,
              38.005442157193926
            ],
            [
              -87.89774830262337,
              38.01108066249675
            ],
            [
              -87.90024374885407,
              38.01660027221291
            ],
            [
              -87.90301455237854,
              38.021986921555296
            ],
            [
              -87.90605365277698,
              38.02722688453964
            ],
            [
              -87.90935330596922,
              38.03230680896032
            ],
            [
              -87.91290510394784,
              38.03721375041383
            ],
            [
              -87.91669999620291,
              38.041935205282975
            ],
            [
              -87.92072831278412,
              38.04645914259802
            ],
            [
              -87.92497978894127,
              38.05077403469333
            ],
            [
              -87.92944359128032,
              38.054868886581616
            ],
            [
              -87.93410834536849,
              38.05873326397079
            ],
            [
              -87.93896216471806,
              38.062357319852076
            ],
            [
              -87.94399268107489,
              38.06573181959168
            ],
            [
              -87.94918707593456,
              38.068848164462025
            ],
            [
              -87.95098973730413,
              38.06986868893692
            ],
            [
              -87.95205058262853,
              38.070879716001784
            ],
            [
              -88.01995625666981,
              38.138775687846184
            ],
            [
              -88.02096517214754,
              38.13983526623339
            ],
            [
              -88.02111906456598,
              38.14195715188537
            ],
            [
              -88.02169307668525,
              38.14781011283899
            ],
            [
              -88.0225531591813,
              38.153627921699524
            ],
            [
              -88.02369724626487,
              38.15939660496201
            ],
            [
              -88.02512259001024,
              38.16510230711383
            ],
            [
              -88.02682576695535,
              38.17073132391353
            ],
            [
              -88.02880268632445,
              38.176270135306396
            ],
            [
              -88.0310485998535,
              38.18170543789758
            ],
            [
              -88.0335581131948,
              38.187024176904856
            ],
            [
              -88.03632519887341,
              38.19221357751426
            ],
            [
              -88.03934321076424,
              38.197261175563284
            ],
            [
              -88.03945919257856,
              38.19743518874992
            ],
            [
              -88.04096419478809,
              38.19981917107539
            ],
            [
              -88.04162517756963,
              38.20113838643706
            ],
            [
              -88.2003423369189,
              38.53836416117394
            ],
            [
              -88.20091518325523,
              38.53966353162576
            ]
          ]
        ]
      },
      "properties": {
        "hail_size_bin": "0.5\"",
        "min_size_inches": 0.5
      }
    },
    {
      "type": "Feature",
      "geometry": {
        "type": "Polygon",
        "coordinates": [
          [
            [
              -88.55088437384265,
              38.159792073192946
            ],
            [
              -88.54962521371343,
              38.16051948086401
            ],
            [
              -88.44225340630034,
              38.21907755344117
            ],
            [
              -88.44092866422798,
              38.21975769656296
            ],
            [
              -88.43944039252017,
              38.21979476514286
            ],
            [
              -88.41241817909905,
              38.21979476514286
            ],
            [
              -88.41095364628472,
              38.21975874287424
            ],
            [
              -88.40985071863457,
              38.218802272220294
            ],
            [
              -88.30201436867847,
              38.12078323352778
            ],
            [
              -88.30098233722637,
              38.11979933233154
            ],
            [
              -88.30039610544516,
              38.1185116595703
            ],
            [
              -88.2715417868874,
              38.05119453574955
            ],
            [
              -88.27100920744938,
              38.04986284348269
            ],
            [
              -88.27233913160028,
              38.049327223652085
            ],
            [
              -88.34962004988405,
              38.0203510199365
            ],
            [
              -88.35095376016311,
              38.01988668099489
            ],
            [
              -88.35232602801547,
              38.02021366149902
            ],
            [
              -88.53952808430269,
              38.06947032184495
            ],
            [
              -88.54089499291028,
              38.06986537397886
            ],
            [
              -88.54108346897127,
              38.07127226687714
            ],
            [
              -88.5507593937895,
              38.158343147988646
            ],
            [
              -88.55088437384265,
              38.159792073192946
            ]
          ]
        ]
      },
      "properties": {
        "hail_size_bin": "0.5\"",
        "min_size_inches": 0.5
      }
    },
    {
      "type": "Feature",
      "geometry": {
        "type": "Polygon",
        "coordinates": [
          [
            [
              -88.59086038102745,
              48.40691858749931
            ],
            [
              -88.59025103847208,
              48.40821457306896
            ],
            [
              -88.54157588239634,
              48.50555097604553
            ],
            [
              -88.54092120804371,
              48.506784317617225
            ],
            [
              -88.54017414017606,
              48.505604813819346
            ],
            [
              -88.48169057721164,
              48.40814613552635
            ],
            [
              -88.48099286530676,
              48.40691598012337
            ],
            [
              -88.48240567409798,
              48.40688304542857
            ],
            [
              -88.58942816172069,
              48.40688304542857
            ],
            [
              -88.59086038102745,
              48.40691858749931
            ]
          ]
        ]
      },
      "properties": {
        "hail_size_bin": "0.5\"",
        "min_size_inches": 0.5
      }
    },
    {
      "type": "Feature",
      "geometry": {
        "type": "Polygon",
        "coordinates": [
          [
            [
              -91.38045315031539,
              49.73652038355999
            ],
            [
              -91.37947248289515,
              49.737548621403015
            ],
            [
              -91.34157778469852,
              49.77543790529771
            ],
            [
              -91.34051872037314,
              49.77644548459002
            ],
            [
              -91.33929865421693,
              49.775643409109996
            ],
            [
              -91.21176388276285,
              49.68736272092721
            ],
            [
              -91.21056494109963,
              49.686488126418595
            ],
            [
              -91.21030916319863,
              49.686209314173944
            ],
            [
              -91.20705250967049,
              49.68247401578191
            ],
            [
              -91.20305664995509,
              49.67831279476214
            ],
            [
              -91.19886541126225,
              49.67434843182972
            ],
            [
              -91.1944884807831,
              49.67059008979884
            ],
            [
              -91.18993597489737,
              49.66704645530855
            ],
            [
              -91.18521841579144,
              49.663725718745305
            ],
            [
              -91.18034670713847,
              49.66063555531259
            ],
            [
              -91.17533210889674,
              49.65778310729125
            ],
            [
              -91.17018621128463,
              49.655174967531565
            ],
            [
              -91.16492090799214,
              49.65281716421524
            ],
            [
              -91.15954836869109,
              49.65071514692247
            ],
            [
              -91.1540810109074,
              49.64887377403638
            ],
            [
              -91.14853147132057,
              49.64729730151383
            ],
            [
              -91.14291257655643,
              49.64598937304867
            ],
            [
              -91.1372373135412,
              49.644953011650095
            ],
            [
              -91.02202254895431,
              49.626763805915985
            ],
            [
              -91.02059740090486,
              49.626502862907465
            ],
            [
              -91.02001223543677,
              49.62468316106627
            ],
            [
              -91.01798094955988,
              49.6188808180313
            ],
            [
              -91.01565517151224,
              49.61319011829558
            ],
            [
              -91.0130410053802,
              49.60762599730092
            ],
            [
              -91.01014531213482,
              49.60220305827879
            ],
            [
              -91.00697569162499,
              49.59693553392358
            ],
            [
              -91.00354046263132,
              49.59183724903843
            ],
            [
              -90.99984864103327,
              49.58692158425152
            ],
            [
              -90.9959099161466,
              49.58220144089817
            ],
            [
              -90.99173462529346,
              49.57768920716079
            ],
            [
              -90.99060011954172,
              49.576524470744026
            ],
            [
              -90.99019219979294,
              49.5758253535681
            ],
            [
              -90.98819207514312,
              49.572198194526216
            ],
            [
              -90.98514174390304,
              49.56724954601118
            ],
            [
              -90.981855331961,
              49.56245442981377
            ],
            [
              -90.97834055180527,
              49.55782409902036
            ],
            [
              -90.97460565185428,
              49.55336942000212
            ],
            [
              -90.97065939709931,
              49.54910084691402
            ],
            [
              -90.96651104853507,
              49.545028397161225
            ],
            [
              -90.96217034142612,
              49.5411616278904
            ],
            [
              -90.95764746246033,
              49.53750961356125
            ],
            [
              -90.952953025843,
              49.53408092465069
            ],
            [
              -90.9480980483876,
              49.530883607539856
            ],
            [
              -90.9430939236618,
              49.527925165631004
            ],
            [
              -90.94061407480758,
              49.526539016721955
            ],
            [
              -90.94037027851051,
              49.52508736186976
            ],
            [
              -90.93709397465307,
              49.50215651163968
            ],
            [
              -90.9361150770052,
              49.49633260952262
            ],
            [
              -90.93485083806851,
              49.490563920210036
            ],
            [
              -90.93330431976621,
              49.4848644151776
            ],
            [
              -90.9314792676879,
              49.47924789834013
            ],
            [
              -90.92938010201803,
              49.473727972619194
            ],
            [
              -90.92701190683037,
              49.46831800699756
            ],
            [
              -90.92438041777469,
              49.46303110414013
            ],
            [
              -90.92149200818523,
              49.45788006865998
            ],
            [
              -90.91835367364492,
              49.452877376106244
            ],
            [
              -90.91497301504232,
              49.44803514274892
            ],
            [
              -90.91355610114958,
              49.446204595233155
            ],
            [
              -90.91755824620876,
              49.448563426692274
            ],
            [
              -90.92268716209946,
              49.451261584323355
            ],
            [
              -90.92794036469846,
              49.45370896971803
            ],
            [
              -90.93330560170129,
              49.45589987471818
            ],
            [
              -90.9387703595001,
              49.45782918936762
            ],
            [
              -90.94432189236976,
              49.459492413830304
            ],
            [
              -90.94994725219534,
              49.46088566888548
            ],
            [
              -91.01912703057782,
              49.47625675647319
            ],
            [
              -91.02055257955116,
              49.47661055385229
            ],
            [
              -91.02153372546216,
              49.477499354690565
            ],
            [
              -91.02609173247794,
              49.48142337803432
            ],
            [
              -91.03084062586039,
              49.485114095959105
            ],
            [
              -91.03576847619571,
              49.48856223723099
            ],
            [
              -91.04086290452292,
              49.49175913997851
            ],
            [
              -91.04611111343033,
              49.49469677345162
            ],
            [
              -91.0514999192032,
              49.49736775819524
            ],
            [
              -91.05701578494165,
              49.49976538458679
            ],
            [
              -91.06264485456607,
              49.50188362969101
            ],
            [
              -91.06837298762404,
              49.503717172389834
            ],
            [
              -91.07418579481175,
              49.50526140674923
            ],
            [
              -91.08006867412053,
              49.50651245358952
            ],
            [
              -91.08054708865473,
              49.50660172392225
            ],
            [
              -91.08172070042278,
              49.50743829534343
            ],
            [
              -91.11938210376202,
              49.53568031212085
            ],
            [
              -91.12052623161276,
              49.5365827990271
            ],
            [
              -91.1213410055093,
              49.53871476062235
            ],
            [
              -91.12184104463205,
              49.54012254823099
            ],
            [
              -91.12412499144145,
              49.545659715307345
            ],
            [
              -91.12668239057986,
              49.551076018650626
            ],
            [
              -91.12950687045921,
              49.55635796390506
            ],
            [
              -91.13259139407768,
              49.561492391459005
            ],
            [
              -91.13592827655197,
              49.566466509231276
            ],
            [
              -91.13950920426365,
              49.571267924541715
            ],
            [
              -91.143325255572,
              49.57588467498675
            ],
            [
              -91.14736692304159,
              49.58030525824293
            ],
            [
              -91.15162413712959,
              49.584518660724136
            ],
            [
              -91.15608629127317,
              49.58851438502125
            ],
            [
              -91.16074226831518,
              49.59228247605571
            ],
            [
              -91.16558046820168,
              49.595813545881946
            ],
            [
              -91.17058883688284,
              49.59909879707678
            ],
            [
              -91.17575489634467,
              49.60213004465764
            ],
            [
              -91.18106577569719,
              49.604899736474906
            ],
            [
              -91.18650824324142,
              49.60740097202754
            ],
            [
              -91.1920687394352,
              49.609627519655255
            ],
            [
              -91.197733410676,
              49.611573832064266
            ],
            [
              -91.20348814381606,
              49.61323506014802
            ],
            [
              -91.20931860132453,
              49.61460706506838
            ],
            [
              -91.21521025700837,
              49.61568642856728
            ],
            [
              -91.22114843220336,
              49.61647046148312
            ],
            [
              -91.2271183323451,
              49.61695721045057
            ],
            [
              -91.23310508382858,
              49.61714546276729
            ],
            [
              -91.2390937710648,
              49.61703474941529
            ],
            [
              -91.24906892379848,
              49.61660110908884
            ],
            [
              -91.25050362068366,
              49.61657390705891
            ],
            [
              -91.25053219341035,
              49.61697582096308
            ],
            [
              -91.25108936806097,
              49.62277195647771
            ],
            [
              -91.25192705440325,
              49.628534240060404
            ],
            [
              -91.25304328005636,
              49.63424910408211
            ],
            [
              -91.25443541680266,
              49.639903092565916
            ],
            [
              -91.25610018677585,
              49.645482892869836
            ],
            [
              -91.25803367017906,
              49.65097536703226
            ],
            [
              -91.26023131451407,
              49.656367582706
            ],
            [
              -91.26268794530057,
              49.66164684360826
            ],
            [
              -91.26539777825968,
              49.66680071941478
            ],
            [
              -91.26835443293342,
              49.67181707502773
            ],
            [
              -91.27155094770784,
              49.67668409914852
            ],
            [
              -91.27497979620453,
              49.68139033208814
            ],
            [
              -91.27863290500198,
              49.68592469274972
            ],
            [
              -91.28250167264483,
              49.69027650471958
            ],
            [
              -91.28657698989655,
              49.69443552140544
            ],
            [
              -91.2908492611876,
              49.69839195016265
            ],
            [
              -91.29530842720887,
              49.70213647535154
            ],
            [
              -91.29994398859675,
              49.70566028027156
            ],
            [
              -91.30474503065464,
              49.708955067920826
            ],
            [
              -91.3097002490521,
              49.71201308053178
            ],
            [
              -91.31479797644164,
              49.71482711783737
            ],
            [
              -91.32002620993012,
              49.71739055402447
            ],
            [
              -91.32537263934024,
              49.71969735333473
            ],
            [
              -91.33082467619565,
              49.72174208427613
            ],
            [
              -91.3363694833611,
              49.72351993241175
            ],
            [
              -91.37909949442547,
              49.736085787089614
            ],
            [
              -91.38045315031539,
              49.73652038355999
            ]
          ]
        ]
      },
      "properties": {
        "hail_size_bin": "0.5\"",
        "min_size_inches": 0.5
      }
    },
    {
      "type": "Feature",
      "geometry": {
        "type": "Polygon",
        "coordinates": [
          [
            [
              -90.88070091736212,
              49.4166424226195
            ],
            [
              -90.88030008382728,
              49.416386878948906
            ],
            [
              -90.87517023281897,
              49.41346101068345
            ],
            [
              -90.86990264587233,
              49.41079106607099
            ],
            [
              -90.86451008081823,
              49.408383511583224
            ],
            [
              -90.85900559817831,
              49.40624417819616
            ],
            [
              -90.85340252953296,
              49.404378247267765
            ],
            [
              -90.8477144452329,
              49.402790237989
            ],
            [
              -90.8419551215325,
              49.40148399643854
            ],
            [
              -90.83613850722438,
              49.40046268626781
            ],
            [
              -90.83027868985617,
              49.3997287810387
            ],
            [
              -90.82438986161108,
              49.39928405823281
            ],
            [
              -90.81848628493526,
              49.39912959494644
            ],
            [
              -90.81258225799479,
              49.39926576528189
            ],
            [
              -90.80669208004626,
              49.39969223944147
            ],
            [
              -90.80083001680471,
              49.40040798452618
            ],
            [
              -90.79501026589278,
              49.401411267037396
            ],
            [
              -90.78924692245478,
              49.402699657075274
            ],
            [
              -90.78355394501892,
              49.40427003422389
            ],
            [
              -90.77794512169051,
              49.406118595108694
            ],
            [
              -90.72199778577033,
              49.42609693164493
            ],
            [
              -90.72064707363654,
              49.42654224322121
            ],
            [
              -90.72061801125665,
              49.42542407467009
            ],
            [
              -90.72032574509811,
              49.41962876294869
            ],
            [
              -90.71975366655334,
              49.41385435530857
            ],
            [
              -90.71890311329526,
              49.40811435386165
            ],
            [
              -90.71777607414519,
              49.402422180268914
            ],
            [
              -90.71637518442259,
              49.396791144357046
            ],
            [
              -90.71470371978292,
              49.39123441299644
            ],
            [
              -90.71276558855823,
              49.38576497931356
            ],
            [
              -90.7105653226185,
              49.38039563230949
            ],
            [
              -90.70810806677494,
              49.375138926955856
            ],
            [
              -90.70539956674993,
              49.37000715483795
            ],
            [
              -90.7024461557421,
              49.365012315413665
            ],
            [
              -90.69925473961752,
              49.36016608795559
            ],
            [
              -90.695832780762,
              49.355479804241725
            ],
            [
              -90.69218828063205,
              49.35096442205875
            ],
            [
              -90.68832976104522,
              49.34663049957979
            ],
            [
              -90.68426624425395,
              49.34248817067655
            ],
            [
              -90.68000723184899,
              49.33854712122367
            ],
            [
              -90.67556268254228,
              49.33481656645047
            ],
            [
              -90.67094298888068,
              49.33130522939337
            ],
            [
              -90.6661589529455,
              49.32802132049901
            ],
            [
              -90.66122176109428,
              49.32497251842608
            ],
            [
              -90.65614295780416,
              49.32216595209053
            ],
            [
              -90.65093441867772,
              49.31960818399627
            ],
            [
              -90.6456083226747,
              49.31730519489029
            ],
            [
              -90.64017712363432,
              49.315262369778026
            ],
            [
              -90.63465352115482,
              49.313484485331834
            ],
            [
              -90.62905043089845,
              49.3119756987218
            ],
            [
              -90.6233809543912,
              49.31073953789519
            ],
            [
              -90.61765834838785,
              49.30977889332716
            ],
            [
              -90.61189599387421,
              49.30909601126204
            ],
            [
              -90.60610736477877,
              49.30869248846104
            ],
            [
              -90.56208406180505,
              49.30669171514142
            ],
            [
              -90.56065482888229,
              49.306592101570644
            ],
            [
              -90.55986675851254,
              49.305396206080374
            ],
            [
              -90.51142846674051,
              49.22790601243689
            ],
            [
              -90.50944683319425,
              49.22455435347062
            ],
            [
              -90.50637600404433,
              49.2196357386506
            ],
            [
              -90.50307115719716,
              49.21487120816667
            ],
            [
              -90.4995400091863,
              49.21027188678835
            ],
            [
              -90.49579080493915,
              49.20584851353609
            ],
            [
              -90.49183229852565,
              49.20161141660659
            ],
            [
              -90.48767373271835,
              49.19757048925733
            ],
            [
              -90.4833248174113,
              49.19373516670665
            ],
            [
              -90.47879570694828,
              49.19011440410336
            ],
            [
              -90.47409697641329,
              49.186716655617204
            ],
            [
              -90.46923959693862,
              49.183549854699116
            ],
            [
              -90.46423491008824,
              49.18062139555731
            ],
            [
              -90.45909460137617,
              49.17793811589238
            ],
            [
              -90.45383067298181,
              49.17550628093194
            ],
            [
              -90.44845541572596,
              49.173331568801785
            ],
            [
              -90.4429813803727,
              49.17141905726799
            ],
            [
              -90.4374213483245,
              49.169773211880745
            ],
            [
              -90.43178830177875,
              49.1683978755477
            ],
            [
              -90.42609539341538,
              49.16729625956108
            ],
            [
              -90.42035591568657,
              49.16647093609962
            ],
            [
              -90.41458326977991,
              49.165923832222724
            ],
            [
              -90.40879093432791,
              49.165656225370974
            ],
            [
              -90.40299243393642,
              49.165668740383374
            ],
            [
              -90.39720130760593,
              49.16596134803846
            ],
            [
              -90.39143107711908,
              49.16653336512247
            ],
            [
              -90.39072150075037,
              49.166621065986384
            ],
            [
              -90.39132522814154,
              49.16533502103696
            ],
            [
              -90.42999012707632,
              49.08801627186007
            ],
            [
              -90.43067065196185,
              49.08673561568201
            ],
            [
              -90.43200524845818,
              49.08730286195801
            ],
            [
              -90.53928994238545,
              49.13606166439084
            ],
            [
              -90.54061305801005,
              49.13670285379978
            ],
            [
              -90.5406949405743,
              49.13688652373437
            ],
            [
              -90.54326856961816,
              49.142174756781124
            ],
            [
              -90.54609820791927,
              49.14733054210414
            ],
            [
              -90.54917705865202,
              49.15234149544435
            ],
            [
              -90.55249772637946,
              49.157195580430844
            ],
            [
              -90.55605223481732,
              49.161881137492436
            ],
            [
              -90.55983204599308,
              49.166386911864045
            ],
            [
              -90.56382808075429,
              49.170702080620806
            ],
            [
              -90.56803074057686,
              49.17481627867487
            ],
            [
              -90.57242993062074,
              49.178719623672436
            ],
            [
              -90.57701508397793,
              49.18240273973133
            ],
            [
              -90.58177518705425,
              49.18585677996197
            ],
            [
              -90.58669880602423,
              49.189073447717696
            ],
            [
              -90.59177411429516,
              49.19204501652342
            ],
            [
              -90.59698892091485,
              49.194764348634706
            ],
            [
              -90.60233069985433,
              49.19722491218274
            ],
            [
              -90.60778662009561,
              49.19942079686394
            ],
            [
              -90.61334357645185,
              49.20134672813659
            ],
            [
              -90.61898822104631,
              49.20299807989033
            ],
            [
              -90.62470699537396,
              49.204370885558156
            ],
            [
              -90.63048616286929,
              49.20546184764415
            ],
            [
              -90.63631184190167,
              49.20626834564411
            ],
            [
              -90.63902184948168,
              49.206508942868126
            ],
            [
              -90.6406111914512,
              49.206688002903405
            ],
            [
              -90.6417599043882,
              49.207546834295464
            ],
            [
              -90.77943774019349,
              49.31570682087085
            ],
            [
              -90.78057993064841,
              49.316650696477076
            ],
            [
              -90.78241389412383,
              49.31869267487989
            ],
            [
              -90.78644667212623,
              49.32296668427016
            ],
            [
              -90.79068384551192,
              49.32703814793624
            ],
            [
              -90.79511525375847,
              49.330897302718995
            ],
            [
              -90.79973027057822,
              49.33453489456499
            ],
            [
              -90.80451782939974,
              49.337942200717244
            ],
            [
              -90.80946644990476,
              49.34111105063198
            ],
            [
              -90.81456426555742,
              49.3440338455711
            ],
            [
              -90.81979905205966,
              49.34670357682362
            ],
            [
              -90.82515825666438,
              49.34911384251218
            ],
            [
              -90.83062902827632,
              49.35125886294442
            ],
            [
              -90.83619824826832,
              49.353133494472345
            ],
            [
              -90.84185256193908,
              49.35473324182659
            ],
            [
              -90.84757841053707,
              49.3560542688958
            ],
            [
              -90.85058549301756,
              49.356670908454035
            ],
            [
              -90.85124497024034,
              49.357913392741395
            ],
            [
              -90.85992496099723,
              49.37527089390342
            ],
            [
              -90.86055854700203,
              49.3766208123663
            ],
            [
              -90.86097160883129,
              49.37800811044477
            ],
            [
              -90.8627600812095,
              49.38352056900412
            ],
            [
              -90.86481261119322,
              49.388940251050336
            ],
            [
              -90.86712441156514,
              49.39425451599071
            ],
            [
              -90.86969009039886,
              49.399450969102055
            ],
            [
              -90.8725036636346,
              49.40451749043955
            ],
            [
              -90.87555856903624,
              49.40944226310468
            ],
            [
              -90.87884768149668,
              49.41421380080638
            ],
            [
              -90.88070091736212,
              49.4166424226195
            ]
          ]
        ]
      },
      "properties": {
        "hail_size_bin": "0.5\"",
        "min_size_inches": 0.5
      }
    },
    {
      "type": "Feature",
      "geometry": {
        "type": "Polygon",
        "coordinates": [
          [
            [
              -92.07035759346799,
              50.16640785155555
            ],
            [
              -92.06954763904967,
              50.167578988814775
            ],
            [
              -91.9913005734117,
              50.27515333191119
            ],
            [
              -91.99046494198406,
              50.27624460494171
            ],
            [
              -91.990431086,
              50.27487055600462
            ],
            [
              -91.990431086,
              50.25949402462729
            ],
            [
              -91.99028785133554,
              50.25363264225618
            ],
            [
              -91.98985848927832,
              50.24778525243736
            ],
            [
              -91.98914402482052,
              50.24196581431947
            ],
            [
              -91.9881461635634,
              50.23618822032361
            ],
            [
              -91.98686728764568,
              50.230466262978744
            ],
            [
              -91.98531045005674,
              50.22481360199554
            ],
            [
              -91.98347936734841,
              50.219243731657315
            ],
            [
              -91.98137841076264,
              50.21376994860588
            ],
            [
              -91.9790125957963,
              50.208405320099224
            ],
            [
              -91.97638757022793,
              50.20316265281675
            ],
            [
              -91.97350960063513,
              50.19805446228659
            ],
            [
              -91.97038555743472,
              50.19309294300805
            ],
            [
              -91.96702289848137,
              50.18828993934025
            ],
            [
              -91.96342965126385,
              50.183656917226855
            ],
            [
              -91.95961439374149,
              50.179204936823986
            ],
            [
              -91.95558623386648,
              50.17494462609697
            ],
            [
              -91.95135478784094,
              50.17088615544876
            ],
            [
              -91.94693015716074,
              50.167039213440724
            ],
            [
              -91.94232290450073,
              50.16341298366364
            ],
            [
              -91.93754402849905,
              50.16001612281427
            ],
            [
              -91.9326049375007,
              50.15685674002969
            ],
            [
              -91.92751742232306,
              50.15394237752877
            ],
            [
              -91.92229362810829,
              50.15127999260711
            ],
            [
              -91.9169460253299,
              50.1488759410282
            ],
            [
              -91.91148738002275,
              50.14673596185075
            ],
            [
              -91.90593072330726,
              50.14486516372807
            ],
            [
              -91.90028932028116,
              50.143268012712525
            ],
            [
              -91.89457663835225,
              50.14194832159394
            ],
            [
              -91.88880631508852,
              50.140909240797555
            ],
            [
              -91.8829921256619,
              50.14015325086319
            ],
            [
              -91.8771479499636,
              50.139682156523605
            ],
            [
              -91.87128773946937,
              50.139497082396105
            ],
            [
              -91.86542548393393,
              50.13959847029788
            ],
            [
              -91.85957517799403,
              50.13998607819122
            ],
            [
              -91.85375078775981,
              50.14065898076135
            ],
            [
              -91.84796621747427,
              50.14161557162539
            ],
            [
              -91.8422352763205,
              50.142853567167116
            ],
            [
              -91.83657164545569,
              50.14437001198863
            ],
            [
              -91.83098884535097,
              50.14616128596548
            ],
            [
              -91.83048015200428,
              50.14633832223615
            ],
            [
              -91.8301133324382,
              50.144362298016645
            ],
            [
              -91.82890569988382,
              50.13866085822314
            ],
            [
              -91.8274226764828,
              50.133024775035565
            ],
            [
              -91.82566776019216,
              50.12746734209236
            ],
            [
              -91.82364509027352,
              50.122001667522326
            ],
            [
              -91.82135943752988,
              50.11664064302688
            ],
            [
              -91.81881619305291,
              50.11139691347286
            ],
            [
              -91.8160213555072,
              50.1062828470675
            ],
            [
              -91.81298151698138,
              50.10131050618595
            ],
            [
              -91.8097038474396,
              50.09649161892019
            ],
            [
              -91.80619607780991,
              50.09183755141633
            ],
            [
              -91.80246648174973,
              50.08735928106572
            ],
            [
              -91.7985238561309,
              50.083067370612895
            ],
            [
              -91.79437750029089,
              50.07897194324162
            ],
            [
              -91.79003719409874,
              50.07508265869768
            ],
            [
              -91.78551317488761,
              50.071408690504754
            ],
            [
              -91.78081611330833,
              50.06795870432714
            ],
            [
              -91.7759570881609,
              50.064740837530344
            ],
            [
              -91.7709475602633,
              50.061762679987744
            ],
            [
              -91.76579934541925,
              50.05903125617865
            ],
            [
              -91.7605245865487,
              50.05655300861984
            ],
            [
              -91.75513572504664,
              50.054333782669865
            ],
            [
              -91.74964547143814,
              50.052378812741786
            ],
            [
              -91.74406677539837,
              50.05069270995694
            ],
            [
              -91.73841279520865,
              50.04927945126883
            ],
            [
              -91.73269686672047,
              50.04814237008284
            ],
            [
              -91.72693247190074,
              50.04728414839384
            ],
            [
              -91.72113320703217,
              50.04670681046026
            ],
            [
              -91.71531275064434,
              50.0464117180295
            ],
            [
              -91.71142113115481,
              50.04640360420889
            ],
            [
              -91.7105464690241,
              50.04637972149055
            ],
            [
              -91.71143762448769,
              50.045286969351984
            ],
            [
              -91.76950836248713,
              49.97754745485874
            ],
            [
              -91.77045257483579,
              49.97649899313942
            ],
            [
              -91.77100705786101,
              49.977795577147226
            ],
            [
              -91.77992742235648,
              50.00009330208614
            ],
            [
              -91.78232499825037,
              50.00567269829515
            ],
            [
              -91.78500176500046,
              50.011123657108946
            ],
            [
              -91.78795086747543,
              50.01643221876123
            ],
            [
              -91.79116475309918,
              50.0215847881612
            ],
            [
              -91.79463519119271,
              50.02656816971021
            ],
            [
              -91.7983532940527,
              50.03136960109539
            ],
            [
              -91.80230953971268,
              50.035976785973595
            ],
            [
              -91.80649379632857,
              50.04037792546202
            ],
            [
              -91.81089534812601,
              50.04456174835482
            ],
            [
              -91.8155029228433,
              50.04851753998845
            ],
            [
              -91.82030472059924,
              50.05223516968156
            ],
            [
              -91.82528844411243,
              50.05570511667944
            ],
            [
              -91.83044133019423,
              50.05891849453647
            ],
            [
              -91.83575018243499,
              50.06186707387401
            ],
            [
              -91.84120140499972,
              50.06454330345569
            ],
            [
              -91.84678103744665,
              50.06694032952591
            ],
            [
              -91.91907607292146,
              50.09585421198059
            ],
            [
              -91.92041797297385,
              50.09642941744798
            ],
            [
              -91.92099936329105,
              50.097425409183614
            ],
            [
              -91.92264121838491,
              50.10040261775535
            ],
            [
              -91.9256838574771,
              50.1053396891395
            ],
            [
              -91.92896147163968,
              50.1101239938851
            ],
            [
              -91.93246640574837,
              50.114744357874144
            ],
            [
              -91.93619047375536,
              50.119189989885086
            ],
            [
              -91.94012497780851,
              50.1234505067966
            ],
            [
              -91.9442607285658,
              50.127515957838135
            ],
            [
              -91.94858806665779,
              50.131376847830744
            ],
            [
              -91.95309688524787,
              50.13502415936382
            ],
            [
              -91.95777665363748,
              50.138449373855956
            ],
            [
              -91.96261644186146,
              50.14164449145075
            ],
            [
              -91.96760494621579,
              50.1446020497011
            ],
            [
              -91.97273051565833,
              50.14731514099836
            ],
            [
              -91.97798117902066,
              50.149777428705555
            ],
            [
              -91.98334467296773,
              50.151983161957126
            ],
            [
              -91.98880847063988,
              50.15392718909051
            ],
            [
              -91.99435981091021,
              50.15560496967826
            ],
            [
              -91.99998572818922,
              50.157012585132556
            ],
            [
              -92.00567308270702,
              50.158146747857394
            ],
            [
              -92.0114085912022,
              50.15900480892701
            ],
            [
              -92.06894865046131,
              50.1661962886865
            ],
            [
              -92.07035759346799,
              50.16640785155555
            ]
          ]
        ]
      },
      "properties": {
        "hail_size_bin": "0.5\"",
        "min_size_inches": 0.5
      }
    },
    {
      "type": "Feature",
      "geometry": {
        "type": "Polygon",
        "coordinates": [
          [
            [
              -93.60014050816302,
              51.42603685800935
            ],
            [
              -93.59922896473277,
              51.427130886433694
            ],
            [
              -93.53117618136376,
              51.504894383751974
            ],
            [
              -93.53020127896362,
              51.505954976067045
            ],
            [
              -93.52887178802645,
              51.50540210362733
            ],
            [
              -93.44158635257762,
              51.46661411948556
            ],
            [
              -93.44024652157813,
              51.46597840518731
            ],
            [
              -93.43853837651929,
              51.46407053132449
            ],
            [
              -93.43435048772896,
              51.45962591712335
            ],
            [
              -93.42994190863159,
              51.45540011089739
            ],
            [
              -93.425324056531,
              51.4514040566067
            ],
            [
              -93.42050889070461,
              51.447648103201566
            ],
            [
              -93.4155088814314,
              51.44414197782089
            ],
            [
              -93.41033697769649,
              51.440894760600884
            ],
            [
              -93.4050065736559,
              51.437914861159435
            ],
            [
              -93.39953147394851,
              51.43520999681692
            ],
            [
              -93.39392585794496,
              51.43278717260997
            ],
            [
              -93.38820424302592,
              51.43065266314984
            ],
            [
              -93.38238144698519,
              51.42881199637253
            ],
            [
              -93.37647254965462,
              51.427269939222526
            ],
            [
              -93.37049285385052,
              51.426030485307436
            ],
            [
              -93.37026134783122,
              51.42598861290678
            ],
            [
              -93.37023891555354,
              51.4259200019004
            ],
            [
              -93.368593143691,
              51.420439293499655
            ],
            [
              -93.36661681674637,
              51.41486953533376
            ],
            [
              -93.364368659346,
              51.40940383661156
            ],
            [
              -93.36185412453216,
              51.404055454717124
            ],
            [
              -93.35907931146167,
              51.398837362475454
            ],
            [
              -93.35605095061213,
              51.39376221668605
            ],
            [
              -93.35277638745661,
              51.38884232742315
            ],
            [
              -93.34926356464685,
              51.38408962817683
            ],
            [
              -93.34552100274783,
              51.37951564690766
            ],
            [
              -93.34155777957065,
              51.375131478084896
            ],
            [
              -93.33738350815372,
              51.370947755776164
            ],
            [
              -93.3330083134458,
              51.36697462785393
            ],
            [
              -93.32844280774725,
              51.36322173138116
            ],
            [
              -93.32369806496934,
              51.359698169236104
            ],
            [
              -93.3187855937737,
              51.356412488032646
            ],
            [
              -93.31371730965746,
              51.353372657390025
            ],
            [
              -93.30850550605145,
              51.35058605060201
            ],
            [
              -93.3031628245017,
              51.348059426752535
            ],
            [
              -93.29770222400668,
              51.34579891432114
            ],
            [
              -93.29213694958439,
              51.34380999631797
            ],
            [
              -93.28648050014581,
              51.34209749698438
            ],
            [
              -93.28074659575246,
              51.34066557009147
            ],
            [
              -93.27494914433755,
              51.339517688864845
            ],
            [
              -93.26910220797144,
              51.33865663756011
            ],
            [
              -93.26321996875326,
              51.338084504709485
            ],
            [
              -93.25731669441133,
              51.33780267805594
            ],
            [
              -93.25140670369596,
              51.33781184118711
            ],
            [
              -93.24550433164843,
              51.33811197187728
            ],
            [
              -93.23962389483046,
              51.33870234214124
            ],
            [
              -93.23377965659856,
              51.33958152000007
            ],
            [
              -93.22798579250734,
              51.340747372954496
            ],
            [
              -93.22225635592594,
              51.3421970731574
            ],
            [
              -93.21660524395058,
              51.343927104272936
            ],
            [
              -93.18167681338534,
              51.355568250965064
            ],
            [
              -93.18027181653348,
              51.35599800281944
            ],
            [
              -93.1792455217973,
              51.35494661234715
            ],
            [
              -93.06740577008559,
              51.23452101138596
            ],
            [
              -93.06323677764864,
              51.23025007558872
            ],
            [
              -93.05886058644606,
              51.226191708788896
            ],
            [
              -93.05428802189562,
              51.222355950199585
            ],
            [
              -93.04953039518533,
              51.218752288366254
            ],
            [
              -93.04459947529291,
              51.21538963769483
            ],
            [
              -93.03950745987275,
              51.2122763164001
            ],
            [
              -93.03426694508246,
              51.209420025928836
            ],
            [
              -93.02889089442371,
              51.206827831908704
            ],
            [
              -93.02339260667428,
              51.20450614666996
            ],
            [
              -93.01778568299076,
              51.20246071338317
            ],
            [
              -93.01208399326332,
              51.20069659185238
            ],
            [
              -93.00630164180559,
              51.19921814599854
            ],
            [
              -93.00045293246475,
              51.19802903306453
            ],
            [
              -92.99455233323799,
              51.19713219456813
            ],
            [
              -92.98861444048292,
              51.1965298490256
            ],
            [
              -92.98265394281039,
              51.19622348646375
            ],
            [
              -92.97668558474928,
              51.196213864734
            ],
            [
              -92.9707241302727,
              51.19650100763768
            ],
            [
              -92.96478432627636,
              51.197084204867195
            ],
            [
              -92.958880866099,
              51.19796201376309
            ],
            [
              -92.95302835317536,
              51.19913226288275
            ],
            [
              -92.94724126491157,
              51.200592057371956
            ],
            [
              -92.94153391687232,
              51.20233778612586
            ],
            [
              -92.93170391222442,
              51.20561398617947
            ],
            [
              -92.93032541380559,
              51.20603586118388
            ],
            [
              -92.93005667790788,
              51.204079396509215
            ],
            [
              -92.92908753540391,
              51.19816468865531
            ],
            [
              -92.92782427489624,
              51.19230574855665
            ],
            [
              -92.92627004778176,
              51.18651719223692
            ],
            [
              -92.92442873131812,
              51.18081346013673
            ],
            [
              -92.92230491895134,
              51.17520878108966
            ],
            [
              -92.91990390885677,
              51.16971713682626
            ],
            [
              -92.91723169072192,
              51.16435222709451
            ],
            [
              -92.91429493080435,
              51.15912743548368
            ],
            [
              -92.91110095530158,
              51.154055796036936
            ],
            [
              -92.90765773207488,
              51.149149960735876
            ],
            [
              -92.9039738507721,
              51.14442216793828
            ],
            [
              -92.90005850139956,
              51.13988421184761
            ],
            [
              -92.8959214513961,
              51.13554741309058
            ],
            [
              -92.89157302126681,
              51.13142259047613
            ],
            [
              -92.88702405883686,
              51.12752003400621
            ],
            [
              -92.88228591218996,
              51.12384947920585
            ],
            [
              -92.87737040135883,
              51.12042008283636
            ],
            [
              -92.87228978883834,
              51.11724040005238
            ],
            [
              -92.87033128869139,
              51.11608172040551
            ],
            [
              -92.86957185658821,
              51.11482525821378
            ],
            [
              -92.83891830100566,
              51.06118920042837
            ],
            [
              -92.83591739079402,
              51.05622123027909
            ],
            [
              -92.83267977754937,
              51.051404172050205
            ],
            [
              -92.82921303508097,
              51.04674929437618
            ],
            [
              -92.82552527320433,
              51.04226748649947
            ],
            [
              -92.82162511876987,
              51.03796923279713
            ],
            [
              -92.81752169548182,
              51.03386458825449
            ],
            [
              -92.81322460255507,
              51.02996315494333
            ],
            [
              -92.80874389225954,
              51.02627405955964
            ],
            [
              -92.80409004640468,
              51.022805932073275
            ],
            [
              -92.7992739518192,
              51.01956688553978
            ],
            [
              -92.7943068748833,
              51.01656449712133
            ],
            [
              -92.78920043517302,
              51.01380579036134
            ],
            [
              -92.78396657827832,
              51.01129721875416
            ],
            [
              -92.77861754785863,
              51.009044650648306
            ],
            [
              -92.77316585700088,
              51.00705335551851
            ],
            [
              -92.7703447657176,
              51.006099588686794
            ],
            [
              -92.76991241656185,
              51.004715052604894
            ],
            [
              -92.75072361518481,
              50.937563843556994
            ],
            [
              -92.7503591721896,
              50.93616005698486
            ],
            [
              -92.7508095983793,
              50.93484731870127
            ],
            [
              -92.75258038913756,
              50.929230208580236
            ],
            [
              -92.7540734414143,
              50.92353297934839
            ],
            [
              -92.75528515865125,
              50.917769354849945
            ],
            [
              -92.75621262198767,
              50.91195321886624
            ],
            [
              -92.75685359729155,
              50.90609858167157
            ],
            [
              -92.75720654054123,
              50.900219546284376
            ],
            [
              -92.75727060154482,
              50.894330274495
            ],
            [
              -92.75704562598813,
              50.88844495275186
            ],
            [
              -92.75653215580643,
              50.88257775798827
            ],
            [
              -92.75573142787901,
              50.876742823472135
            ],
            [
              -92.75464537104969,
              50.87095420476083
            ],
            [
              -92.75327660148048,
              50.86522584584332
            ],
            [
              -92.75162841634965,
              50.85957154555099
            ],
            [
              -92.74970478590924,
              50.85400492431813
            ],
            [
              -92.74751034392128,
              50.84853939137223
            ],
            [
              -92.7450503764957,
              50.8431881124329
            ],
            [
              -92.74233080935682,
              50.83796397799756
            ],
            [
              -92.73935819356907,
              50.832879572289926
            ],
            [
              -92.7361396897564,
              50.82794714294638
            ],
            [
              -92.73268305085328,
              50.82317857151304
            ],
            [
              -92.72899660342898,
              50.818585344824825
            ],
            [
              -92.72508922763004,
              50.81417852733517
            ],
            [
              -92.72097033578909,
              50.80996873446332
            ],
            [
              -92.71664984975196,
              50.80596610702321
            ],
            [
              -92.71213817697725,
              50.802180286795654
            ],
            [
              -92.70744618546621,
              50.79862039330262
            ],
            [
              -92.70258517758322,
              50.795295001839534
            ],
            [
              -92.69756686282989,
              50.792212122818576
            ],
            [
              -92.69240332963854,
              50.7893791824727
            ],
            [
              -92.68710701625282,
              50.78680300496686
            ],
            [
              -92.68169068076564,
              50.784489795959516
            ],
            [
              -92.67616737038671,
              50.78244512765407
            ],
            [
              -92.67055039001357,
              50.78067392537619
            ],
            [
              -92.66485327018196,
              50.77918045570935
            ],
            [
              -92.65908973447262,
              50.777968316217255
            ],
            [
              -92.65327366645293,
              50.77704042677778
            ],
            [
              -92.64741907623353,
              50.77639902254939
            ],
            [
              -92.64154006671967,
              50.776045648586944
            ],
            [
              -92.63565079963938,
              50.77598115611988
            ],
            [
              -92.63091277191583,
              50.77616192695553
            ],
            [
              -92.63044799897544,
              50.77616825722857
            ],
            [
              -92.63153000531756,
              50.77534023769489
            ],
            [
              -92.7391407729076,
              50.69708904320301
            ],
            [
              -92.74032179252117,
              50.69627350306046
            ],
            [
              -92.74135841365359,
              50.69726303841932
            ],
            [
              -92.78926999788654,
              50.74516777716213
            ],
            [
              -92.79027069696238,
              50.746218959360924
            ],
            [
              -92.79016309124232,
              50.74636657763614
            ],
            [
              -92.78688121469645,
              50.75120135459593
            ],
            [
              -92.7838385904517,
              50.756190164034905
            ],
            [
              -92.78104243328468,
              50.76132117631424
            ],
            [
              -92.77849937354078,
              50.76658222459877
            ],
            [
              -92.77621544141188,
              50.77196083370744
            ],
            [
              -92.77419605263745,
              50.777444249694845
            ],
            [
              -92.77244599566255,
              50.78301947009388
            ],
            [
              -92.77096942028325,
              50.78867327474761
            ],
            [
              -92.76976982780658,
              50.79439225715737
            ],
            [
              -92.76885006274803,
              50.80016285627274
            ],
            [
              -92.76821230608655,
              50.80597138864796
            ],
            [
              -92.76785807009298,
              50.81180408088861
            ],
            [
              -92.76778819474406,
              50.81764710231154
            ],
            [
              -92.76800284573063,
              50.823486597740704
            ],
            [
              -92.76850151406481,
              50.829308720361
            ],
            [
              -92.76928301728685,
              50.83509966455234
            ],
            [
              -92.7703455022691,
              50.840845698626005
            ],
            [
              -92.77168644961009,
              50.84653319738574
            ],
            [
              -92.77330267960878,
              50.85214867443623
            ],
            [
              -92.77519035980424,
              50.85767881416257
            ],
            [
              -92.77734501406341,
              50.86311050330469
            ],
            [
              -92.77976153319503,
              50.86843086205198
            ],
            [
              -92.78243418706468,
              50.87362727458432
            ],
            [
              -92.78535663818235,
              50.87868741898721
            ],
            [
              -92.7885219567301,
              50.88359929646986
            ],
            [
              -92.79192263699423,
              50.88835125981718
            ],
            [
              -92.79555061516322,
              50.89293204100805
            ],
            [
              -92.79939728844874,
              50.89733077793446
            ],
            [
              -92.80345353548503,
              50.90153704015807
            ],
            [
              -92.80770973795775,
              50.905540853643295
            ],
            [
              -92.81215580341123,
              50.90933272440805
            ],
            [
              -92.8167811891801,
              50.91290366103621
            ],
            [
              -92.82157492738843,
              50.91624519599838
            ],
            [
              -92.82652565095705,
              50.91934940573037
            ],
            [
              -92.83162162055771,
              50.92220892942189
            ],
            [
              -92.83685075244968,
              50.92481698647068
            ],
            [
              -92.84220064713313,
              50.92716739256097
            ],
            [
              -92.84765861875132,
              50.929254574327906
            ],
            [
              -92.85321172517172,
              50.93107358257334
            ],
            [
              -92.85884679867483,
              50.932620104001515
            ],
            [
              -92.86455047717794,
              50.93389047144692
            ],
            [
              -92.8703092359198,
              50.934881672569986
            ],
            [
              -92.87610941953093,
              50.935591357000064
            ],
            [
              -92.88193727441383,
              50.93601784190869
            ],
            [
              -92.88777898135582,
              50.936160115999996
            ],
            [
              -92.91882266233779,
              50.936160115999996
            ],
            [
              -92.92027438294983,
              50.93619582259462
            ],
            [
              -92.92081972441919,
              50.937433628604104
            ],
            [
              -92.92203885450654,
              50.94039459470206
            ],
            [
              -92.92456887668109,
              50.94576762839207
            ],
            [
              -92.92736163478735,
              50.95100890737697
            ],
            [
              -92.93041028840976,
              50.95610559397987
            ],
            [
              -92.93370737035755,
              50.961045204679834
            ],
            [
              -92.93724480495436,
              50.96581564068831
            ],
            [
              -92.94101392781835,
              50.97040521758318
            ],
            [
              -92.94500550708422,
              50.97480269392784
            ],
            [
              -92.94920976601523,
              50.97899729880539
            ],
            [
              -92.95361640694966,
              50.982978758200204
            ],
            [
              -92.95821463652344,
              50.986737320162526
            ],
            [
              -92.96299319210658,
              50.99026377869431
            ],
            [
              -92.96794036938938,
              50.99354949629785
            ],
            [
              -92.97304405105014,
              50.99658642513193
            ],
            [
              -92.97829173643466,
              50.99936712672376
            ],
            [
              -92.98367057217457,
              51.001884790188306
            ],
            [
              -92.98916738366965,
              51.00413324891046
            ],
            [
              -92.99476870735685,
              51.006106995649226
            ],
            [
              -93.00046082368722,
              51.00780119602676
            ],
            [
              -93.00622979072968,
              51.009211700369455
            ],
            [
              -93.01206147831957,
              51.01033505387191
            ],
            [
              -93.01794160266832,
              51.01116850505888
            ],
            [
              -93.02385576134915,
              51.01171001252462
            ],
            [
              -93.08880572921836,
              51.01603939172305
            ],
            [
              -93.09024799562981,
              51.0161711199221
            ],
            [
              -93.09071714377677,
              51.01744998414838
            ],
            [
              -93.09286600587299,
              51.02289235631523
            ],
            [
              -93.09527760648733,
              51.0282235105606
            ],
            [
              -93.09794621186799,
              51.033430771686504
            ],
            [
              -93.10086547721609,
              51.03850175905964
            ],
            [
              -93.10402846177084,
              51.04342441604724
            ],
            [
              -93.10742764531173,
              51.04818703868255
            ],
            [
              -93.11105494603838,
              51.052778303491884
            ],
            [
              -93.11490173978562,
              51.05718729441695
            ],
            [
              -93.11895888052797,
              51.06140352876857
            ],
            [
              -93.12321672212508,
              51.06541698215001
            ],
            [
              -93.12766514125603,
              51.0692181122907
            ],
            [
              -93.13229356148828,
              51.07279788173367
            ],
            [
              -93.13709097842387,
              51.07614777932272
            ],
            [
              -93.1420459858632,
              51.079259840438326
            ],
            [
              -93.14714680292401,
              51.082126665934084
            ],
            [
              -93.15238130205137,
              51.08474143972868
            ],
            [
              -93.15773703785165,
              51.08709794501164
            ],
            [
              -93.16320127668249,
              51.08919057902423
            ],
            [
              -93.16876102692781,
              51.09101436638041
            ],
            [
              -93.17440306988642,
              51.09256497089616
            ],
            [
              -93.18011399120032,
              51.09383870589907
            ],
            [
              -93.1858802127483,
              51.094832542993665
            ],
            [
              -93.19168802492896,
              51.09554411926165
            ],
            [
              -93.19752361925622,
              51.0959717428799
            ],
            [
              -93.20337312118991,
              51.096114397142856
            ],
            [
              -93.25876539548297,
              51.096114397142856
            ],
            [
              -93.26019633206326,
              51.09614979977195
            ],
            [
              -93.26007688181097,
              51.0964458384065
            ],
            [
              -93.25805573441288,
              51.10111688395817
            ],
            [
              -93.25599285684757,
              51.10660565088009
            ],
            [
              -93.25420056224029,
              51.11218863451014
            ],
            [
              -93.25268312994659,
              51.117852504689324
            ],
            [
              -93.25144418304959,
              51.123583738130655
            ],
            [
              -93.25048667970931,
              51.12936865070787
            ],
            [
              -93.24981290609973,
              51.13519343012821
            ],
            [
              -93.24942447095016,
              51.14104416891124
            ],
            [
              -93.24932230170413,
              51.14690689759487
            ],
            [
              -93.24950664230512,
              51.152767618089435
            ],
            [
              -93.249977052614,
              51.158612337100124
            ],
            [
              -93.25073240945997,
              51.16442709953791
            ],
            [
              -93.25177090932229,
              51.1701980218393
            ],
            [
              -93.25309007263638,
              51.17591132511528
            ],
            [
              -93.25468674971424,
              51.181553368050395
            ],
            [
              -93.25655712826469,
              51.18711067947326
            ],
            [
              -93.25869674249574,
              51.1925699905209
            ],
            [
              -93.26110048377737,
              51.19791826632003
            ],
            [
              -93.26376261283906,
              51.20314273710965
            ],
            [
              -93.26667677347308,
              51.20823092873063
            ],
            [
              -93.26983600771088,
              51.21317069240953
            ],
            [
              -93.27323277243619,
              51.21795023376551
            ],
            [
              -93.27685895739528,
              51.22255814097107
            ],
            [
              -93.28070590456134,
              51.22698341199939
            ],
            [
              -93.28476442880672,
              51.23121548089325
            ],
            [
              -93.28902483983373,
              51.23524424299266
            ],
            [
              -93.29347696531156,
              51.23906007906124
            ],
            [
              -93.2981101751642,
              51.24265387825346
            ],
            [
              -93.30291340695119,
              51.2460170598681
            ],
            [
              -93.30787519228082,
              51.249141593835816
            ],
            [
              -93.31298368419243,
              51.25202001989212
            ],
            [
              -93.3182266854428,
              51.25464546538979
            ],
            [
              -93.32359167762871,
              51.25701166170828
            ],
            [
              -93.32906585107645,
              51.25911295922095
            ],
            [
              -93.33463613542665,
              51.26094434078431
            ],
            [
              -93.34028923084163,
              51.26250143371721
            ],
            [
              -93.34601163976069,
              51.263780520241156
            ],
            [
              -93.35178969912734,
              51.264778546357114
            ],
            [
              -93.35760961301183,
              51.26549312913729
            ],
            [
              -93.36345748555087,
              51.26592256241476
            ],
            [
              -93.36931935412593,
              51.26606582085714
            ],
            [
              -93.3787883726807,
              51.26606582085714
            ],
            [
              -93.38021267262825,
              51.26610010639999
            ],
            [
              -93.3808783708099,
              51.267357428194586
            ],
            [
              -93.38957438004412,
              51.28474696173392
            ],
            [
              -93.39051162446232,
              51.28674174439337
            ],
            [
              -93.39238223792022,
              51.29098104679818
            ],
            [
              -93.39510612861609,
              51.29639592997617
            ],
            [
              -93.39809997182707,
              51.30166636100052
            ],
            [
              -93.40135612898251,
              51.3067788927543
            ],
            [
              -93.40486629223706,
              51.31172048098895
            ],
            [
              -93.40862150566744,
              51.31647851760574
            ],
            [
              -93.41261218812295,
              51.32104086282434
            ],
            [
              -93.41682815767093,
              51.325395876156676
            ],
            [
              -93.42125865757535,
              51.3295324461067
            ],
            [
              -93.4258923837417,
              51.33344001852056
            ],
            [
              -93.43071751355866,
              51.337108623514816
            ],
            [
              -93.43572173606258,
              51.34052890091376
            ],
            [
              -93.44089228334796,
              51.3436921241313
            ],
            [
              -93.4462159631439,
              51.34659022243618
            ],
            [
              -93.45167919247314,
              51.34921580154382
            ],
            [
              -93.45726803230806,
              51.351562162482345
            ],
            [
              -93.46296822313512,
              51.35362331868448
            ],
            [
              -93.49882849854723,
              51.365575035945646
            ],
            [
              -93.50019425212291,
              51.36606750140043
            ],
            [
              -93.50039060658563,
              51.36636217669522
            ],
            [
              -93.5039013923721,
              51.3713154082612
            ],
            [
              -93.50765820733498,
              51.376084733278354
            ],
            [
              -93.51165143504028,
              51.3806579435598
            ],
            [
              -93.51587085390108,
              51.385023332919495
            ],
            [
              -93.52030566334206,
              51.38916972713698
            ],
            [
              -93.52494451144607,
              51.39308651256035
            ],
            [
              -93.52977552401191,
              51.39676366327432
            ],
            [
              -93.5347863349492,
              51.40019176676392
            ],
            [
              -93.53996411793214,
              51.40336204800794
            ],
            [
              -93.54529561923151,
              51.40626639194067
            ],
            [
              -93.55076719164059,
              51.40889736422423
            ],
            [
              -93.55636482940838,
              51.411248230278524
            ],
            [
              -93.56207420409054,
              51.41331297251991
            ],
            [
              -93.59880070033527,
              51.425553388804126
            ],
            [
              -93.60014050816302,
              51.42603685800935
            ]
          ]
        ]
      },
      "properties": {
        "hail_size_bin": "0.5\"",
        "min_size_inches": 0.5
      }
    },
    {
      "type": "Feature",
      "geometry": {
        "type": "Polygon",
        "coordinates": [
          [
            [
              -93.0502179195025,
              42.74843629983528
            ],
            [
              -93.04895444222728,
              42.74788881358013
            ],
            [
              -92.9216409772318,
              42.68913714830697
            ],
            [
              -92.92032081711284,
              42.68848800233815
            ],
            [
              -92.91935138185896,
              42.68738147239459
            ],
            [
              -92.87124059345895,
              42.62965677505694
            ],
            [
              -92.87041659561388,
              42.62861769720536
            ],
            [
              -92.87164368083072,
              42.629120076723446
            ],
            [
              -93.02894614536196,
              42.69793007214687
            ],
            [
              -93.0302552280558,
              42.69854104061167
            ],
            [
              -93.03082426273073,
              42.699868888307094
            ],
            [
              -93.04973752183781,
              42.74714528037408
            ],
            [
              -93.0502179195025,
              42.74843629983528
            ]
          ]
        ]
      },
      "properties": {
        "hail_size_bin": "0.5\"",
        "min_size_inches": 0.5
      }
    },
    {
      "type": "Feature",
      "geometry": {
        "type": "Polygon",
        "coordinates": [
          [
            [
              -94.42988177103558,
              52.035803633269346
            ],
            [
              -94.42861651444586,
              52.035764369914766
            ],
            [
              -94.25157482445857,
              52.0259301257646
            ],
            [
              -94.2501194440912,
              52.02581348822101
            ],
            [
              -94.2479465445488,
              52.024421722856616
            ],
            [
              -94.24780450942961,
              52.02432554927677
            ],
            [
              -94.24302295343705,
              52.02140382362825
            ],
            [
              -94.23811021422041,
              52.018708503264236
            ],
            [
              -94.23307700419811,
              52.016245465435325
            ],
            [
              -94.2279342984798,
              52.01402008089103
            ],
            [
              -94.22269331093472,
              52.01203720216864
            ],
            [
              -94.21736546973949,
              52.010301153012136
            ],
            [
              -94.21196239245849,
              52.008815718944014
            ],
            [
              -94.04156272357208,
              51.966221888294555
            ],
            [
              -94.0401563218393,
              51.96583353794269
            ],
            [
              -94.0392437228826,
              51.96487877612301
            ],
            [
              -94.03708952969411,
              51.9625125892137
            ],
            [
              -94.03292687550868,
              51.95836735434783
            ],
            [
              -94.02856634097905,
              51.95443080756459
            ],
            [
              -94.02401837644778,
              51.95071238308867
            ],
            [
              -94.0192938814473,
              51.947220992398535
            ],
            [
              -94.01440417857827,
              51.94396500286947
            ],
            [
              -94.00936098637423,
              51.940952217720486
            ],
            [
              -94.00417639121723,
              51.93818985731339
            ],
            [
              -93.99886281837189,
              51.9356845418486
            ],
            [
              -93.99343300220741,
              51.93344227549941
            ],
            [
              -93.98789995567866,
              51.93146843202246
            ],
            [
              -93.9822769391397,
              51.92976774187923
            ],
            [
              -93.97657742856433,
              51.92834428089907
            ],
            [
              -93.97081508324997,
              51.92720146051117
            ],
            [
              -93.96500371308215,
              51.9263420195689
            ],
            [
              -93.9611386149741,
              51.92596254715226
            ],
            [
              -93.96016371867172,
              51.925842536093256
            ],
            [
              -93.95910791933888,
              51.92483569760041
            ],
            [
              -93.8812077800588,
              51.846946688502
            ],
            [
              -93.88025395432854,
              51.845944745797055
            ],
            [
              -93.88163220070001,
              51.84606352983367
            ],
            [
              -94.05867914267643,
              51.86573260160497
            ],
            [
              -94.06010526357852,
              51.86592639200274
            ],
            [
              -94.06018486795077,
              51.86640230783642
            ],
            [
              -94.06086187938129,
              51.8711528201529
            ],
            [
              -94.0619682643295,
              51.87689617554305
            ],
            [
              -94.06335319024106,
              51.88257879808997
            ],
            [
              -94.06501336693412,
              51.8881871875325
            ],
            [
              -94.06694485031093,
              51.893708019965786
            ],
            [
              -94.0691430517278,
              51.899128179495
            ],
            [
              -94.07160274889645,
              51.90443478939491
            ],
            [
              -94.07431809829059,
              51.90961524270123
            ],
            [
              -94.07728264902852,
              51.91465723216111
            ],
            [
              -94.08048935819845,
              51.9195487794716
            ],
            [
              -94.08393060759052,
              51.92427826373659
            ],
            [
              -94.08759822179537,
              51.92883444907475
            ],
            [
              -94.09148348762659,
              51.93320651131265
            ],
            [
              -94.09557717482069,
              51.93738406369988
            ],
            [
              -94.09986955796555,
              51.94135718158499
            ],
            [
              -94.10435043960517,
              51.94511642599351
            ],
            [
              -94.10900917446584,
              51.94865286605228
            ],
            [
              -94.11383469474625,
              51.951958100206554
            ],
            [
              -94.11881553641136,
              51.9550242761797
            ],
            [
              -94.12393986642763,
              51.95784410962791
            ],
            [
              -94.12919551087485,
              51.96041090144568
            ],
            [
              -94.13456998386783,
              51.96271855368094
            ],
            [
              -94.14005051721931,
              51.96476158402204
            ],
            [
              -94.14562409077335,
              51.96653513882212
            ],
            [
              -94.15127746333756,
              51.96803500462993
            ],
            [
              -94.15699720414025,
              51.96925761819982
            ],
            [
              -94.16276972473807,
              51.97020007495695
            ],
            [
              -94.1685813112982,
              51.97086013589771
            ],
            [
              -94.17441815717841,
              51.97123623290898
            ],
            [
              -94.28861767312453,
              51.975803560884906
            ],
            [
              -94.29009005539132,
              51.975899012999434
            ],
            [
              -94.29100877433667,
              51.97668720422325
            ],
            [
              -94.29338704499665,
              51.97883334208679
            ],
            [
              -94.2978460708278,
              51.98248443808273
            ],
            [
              -94.30247525092443,
              51.985917236499084
            ],
            [
              -94.30726390814266,
              51.98912381963082
            ],
            [
              -94.31220099750668,
              51.99209679153549
            ],
            [
              -94.31727513168389,
              51.99482929509195
            ],
            [
              -94.32247460724957,
              51.99731502781616
            ],
            [
              -94.32778743168075,
              51.99954825639781
            ],
            [
              -94.33320135101673,
              52.00152382992413
            ],
            [
              -94.33870387812274,
              52.0032371917604
            ],
            [
              -94.34428232149135,
              52.004684390059744
            ],
            [
              -94.34992381451524,
              52.00586208687805
            ],
            [
              -94.35008599242114,
              52.00589189755353
            ],
            [
              -94.35151402622819,
              52.0063868514952
            ],
            [
              -94.42870771126296,
              52.03533034741629
            ],
            [
              -94.42988177103558,
              52.035803633269346
            ]
          ]
        ]
      },
      "properties": {
        "hail_size_bin": "0.5\"",
        "min_size_inches": 0.5
      }
    },
    {
      "type": "Feature",
      "geometry": {
        "type": "Polygon",
        "coordinates": [
          [
            [
              -95.09998671142857,
              48.77531397493217
            ],
            [
              -95.09995181694005,
              48.77674450365433
            ],
            [
              -95.0985258902578,
              48.776863238950966
            ],
            [
              -94.93148992493977,
              48.78668748010551
            ],
            [
              -94.93003716745285,
              48.78673697637223
            ],
            [
              -94.92967207287444,
              48.78542102116934
            ],
            [
              -94.9279083084654,
              48.779652449600725
            ],
            [
              -94.92585688822176,
              48.77397979961886
            ],
            [
              -94.9235229958663,
              48.768417405412585
            ],
            [
              -94.92091252889914,
              48.76297932256602
            ],
            [
              -94.91803208369524,
              48.75767929254156
            ],
            [
              -94.91488893883617,
              48.75253070795667
            ],
            [
              -94.91149103671783,
              48.74754657874216
            ],
            [
              -94.90784696348086,
              48.74273949926742
            ],
            [
              -94.90396592731442,
              48.73812161651582
            ],
            [
              -94.89985773518798,
              48.733704599390535
            ],
            [
              -94.89553276807021,
              48.72949960922847
            ],
            [
              -94.89100195469734,
              48.725517271596736
            ],
            [
              -94.88627674395742,
              48.72176764944295
            ],
            [
              -94.88136907596014,
              48.71826021766724
            ],
            [
              -94.87629135186546,
              48.71500383918017
            ],
            [
              -94.87105640254718,
              48.71200674250708
            ],
            [
              -94.86567745617069,
              48.709276500995486
            ],
            [
              -94.86016810476674,
              48.70682001367805
            ],
            [
              -94.86004345790576,
              48.70676815190115
            ],
            [
              -94.85929618953986,
              48.705529078495694
            ],
            [
              -94.84240954338586,
              48.67598166999104
            ],
            [
              -94.83938317086583,
              48.67097377997778
            ],
            [
              -94.83611627919304,
              48.6661193683952
            ],
            [
              -94.83261663583188,
              48.661429977245
            ],
            [
              -94.82889256164454,
              48.6569167561711
            ],
            [
              -94.82495291110692,
              48.652590435949904
            ],
            [
              -94.8208070512561,
              48.64846130297648
            ],
            [
              -94.81646483941888,
              48.64453917480728
            ],
            [
              -94.81193659977474,
              48.64083337681763
            ],
            [
              -94.80723309880871,
              48.63735272002942
            ],
            [
              -94.80236551971265,
              48.634105480161715
            ],
            [
              -94.79734543579575,
              48.631099377954186
            ],
            [
              -94.79218478296745,
              48.628341560810014
            ],
            [
              -94.7868958313583,
              48.62583858580199
            ],
            [
              -94.78149115614599,
              48.62359640408226
            ],
            [
              -94.77598360765634,
              48.62162034673259
            ],
            [
              -94.77038628080994,
              48.61991511208912
            ],
            [
              -94.76471248398715,
              48.61848475457136
            ],
            [
              -94.75897570738582,
              48.61733267504238
            ],
            [
              -94.75318959094643,
              48.616461612722674
            ],
            [
              -94.7473678919215,
              48.615873638677435
            ],
            [
              -94.74152445216575,
              48.61557015089225
            ],
            [
              -94.73567316522538,
              48.615551870949226
            ],
            [
              -94.7298279433043,
              48.61581884231132
            ],
            [
              -94.72400268418603,
              48.616370430219035
            ],
            [
              -94.71821123818992,
              48.6172053231996
            ],
            [
              -94.71246737524017,
              48.618321536185206
            ],
            [
              -94.706784752126,
              48.61971641523274
            ],
            [
              -94.70117688003093,
              48.621386643833894
            ],
            [
              -94.69565709240806,
              48.623328250800604
            ],
            [
              -94.69023851327808,
              48.62553661970706
            ],
            [
              -94.6849340260252,
              48.62800649986589
            ],
            [
              -94.67975624276521,
              48.63073201881232
            ],
            [
              -94.67471747435845,
              48.63370669626675
            ],
            [
              -94.67022338035824,
              48.63666436960575
            ],
            [
              -94.67004168855856,
              48.636777417873304
            ],
            [
              -94.66860478075236,
              48.636423734032896
            ],
            [
              -94.5614924729475,
              48.607215460252924
            ],
            [
              -94.56012179445906,
              48.60680509746979
            ],
            [
              -94.5609246286846,
              48.60562100647509
            ],
            [
              -94.60920943899981,
              48.538031930375894
            ],
            [
              -94.61006744245276,
              48.53689056241367
            ],
            [
              -94.61133093020278,
              48.537553689256555
            ],
            [
              -94.6638072127985,
              48.566703014208
            ],
            [
              -94.66892140070775,
              48.56938487928289
            ],
            [
              -94.67415868792841,
              48.57181760220574
            ],
            [
              -94.67950694602412,
              48.57399554931088
            ],
            [
              -94.6849537895737,
              48.57591367693891
            ],
            [
              -94.69048660485318,
              48.57756754311675
            ],
            [
              -94.69609257904645,
              48.578953317844274
            ],
            [
              -94.701758729917,
              48.58006779196379
            ],
            [
              -94.70747193587206,
              48.58090838459174
            ],
            [
              -94.7132189663493,
              48.581473149095494
            ],
            [
              -94.71898651245607,
              48.581760777601325
            ],
            [
              -94.72476121778989,
              48.58177060402318
            ],
            [
              -94.73052970936907,
              48.581502605605145
            ],
            [
              -94.73627862860161,
              48.58095740297423
            ],
            [
              -94.7419946622209,
              48.58013625870303
            ],
            [
              -94.74766457311638,
              48.57904107438595
            ],
            [
              -94.75327523098782,
              48.577674386235486
            ],
            [
              -94.75881364275236,
              48.57603935920891
            ],
            [
              -94.76426698263359,
              48.57413977967891
            ],
            [
              -94.76962262186343,
              48.57198004666514
            ],
            [
              -94.7748681579276,
              48.56956516164705
            ],
            [
              -94.77999144328716,
              48.56690071698154
            ],
            [
              -94.78003008220205,
              48.56687942573329
            ],
            [
              -94.78120402606127,
              48.567715894428964
            ],
            [
              -94.89884995362992,
              48.655937733383304
            ],
            [
              -94.89999272255463,
              48.65683884113144
            ],
            [
              -94.90020595711869,
              48.657143053866136
            ],
            [
              -94.90298085485692,
              48.66131022944503
            ],
            [
              -94.90643496147564,
              48.66598902889952
            ],
            [
              -94.91011169803741,
              48.67049498330721
            ],
            [
              -94.9140024288029,
              48.674817509302414
            ],
            [
              -94.9180980154137,
              48.678946454347134
            ],
            [
              -94.92238883835594,
              48.68287212057686
            ],
            [
              -94.92686481955421,
              48.68658528757843
            ],
            [
              -94.93151544604243,
              48.69007723404651
            ],
            [
              -94.93632979465617,
              48.69333975826773
            ],
            [
              -94.94129655768852,
              48.696365197384516
            ],
            [
              -94.94640406944897,
              48.69914644539319
            ],
            [
              -94.95164033366328,
              48.70167696983424
            ],
            [
              -94.95699305164976,
              48.703950827135415
            ],
            [
              -94.96244965120574,
              48.705962676571716
            ],
            [
              -94.96799731613666,
              48.70770779280942
            ],
            [
              -94.973623016358,
              48.70918207700473
            ],
            [
              -94.97931353849977,
              48.71038206643091
            ],
            [
              -94.98505551694142,
              48.71130494261138
            ],
            [
              -94.99083546520436,
              48.71194853793964
            ],
            [
              -94.99663980762833,
              48.712311340770405
            ],
            [
              -95.00245491125729,
              48.71239249897011
            ],
            [
              -95.00826711785975,
              48.712191821918324
            ],
            [
              -95.0985077884888,
              48.70688430560877
            ],
            [
              -95.09995158245165,
              48.70683511473437
            ],
            [
              -95.09998671142857,
              48.708278801261976
            ],
            [
              -95.09998671142857,
              48.77531397493217
            ]
          ]
        ]
      },
      "properties": {
        "hail_size_bin": "0.5\"",
        "min_size_inches": 0.5
      }
    },
    {
      "type": "Feature",
      "geometry": {
        "type": "Polygon",
        "coordinates": [
          [
            [
              -97.06965164823639,
              43.75823951699031
            ],
            [
              -97.06904069616732,
              43.75954062062955
            ],
            [
              -97.05038051230456,
              43.79685565611206
            ],
            [
              -97.04968340880743,
              43.798166501070845
            ],
            [
              -97.04821291967431,
              43.79835768326168
            ],
            [
              -96.86118165904057,
              43.81804237147894
            ],
            [
              -96.85975302988032,
              43.81815780204587
            ],
            [
              -96.85908472380649,
              43.81689377349916
            ],
            [
              -96.81039455936211,
              43.719527358074004
            ],
            [
              -96.80980189254547,
              43.71826650387365
            ],
            [
              -96.81118358344612,
              43.718444871839786
            ],
            [
              -97.06823673333555,
              43.75798585995719
            ],
            [
              -97.06965164823639,
              43.75823951699031
            ]
          ]
        ]
      },
      "properties": {
        "hail_size_bin": "0.5\"",
        "min_size_inches": 0.5
      }
    },
    {
      "type": "Feature",
      "geometry": {
        "type": "Polygon",
        "coordinates": [
          [
            [
              -97.35959704457021,
              43.34830228815262
            ],
            [
              -97.35820885321844,
              43.34850004882902
            ],
            [
              -97.19116174445463,
              43.36814984194441
            ],
            [
              -97.18982096493403,
              43.36827403374176
            ],
            [
              -97.19092275125413,
              43.36750019305415
            ],
            [
              -97.30845276126344,
              43.289158047981815
            ],
            [
              -97.3096641884429,
              43.28839256039731
            ],
            [
              -97.31060824111223,
              43.28947065668765
            ],
            [
              -97.35872586109633,
              43.3472035507549
            ],
            [
              -97.35959704457021,
              43.34830228815262
            ]
          ]
        ]
      },
      "properties": {
        "hail_size_bin": "0.5\"",
        "min_size_inches": 0.5
      }
    },
    {
      "type": "Feature",
      "geometry": {
        "type": "Polygon",
        "coordinates": [
          [
            [
              -97.59834323604886,
              48.85835226715741
            ],
            [
              -97.59584648705881,
              48.857693605982014
            ],
            [
              -97.58995673614494,
              48.85645199946034
            ],
            [
              -97.5840121352305,
              48.855507291807044
            ],
            [
              -97.57802764107696,
              48.8548618599297
            ],
            [
              -97.57201831081812,
              48.85451732775072
            ],
            [
              -97.56599926407605,
              48.8544745621215
            ],
            [
              -97.55998564491975,
              48.854733670641416
            ],
            [
              -97.55399258376225,
              48.85529400138709
            ],
            [
              -97.54803515929216,
              48.85615414455263
            ],
            [
              -97.5421283605353,
              48.85731193599679
            ],
            [
              -97.41110333079605,
              48.886424449153004
            ],
            [
              -97.40979648211736,
              48.88668112628737
            ],
            [
              -97.41084227888906,
              48.885856790812085
            ],
            [
              -97.52844995440275,
              48.79766363679993
            ],
            [
              -97.52963907318687,
              48.796817130172116
            ],
            [
              -97.53078179925497,
              48.79772338646683
            ],
            [
              -97.5884895897426,
              48.845806340916376
            ],
            [
              -97.5896060060714,
              48.84678438209171
            ],
            [
              -97.59096344760859,
              48.84875411581786
            ],
            [
              -97.5943106476655,
              48.85336871618793
            ],
            [
              -97.59787323031013,
              48.857819141976165
            ],
            [
              -97.59834323604886,
              48.85835226715741
            ]
          ]
        ]
      },
      "properties": {
        "hail_size_bin": "0.5\"",
        "min_size_inches": 0.5
      }
    },
    {
      "type": "Feature",
      "geometry": {
        "type": "Polygon",
        "coordinates": [
          [
            [
              -98.26946313638841,
              43.4682720316927
            ],
            [
              -98.2680928019065,
              43.46853474113063
            ],
            [
              -98.21094793476442,
              43.47805752486781
            ],
            [
              -98.20954607280262,
              43.47825704691269
            ],
            [
              -98.20823254372812,
              43.477730498004725
            ],
            [
              -98.14090268314742,
              43.44887896629559
            ],
            [
              -98.13957542720219,
              43.44827134473946
            ],
            [
              -98.1391857610367,
              43.4477043114925
            ],
            [
              -98.13574026799317,
              43.442951739059986
            ],
            [
              -98.1320664819827,
              43.438373348142996
            ],
            [
              -98.12817319416274,
              43.433980094566174
            ],
            [
              -98.12406972094583,
              43.42978249113119
            ],
            [
              -98.11976588170599,
              43.425790582460266
            ],
            [
              -98.11527197528159,
              43.42201392095994
            ],
            [
              -98.11059875533074,
              43.418461543962714
            ],
            [
              -98.10575740459848,
              43.41514195210127
            ],
            [
              -98.10075950815705,
              43.4120630889669
            ],
            [
              -98.09561702568355,
              43.409232322101005
            ],
            [
              -98.09034226284106,
              43.40665642536493
            ],
            [
              -98.08494784183196,
              43.40434156273058
            ],
            [
              -98.07944667119368,
              43.40229327353033
            ],
            [
              -98.07385191490934,
              43.40051645920176
            ],
            [
              -98.06817696090711,
              43.39901537155877
            ],
            [
              -98.06243538902365,
              43.39779360261726
            ],
            [
              -98.05664093850837,
              43.39685407599965
            ],
            [
              -98.05080747514614,
              43.39619903993877
            ],
            [
              -98.0449489580774,
              43.39583006189803
            ],
            [
              -97.85108652872532,
              43.388374879945665
            ],
            [
              -97.8496066392491,
              43.388281027961376
            ],
            [
              -97.84853738426231,
              43.38726123405409
            ],
            [
              -97.80065284698296,
              43.33938353840048
            ],
            [
              -97.79967364019588,
              43.338354682858274
            ],
            [
              -97.80106583434181,
              43.338073284354564
            ],
            [
              -97.96810740743452,
              43.308599571425034
            ],
            [
              -97.96957179267427,
              43.30837857515519
            ],
            [
              -97.97083165060336,
              43.30914701805313
            ],
            [
              -98.07865245633405,
              43.37845048983995
            ],
            [
              -98.08369065359634,
              43.38151657585914
            ],
            [
              -98.0888734138756,
              43.384331413513145
            ],
            [
              -98.09418821781304,
              43.38688820334364
            ],
            [
              -98.09962222708818,
              43.38918076922679
            ],
            [
              -98.10516231543077,
              43.39120357329217
            ],
            [
              -98.11079510032843,
              43.39295172929992
            ],
            [
              -98.11650697535303,
              43.39442101444381
            ],
            [
              -98.12228414302812,
              43.39560787955181
            ],
            [
              -98.12811264815781,
              43.39650945765934
            ],
            [
              -98.13397841153659,
              43.39712357093466
            ],
            [
              -98.13986726395878,
              43.3974487359396
            ],
            [
              -98.14576498044532,
              43.3974841672129
            ],
            [
              -98.15165731460533,
              43.39722977916758
            ],
            [
              -98.15753003304933,
              43.39668618629767
            ],
            [
              -98.16336894977114,
              43.39585470169384
            ],
            [
              -98.16915996041527,
              43.39473733387154
            ],
            [
              -98.17488907634706,
              43.393336781919274
            ],
            [
              -98.18054245844328,
              43.391656428978735
            ],
            [
              -98.18610645052172,
              43.38970033407258
            ],
            [
              -98.18748480710484,
              43.38913822764133
            ],
            [
              -98.18953691700673,
              43.388358924268324
            ],
            [
              -98.19058184378493,
              43.38935397567102
            ],
            [
              -98.26850072539254,
              43.467261724419096
            ],
            [
              -98.26946313638841,
              43.4682720316927
            ]
          ]
        ]
      },
      "properties": {
        "hail_size_bin": "0.5\"",
        "min_size_inches": 0.5
      }
    },
    {
      "type": "Feature",
      "geometry": {
        "type": "Polygon",
        "coordinates": [
          [
            [
              -100.20937791120939,
              45.437847957348026
            ],
            [
              -100.20922271689435,
              45.43804699329725
            ],
            [
              -100.20580938591256,
              45.44290173220142
            ],
            [
              -100.15006760053535,
              45.52650246389196
            ],
            [
              -100.149245306907,
              45.52767355087912
            ],
            [
              -100.14782815416747,
              45.52787176705996
            ],
            [
              -99.89076912020273,
              45.55752818698278
            ],
            [
              -99.88934778637524,
              45.55765681496932
            ],
            [
              -99.88964433687377,
              45.55626101615977
            ],
            [
              -99.93895608579706,
              45.34918126195945
            ],
            [
              -99.93932039450247,
              45.347801625231234
            ],
            [
              -99.94068371104595,
              45.34822020793127
            ],
            [
              -100.20784332642717,
              45.43726068935386
            ],
            [
              -100.20924314212704,
              45.43776617087934
            ],
            [
              -100.20937791120939,
              45.437847957348026
            ]
          ]
        ]
      },
      "properties": {
        "hail_size_bin": "0.5\"",
        "min_size_inches": 0.5
      }
    },
    {
      "type": "Feature",
      "geometry": {
        "type": "Polygon",
        "coordinates": [
          [
            [
              -108.41985917114565,
              29.343331480072578
            ],
            [
              -108.41645312099085,
              29.34716152614942
            ],
            [
              -108.41280607460989,
              29.351685939594713
            ],
            [
              -108.40938234677891,
              29.35638161335554
            ],
            [
              -108.4061899669158,
              29.36123753501248
            ],
            [
              -108.40323642187501,
              29.366242316328456
            ],
            [
              -108.40052863838919,
              29.371384219956752
            ],
            [
              -108.39807296682446,
              29.37665118696775
            ],
            [
              -108.3958751662873,
              29.38203086512983
            ],
            [
              -108.39394039111818,
              29.387510637878197
            ],
            [
              -108.39227317880349,
              29.393077653903546
            ],
            [
              -108.39087743933402,
              29.39871885729131
            ],
            [
              -108.38975644603525,
              29.40442101814075
            ],
            [
              -108.38891282789058,
              29.410170763592046
            ],
            [
              -108.38834856337577,
              29.415954609188713
            ],
            [
              -108.38806497581906,
              29.42175899050169
            ],
            [
              -108.38805313532318,
              29.422240164619442
            ],
            [
              -108.38690671791696,
              29.421423647067485
            ],
            [
              -108.26927391029238,
              29.333211646665266
            ],
            [
              -108.26821550804775,
              29.332376933409286
            ],
            [
              -108.26956104023272,
              29.332456346277226
            ],
            [
              -108.3866051547116,
              29.342208628902366
            ],
            [
              -108.38808287796238,
              29.342368732582848
            ],
            [
              -108.388878924957,
              29.342495167498488
            ],
            [
              -108.3946468218707,
              29.34326839441139
            ],
            [
              -108.40044542341714,
              29.34376107561807
            ],
            [
              -108.40626109220575,
              29.34397205241052
            ],
            [
              -108.41208015070653,
              29.343900828604813
            ],
            [
              -108.41788891341736,
              29.34354757170803
            ],
            [
              -108.41985917114565,
              29.343331480072578
            ]
          ]
        ]
      },
      "properties": {
        "hail_size_bin": "0.5\"",
        "min_size_inches": 0.5
      }
    },
    {
      "type": "Feature",
      "geometry": {
        "type": "Polygon",
        "coordinates": [
          [
            [
              -108.60795913503837,
              28.902435605389403
            ],
            [
              -108.60658687247883,
              28.902612545729102
            ],
            [
              -108.41955783482517,
              28.922296999981892
            ],
            [
              -108.4181255629424,
              28.922412050106665
            ],
            [
              -108.41830893064105,
              28.920986913073133
            ],
            [
              -108.43785890089961,
              28.793930262530566
            ],
            [
              -108.43810677282535,
              28.792544254888703
            ],
            [
              -108.43930467686538,
              28.793281246504534
            ],
            [
              -108.60681575009629,
              28.901655278047837
            ],
            [
              -108.60795913503837,
              28.902435605389403
            ]
          ]
        ]
      },
      "properties": {
        "hail_size_bin": "0.5\"",
        "min_size_inches": 0.5
      }
    },
    {
      "type": "Feature",
      "geometry": {
        "type": "Polygon",
        "coordinates": [
          [
            [
              -110.03781783773663,
              31.121831223931977
            ],
            [
              -110.03774253534586,
              31.12324636175691
            ],
            [
              -110.02796746110127,
              31.250304170632916
            ],
            [
              -110.02782437121397,
              31.251708267232246
            ],
            [
              -110.02680216606383,
              31.25073528140838
            ],
            [
              -109.9089228896029,
              31.132872847250617
            ],
            [
              -109.90790241902604,
              31.13180061605685
            ],
            [
              -109.90779407864339,
              31.131516125067755
            ],
            [
              -109.90559127061822,
              31.126128427309368
            ],
            [
              -109.90312979948695,
              31.120853883708126
            ],
            [
              -109.90041545648438,
              31.115704903964918
            ],
            [
              -109.89745462779052,
              31.110693602359838
            ],
            [
              -109.89425427950542,
              31.10583176925025
            ],
            [
              -109.89082194125967,
              31.101130843330996
            ],
            [
              -109.8871656884991,
              31.096601884721963
            ],
            [
              -109.88329412348517,
              31.09225554894635
            ],
            [
              -109.88298985700337,
              31.091945632646617
            ],
            [
              -109.88834899662915,
              31.089901907178454
            ],
            [
              -109.89368783565975,
              31.08756301102859
            ],
            [
              -109.8989068044342,
              31.084967630068935
            ],
            [
              -109.90399358994192,
              31.082121887530857
            ],
            [
              -109.90893619102967,
              31.079032497318874
            ],
            [
              -109.91372294671571,
              31.075706748170685
            ],
            [
              -109.91834256370129,
              31.072152486460983
            ],
            [
              -109.92278414301471,
              31.068378097689667
            ],
            [
              -109.92703720572509,
              31.064392486698097
            ],
            [
              -109.93109171766503,
              31.060205056660056
            ],
            [
              -109.93493811310407,
              31.05582568689706
            ],
            [
              -109.93856731731694,
              31.051264709570244
            ],
            [
              -109.94197076799338,
              31.0465328853039
            ],
            [
              -109.945140435439,
              31.04164137779816
            ],
            [
              -109.94806884151959,
              31.03660172749068
            ],
            [
              -109.95074907730417,
              31.03142582432953
            ],
            [
              -109.95317481936503,
              31.02612587972146
            ],
            [
              -109.96728575774505,
              30.99320506115307
            ],
            [
              -109.96786560306539,
              30.991938465855135
            ],
            [
              -109.96855552879879,
              30.993148482439565
            ],
            [
              -110.03717537073477,
              31.120567123883387
            ],
            [
              -110.03781783773663,
              31.121831223931977
            ]
          ]
        ]
      },
      "properties": {
        "hail_size_bin": "0.5\"",
        "min_size_inches": 0.5
      }
    },
    {
      "type": "Feature",
      "geometry": {
        "type": "Polygon",
        "coordinates": [
          [
            [
              -109.75556339972616,
              31.0611298044045
            ],
            [
              -109.75502338800617,
              31.06130943721718
            ],
            [
              -109.74959590876033,
              31.063412320801127
            ],
            [
              -109.74427678504127,
              31.065775914081012
            ],
            [
              -109.73907853143587,
              31.068394656104488
            ],
            [
              -109.73401337815349,
              31.071262385617104
            ],
            [
              -109.72909324225122,
              31.074372355558225
            ],
            [
              -109.71908296258988,
              31.08104492183624
            ],
            [
              -109.71788764525536,
              31.08180133338443
            ],
            [
              -109.7164774977958,
              31.081725736714265
            ],
            [
              -109.58938035190617,
              31.071950430055818
            ],
            [
              -109.58796985613566,
              31.071807151961057
            ],
            [
              -109.58857305126931,
              31.070524506560737
            ],
            [
              -109.5972506454189,
              31.053171797928453
            ],
            [
              -109.59794279431715,
              31.051869309378475
            ],
            [
              -109.5992432009904,
              31.051179470113524
            ],
            [
              -109.70788148908278,
              30.996868087054
            ],
            [
              -109.71311290974597,
              30.994089291722645
            ],
            [
              -109.71707287350411,
              30.99172823931919
            ],
            [
              -109.71787326676859,
              30.991892988415607
            ],
            [
              -109.71848133977757,
              30.99322226558069
            ],
            [
              -109.73258490377785,
              31.026125879721487
            ],
            [
              -109.73501064583871,
              31.03142582432956
            ],
            [
              -109.7376908816233,
              31.03660172749071
            ],
            [
              -109.7406192877039,
              31.041641377798186
            ],
            [
              -109.7437889551495,
              31.046532885303925
            ],
            [
              -109.74719240582594,
              31.05126470957027
            ],
            [
              -109.75082161003883,
              31.055825686897084
            ],
            [
              -109.75466800547787,
              31.06020505666008
            ],
            [
              -109.75556339972616,
              31.0611298044045
            ]
          ]
        ]
      },
      "properties": {
        "hail_size_bin": "0.5\"",
        "min_size_inches": 0.5
      }
    },
    {
      "type": "Feature",
      "geometry": {
        "type": "Polygon",
        "coordinates": [
          [
            [
              -110.04776623297228,
              45.767682207802956
            ],
            [
              -110.0468817856177,
              45.76872713328178
            ],
            [
              -109.96884651049812,
              45.85650427461554
            ],
            [
              -109.96784205785241,
              45.857579440830484
            ],
            [
              -109.96639746145777,
              45.85783697127575
            ],
            [
              -109.83929972071162,
              45.87738767609596
            ],
            [
              -109.83788677780974,
              45.877570530245514
            ],
            [
              -109.83674713434527,
              45.87672453508164
            ],
            [
              -109.74905197262355,
              45.80852693237517
            ],
            [
              -109.74797733252244,
              45.80764821292914
            ],
            [
              -109.74934819204108,
              45.80743203706051
            ],
            [
              -110.04640525975401,
              45.76783008707057
            ],
            [
              -110.04776623297228,
              45.767682207802956
            ]
          ]
        ]
      },
      "properties": {
        "hail_size_bin": "0.5\"",
        "min_size_inches": 0.5
      }
    },
    {
      "type": "Feature",
      "geometry": {
        "type": "Polygon",
        "coordinates": [
          [
            [
              -111.1176432591359,
              43.85817051615268
            ],
            [
              -111.11634129088966,
              43.85879962888229
            ],
            [
              -111.00905488535798,
              43.90755920920594
            ],
            [
              -111.00773483705531,
              43.9081204563709
            ],
            [
              -111.00730853625683,
              43.90675206864525
            ],
            [
              -110.98811671965237,
              43.839590307809246
            ],
            [
              -110.9877597115215,
              43.83821538568141
            ],
            [
              -110.98914547332943,
              43.83790308794612
            ],
            [
              -111.08626351211849,
              43.81848225538595
            ],
            [
              -111.08768706722199,
              43.818233610471815
            ],
            [
              -111.08858221078705,
              43.81936809336032
            ],
            [
              -111.11680365842874,
              43.85699131393384
            ],
            [
              -111.1176432591359,
              43.85817051615268
            ]
          ]
        ]
      },
      "properties": {
        "hail_size_bin": "0.5\"",
        "min_size_inches": 0.5
      }
    },
    {
      "type": "Feature",
      "geometry": {
        "type": "Polygon",
        "coordinates": [
          [
            [
              -112.01749462074459,
              54.2452255503046
            ],
            [
              -112.01637565346189,
              54.2460666365474
            ],
            [
              -111.94878626797981,
              54.29433787117292
            ],
            [
              -111.94757357122307,
              54.29515946271319
            ],
            [
              -111.94622347307552,
              54.29459761094199
            ],
            [
              -111.85892547995061,
              54.255804046408294
            ],
            [
              -111.8576854601604,
              54.25521649078933
            ],
            [
              -111.85898969458498,
              54.25479218530796
            ],
            [
              -111.95610939262403,
              54.22566043876384
            ],
            [
              -111.95757814502949,
              54.22526047180814
            ],
            [
              -111.95903191215288,
              54.22570470402897
            ],
            [
              -112.01617778163809,
              54.24475060556994
            ],
            [
              -112.01749462074459,
              54.2452255503046
            ]
          ]
        ]
      },
      "properties": {
        "hail_size_bin": "0.5\"",
        "min_size_inches": 0.5
      }
    },
    {
      "type": "Feature",
      "geometry": {
        "type": "Polygon",
        "coordinates": [
          [
            [
              -112.56743942203451,
              52.97558009649412
            ],
            [
              -112.56645367190846,
              52.97661387852378
            ],
            [
              -112.48853726271918,
              53.05451915520679
            ],
            [
              -112.48748897414681,
              53.055517353097976
            ],
            [
              -112.48605256085327,
              53.055347318154034
            ],
            [
              -112.27898311305543,
              53.02577019497964
            ],
            [
              -112.27765145034549,
              53.025546664693415
            ],
            [
              -112.27887630495516,
              53.02497848820348
            ],
            [
              -112.50617750784548,
              52.92616599835587
            ],
            [
              -112.50749464526783,
              52.92563064076782
            ],
            [
              -112.50860617242648,
              52.9265139403007
            ],
            [
              -112.56636407462736,
              52.97463864854475
            ],
            [
              -112.56743942203451,
              52.97558009649412
            ]
          ]
        ]
      },
      "properties": {
        "hail_size_bin": "0.5\"",
        "min_size_inches": 0.5
      }
    },
    {
      "type": "Feature",
      "geometry": {
        "type": "Polygon",
        "coordinates": [
          [
            [
              -112.56745571286952,
              53.79531175675696
            ],
            [
              -112.56603919975151,
              53.79550412374974
            ],
            [
              -112.38898738612858,
              53.815173736737755
            ],
            [
              -112.3876065129612,
              53.81529274716454
            ],
            [
              -112.38856296548704,
              53.81429057806976
            ],
            [
              -112.44646631166877,
              53.756395504976744
            ],
            [
              -112.44752246429744,
              53.75539010343144
            ],
            [
              -112.44898020579402,
              53.75535432114285
            ],
            [
              -112.56601780251454,
              53.75535432114285
            ],
            [
              -112.56745546748148,
              53.75538961383685
            ],
            [
              -112.567490498,
              53.75682701662796
            ],
            [
              -112.567490498,
              53.79388266457419
            ],
            [
              -112.56745571286952,
              53.79531175675696
            ]
          ]
        ]
      },
      "properties": {
        "hail_size_bin": "0.5\"",
        "min_size_inches": 0.5
      }
    },
    {
      "type": "Feature",
      "geometry": {
        "type": "Polygon",
        "coordinates": [
          [
            [
              -113.1073692117308,
              54.04523346624207
            ],
            [
              -113.10594795175288,
              54.04516680010069
            ],
            [
              -112.99908413575083,
              54.03753476098919
            ],
            [
              -112.9933466558383,
              54.03726281897454
            ],
            [
              -112.98760273560266,
              54.037265740086966
            ],
            [
              -112.98186553525399,
              54.03754351763374
            ],
            [
              -112.97614819960606,
              54.03809551518353
            ],
            [
              -112.97046382795948,
              54.03892046802453
            ],
            [
              -112.96482544408931,
              54.04001648606212
            ],
            [
              -112.95924596640543,
              54.0413810581494
            ],
            [
              -112.9537381783546,
              54.04301105784056
            ],
            [
              -112.94831469913146,
              54.04490275055409
            ],
            [
              -112.94742434873609,
              54.04523741134002
            ],
            [
              -112.94602536521302,
              54.04568634825509
            ],
            [
              -112.77888797658062,
              54.09483738015228
            ],
            [
              -112.77746034167875,
              54.095219020037575
            ],
            [
              -112.77606727554534,
              54.094734787048196
            ],
            [
              -112.69884870974451,
              54.06578196217292
            ],
            [
              -112.6975943622727,
              54.06527625753281
            ],
            [
              -112.69891712856226,
              54.064994803503836
            ],
            [
              -112.8559945083506,
              54.0355470028246
            ],
            [
              -112.85745401060802,
              54.03531048301621
            ],
            [
              -112.8589199053534,
              54.03543771692729
            ],
            [
              -112.9082817805788,
              54.04092158609631
            ],
            [
              -112.91424700346695,
              54.04143401477258
            ],
            [
              -112.92023036041063,
              54.041648273817145
            ],
            [
              -112.926216956812,
              54.041563829866845
            ],
            [
              -112.93219189000912,
              54.0411808931312
            ],
            [
              -112.93814028637372,
              54.04050041686918
            ],
            [
              -112.94404733833667,
              54.03952409501621
            ],
            [
              -112.94989834124904,
              54.03825435796738
            ],
            [
              -112.9556787299869,
              54.036694366527385
            ],
            [
              -112.96137411520888,
              54.034848004042196
            ],
            [
              -112.96697031917614,
              54.03271986673212
            ],
            [
              -112.97245341104544,
              54.03031525225024
            ],
            [
              -112.9778097415478,
              54.02764014649476
            ],
            [
              -112.98302597696618,
              54.024701208708116
            ],
            [
              -112.98808913232747,
              54.02150575489983
            ],
            [
              -113.08620543061272,
              53.95610423512107
            ],
            [
              -113.08739521435832,
              53.95535217683547
            ],
            [
              -113.08773189519306,
              53.95671760953399
            ],
            [
              -113.10709459936125,
              54.04383732905943
            ],
            [
              -113.1073692117308,
              54.04523346624207
            ]
          ]
        ]
      },
      "properties": {
        "hail_size_bin": "0.5\"",
        "min_size_inches": 0.5
      }
    },
    {
      "type": "Feature",
      "geometry": {
        "type": "Polygon",
        "coordinates": [
          [
            [
              -113.85718108613446,
              53.43547841978528
            ],
            [
              -113.85602661594365,
              53.4361565236708
            ],
            [
              -113.73221722967405,
              53.50492968849682
            ],
            [
              -113.72723018076607,
              53.507859325620124
            ],
            [
              -113.72239008961321,
              53.51102586128498
            ],
            [
              -113.71770820049693,
              53.51442193913856
            ],
            [
              -113.71319539017082,
              53.518039669565965
            ],
            [
              -113.70886214259231,
              53.52187064801905
            ],
            [
              -113.70471852456669,
              53.52590597454148
            ],
            [
              -113.70077416236049,
              53.530136274444686
            ],
            [
              -113.69703821933805,
              53.53455172008674
            ],
            [
              -113.69351937467371,
              53.53914205370348
            ],
            [
              -113.69022580318867,
              53.54389661123891
            ],
            [
              -113.68716515635963,
              53.5488043471194
            ],
            [
              -113.68434454454328,
              53.553853859914334
            ],
            [
              -113.68177052045775,
              53.55903341882334
            ],
            [
              -113.67944906395968,
              53.56433099092879
            ],
            [
              -113.67738556815213,
              53.56973426915011
            ],
            [
              -113.67558482685547,
              53.57523070083505
            ],
            [
              -113.67405102347065,
              53.58080751692145
            ],
            [
              -113.67278772126052,
              53.58645176160171
            ],
            [
              -113.67179785507179,
              53.59215032242118
            ],
            [
              -113.67108372451693,
              53.597889960740396
            ],
            [
              -113.667480861798,
              53.63391344024736
            ],
            [
              -113.66729811886098,
              53.63537496364947
            ],
            [
              -113.66611815478221,
              53.63687005053277
            ],
            [
              -113.66481563754849,
              53.638439274551345
            ],
            [
              -113.66127571396868,
              53.64315791751082
            ],
            [
              -113.65797195276622,
              53.648044819622285
            ],
            [
              -113.65491233726219,
              53.65308817200908
            ],
            [
              -113.65422167345162,
              53.65436409825918
            ],
            [
              -113.65497844763463,
              53.648873889774514
            ],
            [
              -113.6554935524993,
              53.64305494383832
            ],
            [
              -113.65572485977337,
              53.637217824533835
            ],
            [
              -113.65567182129935,
              53.63137636480615
            ],
            [
              -113.65533456276906,
              53.625544407886416
            ],
            [
              -113.65471388342586,
              53.6197357744858
            ],
            [
              -113.65381125417049,
              53.61396423004282
            ],
            [
              -113.65262881407541,
              53.60824345210172
            ],
            [
              -113.65116936531545,
              53.60258699789904
            ],
            [
              -113.64943636652725,
              53.59700827223542
            ],
            [
              -113.64743392461281,
              53.591520495708515
            ],
            [
              -113.64516678500696,
              53.58613667338256
            ],
            [
              -113.57794492717284,
              53.43677611040647
            ],
            [
              -113.57739872859287,
              53.43547914805249
            ],
            [
              -113.57880506290194,
              53.43544575885714
            ],
            [
              -113.85584246128427,
              53.43544575885714
            ],
            [
              -113.85718108613446,
              53.43547841978528
            ]
          ]
        ]
      },
      "properties": {
        "hail_size_bin": "0.5\"",
        "min_size_inches": 0.5
      }
    },
    {
      "type": "Feature",
      "geometry": {
        "type": "Polygon",
        "coordinates": [
          [
            [
              -113.6405568068405,
              53.69377666452578
            ],
            [
              -113.63998040660012,
              53.6975393488524
            ],
            [
              -113.63937480812962,
              53.703407048642134
            ],
            [
              -113.6390582941311,
              53.70929741953187
            ],
            [
              -113.63903162943974,
              53.71519622782882
            ],
            [
              -113.63929487848904,
              53.721089219451756
            ],
            [
              -113.63984740515498,
              53.72696215437505
            ],
            [
              -113.64068787429336,
              53.732800841038795
            ],
            [
              -113.64181425496592,
              53.73859117064171
            ],
            [
              -113.64322382534804,
              53.74431915123419
            ],
            [
              -113.64491317930586,
              53.74997094152887
            ],
            [
              -113.64687823462695,
              53.75553288434726
            ],
            [
              -113.64911424288472,
              53.76099153962132
            ],
            [
              -113.65161580091268,
              53.7663337168706
            ],
            [
              -113.65437686386082,
              53.771546507076074
            ],
            [
              -113.65739075980264,
              53.77661731387399
            ],
            [
              -113.66065020585735,
              53.78153388399414
            ],
            [
              -113.6641473257885,
              53.78628433686908
            ],
            [
              -113.66787366903644,
              53.790857193342724
            ],
            [
              -113.67182023113843,
              53.79524140340897
            ],
            [
              -113.67597747548744,
              53.79942637291334
            ],
            [
              -113.68033535637669,
              53.803401989153016
            ],
            [
              -113.68488334327436,
              53.80715864531354
            ],
            [
              -113.68961044627008,
              53.810687263683064
            ],
            [
              -113.69450524263121,
              53.813979317588
            ],
            [
              -113.69955590440514,
              53.81702685199719
            ],
            [
              -113.7047502270008,
              53.81982250274473
            ],
            [
              -113.71007565868018,
              53.82235951432494
            ],
            [
              -113.71551933088885,
              53.82463175621667
            ],
            [
              -113.71593737805365,
              53.82479430688593
            ],
            [
              -113.71727325700549,
              53.82535231198172
            ],
            [
              -113.71649954178847,
              53.826574098441064
            ],
            [
              -113.67814969581266,
              53.88409064840625
            ],
            [
              -113.67731214255576,
              53.8852822998303
            ],
            [
              -113.67585772904648,
              53.885317174571426
            ],
            [
              -113.58878911385376,
              53.885317174571426
            ],
            [
              -113.58736582841294,
              53.88528290734806
            ],
            [
              -113.58682619526407,
              53.88396911300755
            ],
            [
              -113.53788103353952,
              53.756729874753205
            ],
            [
              -113.53740232337577,
              53.7553879418849
            ],
            [
              -113.53921586819591,
              53.755303318589704
            ],
            [
              -113.54129020354668,
              53.75525781058928
            ],
            [
              -113.54711734299212,
              53.754845608316984
            ],
            [
              -113.55291751738349,
              53.75415030848271
            ],
            [
              -113.55867698132863,
              53.75317355882464
            ],
            [
              -113.56438208591197,
              53.75191767406753
            ],
            [
              -113.57001931104003,
              53.75038563043714
            ],
            [
              -113.57557529748172,
              53.74858105860714
            ],
            [
              -113.58103687852733,
              53.74650823509508
            ],
            [
              -113.5863911111913,
              53.74417207212775
            ],
            [
              -113.59162530688486,
              53.7415781060001
            ],
            [
              -113.59672706148571,
              53.73873248395517
            ],
            [
              -113.60168428473362,
              53.73564194961622
            ],
            [
              -113.60648522888225,
              53.73231382700555
            ],
            [
              -113.61111851653916,
              53.7287560031878
            ],
            [
              -113.61557316762834,
              53.72497690957906
            ],
            [
              -113.61983862541095,
              53.72098550196586
            ],
            [
              -113.62390478150299,
              53.71679123928155
            ],
            [
              -113.6277619998304,
              53.71240406119026
            ],
            [
              -113.6314011394648,
              53.707834364531706
            ],
            [
              -113.63481357628594,
              53.70309297868245
            ],
            [
              -113.63799122341935,
              53.69819113989222
            ],
            [
              -113.6405568068405,
              53.69377666452578
            ]
          ]
        ]
      },
      "properties": {
        "hail_size_bin": "0.5\"",
        "min_size_inches": 0.5
      }
    },
    {
      "type": "Feature",
      "geometry": {
        "type": "Polygon",
        "coordinates": [
          [
            [
              -114.05719181189858,
              52.865633788726214
            ],
            [
              -114.05611945028724,
              52.866499388074274
            ],
            [
              -113.92845828083678,
              52.96468625694681
            ],
            [
              -113.92728866377688,
              52.96554118135881
            ],
            [
              -113.92590531332395,
              52.96511650420602
            ],
            [
              -113.86871714512864,
              52.946056505109524
            ],
            [
              -113.8673696082735,
              52.945569924263566
            ],
            [
              -113.86835754646754,
              52.94453312338251
            ],
            [
              -113.95624879944025,
              52.85665442809741
            ],
            [
              -113.95730547707664,
              52.85564861006182
            ],
            [
              -113.95875961156817,
              52.85575824121489
            ],
            [
              -114.05582376800817,
              52.86546327002993
            ],
            [
              -114.05719181189858,
              52.865633788726214
            ]
          ]
        ]
      },
      "properties": {
        "hail_size_bin": "0.5\"",
        "min_size_inches": 0.5
      }
    },
    {
      "type": "Feature",
      "geometry": {
        "type": "Polygon",
        "coordinates": [
          [
            [
              -114.73713639092439,
              52.77564853453475
            ],
            [
              -114.73623850768988,
              52.77788194808779
            ],
            [
              -114.73572976925765,
              52.77906504906755
            ],
            [
              -114.73361556345297,
              52.78475997100795
            ],
            [
              -114.73179226553023,
              52.79055458805973
            ],
            [
              -114.73026454794385,
              52.79643405071103
            ],
            [
              -114.72903632568254,
              52.80238329202137
            ],
            [
              -114.72811074623662,
              52.80838706623273
            ],
            [
              -114.72749018153209,
              52.814429987838984
            ],
            [
              -114.72717622185232,
              52.82049657101333
            ],
            [
              -114.7271696717626,
              52.82657126929293
            ],
            [
              -114.72718186485714,
              52.8270742754068
            ],
            [
              -114.72718186485714,
              52.85415045390094
            ],
            [
              -114.72714734396057,
              52.85556790495668
            ],
            [
              -114.72575965685368,
              52.85527690034914
            ],
            [
              -114.558529809614,
              52.81593432297326
            ],
            [
              -114.55721456584561,
              52.8155932679661
            ],
            [
              -114.55591612563634,
              52.8151929709366
            ],
            [
              -114.28863894839083,
              52.72611330782489
            ],
            [
              -114.28742075035045,
              52.72567386961428
            ],
            [
              -114.28871377749086,
              52.725607835368315
            ],
            [
              -114.6457729231983,
              52.71569094286919
            ],
            [
              -114.64718444286775,
              52.7156851756873
            ],
            [
              -114.64837562479121,
              52.71643960048004
            ],
            [
              -114.73594163572874,
              52.774808600293184
            ],
            [
              -114.73713639092439,
              52.77564853453475
            ]
          ]
        ]
      },
      "properties": {
        "hail_size_bin": "0.5\"",
        "min_size_inches": 0.5
      }
    },
    {
      "type": "Feature",
      "geometry": {
        "type": "Polygon",
        "coordinates": [
          [
            [
              -114.77708667484677,
              53.865370988132476
            ],
            [
              -114.77617501614161,
              53.866413320258914
            ],
            [
              -114.66817152735614,
              53.98421847390701
            ],
            [
              -114.66717638911268,
              53.98525254596469
            ],
            [
              -114.66574460419156,
              53.98515717962833
            ],
            [
              -114.55867774097993,
              53.97542521910472
            ],
            [
              -114.55728250191514,
              53.97526366910706
            ],
            [
              -114.55825108799439,
              53.97424667444588
            ],
            [
              -114.6461607425618,
              53.886349580195244
            ],
            [
              -114.64721116144217,
              53.88534922253909
            ],
            [
              -114.64863646781558,
              53.88509517981691
            ],
            [
              -114.775712577451,
              53.86554780238441
            ],
            [
              -114.77708667484677,
              53.865370988132476
            ]
          ]
        ]
      },
      "properties": {
        "hail_size_bin": "0.5\"",
        "min_size_inches": 0.5
      }
    },
    {
      "type": "Feature",
      "geometry": {
        "type": "Polygon",
        "coordinates": [
          [
            [
              -115.53693527032897,
              54.73510725887379
            ],
            [
              -115.53576617067431,
              54.73576750435331
            ],
            [
              -115.38837110874147,
              54.81436697234602
            ],
            [
              -115.38707936091394,
              54.81501609106445
            ],
            [
              -115.38563429062096,
              54.814988257104496
            ],
            [
              -114.92862161131956,
              54.79512097960685
            ],
            [
              -114.9273295726944,
              54.7950330649524
            ],
            [
              -114.92855479621572,
              54.79461463017437
            ],
            [
              -115.1156678332703,
              54.7355347450794
            ],
            [
              -115.1171359679193,
              54.73511201806237
            ],
            [
              -115.11865541142437,
              54.73507429314285
            ],
            [
              -115.53559288972016,
              54.73507429314285
            ],
            [
              -115.53693527032897,
              54.73510725887379
            ]
          ]
        ]
      },
      "properties": {
        "hail_size_bin": "0.5\"",
        "min_size_inches": 0.5
      }
    },
    {
      "type": "Feature",
      "geometry": {
        "type": "Polygon",
        "coordinates": [
          [
            [
              -115.98692865353449,
              53.04555516765054
            ],
            [
              -115.98568513794498,
              53.04621544996471
            ],
            [
              -115.90831037140019,
              53.08489730567826
            ],
            [
              -115.90699911768347,
              53.08551369288277
            ],
            [
              -115.90556367757712,
              53.08558717957212
            ],
            [
              -115.55852534926365,
              53.09550114369568
            ],
            [
              -115.55732967473715,
              53.09550614505489
            ],
            [
              -115.5584822858152,
              53.09518820808973
            ],
            [
              -115.91562197015972,
              53.0059160438151
            ],
            [
              -115.91700924847063,
              53.00560426373603
            ],
            [
              -115.9182557401975,
              53.00627933206491
            ],
            [
              -115.98572367519075,
              53.04482692940175
            ],
            [
              -115.98692865353449,
              53.04555516765054
            ]
          ]
        ]
      },
      "properties": {
        "hail_size_bin": "0.5\"",
        "min_size_inches": 0.5
      }
    },
    {
      "type": "Feature",
      "geometry": {
        "type": "Polygon",
        "coordinates": [
          [
            [
              -116.74685468517066,
              53.52544591222421
            ],
            [
              -116.74674408711329,
              53.526911314910066
            ],
            [
              -116.73704221794425,
              53.623916144806756
            ],
            [
              -116.73686392059115,
              53.62534208410439
            ],
            [
              -116.73610475594359,
              53.62507973688917
            ],
            [
              -116.73050897865478,
              53.623298019446175
            ],
            [
              -116.72483273422714,
              53.621792200828224
            ],
            [
              -116.71908961696667,
              53.62056588739149
            ],
            [
              -116.71329338133633,
              53.619622016091974
            ],
            [
              -116.70745790901472,
              53.618962847451655
            ],
            [
              -116.70159717565029,
              53.61858996014466
            ],
            [
              -116.69572521739036,
              53.61850424721643
            ],
            [
              -116.68985609726522,
              53.6187059139449
            ],
            [
              -116.68400387150807,
              53.61919447734889
            ],
            [
              -116.67818255589088,
              53.61996876734482
            ],
            [
              -116.67240609215757,
              53.62102692954899
            ],
            [
              -116.66668831463411,
              53.62236642971872
            ],
            [
              -116.6610429170961,
              53.623984059821765
            ],
            [
              -116.65830878657451,
              53.62491447904157
            ],
            [
              -116.65690286298324,
              53.62535428824514
            ],
            [
              -116.65544727269824,
              53.62514836533139
            ],
            [
              -116.47837277666468,
              53.59564016598774
            ],
            [
              -116.47700241413447,
              53.59537736901808
            ],
            [
              -116.47796485317886,
              53.59436714927629
            ],
            [
              -116.59589351390034,
              53.47645533791387
            ],
            [
              -116.59692490693192,
              53.47547257093076
            ],
            [
              -116.59828461303023,
              53.47589091205102
            ],
            [
              -116.74547141155448,
              53.52494616832898
            ],
            [
              -116.74685468517066,
              53.52544591222421
            ]
          ]
        ]
      },
      "properties": {
        "hail_size_bin": "0.5\"",
        "min_size_inches": 0.5
      }
    }
  ]
}