{
  "type": "FeatureCollection",
  "features": [
    {
      "type": "Feature",
      "geometry": {
        "type": "Polygon",
        "coordinates": [
          [
            [
              -116.7068313719687,
              53.825322125139756
            ],
            [
              -116.70550143109782,
              53.825800092599785
            ],
            [
              -116.61830994907855,
              53.85485976737087
            ],
            [
              -116.61690936007957,
              53.855288645146786
            ],
            [
              -116.61547314937806,
              53.855006089984556
            ],
            [
              -116.34839928266094,
              53.795664821572274
            ],
            [
              -116.34714460498442,
              53.79535328974638
            ],
            [
              -116.34842674037313,
              53.795190187349
            ],
            [
              -116.63548421087197,
              53.76549882978744
            ],
            [
              -116.63690107164129,
              53.76538638528349
            ],
            [
              -116.63799653505208,
              53.766283543587
            ],
            [
              -116.7057804267911,
              53.82437572096593
            ],
            [
              -116.7068313719687,
              53.825322125139756
            ]
          ]
        ]
      },
      "properties": {
        "hail_size_bin": "2.0\"",
        "min_size_inches": 2.0
      }
    },
    {
      "type": "Feature",
      "geometry": {
        "type": "Polygon",
        "coordinates": [
          [
            [
              -110.34773352842008,
              29.112389390642942
            ],
            [
              -110.34643749279957,
              29.11291163846406
            ],
            [
              -110.2691844572968,
              29.141877387630696
            ],
            [
              -110.26781711636052,
              29.14235250284024
            ],
            [
              -110.26643580324927,
              29.14192826553688
            ],
            [
              -110.20924978999358,
              29.122868984650957
            ],
            [
              -110.20786422193378,
              29.122368404741472
            ],
            [
              -110.20782770828572,
              29.12089604082052
            ],
            [
              -110.20782770828572,
              29.073897312567077
            ],
            [
              -110.20786400922213,
              29.07243379047333
            ],
            [
              -110.20920930908896,
              29.07185675092432
            ],
            [
              -110.25647177498453,
              29.05295446566437
            ],
            [
              -110.2578167884822,
              29.052453953250183
            ],
            [
              -110.25902930464885,
              29.053220739107484
            ],
            [
              -110.34659006102984,
              29.11158623638345
            ],
            [
              -110.34773352842008,
              29.112389390642942
            ]
          ]
        ]
      },
      "properties": {
        "hail_size_bin": "1.5\"",
        "min_size_inches": 1.5
      }
    },
    {
      "type": "Feature",
      "geometry": {
        "type": "Polygon",
        "coordinates": [
          [
            [
              -117.34677344454497,
              53.765389617385495
            ],
            [
              -117.34680750428572,
              53.76681751605775
            ],
            [
              -117.34680750428572,
              53.82387409228848
            ],
            [
              -117.34677271915524,
              53.825303184471245
            ],
            [
              -117.34535620603724,
              53.82549555146402
            ],
            [
              -117.1683043924143,
              53.84516516445204
            ],
            [
              -117.1668386896713,
              53.845291485907985
            ],
            [
              -117.16534570877829,
              53.84464702403975
            ],
            [
              -117.16307950649603,
              53.84360091516973
            ],
            [
              -117.15767751336816,
              53.84141873681563
            ],
            [
              -117.15217597164103,
              53.83950132430203
            ],
            [
              -117.14658784945411,
              53.83785319732068
            ],
            [
              -117.1409263190328,
              53.83647824080816
            ],
            [
              -117.13520472563918,
              53.835379695788276
            ],
            [
              -117.1294365561147,
              53.83456015173244
            ],
            [
              -117.12363540708927,
              53.8340215404558
            ],
            [
              -117.1178149529315,
              53.833765131563574
            ],
            [
              -117.11198891351576,
              53.8337915294584
            ],
            [
              -117.10617102188186,
              53.834100671915614
            ],
            [
              -117.10037499186382,
              53.834691830229936
            ],
            [
              -117.09461448576381,
              53.83556361093316
            ],
            [
              -117.08890308214768,
              53.836713959078814
            ],
            [
              -117.0832542438377,
              53.83814016308606
            ],
            [
              -117.07768128617829,
              53.83983886113136
            ],
            [
              -117.07219734564933,
              53.84180604907293
            ],
            [
              -117.06681534890102,
              53.8440370898892
            ],
            [
              -117.06154798228347,
              53.84652672460918
            ],
            [
              -117.05640766194259,
              53.849269084708745
            ],
            [
              -117.05140650455299,
              53.85225770594389
            ],
            [
              -117.04709257377614,
              53.85512864972259
            ],
            [
              -117.04683738198537,
              53.85528905378904
            ],
            [
              -117.04534594201397,
              53.85545109794356
            ],
            [
              -116.92686751628571,
              53.86532288942857
            ],
            [
              -116.92687002208451,
              53.865352963311054
            ],
            [
              -116.92394587109976,
              53.865594199051294
            ],
            [
              -116.91826400540221,
              53.86633742440882
            ],
            [
              -116.9126240983759,
              53.86735104685902
            ],
            [
              -116.90703901056833,
              53.868632755062436
            ],
            [
              -116.90152147752403,
              53.87017962636997
            ],
            [
              -116.896084080744,
              53.8719881334873
            ],
            [
              -116.89073921899637,
              53.87405415251814
            ],
            [
              -116.88549908004386,
              53.876372972367825
            ],
            [
              -116.8803756128522,
              53.878939305485915
            ],
            [
              -116.8753805003433,
              53.88174729992329
            ],
            [
              -116.87052513275485,
              53.88479055267619
            ],
            [
              -116.86582058166752,
              53.88806212428687
            ],
            [
              -116.86127757475866,
              53.891554554667415
            ],
            [
              -116.85690647134017,
              53.89525988011087
            ],
            [
              -116.85271723873653,
              53.89916965145068
            ],
            [
              -116.84871942955643,
              53.903274953327085
            ],
            [
              -116.84687697083467,
              53.90525962957152
            ],
            [
              -116.84582934070248,
              53.90426200323912
            ],
            [
              -116.81269903018514,
              53.87113642629965
            ],
            [
              -116.80840770790996,
              53.867052495401104
            ],
            [
              -116.80392006568557,
              53.86318532515409
            ],
            [
              -116.79924704025086,
              53.85954434015824
            ],
            [
              -116.79440002013826,
              53.85613841378183
            ],
            [
              -116.78939081791897,
              53.85297584653672
            ],
            [
              -116.78423164141485,
              53.85006434584932
            ],
            [
              -116.77893506394689,
              53.847411007276975
            ],
            [
              -116.77351399369316,
              53.845022297215564
            ],
            [
              -116.76798164223041,
              53.84290403714036
            ],
            [
              -116.76235149233658,
              53.84106138941863
            ],
            [
              -116.75663726513204,
              53.83949884472854
            ],
            [
              -116.75085288664027,
              53.83822021111505
            ],
            [
              -116.74501245384899,
              53.83722860470935
            ],
            [
              -116.7391302003546,
              53.83652644213466
            ],
            [
              -116.73322046167394,
              53.83611543461668
            ],
            [
              -116.72729764030738,
              53.83599658381323
            ],
            [
              -116.72137617063888,
              53.8361701793731
            ],
            [
              -116.36842660275339,
              53.855245808525154
            ],
            [
              -116.36696157195578,
              53.85528875780224
            ],
            [
              -116.36590007033274,
              53.854278434562964
            ],
            [
              -116.30799064427276,
              53.79637728246038
            ],
            [
              -116.30703252372199,
              53.79537140793758
            ],
            [
              -116.30841602546417,
              53.79524871649658
            ],
            [
              -116.61547470648861,
              53.77544130944949
            ],
            [
              -116.61690492830851,
              53.77538347226139
            ],
            [
              -116.61819990444509,
              53.77599256105985
            ],
            [
              -116.67730770913325,
              53.80554224081453
            ],
            [
              -116.68257668131515,
              53.80801846187584
            ],
            [
              -116.68795955181668,
              53.81023621834625
            ],
            [
              -116.69344365080407,
              53.812190290221736
            ],
            [
              -116.69901607017891,
              53.81387607814109
            ],
            [
              -116.70466369396026,
              53.8152896142116
            ],
            [
              -116.71037322915613,
              53.8164275713484
            ],
            [
              -116.71613123705173,
              53.817287271105535
            ],
            [
              -116.72192416484047,
              53.817866689980306
            ],
            [
              -116.72773837752376,
              53.818164464176064
            ],
            [
              -116.73356019000403,
              53.81817989281219
            ],
            [
              -116.73937589929582,
              53.817912939573816
            ],
            [
              -116.74517181677898,
              53.81736423279728
            ],
            [
              -116.75093430041794,
              53.816535063991196
            ],
            [
              -116.75664978687142,
              53.81542738479659
            ],
            [
              -116.75689870711895,
              53.815372846807996
            ],
            [
              -116.75835330686489,
              53.815128420686825
            ],
            [
              -116.89542773685554,
              53.79554915709671
            ],
            [
              -116.89687510581146,
              53.795378207084816
            ],
            [
              -116.89855969640392,
              53.79526187944667
            ],
            [
              -116.90467427600424,
              53.794682084886624
            ],
            [
              -116.91075118017163,
              53.79379018738085
            ],
            [
              -116.91677448900164,
              53.792588523468254
            ],
            [
              -116.9227284229956,
              53.791080241194976
            ],
            [
              -116.92859738439888,
              53.78926929186731
            ],
            [
              -116.93436599806282,
              53.78716041970032
            ],
            [
              -116.9400191517237,
              53.784759149389224
            ],
            [
              -116.94554203559291,
              53.78207177163614
            ],
            [
              -116.9509201811547,
              53.77910532667009
            ],
            [
              -116.95613949906999,
              53.77586758580344
            ],
            [
              -116.95687660842123,
              53.775383775613044
            ],
            [
              -116.95833904522623,
              53.775184650213376
            ],
            [
              -117.13536831665914,
              53.75551754155527
            ],
            [
              -117.13683048298277,
              53.75539147610533
            ],
            [
              -117.13840634850752,
              53.756479855427564
            ],
            [
              -117.13988321578621,
              53.75755424573918
            ],
            [
              -117.14472718821567,
              53.760732349469926
            ],
            [
              -117.14971890629232,
              53.76367295533672
            ],
            [
              -117.15484673501041,
              53.766369209193215
            ],
            [
              -117.16009872210901,
              53.768814826443865
            ],
            [
              -117.16546262593121,
              53.771004106692445
            ],
            [
              -117.17092594395763,
              53.77293194702891
            ],
            [
              -117.1764759419481,
              53.774593853923555
            ],
            [
              -117.18209968362343,
              53.77598595370081
            ],
            [
              -117.18778406081807,
              53.77710500156827
            ],
            [
              -117.19351582403347,
              53.777948389179834
            ],
            [
              -117.19928161332076,
              53.77851415071539
            ],
            [
              -117.20506798942105,
              53.7788009674629
            ],
            [
              -117.2108614650904,
              53.77880817089211
            ],
            [
              -117.21664853653674,
              53.77853574421284
            ],
            [
              -117.22241571489539,
              53.777984322414056
            ],
            [
              -117.2281495576697,
              53.77715519078386
            ],
            [
              -117.23383670006365,
              53.776050281913626
            ],
            [
              -117.23430768697929,
              53.77593493614231
            ],
            [
              -117.23683019436527,
              53.775384883891725
            ],
            [
              -117.23830578551703,
              53.77521384701502
            ],
            [
              -117.34534747100682,
              53.76548417504818
            ],
            [
              -117.34677344454497,
              53.765389617385495
            ]
          ]
        ]
      },
      "properties": {
        "hail_size_bin": "1.5\"",
        "min_size_inches": 1.5
      }
    },
    {
      "type": "Feature",
      "geometry": {
        "type": "Polygon",
        "coordinates": [
          [
            [
              -95.79983880237451,
              48.05700952606716
            ],
            [
              -95.79933318774498,
              48.058366616929426
            ],
            [
              -95.7804282150507,
              48.10562229592428
            ],
            [
              -95.77986686058725,
              48.10693272708135
            ],
            [
              -95.77844253654497,
              48.106872314562224
            ],
            [
              -95.48141567489536,
              48.0870733530171
            ],
            [
              -95.47995400013518,
              48.086939481026874
            ],
            [
              -95.47926753278492,
              48.08564490899186
            ],
            [
              -95.4504945665009,
              48.028107198446115
            ],
            [
              -95.44996035645795,
              48.026981003530715
            ],
            [
              -95.44947341559308,
              48.02583357860842
            ],
            [
              -95.43048769038639,
              47.978376047176816
            ],
            [
              -95.42998194784181,
              47.97701579095091
            ],
            [
              -95.43172433509872,
              47.975405099564014
            ],
            [
              -95.43591392376939,
              47.9713378360462
            ],
            [
              -95.43990070089487,
              47.967071585478735
            ],
            [
              -95.44248127996157,
              47.96402568473857
            ],
            [
              -95.44471234128906,
              47.96599439296239
            ],
            [
              -95.44926528638871,
              47.969634425188545
            ],
            [
              -95.4539896271349,
              47.973049062534116
            ],
            [
              -95.45887421567672,
              47.97623024760654
            ],
            [
              -95.4639075260325,
              47.979170473881865
            ],
            [
              -95.46907768128727,
              47.98186280341768
            ],
            [
              -95.47437248161823,
              47.98430088322423
            ],
            [
              -95.47977943308223,
              47.98647896025541
            ],
            [
              -95.48528577709729,
              47.98839189498397
            ],
            [
              -95.49087852054849,
              47.99003517352907
            ],
            [
              -95.49654446644743,
              47.99140491830754
            ],
            [
              -95.79843016817098,
              48.05666817647654
            ],
            [
              -95.79983880237451,
              48.05700952606716
            ]
          ]
        ]
      },
      "properties": {
        "hail_size_bin": "1.0\"",
        "min_size_inches": 1.0
      }
    },
    {
      "type": "Feature",
      "geometry": {
        "type": "Polygon",
        "coordinates": [
          [
            [
              -95.42964999979374,
              47.79735796732363
            ],
            [
              -95.42683566007703,
              47.794907327359944
            ],
            [
              -95.42225073955149,
              47.79129155779772
            ],
            [
              -95.40733734043184,
              47.780108106550514
            ],
            [
              -95.40247361369455,
              47.776646442692886
            ],
            [
              -95.39744374585128,
              47.77343095145243
            ],
            [
              -95.39226018545972,
              47.7704695909365
            ],
            [
              -95.38693576145548,
              47.76776969029736
            ],
            [
              -95.38148365140137,
              47.76533793159304
            ],
            [
              -95.37591734887388,
              47.76318033324977
            ],
            [
              -95.37025063006764,
              47.761302235166795
            ],
            [
              -95.36449751970024,
              47.75970828550051
            ],
            [
              -95.3586722563021,
              47.75840242916059
            ],
            [
              -95.35278925697718,
              47.75738789804667
            ],
            [
              -95.34686308172162,
              47.7566672030496
            ],
            [
              -95.34090839738894,
              47.756242127837154
            ],
            [
              -95.33493994139046,
              47.75611372443963
            ],
            [
              -95.32897248522144,
              47.75628231064611
            ],
            [
              -95.3230207979026,
              47.75674746921797
            ],
            [
              -95.31709960942791,
              47.75750804892152
            ],
            [
              -95.19141054712777,
              47.77684206494519
            ],
            [
              -95.18999352341484,
              47.77702502089085
            ],
            [
              -95.1893237106308,
              47.775762967042745
            ],
            [
              -95.17063132666608,
              47.73838354055766
            ],
            [
              -95.17003008380448,
              47.73710414001808
            ],
            [
              -95.17143525656529,
              47.736952964914266
            ],
            [
              -95.28851706464894,
              47.7271975416042
            ],
            [
              -95.28995393347974,
              47.72711265972611
            ],
            [
              -95.29023188267969,
              47.727222139329974
            ],
            [
              -95.29516155603211,
              47.7292987478735
            ],
            [
              -95.30075002732495,
              47.731333139112
            ],
            [
              -95.30643242960619,
              47.7330881500568
            ],
            [
              -95.3121948055703,
              47.734559469991616
            ],
            [
              -95.3180230014777,
              47.735743485011476
            ],
            [
              -95.32390270191968,
              47.73663728689929
            ],
            [
              -95.32981946498043,
              47.73723868026913
            ],
            [
              -95.33575875770963,
              47.73754618795859
            ],
            [
              -95.34170599181888,
              47.737559054657055
            ],
            [
              -95.3476465595139,
              47.737277248760904
            ],
            [
              -95.34995270764509,
              47.73711049032232
            ],
            [
              -95.35139280618637,
              47.737362815179495
            ],
            [
              -95.44847597746191,
              47.75677667523332
            ],
            [
              -95.44988367934268,
              47.75709470955418
            ],
            [
              -95.4492704363071,
              47.75840111813997
            ],
            [
              -95.43059204766843,
              47.79575255797224
            ],
            [
              -95.42990863847496,
              47.797039958098175
            ],
            [
              -95.42964999979374,
              47.79735796732363
            ]
          ]
        ]
      },
      "properties": {
        "hail_size_bin": "1.0\"",
        "min_size_inches": 1.0
      }
    },
    {
      "type": "Feature",
      "geometry": {
        "type": "Polygon",
        "coordinates": [
          [
            [
              -99.0093663361405,
              46.037542585861665
            ],
            [
              -99.00801278854983,
              46.03796455243711
            ],
            [
              -98.94084553880187,
              46.05715245331007
            ],
            [
              -98.93944394751045,
              46.057516116205065
            ],
            [
              -98.93822987795816,
              46.056728028709905
            ],
            [
              -98.75067335690241,
              45.92841821793652
            ],
            [
              -98.74953644777301,
              45.92759902725772
            ],
            [
              -98.75081645021433,
              45.9270287383074
            ],
            [
              -98.86806704255461,
              45.87818130503158
            ],
            [
              -98.86943807846907,
              45.87764983403749
            ],
            [
              -98.87043326163197,
              45.878731790376094
            ],
            [
              -99.0084587261081,
              46.03645264035877
            ],
            [
              -99.0093663361405,
              46.037542585861665
            ]
          ]
        ]
      },
      "properties": {
        "hail_size_bin": "1.0\"",
        "min_size_inches": 1.0
      }
    },
    {
      "type": "Feature",
      "geometry": {
        "type": "Polygon",
        "coordinates": [
          [
            [
              -100.57913181020118,
              44.33801549901415
            ],
            [
              -100.57774147338662,
              44.338112474102985
            ],
            [
              -100.43710576385554,
              44.344504093005
            ],
            [
              -100.43110836063806,
              44.34492743569868
            ],
            [
              -100.42513968897056,
              44.34565063893064
            ],
            [
              -100.41921473190355,
              44.34667188725665
            ],
            [
              -100.41334836275159,
              44.34798861705515
            ],
            [
              -100.40755530775705,
              44.34959752296271
            ],
            [
              -100.40185010912302,
              44.3514945661714
            ],
            [
              -100.39624708850839,
              44.353674984567306
            ],
            [
              -100.39076031107632,
              44.356133304684846
            ],
            [
              -100.38540355018684,
              44.35886335544666
            ],
            [
              -100.38019025282169,
              44.36185828365479
            ],
            [
              -100.37513350582873,
              44.36511057119411
            ],
            [
              -100.37024600307016,
              44.36861205390494
            ],
            [
              -100.3655400135574,
              44.37235394207739
            ],
            [
              -100.3610273506524,
              44.376326842516
            ],
            [
              -100.35921164959406,
              44.37800795496927
            ],
            [
              -100.35797439141767,
              44.37876991640577
            ],
            [
              -100.240558225234,
              44.44725289393411
            ],
            [
              -100.23924074400983,
              44.447977462244886
            ],
            [
              -100.23714217423077,
              44.448187341374954
            ],
            [
              -100.23115767434193,
              44.44893818570988
            ],
            [
              -100.22521846050859,
              44.44998877848378
            ],
            [
              -100.21933953667221,
              44.451336465636224
            ],
            [
              -100.21353575446665,
              44.452977842571975
            ],
            [
              -100.20782177569916,
              44.45490876276184
            ],
            [
              -100.20221203531106,
              44.45712434821786
            ],
            [
              -100.1967207049114,
              44.45961900181635
            ],
            [
              -100.19136165697591,
              44.462386421437586
            ],
            [
              -100.18614842980175,
              44.46541961588657
            ],
            [
              -100.18109419330627,
              44.46871092255453
            ],
            [
              -100.17621171575658,
              44.4722520267766
            ],
            [
              -100.17151333151367,
              44.47603398283673
            ],
            [
              -100.1692183050122,
              44.477978400888674
            ],
            [
              -100.16781360084885,
              44.47827425060241
            ],
            [
              -99.63079273328155,
              44.577708350479654
            ],
            [
              -99.62941458410343,
              44.577928568767895
            ],
            [
              -99.63018709569883,
              44.576766675650184
            ],
            [
              -99.69845801096048,
              44.47925073153592
            ],
            [
              -99.69935400066596,
              44.47803751437791
            ],
            [
              -99.70080127842496,
              44.47762867357791
            ],
            [
              -100.08782447661271,
              44.37840613479373
            ],
            [
              -100.08927287941547,
              44.37807305378498
            ],
            [
              -100.08993214277692,
              44.378293500048834
            ],
            [
              -100.09425694223248,
              44.37985887084848
            ],
            [
              -100.10001493887525,
              44.38162172152076
            ],
            [
              -100.10585412065429,
              44.383093497312885
            ],
            [
              -100.11175978330641,
              44.38427049199007
            ],
            [
              -100.11771705515594,
              44.38514974163716
            ],
            [
              -100.12371093456453,
              44.385729032122306
            ],
            [
              -100.12972632770851,
              44.38600690467269
            ],
            [
              -100.13574808658818,
              44.38598265954796
            ],
            [
              -100.14176104717359,
              44.38565635780234
            ],
            [
              -100.14775006759072,
              44.38502882113087
            ],
            [
              -100.15370006625184,
              44.38410162980022
            ],
            [
              -100.15959605983402,
              44.382877118669256
            ],
            [
              -100.16542320101026,
              44.38135837130939
            ],
            [
              -100.1711668158381,
              44.37954921223947
            ],
            [
              -100.17681244071167,
              44.37745419729491
            ],
            [
              -100.18234585878396,
              44.375078602155114
            ],
            [
              -100.18775313576784,
              44.37242840905826
            ],
            [
              -100.1930206550254,
              44.369510291736766
            ],
            [
              -100.19813515185756,
              44.366331598611474
            ],
            [
              -100.20308374690718,
              44.36290033428679
            ],
            [
              -100.20785397859203,
              44.35922513939348
            ],
            [
              -100.20926785255776,
              44.358078163337034
            ],
            [
              -100.21072381130345,
              44.35823590883178
            ],
            [
              -100.27694765559023,
              44.36706449314987
            ],
            [
              -100.28289012809195,
              44.36770653765638
            ],
            [
              -100.28885719875255,
              44.36805189010441
            ],
            [
              -100.29483406376674,
              44.3680996937033
            ],
            [
              -100.30080589503027,
              44.367849829856304
            ],
            [
              -100.30675787692715,
              44.367302918454804
            ],
            [
              -100.31267524308608,
              44.366460316340444
            ],
            [
              -100.31854331301449,
              44.36532411393889
            ],
            [
              -100.32434752851965,
              44.36389713007365
            ],
            [
              -100.33007348982635,
              44.36218290497285
            ],
            [
              -100.33570699130149,
              44.360185691486166
            ],
            [
              -100.34123405669719,
              44.35791044453392
            ],
            [
              -100.34664097382453,
              44.355362808814284
            ],
            [
              -100.3519143285725,
              44.35254910479927
            ],
            [
              -100.35704103818719,
              44.34947631305419
            ],
            [
              -100.36049606903539,
              44.34728670764591
            ],
            [
              -100.50793446449326,
              44.258836309753924
            ],
            [
              -100.50920755719397,
              44.25811498168976
            ],
            [
              -100.510196120178,
              44.25919148411185
            ],
            [
              -100.57823974433919,
              44.33694451525966
            ],
            [
              -100.57913181020118,
              44.33801549901415
            ]
          ]
        ]
      },
      "properties": {
        "hail_size_bin": "1.0\"",
        "min_size_inches": 1.0
      }
    },
    {
      "type": "Feature",
      "geometry": {
        "type": "Polygon",
        "coordinates": [
          [
            [
              -115.72696447153467,
              54.73509956517639
            ],
            [
              -115.72599057306965,
              54.73612254942236
            ],
            [
              -115.69808672946617,
              54.7640224061928
            ],
            [
              -115.69702559525012,
              54.76503244836891
            ],
            [
              -115.69556936021307,
              54.76513589680538
            ],
            [
              -115.48854407510005,
              54.774992835179
            ],
            [
              -115.48719099826923,
              54.775024010696086
            ],
            [
              -115.48829849429185,
              54.7742461650814
            ],
            [
              -115.57586136799047,
              54.71587925646204
            ],
            [
              -115.57707029723966,
              54.715114699084374
            ],
            [
              -115.57848878310048,
              54.71527043026911
            ],
            [
              -115.72556941650399,
              54.734878379453335
            ],
            [
              -115.72696447153467,
              54.73509956517639
            ]
          ]
        ]
      },
      "properties": {
        "hail_size_bin": "1.0\"",
        "min_size_inches": 1.0
      }
    },
    {
      "type": "Feature",
      "geometry": {
        "type": "Polygon",
        "coordinates": [
          [
            [
              -117.39674723684944,
              53.73539600855675
            ],
            [
              -117.39620255490729,
              53.736704905279495
            ],
            [
              -117.35740341474391,
              53.82399049771273
            ],
            [
              -117.35678081435834,
              53.82530347797405
            ],
            [
              -117.3553572149576,
              53.825586258875255
            ],
            [
              -117.12827615531694,
              53.865072974501935
            ],
            [
              -117.12685014827319,
              53.86528536651493
            ],
            [
              -117.1256562549883,
              53.86411255323177
            ],
            [
              -117.12136587699743,
              53.86010340291559
            ],
            [
              -117.116884512577,
              53.85630893292711
            ],
            [
              -117.11222289230106,
              53.85273822907979
            ],
            [
              -117.10739217836421,
              53.84939984138175
            ],
            [
              -117.10240393785377,
              53.84630176356279
            ],
            [
              -117.09727011505261,
              53.843451413933614
            ],
            [
              -117.09200300283868,
              53.840855617622644
            ],
            [
              -117.08661521324981,
              53.838520590233436
            ],
            [
              -117.08111964728441,
              53.83645192296144
            ],
            [
              -117.07552946401015,
              53.834654569205945
            ],
            [
              -117.0698580490547,
              53.833132832709246
            ],
            [
              -117.06411898255406,
              53.83189035725138
            ],
            [
              -117.05832600663503,
              53.83093011792512
            ],
            [
              -117.05249299250987,
              53.83025441401217
            ],
            [
              -117.04663390726188,
              53.829864863477546
            ],
            [
              -117.04076278040134,
              53.829762399095394
            ],
            [
              -117.034893670272,
              53.82994726621547
            ],
            [
              -117.02904063038864,
              53.83041902217564
            ],
            [
              -117.02321767578596,
              53.83117653736184
            ],
            [
              -117.01743874945983,
              53.83221799791293
            ],
            [
              -117.01171768898095,
              53.83354091006393
            ],
            [
              -117.00606819336093,
              53.835142106117374
            ],
            [
              -117.00050379025015,
              53.837017752028245
            ],
            [
              -116.995037803546,
              53.83916335658462
            ],
            [
              -116.98968332148895,
              53.841573782161774
            ],
            [
              -116.85822164377184,
              53.904666371662714
            ],
            [
              -116.85687083863291,
              53.90527384919469
            ],
            [
              -116.85540309878836,
              53.9050903283889
            ],
            [
              -116.2584169714832,
              53.81555520368113
            ],
            [
              -116.25706788751923,
              53.81531894467283
            ],
            [
              -116.25825756666585,
              53.8146403362515
            ],
            [
              -116.38566539001721,
              53.74604592568005
            ],
            [
              -116.38693678649564,
              53.745400630914844
            ],
            [
              -116.38789029242342,
              53.746460241773256
            ],
            [
              -116.3899570756059,
              53.7488711443064
            ],
            [
              -116.3938492780539,
              53.75319473953405
            ],
            [
              -116.39794644767684,
              53.75732462048507
            ],
            [
              -116.40223895535347,
              53.761251081160395
            ],
            [
              -116.40671671288123,
              53.764964893636986
            ],
            [
              -116.41136919668554,
              53.768457329755144
            ],
            [
              -116.41618547255206,
              53.771720181631395
            ],
            [
              -116.42115422132424,
              53.7747457809485
            ],
            [
              -116.42626376550545,
              53.7775270169775
            ],
            [
              -116.4315020967033,
              53.78005735328923
            ],
            [
              -116.4368569038516,
              53.782330843116185
            ],
            [
              -116.44231560214375,
              53.784342143328516
            ],
            [
              -116.44786536260932,
              53.78608652699145
            ],
            [
              -116.45349314226465,
              53.7875598944744
            ],
            [
              -116.45918571476625,
              53.78875878308593
            ],
            [
              -116.4649297014952,
              53.78968037521173
            ],
            [
              -116.47071160299949,
              53.79032250493649
            ],
            [
              -116.47651783072021,
              53.790683663134274
            ],
            [
              -116.48233473892728,
              53.79076300101521
            ],
            [
              -116.48814865678943,
              53.79056033212031
            ],
            [
              -116.49394592050328,
              53.790076132759694
            ],
            [
              -116.49971290540584,
              53.78931154089317
            ],
            [
              -116.50543605799506,
              53.78826835345583
            ],
            [
              -116.51110192778303,
              53.78694902213486
            ],
            [
              -116.51669719890728,
              53.78535664760768
            ],
            [
              -116.52220872142551,
              53.783494972254715
            ],
            [
              -116.52762354222041,
              53.781368371364124
            ],
            [
              -116.63557235650835,
              53.73592273312204
            ],
            [
              -116.63691245409588,
              53.73539631465592
            ],
            [
              -116.63830338299505,
              53.73575838760555
            ],
            [
              -116.8189630453231,
              53.787368059067454
            ],
            [
              -116.82462805153847,
              53.788837970982705
            ],
            [
              -116.8303579888913,
              53.79002992500516
            ],
            [
              -116.83613922771626,
              53.7909410858622
            ],
            [
              -116.84195801631853,
              53.79156928619726
            ],
            [
              -116.84780051368446,
              53.79191303172517
            ],
            [
              -116.85365282240494,
              53.79197150478665
            ],
            [
              -116.85950102173285,
              53.79174456629323
            ],
            [
              -116.86533120069598,
              53.79123275605808
            ],
            [
              -116.8711294911867,
              53.790437291512
            ],
            [
              -116.87688210094974,
              53.78936006480753
            ],
            [
              -116.88257534638953,
              53.78800363831813
            ],
            [
              -116.88819568511896,
              53.78637123854313
            ],
            [
              -116.89372974817235,
              53.78446674843293
            ],
            [
              -116.89916437180597,
              53.782294698152725
            ],
            [
              -116.90448662881022,
              53.77986025430669
            ],
            [
              -116.90968385925935,
              53.77716920764833
            ],
            [
              -116.91474370062527,
              53.774227959306124
            ],
            [
              -116.91965411718404,
              53.771043505557344
            ],
            [
              -116.92440342864495,
              53.767623421186144
            ],
            [
              -116.9289803379341,
              53.76397584146562
            ],
            [
              -116.93337395806661,
              53.76010944280664
            ],
            [
              -116.93757383804304,
              53.75603342211945
            ],
            [
              -116.9415699877091,
              53.75175747493722
            ],
            [
              -116.94535290151893,
              53.747291772353506
            ],
            [
              -116.94688329261707,
              53.74539315329986
            ],
            [
              -116.9483560682837,
              53.74532404086869
            ],
            [
              -117.39532897443218,
              53.73539272878533
            ],
            [
              -117.39674723684944,
              53.73539600855675
            ]
          ]
        ]
      },
      "properties": {
        "hail_size_bin": "1.0\"",
        "min_size_inches": 1.0
      }
    },
    {
      "type": "Feature",
      "geometry": {
        "type": "Polygon",
        "coordinates": [
          [
            [
              -80.19207109016209,
              22.304352167053505
            ],
            [
              -80.19127366849779,
              22.305524479213762
            ],
            [
              -80.14296843493607,
              22.373142143772828
            ],
            [
              -80.14211220443504,
              22.374281366275714
            ],
            [
              -80.14078947088774,
              22.37375180938056
            ],
            [
              -80.07349157397495,
              22.344913974429
            ],
            [
              -80.07219830224324,
              22.34432171393954
            ],
            [
              -80.07324564876012,
              22.343360056239675
            ],
            [
              -80.15102435163554,
              22.2753134149509
            ],
            [
              -80.15212552384514,
              22.274396338412572
            ],
            [
              -80.15329056338841,
              22.275228021483024
            ],
            [
              -80.19095626049578,
              22.30347325812643
            ],
            [
              -80.19207109016209,
              22.304352167053505
            ]
          ]
        ]
      },
      "properties": {
        "hail_size_bin": "0.5\"",
        "min_size_inches": 0.5
      }
    },
    {
      "type": "Feature",
      "geometry": {
        "type": "Polygon",
        "coordinates": [
          [
            [
              -82.12180394272143,
              27.562918532682463
            ],
            [
              -82.12176005197979,
              27.564304263235393
            ],
            [
              -82.11192501580213,
              27.741309620726042
            ],
            [
              -82.11180771525731,
              27.74276898583552
            ],
            [
              -82.11149523666202,
              27.742960428333223
            ],
            [
              -82.10647162028317,
              27.746230309658895
            ],
            [
              -82.1016175524768,
              27.749746965902656
            ],
            [
              -82.09694514442702,
              27.753501622800723
            ],
            [
              -82.09246605406626,
              27.75748491226371
            ],
            [
              -82.08819145698793,
              27.761686895750547
            ],
            [
              -82.08413201856268,
              27.76609708906574
            ],
            [
              -82.08029786732772,
              27.770704488518057
            ],
            [
              -82.07669856971548,
              27.775497598375367
            ],
            [
              -82.0733431061848,
              27.780464459547176
            ],
            [
              -82.07023984881418,
              27.785592679423267
            ],
            [
              -82.03258569512111,
              27.851478033502467
            ],
            [
              -82.03185216737756,
              27.852691330838905
            ],
            [
              -82.03107284371985,
              27.851507882807905
            ],
            [
              -81.98263578419224,
              27.774019660473783
            ],
            [
              -81.98191034443364,
              27.772793691251966
            ],
            [
              -81.98395810964266,
              27.771681032172122
            ],
            [
              -81.9890765405215,
              27.768732052917514
            ],
            [
              -81.99404364575233,
              27.76553476047993
            ],
            [
              -81.99884738879281,
              27.76209690270122
            ],
            [
              -82.00347612896819,
              27.75842681037343
            ],
            [
              -82.00791864967952,
              27.754533377051178
            ],
            [
              -82.01216418558444,
              27.75042603750036
            ],
            [
              -82.01620244868411,
              27.746114744835346
            ],
            [
              -82.02002365325376,
              27.74160994640006
            ],
            [
              -82.02361853955587,
              27.73692255845148
            ],
            [
              -82.02697839627888,
              27.732063939706777
            ],
            [
              -82.0300950816469,
              27.72704586381832
            ],
            [
              -82.03296104314924,
              27.721880490843134
            ],
            [
              -82.03556933584203,
              27.716580337776062
            ],
            [
              -82.03791363917757,
              27.71115824821792
            ],
            [
              -82.03998827232067,
              27.705627361252237
            ],
            [
              -82.04178820791462,
              27.700001079605965
            ],
            [
              -82.04330908426385,
              27.6942930371713
            ],
            [
              -82.04454721590335,
              27.688517065967346
            ],
            [
              -82.04549960252946,
              27.682687162621665
            ],
            [
              -82.0461639362704,
              27.67681745445292
            ],
            [
              -82.04653860727885,
              27.670922165236856
            ],
            [
              -82.04662270763292,
              27.665015580738515
            ],
            [
              -82.04641603353635,
              27.65911201409424
            ],
            [
              -82.04591908581234,
              27.653225771127357
            ],
            [
              -82.04513306868992,
              27.64737111568157
            ],
            [
              -82.04405988688582,
              27.641562235056103
            ],
            [
              -82.04270214098881,
              27.6358132056263
            ],
            [
              -82.04191448278696,
              27.63281049344819
            ],
            [
              -82.04295752156095,
              27.631854287744247
            ],
            [
              -82.12073822045387,
              27.563805900189706
            ],
            [
              -82.12180394272143,
              27.562918532682463
            ]
          ]
        ]
      },
      "properties": {
        "hail_size_bin": "0.5\"",
        "min_size_inches": 0.5
      }
    },
    {
      "type": "Feature",
      "geometry": {
        "type": "Polygon",
        "coordinates": [
          [
            [
              -82.58161496091284,
              22.814188166638925
            ],
            [
              -82.5803173432116,
              22.814392474438346
            ],
            [
              -82.13331262028436,
              22.87398458856954
            ],
            [
              -82.13197330535293,
              22.874129490984277
            ],
            [
              -82.13306616247507,
              22.873342042962022
            ],
            [
              -82.3206256921016,
              22.74503017398695
            ],
            [
              -82.32181908833863,
              22.744255081197146
            ],
            [
              -82.32320165554562,
              22.74459193625436
            ],
            [
              -82.58035501369726,
              22.81381564075261
            ],
            [
              -82.58161496091284,
              22.814188166638925
            ]
          ]
        ]
      },
      "properties": {
        "hail_size_bin": "0.5\"",
        "min_size_inches": 0.5
      }
    },
    {
      "type": "Feature",
      "geometry": {
        "type": "Polygon",
        "coordinates": [
          [
            [
              -83.15024008709248,
              22.6857293345469
            ],
            [
              -83.14914524366134,
              22.686837255439013
            ],
            [
              -83.14526281660235,
              22.691166886240474
            ],
            [
              -83.14159470827893,
              22.695679526717296
            ],
            [
              -83.13814953338174,
              22.700364578763235
            ],
            [
              -83.13493538303388,
              22.70521103935698
            ],
            [
              -83.13195980578858,
              22.710207526403156
            ],
            [
              -83.12922978990115,
              22.71534230546362
            ],
            [
              -83.1267517469168,
              22.720603317316208
            ],
            [
              -83.12453149661287,
              22.7259782062763
            ],
            [
              -83.12257425333091,
              22.731454349214587
            ],
            [
              -83.12167197507388,
              22.734185932558436
            ],
            [
              -83.12022574214107,
              22.734220922000006
            ],
            [
              -82.96322470824987,
              22.734220922000006
            ],
            [
              -82.96174543380259,
              22.73418385137638
            ],
            [
              -82.96111069709401,
              22.73284716276894
            ],
            [
              -82.92232563560141,
              22.64559324281905
            ],
            [
              -82.92178502463592,
              22.644291843937943
            ],
            [
              -82.92317891992644,
              22.644499100258816
            ],
            [
              -83.15023135825433,
              22.68398083897707
            ],
            [
              -83.15162210541622,
              22.68425828893984
            ],
            [
              -83.15024008709248,
              22.6857293345469
            ]
          ]
        ]
      },
      "properties": {
        "hail_size_bin": "0.5\"",
        "min_size_inches": 0.5
      }
    },
    {
      "type": "Feature",
      "geometry": {
        "type": "Polygon",
        "coordinates": [
          [
            [
              -91.22048899076044,
              52.245767535283576
            ],
            [
              -91.21913322243046,
              52.246255020995235
            ],
            [
              -91.13194341893703,
              52.27531413633765
            ],
            [
              -91.13056022093963,
              52.27573791963591
            ],
            [
              -91.130282500297,
              52.27551218910068
            ],
            [
              -91.12562034722396,
              52.271934365073065
            ],
            [
              -91.1207886202142,
              52.26858908329835
            ],
            [
              -91.11579890752611,
              52.265484366992574
            ],
            [
              -91.11066317632584,
              52.26262766240728
            ],
            [
              -91.10539374398563,
              52.26002582097071
            ],
            [
              -91.10000324854224,
              52.257685082855545
            ],
            [
              -91.09450461838625,
              52.255611062012655
            ],
            [
              -91.08891104125507,
              52.253808732706815
            ],
            [
              -91.0832359326039,
              52.25228241758656
            ],
            [
              -91.07749290343044,
              52.251035777316886
            ],
            [
              -91.07169572763087,
              52.25007180179967
            ],
            [
              -91.0658583089648,
              52.24939280300273
            ],
            [
              -91.05999464770913,
              52.2490004094149
            ],
            [
              -91.05411880708007,
              52.24889556214031
            ],
            [
              -91.04824487950448,
              52.249078512641304
            ],
            [
              -91.04238695282102,
              52.24954882213528
            ],
            [
              -91.03655907649228,
              52.250305362647104
            ],
            [
              -91.0307752279091,
              52.25134631971439
            ],
            [
              -91.02504927886757,
              52.25266919673925
            ],
            [
              -91.0193949622994,
              52.25427082097604
            ],
            [
              -91.01382583933524,
              52.2561473511408
            ],
            [
              -91.00835526678021,
              52.258294286624036
            ],
            [
              -90.99189782024511,
              52.265222747733645
            ],
            [
              -90.99057136317903,
              52.26574416086999
            ],
            [
              -90.98925977007302,
              52.265200365997934
            ],
            [
              -90.65196223628136,
              52.116413891787474
            ],
            [
              -90.65071281858711,
              52.11582593142155
            ],
            [
              -90.65200553694365,
              52.11534197021496
            ],
            [
              -90.87918836890692,
              52.0363331449506
            ],
            [
              -90.8805921200397,
              52.035883536958536
            ],
            [
              -90.8820239506331,
              52.03622540206591
            ],
            [
              -91.21912805185438,
              52.12544609116869
            ],
            [
              -91.22048804181355,
              52.12584172519372
            ],
            [
              -91.22000857884446,
              52.12668878230311
            ],
            [
              -91.21725728775095,
              52.131838787775706
            ],
            [
              -91.21475976355258,
              52.137116527057586
            ],
            [
              -91.21252191916547,
              52.1425095050427
            ],
            [
              -91.21054905271092,
              52.14800495379612
            ],
            [
              -91.20884583497204,
              52.15358986278221
            ],
            [
              -91.20741629833566,
              52.159251009667265
            ],
            [
              -91.20626382724554,
              52.1649749916235
            ],
            [
              -91.20539115018973,
              52.170748257060424
            ],
            [
              -91.20480033324077,
              52.17655713770834
            ],
            [
              -91.20449277516434,
              52.18238788097816
            ],
            [
              -91.20446920410758,
              52.18822668252079
            ],
            [
              -91.20472967587523,
              52.19405971890909
            ],
            [
              -91.20527357379747,
              52.199873180364975
            ],
            [
              -91.20609961019001,
              52.20565330345425
            ],
            [
              -91.20720582940253,
              52.21138640367165
            ],
            [
              -91.20858961244883,
              52.217058907839096
            ],
            [
              -91.21024768320729,
              52.222657386240314
            ],
            [
              -91.21217611617706,
              52.22816858441585
            ],
            [
              -91.21437034577177,
              52.233579454543154
            ],
            [
              -91.21682517712864,
              52.23887718632744
            ],
            [
              -91.21953479840731,
              52.2440492373302
            ],
            [
              -91.22048899076044,
              52.245767535283576
            ]
          ]
        ]
      },
      "properties": {
        "hail_size_bin": "0.5\"",
        "min_size_inches": 0.5
      }
    },
    {
      "type": "Feature",
      "geometry": {
        "type": "Polygon",
        "coordinates": [
          [
            [
              -92.04018354684648,
              51.81685480642731
            ],
            [
              -92.03930755561119,
              51.82047678940812
            ],
            [
              -92.03822798258547,
              51.82610405887525
            ],
            [
              -92.03741826063016,
              51.831776447254825
            ],
            [
              -92.03688023589108,
              51.83748102164331
            ],
            [
              -92.03661513505112,
              51.84320477575388
            ],
            [
              -92.0366235625336,
              51.84893465957043
            ],
            [
              -92.03690549912406,
              51.854657609101274
            ],
            [
              -92.03746030201413,
              51.86036057616472
            ],
            [
              -92.0382867062671,
              51.86603055813862
            ],
            [
              -92.03938282770196,
              51.87165462760598
            ],
            [
              -92.04010954786692,
              51.874621196565755
            ],
            [
              -92.04038529072177,
              51.875882097201355
            ],
            [
              -92.03938823180474,
              51.87692707964415
            ],
            [
              -92.00148175494486,
              51.914828140519155
            ],
            [
              -92.00042129943246,
              51.915837125504225
            ],
            [
              -91.99906213692105,
              51.91529409164263
            ],
            [
              -91.86180346680591,
              51.85647735210054
            ],
            [
              -91.86046551783973,
              51.85586473368815
            ],
            [
              -91.85941635460074,
              51.85510592439785
            ],
            [
              -91.85453804011942,
              51.851760538710515
            ],
            [
              -91.84950079733758,
              51.848659612601686
            ],
            [
              -91.84431686590078,
              51.84581068079585
            ],
            [
              -91.83899884188318,
              51.843220665714085
            ],
            [
              -91.8335596471811,
              51.84089586065373
            ],
            [
              -91.82801249811514,
              51.838841914496776
            ],
            [
              -91.82237087331666,
              51.837063817984
            ],
            [
              -91.81664848097701,
              51.83556589158835
            ],
            [
              -91.810859225539,
              51.83435177501689
            ],
            [
              -91.80501717391141,
              51.83342441836697
            ],
            [
              -91.79913652128879,
              51.83278607495794
            ],
            [
              -91.7932315566596,
              51.83243829585603
            ],
            [
              -91.78731662808634,
              51.832381926105455
            ],
            [
              -91.78140610784217,
              51.832617102675165
            ],
            [
              -91.7317785093872,
              51.83581842575806
            ],
            [
              -91.73046764284507,
              51.835874217458105
            ],
            [
              -91.72916326825913,
              51.83575797169791
            ],
            [
              -91.64196451466596,
              51.82607060560367
            ],
            [
              -91.64050308122985,
              51.82587133665631
            ],
            [
              -91.63913657698957,
              51.82358967032863
            ],
            [
              -91.63901326436687,
              51.82337134602121
            ],
            [
              -91.63593039951773,
              51.81847952137149
            ],
            [
              -91.63261546883508,
              51.81374188075081
            ],
            [
              -91.62907616894432,
              51.80916942404081
            ],
            [
              -91.62532071741259,
              51.80477276759819
            ],
            [
              -91.62135783366921,
              51.800562119605544
            ],
            [
              -91.61719671876078,
              51.79654725636997
            ],
            [
              -91.61284703398819,
              51.792737499624366
            ],
            [
              -91.60831887847495,
              51.789141694884194
            ],
            [
              -91.60362276571895,
              51.78576819090989
            ],
            [
              -91.59876959918223,
              51.782624820322695
            ],
            [
              -91.5937706469752,
              51.77971888141877
            ],
            [
              -91.58863751569426,
              51.777057121224054
            ],
            [
              -91.5833821234736,
              51.77464571982889
            ],
            [
              -91.57801667231357,
              51.77249027603912
            ],
            [
              -91.57255361974998,
              51.77059579437673
            ],
            [
              -91.56700564993021,
              51.7689666734603
            ],
            [
              -91.56138564416294,
              51.76760669579228
            ],
            [
              -91.5557066510104,
              51.76651901897678
            ],
            [
              -91.54998185599204,
              51.76570616838816
            ],
            [
              -91.54422455097038,
              51.76517003130767
            ],
            [
              -91.53844810328982,
              51.764911852541516
            ],
            [
              -91.53266592474031,
              51.764932231530665
            ],
            [
              -91.52689144041778,
              51.76523112095906
            ],
            [
              -91.52113805755364,
              51.76580782686348
            ],
            [
              -91.52050291503336,
              51.76588698997874
            ],
            [
              -91.5191803746299,
              51.765314789722986
            ],
            [
              -91.39185441022468,
              51.70655735631575
            ],
            [
              -91.38994348420103,
              51.705617946028916
            ],
            [
              -91.38462798317211,
              51.70316399138915
            ],
            [
              -91.37919911950016,
              51.70097221498771
            ],
            [
              -91.37366981555634,
              51.69904783392893
            ],
            [
              -91.36805323279067,
              51.697395428833694
            ],
            [
              -91.36236274040367,
              51.696018932936134
            ],
            [
              -91.3566118835236,
              51.69492162272135
            ],
            [
              -91.35081435096484,
              51.69410611012634
            ],
            [
              -91.34498394264429,
              51.693574336322776
            ],
            [
              -91.23200940285531,
              51.6860437764386
            ],
            [
              -91.2306338318493,
              51.685918104105994
            ],
            [
              -91.23173835437008,
              51.68508973459755
            ],
            [
              -91.29934312453575,
              51.6368075124824
            ],
            [
              -91.30052917553428,
              51.636003242033404
            ],
            [
              -91.30169620786222,
              51.636834869036235
            ],
            [
              -91.3786578607317,
              51.694547861618574
            ],
            [
              -91.38365156717495,
              51.698097124860226
            ],
            [
              -91.38881991195971,
              51.701386894728394
            ],
            [
              -91.39414942351769,
              51.70440859626118
            ],
            [
              -91.39962621019068,
              51.70715435323121
            ],
            [
              -91.40523599643998,
              51.70961700867542
            ],
            [
              -91.41096416005638,
              51.71179014355012
            ],
            [
              -91.41679577027367,
              51.713668093462495
            ],
            [
              -91.56049252685715,
              51.75592580685714
            ],
            [
              -91.56049401085995,
              51.75592076052658
            ],
            [
              -91.56451834867093,
              51.757104561586544
            ],
            [
              -91.57024521498364,
              51.758487763100064
            ],
            [
              -91.57603306860882,
              51.75958821510001
            ],
            [
              -91.58186795830949,
              51.760403265019875
            ],
            [
              -91.58773581947129,
              51.76093094823594
            ],
            [
              -91.59362250800439,
              51.761169992802834
            ],
            [
              -91.5995138344368,
              51.76111982251948
            ],
            [
              -91.60539559811724,
              51.76078055831804
            ],
            [
              -91.6112536214447,
              51.76015301797234
            ],
            [
              -91.61707378404283,
              51.75923871412673
            ],
            [
              -91.62284205679599,
              51.75803985064994
            ],
            [
              -91.62854453566557,
              51.75655931732281
            ],
            [
              -91.63416747520476,
              51.754800682872656
            ],
            [
              -91.63969732169103,
              51.752768186371085
            ],
            [
              -91.64512074579649,
              51.750466727016004
            ],
            [
              -91.6504246747173,
              51.747901852322435
            ],
            [
              -91.65559632368485,
              51.74507974475057
            ],
            [
              -91.66062322678258,
              51.74200720680341
            ],
            [
              -91.66549326699423,
              51.73869164462971
            ],
            [
              -91.67019470541112,
              51.73514105017204
            ],
            [
              -91.67471620952803,
              51.73136398190265
            ],
            [
              -91.67904688055937,
              51.72736954419392
            ],
            [
              -91.68048784792761,
              51.72597344975316
            ],
            [
              -91.68191581237714,
              51.726294435642934
            ],
            [
              -92.03900265227863,
              51.81555339069439
            ],
            [
              -92.04038210357315,
              51.81593421597808
            ],
            [
              -92.04018354684648,
              51.81685480642731
            ]
          ]
        ]
      },
      "properties": {
        "hail_size_bin": "0.5\"",
        "min_size_inches": 0.5
      }
    },
    {
      "type": "Feature",
      "geometry": {
        "type": "Polygon",
        "coordinates": [
          [
            [
              -91.77040272719765,
              51.056151031526475
            ],
            [
              -91.76961608091803,
              51.0573106734597
            ],
            [
              -91.72131551754421,
              51.1249218006899
            ],
            [
              -91.7204664493526,
              51.12605137910672
            ],
            [
              -91.71950285766155,
              51.12501832184266
            ],
            [
              -91.64145789246497,
              51.0372302807298
            ],
            [
              -91.64056690035484,
              51.03617719392496
            ],
            [
              -91.64193416141312,
              51.036355058299314
            ],
            [
              -91.76902331588913,
              51.05590444234362
            ],
            [
              -91.77040272719765,
              51.056151031526475
            ]
          ]
        ]
      },
      "properties": {
        "hail_size_bin": "0.5\"",
        "min_size_inches": 0.5
      }
    },
    {
      "type": "Feature",
      "geometry": {
        "type": "Polygon",
        "coordinates": [
          [
            [
              -94.32901702079585,
              51.22531122163968
            ],
            [
              -94.33001523625018,
              51.226061928854755
            ],
            [
              -94.32865625086202,
              51.22643731975991
            ],
            [
              -94.29154029532364,
              51.23571498288523
            ],
            [
              -94.2901029097753,
              51.23603677980527
            ],
            [
              -94.28868588489684,
              51.23563858958436
            ],
            [
              -94.1615396379609,
              51.19652225709493
            ],
            [
              -94.16015977268151,
              51.19606008681511
            ],
            [
              -94.16053773646483,
              51.19334435261745
            ],
            [
              -94.1612053937995,
              51.18745675135478
            ],
            [
              -94.16158160898775,
              51.18154337016658
            ],
            [
              -94.16166546475382,
              51.1756186268679
            ],
            [
              -94.16145675664333,
              51.1696969669765
            ],
            [
              -94.16095599352165,
              51.16379282849229
            ],
            [
              -94.16016439633324,
              51.15792060669504
            ],
            [
              -94.1590838951248,
              51.152094619046295
            ],
            [
              -94.15771712433948,
              51.146329070280984
            ],
            [
              -94.15606741639368,
              51.14063801777391
            ],
            [
              -94.15413879355202,
              51.13503533726549
            ],
            [
              -94.15193595812043,
              51.12953468903041
            ],
            [
              -94.14946428098114,
              51.12414948457153
            ],
            [
              -94.1467297884975,
              51.11889285392047
            ],
            [
              -94.14373914782077,
              51.11377761362431
            ],
            [
              -94.14049965063448,
              51.10881623549673
            ],
            [
              -94.13701919537604,
              51.10402081620966
            ],
            [
              -94.13330626797907,
              51.099403047799534
            ],
            [
              -94.12936992118323,
              51.094974189160155
            ],
            [
              -94.12521975246213,
              51.09074503859163
            ],
            [
              -94.12086588062316,
              51.08672590747228
            ],
            [
              -94.11631892113598,
              51.08292659511781
            ],
            [
              -94.1115899602504,
              51.07935636488891
            ],
            [
              -94.10669052796611,
              51.076023921605604
            ],
            [
              -94.10163256992068,
              51.072937390323496
            ],
            [
              -94.09642841826407,
              51.07010429652347
            ],
            [
              -94.09109076159076,
              51.06753154776333
            ],
            [
              -94.0856326140029,
              51.06522541683602
            ],
            [
              -94.08006728337965,
              51.06319152647549
            ],
            [
              -94.0744083389304,
              51.06143483564754
            ],
            [
              -94.06866957811074,
              51.059959627458994
            ],
            [
              -94.06286499298197,
              51.05876949871483
            ],
            [
              -94.0570087360961,
              51.05786735114851
            ],
            [
              -94.05111508598952,
              51.057255384347094
            ],
            [
              -93.91155417533568,
              51.04623899193669
            ],
            [
              -93.91016084517351,
              51.04609618777083
            ],
            [
              -93.90892609148825,
              51.0454575144089
            ],
            [
              -93.69149239285373,
              50.92687426046055
            ],
            [
              -93.69026401783022,
              50.92616432712839
            ],
            [
              -93.69151694686803,
              50.92549868506287
            ],
            [
              -93.76889205619382,
              50.88681665798331
            ],
            [
              -93.77018168976872,
              50.88621006951409
            ],
            [
              -93.77152582862803,
              50.88666726549824
            ],
            [
              -94.28870798442287,
              51.0756106689474
            ],
            [
              -94.29005342118613,
              51.07614028473183
            ],
            [
              -94.28978685289475,
              51.076708632442944
            ],
            [
              -94.2874417541435,
              51.08206253685638
            ],
            [
              -94.28536013872771,
              51.08752428180483
            ],
            [
              -94.28354694524822,
              51.09308090938163
            ],
            [
              -94.28200647547895,
              51.09871923657249
            ],
            [
              -94.28074238416094,
              51.104425886532056
            ],
            [
              -94.2797576703316,
              51.110187320320236
            ],
            [
              -94.2790546702095,
              51.11598986902314
            ],
            [
              -94.27863505165169,
              51.12181976618237
            ],
            [
              -94.27849981019682,
              51.127663180455734
            ],
            [
              -94.2786492667032,
              51.13350624843189
            ],
            [
              -94.2790830665875,
              51.13933510752108
            ],
            [
              -94.27980018066614,
              51.145135928843914
            ],
            [
              -94.2807989075969,
              51.15089495004018
            ],
            [
              -94.28207687791532,
              51.15659850791983
            ],
            [
              -94.28363105965632,
              51.162233070878685
            ],
            [
              -94.28545776554736,
              51.167785271001954
            ],
            [
              -94.28755266175658,
              51.173241935779444
            ],
            [
              -94.28991077817462,
              51.17859011935709
            ],
            [
              -94.2925265202062,
              51.18381713325084
            ],
            [
              -94.29539368204321,
              51.188910576449864
            ],
            [
              -94.29850546138786,
              51.193858364837766
            ],
            [
              -94.30185447559109,
              51.19864875986197
            ],
            [
              -94.30543277916769,
              51.20327039638326
            ],
            [
              -94.30923188264696,
              51.207712309639405
            ],
            [
              -94.31324277271375,
              51.21196396125887
            ],
            [
              -94.31745593359251,
              51.216015264262964
            ],
            [
              -94.32186136962322,
              51.21985660699703
            ],
            [
              -94.32644862897602,
              51.22347887593394
            ],
            [
              -94.32901702079585,
              51.22531122163968
            ]
          ]
        ]
      },
      "properties": {
        "hail_size_bin": "0.5\"",
        "min_size_inches": 0.5
      }
    },
    {
      "type": "Feature",
      "geometry": {
        "type": "Polygon",
        "coordinates": [
          [
            [
              -95.64229609571326,
              47.77404189483398
            ],
            [
              -95.64016213231866,
              47.776675119799634
            ],
            [
              -95.639886792107,
              47.777032514811246
            ],
            [
              -95.63845484448355,
              47.77735396359139
            ],
            [
              -95.24141220537557,
              47.856751145716444
            ],
            [
              -95.23997515173804,
              47.85700197115026
            ],
            [
              -95.23936712166564,
              47.856573936784464
            ],
            [
              -95.23595774051958,
              47.85404424739624
            ],
            [
              -95.2311438851912,
              47.85082065728312
            ],
            [
              -95.22618005302242,
              47.84783316560277
            ],
            [
              -95.22107781413254,
              47.845088735853146
            ],
            [
              -95.21584906125095,
              47.842593764982915
            ],
            [
              -95.21050598199653,
              47.84035406848093
            ],
            [
              -95.20506103046972,
              47.838374866820985
            ],
            [
              -95.19952689822347,
              47.83666077329348
            ],
            [
              -95.19391648468067,
              47.83521578325241
            ],
            [
              -95.18824286706712,
              47.8340432648026
            ],
            [
              -95.18251926992997,
              47.83314595094911
            ],
            [
              -95.17675903431291,
              47.832525933226854
            ],
            [
              -95.17097558665967,
              47.83218465682551
            ],
            [
              -95.16518240751853,
              47.83212291722094
            ],
            [
              -95.1593930001208,
              47.83234085832105
            ],
            [
              -95.15362085890625,
              47.832837972130285
            ],
            [
              -95.1478794380692,
              47.8336130999338
            ],
            [
              -95.14218212019827,
              47.834664434998245
            ],
            [
              -95.13654218508323,
              47.83598952678304
            ],
            [
              -95.13097277876123,
              47.83758528665232
            ],
            [
              -95.12548688287495,
              47.8394479950742
            ],
            [
              -95.12009728441392,
              47.841573310290556
            ],
            [
              -95.11481654590948,
              47.84395627843714
            ],
            [
              -95.10965697615298,
              47.84659134509053
            ],
            [
              -95.10463060150542,
              47.849472368214784
            ],
            [
              -95.09974913786543,
              47.85259263247785
            ],
            [
              -95.09502396336076,
              47.855944864904224
            ],
            [
              -95.09046609182728,
              47.85952125182741
            ],
            [
              -95.08608614713695,
              47.86331345710267
            ],
            [
              -95.06107665889658,
              47.88604610705337
            ],
            [
              -95.06001023221299,
              47.886968914783274
            ],
            [
              -95.05961949284021,
              47.88561468492877
            ],
            [
              -95.03352779093713,
              47.786480383787925
            ],
            [
              -95.0318717822164,
              47.78076759959266
            ],
            [
              -95.02993473280434,
              47.77514389016559
            ],
            [
              -95.02772140169078,
              47.769623071972006
            ],
            [
              -95.02523722664112,
              47.764218708691516
            ],
            [
              -95.02248831083668,
              47.7589440778945
            ],
            [
              -95.01948140788026,
              47.753812138421395
            ],
            [
              -95.01622390520374,
              47.748835498545205
            ],
            [
              -95.01272380591847,
              47.744026384995074
            ],
            [
              -95.00898970915297,
              47.739396612917446
            ],
            [
              -95.00503078892646,
              47.7349575568483
            ],
            [
              -95.00085677160989,
              47.730720122767906
            ],
            [
              -94.99647791202987,
              47.72669472130676
            ],
            [
              -94.99190496827453,
              47.72289124216849
            ],
            [
              -94.98714917526262,
              47.71931902983259
            ],
            [
              -94.9822222171414,
              47.715986860596715
            ],
            [
              -94.9771361985807,
              47.71290292101478
            ],
            [
              -94.97190361503387,
              47.71007478778413
            ],
            [
              -94.96653732203869,
              47.70750940913084
            ],
            [
              -94.96105050363352,
              47.70521308773923
            ],
            [
              -94.95545663996648,
              47.703191465267196
            ],
            [
              -94.94976947417706,
              47.70144950848571
            ],
            [
              -94.94400297863169,
              47.699991497076304
            ],
            [
              -94.93817132059601,
              47.69882101311667
            ],
            [
              -94.9322888274285,
              47.69794093228008
            ],
            [
              -94.92636995138056,
              47.697353416770426
            ],
            [
              -94.92042923409,
              47.69705991001001
            ],
            [
              -94.92004035622982,
              47.697050349432565
            ],
            [
              -94.91991476442695,
              47.696479952813156
            ],
            [
              -94.91847116466101,
              47.690676762298835
            ],
            [
              -94.91674025244716,
              47.68495269527113
            ],
            [
              -94.91472632633761,
              47.67932196689417
            ],
            [
              -94.91243438772214,
              47.67379856053463
            ],
            [
              -94.90987012840756,
              47.66839619303535
            ],
            [
              -94.90703991648262,
              47.66312828065096
            ],
            [
              -94.90395078050356,
              47.65800790572985
            ],
            [
              -94.90061039203935,
              47.6530477842255
            ],
            [
              -94.89702704662011,
              47.64826023411756
            ],
            [
              -94.89320964313588,
              47.64365714482141
            ],
            [
              -94.88916766173719,
              47.639249947661945
            ],
            [
              -94.884911140292,
              47.63504958748495
            ],
            [
              -94.88045064945764,
              47.631066495476695
            ],
            [
              -94.87579726642954,
              47.627310563259044
            ],
            [
              -94.8709625474322,
              47.62379111832462
            ],
            [
              -94.86595849902034,
              47.62051690087285
            ],
            [
              -94.86079754826183,
              47.61749604210455
            ],
            [
              -94.86005984185313,
              47.617088572165706
            ],
            [
              -94.86023024418252,
              47.615644310278185
            ],
            [
              -94.86207938817017,
              47.60270215177291
            ],
            [
              -94.86276956846005,
              47.5968479496962
            ],
            [
              -94.86317142749533,
              47.59096691746509
            ],
            [
              -94.86328399556702,
              47.585073246349666
            ],
            [
              -94.86310700104181,
              47.57918115811835
            ],
            [
              -94.86264087101775,
              47.57330487071998
            ],
            [
              -94.86188673029345,
              47.56745856397508
            ],
            [
              -94.860846398654,
              47.56165634535911
            ],
            [
              -94.85952238647967,
              47.55591221596034
            ],
            [
              -94.8579178886882,
              47.55024003669442
            ],
            [
              -94.85603677702537,
              47.54465349485716
            ],
            [
              -94.85388359072212,
              47.53916607109632
            ],
            [
              -94.85146352554122,
              47.533791006882026
            ],
            [
              -94.8487824212396,
              47.52854127255433
            ],
            [
              -94.84584674747661,
              47.52342953602505
            ],
            [
              -94.84266358820241,
              47.51846813220933
            ],
            [
              -94.83924062456397,
              47.51366903326083
            ],
            [
              -94.83558611637004,
              47.50904381968219
            ],
            [
              -94.83170888215973,
              47.504603652380624
            ],
            [
              -94.82761827792288,
              47.500359245735986
            ],
            [
              -94.82332417452352,
              47.496320841746396
            ],
            [
              -94.81883693388089,
              47.492498185313664
            ],
            [
              -94.81416738396555,
              47.488900500728306
            ],
            [
              -94.80932679267084,
              47.485536469410796
            ],
            [
              -94.80432684062285,
              47.48241420896278
            ],
            [
              -94.71723010513789,
              47.430955309548736
            ],
            [
              -94.71210256059997,
              47.42809272755006
            ],
            [
              -94.70684111063271,
              47.425484426775725
            ],
            [
              -94.7014583557104,
              47.4231366537599
            ],
            [
              -94.69596718681665,
              47.42105503110732
            ],
            [
              -94.6903807545721,
              47.41924454402796
            ],
            [
              -94.6847124377405,
              47.41770952839806
            ],
            [
              -94.6789758111883,
              47.41645366037632
            ],
            [
              -94.67318461337466,
              47.415479947599955
            ],
            [
              -94.6673527134497,
              47.41479072198182
            ],
            [
              -94.66149407803967,
              47.414387634125795
            ],
            [
              -94.65562273779874,
              47.41427164937379
            ],
            [
              -94.64975275380749,
              47.41444304549389
            ],
            [
              -94.64389818389847,
              47.41490141201514
            ],
            [
              -94.63807304898951,
              47.41564565121057
            ],
            [
              -94.63229129950558,
              47.41667398072607
            ],
            [
              -94.63006818004536,
              47.41712575978875
            ],
            [
              -94.62914496756954,
              47.41599751192147
            ],
            [
              -94.61763598253839,
              47.401202359650135
            ],
            [
              -94.61391365579765,
              47.39665174982469
            ],
            [
              -94.60997291764829,
              47.39228891256135
            ],
            [
              -94.60582322689251,
              47.38812431981059
            ],
            [
              -94.60147454387344,
              47.38416796768422
            ],
            [
              -94.59693730656767,
              47.38042935246207
            ],
            [
              -94.59222240553137,
              47.37691744779847
            ],
            [
              -94.58734115776018,
              47.37364068318311
            ],
            [
              -94.58230527952539,
              47.37060692370806
            ],
            [
              -94.5771268582518,
              47.36782345118951
            ],
            [
              -94.57181832350484,
              47.36529694668948
            ],
            [
              -94.56639241715631,
              47.36303347447956
            ],
            [
              -94.56086216280049,
              47.361038467485024
            ],
            [
              -94.55524083449423,
              47.359316714244436
            ],
            [
              -94.54954192489565,
              47.35787234741588
            ],
            [
              -94.54377911287827,
              47.35670883385749
            ],
            [
              -94.53796623069812,
              47.35582896630613
            ],
            [
              -94.53211723079274,
              47.35523485667402
            ],
            [
              -94.5262461522916,
              47.35492793097968
            ],
            [
              -94.52036708731866,
              47.35490892592503
            ],
            [
              -94.51449414716743,
              47.35517788712718
            ],
            [
              -94.50864142843027,
              47.355734169008905
            ],
            [
              -94.50282297916286,
              47.35657643634819
            ],
            [
              -94.4970527651652,
              47.35770266748315
            ],
            [
              -94.49134463645998,
              47.359110159164494
            ],
            [
              -94.48571229404904,
              47.36079553304409
            ],
            [
              -94.48016925702719,
              47.362754743783825
            ],
            [
              -94.47472883013302,
              47.36498308876551
            ],
            [
              -94.47073557161079,
              47.366852041535225
            ],
            [
              -94.47010618079531,
              47.36712806476749
            ],
            [
              -94.46993059303539,
              47.36571906286431
            ],
            [
              -94.46022361629028,
              47.26866316450459
            ],
            [
              -94.46011736537915,
              47.267255239501125
            ],
            [
              -94.46148356382052,
              47.26761027935254
            ],
            [
              -94.52863605926673,
              47.28679396531301
            ],
            [
              -94.53004782493845,
              47.28723545032123
            ],
            [
              -94.53043681868022,
              47.287725893185005
            ],
            [
              -94.53428368976753,
              47.292321323452974
            ],
            [
              -94.53835519642521,
              47.29671896259763
            ],
            [
              -94.54264118352498,
              47.300907842052915
            ],
            [
              -94.54713096098263,
              47.304877513939985
            ],
            [
              -94.55181333042128,
              47.308618077126226
            ],
            [
              -94.55667661310221,
              47.31212020192063
            ],
            [
              -94.56170867905396,
              47.31537515334384
            ],
            [
              -94.5668969773268,
              47.31837481291489
            ],
            [
              -94.57222856729729,
              47.32111169890026
            ],
            [
              -94.57769015094459,
              47.32357898497481
            ],
            [
              -94.58326810601847,
              47.3257705172479
            ],
            [
              -94.5889485200157,
              47.32768082961246
            ],
            [
              -94.59471722488065,
              47.32930515737845
            ],
            [
              -94.60055983234308,
              47.33063944915698
            ],
            [
              -94.60646176980532,
              47.33168037696524
            ],
            [
              -94.61240831668918,
              47.3324253445271
            ],
            [
              -94.65857311646337,
              47.33704116491313
            ],
            [
              -94.66002300552915,
              47.337222443299176
            ],
            [
              -94.66087907892806,
              47.339508378721796
            ],
            [
              -94.6612633139816,
              47.340615767642014
            ],
            [
              -94.6635214688778,
              47.34620141829525
            ],
            [
              -94.66605712827011,
              47.35166668939571
            ],
            [
              -94.66886390040271,
              47.35699780437768
            ],
            [
              -94.67193471011319,
              47.36218132484907
            ],
            [
              -94.67526181666717,
              47.367204184466225
            ],
            [
              -94.67883683327084,
              47.37205372187084
            ],
            [
              -94.6826507482118,
              47.37671771260609
            ],
            [
              -94.68669394757542,
              47.38118439993131
            ],
            [
              -94.69095623947905,
              47.38544252445785
            ],
            [
              -94.69542687976318,
              47.38948135253109
            ],
            [
              -94.70009459907473,
              47.393290703287306
            ],
            [
              -94.70494763127427,
              47.396860974317015
            ],
            [
              -94.70997374309545,
              47.40018316587023
            ],
            [
              -94.71516026498199,
              47.40324890354258
            ],
            [
              -94.72049412302442,
              47.40605045938504
            ],
            [
              -94.72596187191611,
              47.40858077138412
            ],
            [
              -94.73154972884547,
              47.41083346126346
            ],
            [
              -94.73724360823888,
              47.412802850561796
            ],
            [
              -94.74302915726702,
              47.414483974946975
            ],
            [
              -94.7488917920245,
              47.41587259672976
            ],
            [
              -94.84856635752263,
              47.43685371762231
            ],
            [
              -94.8499960741135,
              47.43719189527204
            ],
            [
              -94.85049303525423,
              47.438571821475676
            ],
            [
              -94.86030605299769,
              47.46800666852601
            ],
            [
              -94.86229368174307,
              47.47351667581128
            ],
            [
              -94.8645478217663,
              47.47892312576194
            ],
            [
              -94.86706310213289,
              47.48421313644157
            ],
            [
              -94.86983352968988,
              47.48937410335337
            ],
            [
              -94.8728525033456,
              47.49439372947284
            ],
            [
              -94.87611282979819,
              47.49926005454787
            ],
            [
              -94.87960674067496,
              47.503961483596406
            ],
            [
              -94.88332591104215,
              47.5084868145338
            ],
            [
              -94.88726147924073,
              47.51282526486399
            ],
            [
              -94.89140406800101,
              47.51696649737093
            ],
            [
              -94.89574380678586,
              47.52090064474902
            ],
            [
              -94.90027035530922,
              47.52461833311396
            ],
            [
              -94.90497292817389,
              47.528110704337884
            ],
            [
              -94.90984032056987,
              47.53136943715554
            ],
            [
              -94.91486093497198,
              47.534386766991425
            ],
            [
              -94.92002280877335,
              47.53715550446037
            ],
            [
              -94.92531364278862,
              47.539669052497715
            ],
            [
              -94.93072083055924,
              47.54192142207807
            ],
            [
              -94.9362314883908,
              47.54390724648539
            ],
            [
              -94.94183248605101,
              47.54562179410024
            ],
            [
              -94.94751047805507,
              47.54706097967379
            ],
            [
              -94.95325193546391,
              47.54822137406173
            ],
            [
              -94.95904317811963,
              47.54910021239492
            ],
            [
              -94.96487040724107,
              47.54969540066718
            ],
            [
              -94.97071973830224,
              47.55000552072474
            ],
            [
              -95.21850623528691,
              47.55708412340631
            ],
            [
              -95.21995158008164,
              47.55716073637921
            ],
            [
              -95.22159344043611,
              47.559368956169145
            ],
            [
              -95.22519364001309,
              47.56397084130234
            ],
            [
              -95.22901357293064,
              47.56839202850473
            ],
            [
              -95.23304418308712,
              47.572622036251744
            ],
            [
              -95.23727591491803,
              47.576650836257265
            ],
            [
              -95.2416987360499,
              47.58046887724823
            ],
            [
              -95.24630216108453,
              47.584067107608256
            ],
            [
              -95.25107527645719,
              47.58743699683678
            ],
            [
              -95.25600676631,
              47.5905705557727
            ],
            [
              -95.26108493931893,
              47.59346035553471
            ],
            [
              -95.26629775641106,
              47.59609954513327
            ],
            [
              -95.27163285930615,
              47.59848186771263
            ],
            [
              -95.277077599815,
              47.6006016753842
            ],
            [
              -95.2826190698252,
              47.60245394261634
            ],
            [
              -95.28824413190297,
              47.6040342781486
            ],
            [
              -95.29393945043871,
              47.6053389354023
            ],
            [
              -95.29969152326244,
              47.60636482136272
            ],
            [
              -95.30548671365398,
              47.60710950391187
            ],
            [
              -95.31131128267225,
              47.60757121759444
            ],
            [
              -95.3171514217268,
              47.607748867803245
            ],
            [
              -95.32299328531457,
              47.60764203337425
            ],
            [
              -95.32882302384401,
              47.607250967585045
            ],
            [
              -95.32992999243135,
              47.60714958787766
            ],
            [
              -95.33003312686387,
              47.60749139147247
            ],
            [
              -95.33188584058429,
              47.61304251756825
            ],
            [
              -95.33400698707354,
              47.61849671655915
            ],
            [
              -95.33639152160464,
              47.62384101671269
            ],
            [
              -95.33903377303433,
              47.62906270766902
            ],
            [
              -95.34192745729068,
              47.634149370670016
            ],
            [
              -95.34506569231858,
              47.639088908094784
            ],
            [
              -95.34844101444735,
              47.643869572231516
            ],
            [
              -95.35204539614155,
              47.64847999321703
            ],
            [
              -95.3558702650929,
              47.6529092060778
            ],
            [
              -95.3599065246079,
              47.65714667680794
            ],
            [
              -95.36414457524236,
              47.66118232742226
            ],
            [
              -95.36857433763193,
              47.66500655992476
            ],
            [
              -95.37318527646374,
              47.66861027913556
            ],
            [
              -95.3779664255327,
              47.67198491432199
            ],
            [
              -95.38290641382233,
              47.675122439582374
            ],
            [
              -95.38799349254849,
              47.67801539293405
            ],
            [
              -95.39321556310158,
              47.680656894060235
            ],
            [
              -95.39856020582069,
              47.683040660673456
            ],
            [
              -95.40401470953121,
              47.68516102345677
            ],
            [
              -95.40956610177601,
              47.687012939547095
            ],
            [
              -95.40993041297841,
              47.687124676746095
            ],
            [
              -95.4113457070414,
              47.68763781538007
            ],
            [
              -95.61350903676772,
              47.76673390260229
            ],
            [
              -95.61904437100036,
              47.768744418052336
            ],
            [
              -95.62467167822794,
              47.77048094067186
            ],
            [
              -95.63037740519927,
              47.771939288082606
            ],
            [
              -95.63614780979081,
              47.77311594788548
            ],
            [
              -95.64196899410435,
              47.77400808612008
            ],
            [
              -95.64229609571326,
              47.77404189483398
            ]
          ]
        ]
      },
      "properties": {
        "hail_size_bin": "0.5\"",
        "min_size_inches": 0.5
      }
    },
    {
      "type": "Feature",
      "geometry": {
        "type": "Polygon",
        "coordinates": [
          [
            [
              -95.81970899138992,
              50.10631512230505
            ],
            [
              -95.81845915352747,
              50.105984934072694
            ],
            [
              -95.44137609330839,
              49.99684490726651
            ],
            [
              -95.4399502925347,
              49.99639339460962
            ],
            [
              -95.43872942042312,
              49.99554555251122
            ],
            [
              -95.22512785387258,
              49.8394744022833
            ],
            [
              -95.2201045156566,
              49.83599665641941
            ],
            [
              -95.21491067871389,
              49.83277909508536
            ],
            [
              -95.20955980685595,
              49.82983005905884
            ],
            [
              -95.20406577097069,
              49.82715719302829
            ],
            [
              -95.19844281306538,
              49.8247674257758
            ],
            [
              -95.1927055093476,
              49.82266695221589
            ],
            [
              -95.18686873243979,
              49.82086121733659
            ],
            [
              -95.18094761282543,
              49.81935490208464
            ],
            [
              -95.1749574996268,
              49.81815191123118
            ],
            [
              -95.168913920816,
              49.81725536324957
            ],
            [
              -95.16283254296219,
              49.816667582231446
            ],
            [
              -95.15672913061985,
              49.81639009186207
            ],
            [
              -95.15061950546263,
              49.81642361147054
            ],
            [
              -95.14999363639537,
              49.81644298593186
            ],
            [
              -95.14892999842809,
              49.81543072924506
            ],
            [
              -95.10403033864313,
              49.77053748461384
            ],
            [
              -95.09974481471141,
              49.7664588056144
            ],
            [
              -95.09526347475686,
              49.76259630254497
            ],
            [
              -95.09059721134147,
              49.75895936379266
            ],
            [
              -95.08575736651125,
              49.75555682947703
            ],
            [
              -95.08075570422753,
              49.75239696996287
            ],
            [
              -95.075604381773,
              49.7494874657578
            ],
            [
              -95.07031592020166,
              49.74683538884374
            ],
            [
              -95.06490317390443,
              49.74444718548734
            ],
            [
              -95.05937929936474,
              49.74232866057139
            ],
            [
              -95.0537577231797,
              49.740484963485216
            ],
            [
              -95.04805210942479,
              49.73892057560828
            ],
            [
              -95.04227632644127,
              49.737639299417566
            ],
            [
              -95.0364444131271,
              49.73664424924506
            ],
            [
              -95.03057054481339,
              49.73593784370794
            ],
            [
              -95.02466899880906,
              49.73552179982971
            ],
            [
              -95.01875411969782,
              49.73539712886681
            ],
            [
              -95.01284028447141,
              49.735564133850495
            ],
            [
              -95.00694186758429,
              49.736022408850374
            ],
            [
              -95.00107320601437,
              49.736770839961025
            ],
            [
              -94.99524856441481,
              49.73780760800952
            ],
            [
              -94.9894821004417,
              49.739130192977214
            ],
            [
              -94.98378783034184,
              49.74073538012499
            ],
            [
              -94.978179594884,
              49.74261926780719
            ],
            [
              -94.94135685176516,
              49.75600744307091
            ],
            [
              -94.94000873388826,
              49.75646143840394
            ],
            [
              -94.93872731586146,
              49.755856255533615
            ],
            [
              -94.78134428196728,
              49.67717598183832
            ],
            [
              -94.78009335477319,
              49.676511908815606
            ],
            [
              -94.7815606639556,
              49.67515381890111
            ],
            [
              -94.78572984152136,
              49.67110104785924
            ],
            [
              -94.78969781318477,
              49.66685108367457
            ],
            [
              -94.79345526330718,
              49.662413904021875
            ],
            [
              -94.79699337049297,
              49.65779992610316
            ],
            [
              -94.80030382829975,
              49.653019982191125
            ],
            [
              -94.80337886473934,
              49.64808529419817
            ],
            [
              -94.80621126052422,
              49.643007447330604
            ],
            [
              -94.80879436601623,
              49.63779836288996
            ],
            [
              -94.81112211683804,
              49.63247027028527
            ],
            [
              -94.81318904811049,
              49.62703567832197
            ],
            [
              -94.8149903072826,
              49.6215073458349
            ],
            [
              -94.81652166552384,
              49.61589825173428
            ],
            [
              -94.81777952765226,
              49.610221564535
            ],
            [
              -94.81876094057496,
              49.60449061144081
            ],
            [
              -94.81946360022098,
              49.59871884705594
            ],
            [
              -94.81988585695068,
              49.5929198217976
            ],
            [
              -94.82002671942857,
              49.58710715008358
            ],
            [
              -94.82002671942857,
              49.57800252442805
            ],
            [
              -94.82006105164547,
              49.57658580046089
            ],
            [
              -94.82147623660529,
              49.576660211675964
            ],
            [
              -94.94854989070777,
              49.586433711532045
            ],
            [
              -94.94998855742777,
              49.58657971031001
            ],
            [
              -94.95030671452557,
              49.587052843319135
            ],
            [
              -94.95298251723612,
              49.591237814085545
            ],
            [
              -94.95653114050836,
              49.5962107008226
            ],
            [
              -94.9603282527151,
              49.600996541241734
            ],
            [
              -94.96436401239289,
              49.6055829312656
            ],
            [
              -94.968627959545,
              49.60995798375807
            ],
            [
              -94.97310904275193,
              49.614110359333644
            ],
            [
              -94.97779564781473,
              49.61802929574718
            ],
            [
              -94.98267562785708,
              49.6217046357878
            ],
            [
              -94.98773633480789,
              49.625126853604634
            ],
            [
              -94.9899773946502,
              49.626560580415635
            ],
            [
              -94.99081225948352,
              49.62774901152249
            ],
            [
              -95.02794043451354,
              49.68343331689304
            ],
            [
              -95.03140530854293,
              49.68835758942331
            ],
            [
              -95.0351128232211,
              49.69310186459483
            ],
            [
              -95.03905364441334,
              49.69765419809786
            ],
            [
              -95.04321785060641,
              49.702003128859964
            ],
            [
              -95.04759495788721,
              49.706137707900716
            ],
            [
              -95.0521739463374,
              49.710047525897124
            ],
            [
              -95.05694328777736,
              49.713722739390384
            ],
            [
              -95.06189097478986,
              49.71715409556808
            ],
            [
              -95.0670045509503,
              49.72033295555925
            ],
            [
              -95.0722711421872,
              49.723251316183855
            ],
            [
              -95.07767748919444,
              49.72590183010181
            ],
            [
              -95.08320998081312,
              49.728277824310794
            ],
            [
              -95.08885468829943,
              49.73037331694641
            ],
            [
              -95.09459740039199,
              49.73218303234228
            ],
            [
              -95.10042365909047,
              49.733702414312155
            ],
            [
              -95.10631879605546,
              49.73492763762074
            ],
            [
              -95.1685274717874,
              49.74623668989497
            ],
            [
              -95.16995196804672,
              49.74653194655707
            ],
            [
              -95.17020534608292,
              49.74715897109803
            ],
            [
              -95.17174237944813,
              49.75124704299342
            ],
            [
              -95.17405226066504,
              49.756588877095616
            ],
            [
              -95.17661842173914,
              49.761812435284575
            ],
            [
              -95.17943482671333,
              49.76690543104669
            ],
            [
              -95.18249485102316,
              49.77185588496879
            ],
            [
              -95.1857912970786,
              49.77665215291534
            ],
            [
              -95.18931641119377,
              49.78128295341705
            ],
            [
              -95.19306190182468,
              49.78573739420635
            ],
            [
              -95.19701895907201,
              49.79000499783753
            ],
            [
              -95.20117827540328,
              49.794075726331066
            ],
            [
              -95.20553006754528,
              49.79794000478433
            ],
            [
              -95.21006409949578,
              49.80158874389305
            ],
            [
              -95.2147697065999,
              49.80501336133055
            ],
            [
              -95.21963582063485,
              49.80820580193459
            ],
            [
              -95.22465099584393,
              49.81115855665415
            ],
            [
              -95.22980343585839,
              49.81386468021174
            ],
            [
              -95.23508102144417,
              49.81631780743967
            ],
            [
              -95.24047133900793,
              49.81851216825171
            ],
            [
              -95.24596170979551,
              49.82044260121518
            ],
            [
              -95.25153921971408,
              49.8221045656913
            ],
            [
              -95.25719074970779,
              49.8234941525154
            ],
            [
              -95.76846637140957,
              49.9361320073385
            ],
            [
              -95.76983717146466,
              49.936469143877716
            ],
            [
              -95.76898462716517,
              49.93796443332656
            ],
            [
              -95.7661751210695,
              49.94318987398795
            ],
            [
              -95.76362731712183,
              49.94854778866173
            ],
            [
              -95.76134744303162,
              49.954025080760935
            ],
            [
              -95.7593410715956,
              49.959608361899114
            ],
            [
              -95.75761310707588,
              49.96528398461613
            ],
            [
              -95.75616777321228,
              49.97103807573723
            ],
            [
              -95.75500860289809,
              49.97685657028393
            ],
            [
              -95.75413842954434,
              49.982725245853565
            ],
            [
              -95.75355938015416,
              49.988629757383826
            ],
            [
              -95.75327287012345,
              49.99455567221696
            ],
            [
              -95.75327959978134,
              50.000488505378186
            ],
            [
              -95.7535795526782,
              50.00641375498195
            ],
            [
              -95.75417199562598,
              50.01231693767952
            ],
            [
              -95.75505548049024,
              50.01818362406127
            ],
            [
              -95.75622784773002,
              50.02399947392715
            ],
            [
              -95.75768623167639,
              50.029750271339005
            ],
            [
              -95.7594270675372,
              50.035421959369295
            ],
            [
              -95.76144610011065,
              50.04100067446102
            ],
            [
              -95.76373839418642,
              50.04647278031502
            ],
            [
              -95.76629834660909,
              50.051824901221806
            ],
            [
              -95.76911969997415,
              50.05704395475638
            ],
            [
              -95.77219555792323,
              50.06211718375618
            ],
            [
              -95.77551840200117,
              50.067032187503976
            ],
            [
              -95.77908011003377,
              50.07177695203952
            ],
            [
              -95.78287197598112,
              50.076339879525754
            ],
            [
              -95.78688473121818,
              50.080709816597924
            ],
            [
              -95.79110856719046,
              50.08487608162627
            ],
            [
              -95.79553315938959,
              50.08882849082557
            ],
            [
              -95.80014769258983,
              50.09255738314784
            ],
            [
              -95.80494088728433,
              50.09605364389725
            ],
            [
              -95.81866433986663,
              50.10555313822649
            ],
            [
              -95.81970899138992,
              50.10631512230505
            ]
          ]
        ]
      },
      "properties": {
        "hail_size_bin": "0.5\"",
        "min_size_inches": 0.5
      }
    },
    {
      "type": "Feature",
      "geometry": {
        "type": "Polygon",
        "coordinates": [
          [
            [
              -95.74979927305995,
              48.49686193699271
            ],
            [
              -95.74853468994785,
              48.49743973638929
            ],
            [
              -95.61131611797454,
              48.556239293468785
            ],
            [
              -95.60990877454391,
              48.556800449542095
            ],
            [
              -95.60842029882666,
              48.55652907410538
            ],
            [
              -95.37139049826837,
              48.507154921122215
            ],
            [
              -95.37012988343729,
              48.5068598614904
            ],
            [
              -95.37140764415055,
              48.506653187924464
            ],
            [
              -95.65839176963125,
              48.46707482628452
            ],
            [
              -95.65990302631246,
              48.46690552683954
            ],
            [
              -95.66135750387468,
              48.467349434576526
            ],
            [
              -95.74849102257582,
              48.496389791002116
            ],
            [
              -95.74979927305995,
              48.49686193699271
            ]
          ]
        ]
      },
      "properties": {
        "hail_size_bin": "0.5\"",
        "min_size_inches": 0.5
      }
    },
    {
      "type": "Feature",
      "geometry": {
        "type": "Polygon",
        "coordinates": [
          [
            [
              -97.74944237439404,
              48.096941679641056
            ],
            [
              -97.74814774657754,
              48.09697162571428
            ],
            [
              -97.54110025069309,
              48.09697162571428
            ],
            [
              -97.53975220168097,
              48.09693876932186
            ],
            [
              -97.54087804655428,
              48.09619675127441
            ],
            [
              -97.61838711943189,
              48.047760502167826
            ],
            [
              -97.61963095896525,
              48.04702472148507
            ],
            [
              -97.62099088203082,
              48.047510546581215
            ],
            [
              -97.74824505807484,
              48.09644746745741
            ],
            [
              -97.74944237439404,
              48.096941679641056
            ]
          ]
        ]
      },
      "properties": {
        "hail_size_bin": "0.5\"",
        "min_size_inches": 0.5
      }
    },
    {
      "type": "Feature",
      "geometry": {
        "type": "Polygon",
        "coordinates": [
          [
            [
              -99.17932193059085,
              44.13812356300026
            ],
            [
              -99.17823710298298,
              44.1389780184626
            ],
            [
              -99.14062670874915,
              44.16718178387702
            ],
            [
              -99.13939589367001,
              44.16805690315986
            ],
            [
              -99.13789133079808,
              44.16799340144691
            ],
            [
              -98.99090228121253,
              44.1581955315703
            ],
            [
              -98.98954390285803,
              44.15807139172339
            ],
            [
              -98.9907112948281,
              44.15736589492205
            ],
            [
              -99.05814778865815,
              44.1188362613972
            ],
            [
              -99.05942941097753,
              44.11814498760002
            ],
            [
              -99.06086717724946,
              44.11834989672015
            ],
            [
              -99.17796535438218,
              44.137863471125335
            ],
            [
              -99.17932193059085,
              44.13812356300026
            ]
          ]
        ]
      },
      "properties": {
        "hail_size_bin": "0.5\"",
        "min_size_inches": 0.5
      }
    },
    {
      "type": "Feature",
      "geometry": {
        "type": "Polygon",
        "coordinates": [
          [
            [
              -100.83666842940505,
              44.10745617161024
            ],
            [
              -100.83897189106533,
              44.108094686782174
            ],
            [
              -100.83770937627764,
              44.10821580849671
            ],
            [
              -100.70067969883016,
              44.11800224413826
            ],
            [
              -100.69920414879022,
              44.118070684057344
            ],
            [
              -100.69878067219979,
              44.11740808622103
            ],
            [
              -100.69657784228923,
              44.113768008623616
            ],
            [
              -100.69325281072038,
              44.108841904765335
            ],
            [
              -100.68968795607294,
              44.10408647150441
            ],
            [
              -100.68589202272102,
              44.099513373632696
            ],
            [
              -100.68187432186089,
              44.095133828684304
            ],
            [
              -100.67764470867118,
              44.09095857941966
            ],
            [
              -100.67321355813873,
              44.08699786747415
            ],
            [
              -100.66859173960935,
              44.08326140823605
            ],
            [
              -100.66379059012603,
              44.079758367015174
            ],
            [
              -100.6588218866197,
              44.07649733656103
            ],
            [
              -100.65369781702137,
              44.073486315985235
            ],
            [
              -100.64843095036564,
              44.07073269114021
            ],
            [
              -100.64303420595971,
              44.06824321650213
            ],
            [
              -100.63752082169313,
              44.06602399860261
            ],
            [
              -100.63190432156601,
              44.06408048104971
            ],
            [
              -100.62619848251542,
              44.06241743117511
            ],
            [
              -100.62041730062151,
              44.06103892834019
            ],
            [
              -100.61457495677583,
              44.05994835392949
            ],
            [
              -100.60868578189654,
              44.05914838305648
            ],
            [
              -100.60276422177552,
              44.05864097800161
            ],
            [
              -100.5968248016437,
              44.058427383398964
            ],
            [
              -100.59088209054154,
              44.058508123183266
            ],
            [
              -100.58495066558206,
              44.05888299930467
            ],
            [
              -100.579045076194,
              44.059551092214605
            ],
            [
              -100.5731798084331,
              44.06051076312132
            ],
            [
              -100.56736924944845,
              44.06175965800979
            ],
            [
              -100.56162765219189,
              44.06329471341595
            ],
            [
              -100.24065817495263,
              44.15768401279952
            ],
            [
              -100.23940698195388,
              44.15801898843612
            ],
            [
              -100.24042468075366,
              44.157218276781485
            ],
            [
              -100.35805708165687,
              44.06900658137672
            ],
            [
              -100.3592496511087,
              44.0681571880286
            ],
            [
              -100.36069050274821,
              44.06789929831518
            ],
            [
              -100.74771708524081,
              44.008365254456784
            ],
            [
              -100.74914963412317,
              44.00818092325287
            ],
            [
              -100.74949075056894,
              44.0101691316802
            ],
            [
              -100.74974729518104,
              44.01192281867854
            ],
            [
              -100.7508861759559,
              44.017707455948525
            ],
            [
              -100.75230779966537,
              44.023429174553385
            ],
            [
              -100.75400873475881,
              44.029074163266614
            ],
            [
              -100.75598487547686,
              44.0346287960742
            ],
            [
              -100.7582314517619,
              44.04007966506548
            ],
            [
              -100.76074304077234,
              44.04541361279743
            ],
            [
              -100.7635135799722,
              44.05061776405452
            ],
            [
              -100.7665363817651,
              44.05567955692714
            ],
            [
              -100.76980414963703,
              44.0605867731339
            ],
            [
              -100.77330899576867,
              44.065327567514395
            ],
            [
              -100.77704246007536,
              44.06989049662136
            ],
            [
              -100.7809955306282,
              44.07426454634317
            ],
            [
              -100.78515866540728,
              44.07843915848992
            ],
            [
              -100.78952181533444,
              44.0824042562791
            ],
            [
              -100.79407444852997,
              44.086150268659146
            ],
            [
              -100.79880557573478,
              44.08966815341232
            ],
            [
              -100.80370377683646,
              44.092949418980986
            ],
            [
              -100.80875722843548,
              44.095986144964805
            ],
            [
              -100.81395373238486,
              44.09877100123915
            ],
            [
              -100.81928074523422,
              44.10129726564875
            ],
            [
              -100.82472540850763,
              44.103558840233816
            ],
            [
              -100.8302745797416,
              44.10555026594942
            ],
            [
              -100.83591486420872,
              44.1072667358427
            ],
            [
              -100.83666842940505,
              44.10745617161024
            ]
          ]
        ]
      },
      "properties": {
        "hail_size_bin": "0.5\"",
        "min_size_inches": 0.5
      }
    },
    {
      "type": "Feature",
      "geometry": {
        "type": "Polygon",
        "coordinates": [
          [
            [
              -101.12181301312543,
              45.23187525357959
            ],
            [
              -101.1175338083245,
              45.233379826754756
            ],
            [
              -101.11202890627506,
              45.23562757809515
            ],
            [
              -101.10664210644269,
              45.23814525961354
            ],
            [
              -101.10138663504175,
              45.24092668964429
            ],
            [
              -101.0962753958358,
              45.243965038939805
            ],
            [
              -101.09132093845494,
              45.24725284743838
            ],
            [
              -101.0203559278349,
              45.296921257357205
            ],
            [
              -101.019141800441,
              45.29772706497635
            ],
            [
              -101.01798261887767,
              45.29684527080209
            ],
            [
              -100.9703064437157,
              45.2587097801569
            ],
            [
              -100.96920659590604,
              45.257784528544164
            ],
            [
              -100.9703823603331,
              45.2569603276412
            ],
            [
              -101.057885101694,
              45.19863350151928
            ],
            [
              -101.05913917717957,
              45.19784218338522
            ],
            [
              -101.0604788132136,
              45.19847203432875
            ],
            [
              -101.1178056577899,
              45.22713136125712
            ],
            [
              -101.11910192387269,
              45.22781978279175
            ],
            [
              -101.12034094872237,
              45.22966917843382
            ],
            [
              -101.12110810590735,
              45.23087730132561
            ],
            [
              -101.12181301312543,
              45.23187525357959
            ]
          ]
        ]
      },
      "properties": {
        "hail_size_bin": "0.5\"",
        "min_size_inches": 0.5
      }
    },
    {
      "type": "Feature",
      "geometry": {
        "type": "Polygon",
        "coordinates": [
          [
            [
              -110.4477289829835,
              28.90249857629739
            ],
            [
              -110.4470365720892,
              28.90371911438663
            ],
            [
              -110.41856663335966,
              28.951162232743673
            ],
            [
              -110.41777409474982,
              28.952411347501688
            ],
            [
              -110.4171896948866,
              28.9525657216669
            ],
            [
              -110.41276573492091,
              28.953614167905116
            ],
            [
              -110.40717481311913,
              28.955229128453393
            ],
            [
              -110.40166876153778,
              28.957113246323786
            ],
            [
              -110.39626052953231,
              28.959262090371457
            ],
            [
              -110.39096283640218,
              28.9616706068578
            ],
            [
              -110.38578814147698,
              28.964333131336033
            ],
            [
              -110.38074861481417,
              28.967243401973082
            ],
            [
              -110.37585610857698,
              28.9703945742764
            ],
            [
              -110.37112212916007,
              28.973779237191128
            ],
            [
              -110.36655781012827,
              28.97738943052972
            ],
            [
              -110.36217388603224,
              28.981216663693026
            ],
            [
              -110.35798066716251,
              28.985251935638832
            ],
            [
              -110.35398801530133,
              28.98948575605088
            ],
            [
              -110.3502053205293,
              28.993908167658564
            ],
            [
              -110.34664147914147,
              28.99850876965487
            ],
            [
              -110.34330487272456,
              29.003276742157382
            ],
            [
              -110.3402033484449,
              29.008200871654953
            ],
            [
              -110.33734420059314,
              29.01326957738007
            ],
            [
              -110.33473415342915,
              29.01847093854498
            ],
            [
              -110.33237934536777,
              29.0237927223775
            ],
            [
              -110.33028531454208,
              29.02922241289052
            ],
            [
              -110.32845698577876,
              29.034747240317625
            ],
            [
              -110.32689865901555,
              29.040354211145544
            ],
            [
              -110.32561399918856,
              29.04603013867283
            ],
            [
              -110.32460602761287,
              29.051761674022863
            ],
            [
              -110.32387711487694,
              29.057535337538297
            ],
            [
              -110.3234289752673,
              29.06333755048306
            ],
            [
              -110.32326266273687,
              29.06915466697736
            ],
            [
              -110.3233785684262,
              29.07497300609065
            ],
            [
              -110.32377641974358,
              29.080778884016972
            ],
            [
              -110.32445528100617,
              29.086558646257085
            ],
            [
              -110.32541355564048,
              29.09229869973169
            ],
            [
              -110.32664898993737,
              29.097985544750163
            ],
            [
              -110.32815867835235,
              29.103605806759692
            ],
            [
              -110.32993907033894,
              29.10914626780009
            ],
            [
              -110.33198597869905,
              29.114593897590314
            ],
            [
              -110.33429458943057,
              29.119935884173636
            ],
            [
              -110.33685947304913,
              29.1251596640493
            ],
            [
              -110.33967459735736,
              29.130252951719875
            ],
            [
              -110.34273334163174,
              29.1352037685848
            ],
            [
              -110.34602851219339,
              29.14000047111214
            ],
            [
              -110.34772774794565,
              29.142349843377453
            ],
            [
              -110.34632394672242,
              29.142302042899384
            ],
            [
              -110.17929125807112,
              29.132477994462405
            ],
            [
              -110.17784371007401,
              29.132357411969526
            ],
            [
              -110.17666250671358,
              29.131515176926825
            ],
            [
              -110.05902485085964,
              29.043299540872113
            ],
            [
              -110.05792699533261,
              29.04243346386849
            ],
            [
              -110.05927483724756,
              29.042061511470255
            ],
            [
              -110.14846145895734,
              29.019768041734487
            ],
            [
              -110.15421481047221,
              29.018176870939403
            ],
            [
              -110.15988191628577,
              29.016301560338267
            ],
            [
              -110.16544875311392,
              29.014146750397337
            ],
            [
              -110.17090154578871,
              29.011717773205508
            ],
            [
              -110.1762268013451,
              29.009020639280024
            ],
            [
              -110.18141134240929,
              29.006062022693424
            ],
            [
              -110.18644233980628,
              29.002849244558508
            ],
            [
              -110.19130734430571,
              28.999390254912207
            ],
            [
              -110.19599431742756,
              28.99569361304317
            ],
            [
              -110.20049166123137,
              28.99176846631177
            ],
            [
              -110.20478824701551,
              28.987624527514892
            ],
            [
              -110.20887344285515,
              28.983272050851582
            ],
            [
              -110.21273713991098,
              28.97872180654897
            ],
            [
              -110.21636977744369,
              28.973985054211266
            ],
            [
              -110.21976236647198,
              28.96907351495785
            ],
            [
              -110.2229065120159,
              28.963999342419253
            ],
            [
              -110.22579443387022,
              28.95877509266296
            ],
            [
              -110.22841898585665,
              28.953413693123355
            ],
            [
              -110.23077367350706,
              28.94792841061269
            ],
            [
              -110.23285267013405,
              28.942332818492307
            ],
            [
              -110.23465083124923,
              28.93664076308528
            ],
            [
              -110.23616370729312,
              28.930866329413604
            ],
            [
              -110.23738755464575,
              28.92502380634474
            ],
            [
              -110.23785400931592,
              28.922483694191328
            ],
            [
              -110.23928208031059,
              28.922313273696503
            ],
            [
              -110.44632915442634,
              28.902597322102658
            ],
            [
              -110.4477289829835,
              28.90249857629739
            ]
          ]
        ]
      },
      "properties": {
        "hail_size_bin": "0.5\"",
        "min_size_inches": 0.5
      }
    },
    {
      "type": "Feature",
      "geometry": {
        "type": "Polygon",
        "coordinates": [
          [
            [
              -110.9976569972129,
              33.55119359339936
            ],
            [
              -110.99722659783762,
              33.55251230705274
            ],
            [
              -110.938215437429,
              33.719686705994114
            ],
            [
              -110.93770951184239,
              33.72101478520684
            ],
            [
              -110.93673446299347,
              33.71998194419592
            ],
            [
              -110.84872246581155,
              33.62220480837073
            ],
            [
              -110.84779394566027,
              33.62112086078521
            ],
            [
              -110.8490721077462,
              33.62048587640663
            ],
            [
              -110.99638563743147,
              33.55174938485895
            ],
            [
              -110.9976569972129,
              33.55119359339936
            ]
          ]
        ]
      },
      "properties": {
        "hail_size_bin": "0.5\"",
        "min_size_inches": 0.5
      }
    },
    {
      "type": "Feature",
      "geometry": {
        "type": "Polygon",
        "coordinates": [
          [
            [
              -111.517587450312,
              46.197561045606015
            ],
            [
              -111.5171193896987,
              46.19890404072238
            ],
            [
              -111.4881577739101,
              46.27612398158551
            ],
            [
              -111.48762477569244,
              46.277446283295326
            ],
            [
              -111.48629642375872,
              46.276929928481806
            ],
            [
              -111.36901977101839,
              46.22807163825741
            ],
            [
              -111.36777570361781,
              46.22751718370761
            ],
            [
              -111.36910433423776,
              46.22721753139758
            ],
            [
              -111.51618532198466,
              46.197805536762665
            ],
            [
              -111.517587450312,
              46.197561045606015
            ]
          ]
        ]
      },
      "properties": {
        "hail_size_bin": "0.5\"",
        "min_size_inches": 0.5
      }
    },
    {
      "type": "Feature",
      "geometry": {
        "type": "Polygon",
        "coordinates": [
          [
            [
              -115.81695466269531,
              54.715120676579545
            ],
            [
              -115.81616474851899,
              54.71628575497463
            ],
            [
              -115.76788528372683,
              54.78386734841081
            ],
            [
              -115.76701552719436,
              54.78502402420425
            ],
            [
              -115.76557884710395,
              54.78487822989914
            ],
            [
              -115.44853590689164,
              54.745253524662736
            ],
            [
              -115.44736153845625,
              54.745077468880886
            ],
            [
              -115.44854244050767,
              54.74495279428697
            ],
            [
              -115.8155491466608,
              54.715199745438504
            ],
            [
              -115.81695466269531,
              54.715120676579545
            ]
          ]
        ]
      },
      "properties": {
        "hail_size_bin": "0.5\"",
        "min_size_inches": 0.5
      }
    },
    {
      "type": "Feature",
      "geometry": {
        "type": "Polygon",
        "coordinates": [
          [
            [
              -117.49673034940315,
              53.80531169372595
            ],
            [
              -117.4953214173342,
              53.80550582020696
            ],
            [
              -116.43844973305707,
              53.92513457655018
            ],
            [
              -116.43694452272145,
              53.92526639009189
            ],
            [
              -116.43563751003461,
              53.92451454124395
            ],
            [
              -116.20823064699856,
              53.78611274977512
            ],
            [
              -116.20706262125898,
              53.78536191719254
            ],
            [
              -116.20842043834843,
              53.78507390438783
            ],
            [
              -116.68534168552151,
              53.69566394704472
            ],
            [
              -116.68690735398819,
              53.6954130975652
            ],
            [
              -116.68848856247061,
              53.695413216422224
            ],
            [
              -116.69454472862193,
              53.69557256644489
            ],
            [
              -116.70051551457938,
              53.69558107537472
            ],
            [
              -116.70647933278632,
              53.69529257971402
            ],
            [
              -116.71242141850313,
              53.69470779369706
            ],
            [
              -116.71832706079377,
              53.69382816508985
            ],
            [
              -116.72418163894585,
              53.692655871605865
            ],
            [
              -116.72997065866751,
              53.69119381551467
            ],
            [
              -116.73567978797112,
              53.68944561645669
            ],
            [
              -116.74129489265528,
              53.687415602482
            ],
            [
              -116.7468020712972,
              53.68510879933529
            ],
            [
              -116.75218768966862,
              53.682530918013555
            ],
            [
              -116.75743841449041,
              53.67968834062722
            ],
            [
              -116.76254124644203,
              53.67658810459989
            ],
            [
              -116.76748355234409,
              53.673237885245584
            ],
            [
              -116.77225309643471,
              53.6696459767669
            ],
            [
              -116.77683807066171,
              53.665821271720844
            ],
            [
              -116.78122712391608,
              53.66177323900336
            ],
            [
              -116.78540939013415,
              53.65751190040701
            ],
            [
              -116.7893745151989,
              53.653047805809834
            ],
            [
              -116.79311268257382,
              53.64839200705681
            ],
            [
              -116.79661463760594,
              53.64355603059858
            ],
            [
              -116.79987171043776,
              53.63855184895521
            ],
            [
              -116.8028758374713,
              53.63339185107558
            ],
            [
              -116.80561958133144,
              53.62808881166581
            ],
            [
              -116.80692974655959,
              53.6253943513943
            ],
            [
              -116.80787230416416,
              53.62428052967325
            ],
            [
              -116.88589603502794,
              53.536516373771654
            ],
            [
              -116.88686347515544,
              53.53548044493538
            ],
            [
              -116.88745266177068,
              53.536768994865376
            ],
            [
              -116.91629524433536,
              53.604058738614825
            ],
            [
              -116.91683581855902,
              53.60540951574649
            ],
            [
              -116.91708683049035,
              53.60674231166324
            ],
            [
              -116.91830430949264,
              53.61243282442648
            ],
            [
              -116.91979623222473,
              53.61805762283985
            ],
            [
              -116.92155909016189,
              53.62360347917796
            ],
            [
              -116.92358873762655,
              53.6290573513619
            ],
            [
              -116.92588040153753,
              53.63440641363007
            ],
            [
              -116.92842869263488,
              53.639638086700195
            ],
            [
              -116.93122761815364,
              53.64474006735187
            ],
            [
              -116.9342705959169,
              53.649700357359706
            ],
            [
              -116.93755046981502,
              53.65450729170938
            ],
            [
              -116.94105952663443,
              53.659149566029974
            ],
            [
              -116.94478951419676,
              53.66361626317826
            ],
            [
              -116.94873166076519,
              53.66789687891231
            ],
            [
              -116.95287669567287,
              53.671981346594116
            ],
            [
              -116.95721487112449,
              53.675860060863116
            ],
            [
              -116.96173598512001,
              53.67952390022491
            ],
            [
              -116.96642940544652,
              53.68296424850209
            ],
            [
              -116.97128409468175,
              53.68617301509675
            ],
            [
              -116.97628863615057,
              53.68914265401696
            ],
            [
              -116.98143126077338,
              53.691866181622565
            ],
            [
              -116.98669987474318,
              53.69433719304841
            ],
            [
              -116.99208208796641,
              53.69654987726659
            ],
            [
              -116.99756524320036,
              53.69849903075209
            ],
            [
              -117.00313644581905,
              53.70018006971982
            ],
            [
              -117.00878259413724,
              53.70158904090423
            ],
            [
              -117.01449041022141,
              53.702722630856094
            ],
            [
              -117.02024647111514,
              53.7035781737347
            ],
            [
              -117.02603724040573,
              53.70415365757706
            ],
            [
              -117.03184910005739,
              53.704447729029376
            ],
            [
              -117.44531175140102,
              53.71532677052437
            ],
            [
              -117.44677324854102,
              53.715401377901635
            ],
            [
              -117.44751300597824,
              53.716661188216854
            ],
            [
              -117.49607015217819,
              53.804051563469145
            ],
            [
              -117.49673034940315,
              53.80531169372595
            ]
          ]
        ]
      },
      "properties": {
        "hail_size_bin": "0.5\"",
        "min_size_inches": 0.5
      }
    },
    {
      "type": "Feature",
      "geometry": {
        "type": "Polygon",
        "coordinates": [
          [
            [
              -116.53682773443768,
              52.98562603488355
            ],
            [
              -116.53590805406958,
              52.98664577699543
            ],
            [
              -116.35795007473578,
              53.174463471968394
            ],
            [
              -116.35695329045743,
              53.17546563610643
            ],
            [
              -116.35614149426571,
              53.17430902473762
            ],
            [
              -116.3377558859946,
              53.146734552667155
            ],
            [
              -116.33699201606576,
              53.14552668876187
            ],
            [
              -116.33773567716551,
              53.14430946335498
            ],
            [
              -116.42615674878738,
              53.00678522610044
            ],
            [
              -116.42696168085347,
              53.00559724243859
            ],
            [
              -116.42836199778404,
              53.005309930954645
            ],
            [
              -116.53547104293638,
              52.98583834155946
            ],
            [
              -116.53682773443768,
              52.98562603488355
            ]
          ]
        ]
      },
      "properties": {
        "hail_size_bin": "0.5\"",
        "min_size_inches": 0.5
      }
    }
  ]
}