{
  "type": "FeatureCollection",
  "features": [
    {
      "type": "Feature",
      "geometry": {
        "type": "Polygon",
        "coordinates": [
          [
            [
              -93.45011323305017,
              51.15604708608021
            ],
            [
              -93.44877451224987,
              51.15586865987782
            ],
            [
              -93.2617015594844,
              51.12633504552432
            ],
            [
              -93.2603104455984,
              51.12608035658075
            ],
            [
              -93.26113165425583,
              51.124929948736835
            ],
            [
              -93.28935560665485,
              51.087303388963996
            ],
            [
              -93.29026284089592,
              51.0861542053289
            ],
            [
              -93.29171901254871,
              51.08628097317384
            ],
            [
              -93.3787467526021,
              51.09594934047856
            ],
            [
              -93.3802181193214,
              51.09615002173205
            ],
            [
              -93.3813675278709,
              51.09708716072014
            ],
            [
              -93.44910941598388,
              51.155143340135076
            ],
            [
              -93.45011323305017,
              51.15604708608021
            ]
          ]
        ]
      },
      "properties": {
        "hail_size_bin": "1.5\"",
        "min_size_inches": 1.5
      }
    },
    {
      "type": "Feature",
      "geometry": {
        "type": "Polygon",
        "coordinates": [
          [
            [
              -81.18191927904644,
              22.204350730347283
            ],
            [
              -81.18054730845844,
              22.204729407721953
            ],
            [
              -81.06339376396129,
              22.234013609193152
            ],
            [
              -81.06200372174307,
              22.23432573262426
            ],
            [
              -81.06105298016796,
              22.23326746228803
            ],
            [
              -81.00295003078575,
              22.165490373217573
            ],
            [
              -81.0020671807353,
              22.16440841512464
            ],
            [
              -81.0034442923634,
              22.164177697399083
            ],
            [
              -81.1405291865042,
              22.144596939143955
            ],
            [
              -81.14196435341833,
              22.144427629802838
            ],
            [
              -81.14279519335203,
              22.145610031903686
            ],
            [
              -81.18115890364419,
              22.20314737537207
            ],
            [
              -81.18191927904644,
              22.204350730347283
            ]
          ]
        ]
      },
      "properties": {
        "hail_size_bin": "1.0\"",
        "min_size_inches": 1.0
      }
    },
    {
      "type": "Feature",
      "geometry": {
        "type": "Polygon",
        "coordinates": [
          [
            [
              -90.40061509968389,
              50.94610634619517
            ],
            [
              -90.39924597095956,
              50.94568655805819
            ],
            [
              -90.31206862489137,
              50.91663159459756
            ],
            [
              -90.31069226095524,
              50.91613501197222
            ],
            [
              -90.30982630643,
              50.91495910676699
            ],
            [
              -90.24152889701305,
              50.817405319267166
            ],
            [
              -90.24077332889372,
              50.81626742499181
            ],
            [
              -90.24205361735164,
              50.81674331924479
            ],
            [
              -90.3892689813273,
              50.87562105132638
            ],
            [
              -90.39062773086098,
              50.8762042215424
            ],
            [
              -90.39087155706831,
              50.87766002616535
            ],
            [
              -90.40044771406149,
              50.944683547592156
            ],
            [
              -90.40061509968389,
              50.94610634619517
            ]
          ]
        ]
      },
      "properties": {
        "hail_size_bin": "1.0\"",
        "min_size_inches": 1.0
      }
    },
    {
      "type": "Feature",
      "geometry": {
        "type": "Polygon",
        "coordinates": [
          [
            [
              -93.88992161044149,
              51.33598143562141
            ],
            [
              -93.88870145905491,
              51.335837542321165
            ],
            [
              -93.61165754659554,
              51.296265495306635
            ],
            [
              -93.61022311634049,
              51.29602454689966
            ],
            [
              -93.6099369023429,
              51.295387334175096
            ],
            [
              -93.60812957121311,
              51.29109909804173
            ],
            [
              -93.6054850688177,
              51.28561875122964
            ],
            [
              -93.60256615510623,
              51.280279506260065
            ],
            [
              -93.59938033565872,
              51.27509509225769
            ],
            [
              -93.5959358023661,
              51.270078840220954
            ],
            [
              -93.59224141236592,
              51.265243648743194
            ],
            [
              -93.58830666526742,
              51.26060195084577
            ],
            [
              -93.58414167872469,
              51.25616568200823
            ],
            [
              -93.57975716242042,
              51.25194624947794
            ],
            [
              -93.57516439052753,
              51.24795450293789
            ],
            [
              -93.5703751727192,
              51.24420070660825
            ],
            [
              -93.56540182380188,
              51.24069451285338
            ],
            [
              -93.56025713204951,
              51.237444937362135
            ],
            [
              -93.55495432632031,
              51.23446033596522
            ],
            [
              -93.54950704204055,
              51.231748383149366
            ],
            [
              -93.45077673032338,
              51.18568082064275
            ],
            [
              -93.44537659190996,
              51.18332080729661
            ],
            [
              -93.43986709819303,
              51.18122876598219
            ],
            [
              -93.43426153744316,
              51.179409742464586
            ],
            [
              -93.42857342963364,
              51.17786812402107
            ],
            [
              -93.42281649383186,
              51.176607628859536
            ],
            [
              -93.41700461511047,
              51.175631297150574
            ],
            [
              -93.28171017740195,
              51.15630628184062
            ],
            [
              -93.28028060233305,
              51.15606601342398
            ],
            [
              -93.28024676342858,
              51.15461898544635
            ],
            [
              -93.28024676342858,
              51.07760174057427
            ],
            [
              -93.28028216538385,
              51.07616832228063
            ],
            [
              -93.2816596370578,
              51.07656621887198
            ],
            [
              -93.46881445461821,
              51.135659295925805
            ],
            [
              -93.47019466587126,
              51.13613266277337
            ],
            [
              -93.47043464311582,
              51.13656813439391
            ],
            [
              -93.47346765047592,
              51.141759832511
            ],
            [
              -93.47675690427408,
              51.146793089154244
            ],
            [
              -93.48029414645876,
              51.15165526775158
            ],
            [
              -93.48407049637495,
              51.15633416124213
            ],
            [
              -93.48807647306009,
              51.16081802272345
            ],
            [
              -93.49230201904707,
              51.16509559494345
            ],
            [
              -93.49673652561471,
              51.169156138563096
            ],
            [
              -93.50136885942213,
              51.172989459118696
            ],
            [
              -93.50618739046038,
              51.1765859326163
            ],
            [
              -93.51118002125078,
              51.17993652969385
            ],
            [
              -93.51633421721719,
              51.18303283829044
            ],
            [
              -93.52163703815539,
              51.18586708476577
            ],
            [
              -93.527075170721,
              51.18843215341674
            ],
            [
              -93.53263496185421,
              51.19072160434228
            ],
            [
              -93.53830245305733,
              51.19272968961144
            ],
            [
              -93.54406341543913,
              51.19445136769425
            ],
            [
              -93.54990338543828,
              51.195882316119054
            ],
            [
              -93.55580770113566,
              51.19701894232458
            ],
            [
              -93.60875570653202,
              51.20584234904369
            ],
            [
              -93.6101831678824,
              51.20611616953807
            ],
            [
              -93.6113163504772,
              51.20746921917837
            ],
            [
              -93.61517060034808,
              51.21184173556234
            ],
            [
              -93.61923262617454,
              51.21602193744509
            ],
            [
              -93.62349284435648,
              51.21999996241201
            ],
            [
              -93.62794120369563,
              51.22376642504758
            ],
            [
              -93.63256720910933,
              51.22731243907853
            ],
            [
              -93.63735994639183,
              51.2306296383394
            ],
            [
              -93.64230810796428,
              51.23371019651093
            ],
            [
              -93.64740001955296,
              51.236546845584805
            ],
            [
              -93.6526236677325,
              51.239132893011224
            ],
            [
              -93.65796672826936,
              51.2414622374887
            ],
            [
              -93.8887954934447,
              51.33549014986558
            ],
            [
              -93.88992161044149,
              51.33598143562141
            ]
          ]
        ]
      },
      "properties": {
        "hail_size_bin": "1.0\"",
        "min_size_inches": 1.0
      }
    },
    {
      "type": "Feature",
      "geometry": {
        "type": "Polygon",
        "coordinates": [
          [
            [
              -117.07678009312198,
              43.49829725539124
            ],
            [
              -117.0757120281632,
              43.499230953885764
            ],
            [
              -117.01801476558998,
              43.547305136326784
            ],
            [
              -117.01684288935148,
              43.54823261080118
            ],
            [
              -117.01535385464098,
              43.548105023769885
            ],
            [
              -116.92832368618078,
              43.53843638668076
            ],
            [
              -116.92696946166582,
              43.53825236602231
            ],
            [
              -116.92812390110063,
              43.537520889959424
            ],
            [
              -117.02560639672588,
              43.479039749420835
            ],
            [
              -117.02685642498517,
              43.47833044933472
            ],
            [
              -117.02820324764701,
              43.47883168853236
            ],
            [
              -117.07547551090921,
              43.497737892179025
            ],
            [
              -117.07678009312198,
              43.49829725539124
            ]
          ]
        ]
      },
      "properties": {
        "hail_size_bin": "1.0\"",
        "min_size_inches": 1.0
      }
    },
    {
      "type": "Feature",
      "geometry": {
        "type": "Polygon",
        "coordinates": [
          [
            [
              -64.9942347644355,
              49.496576964579454
            ],
            [
              -64.99323664535156,
              49.49762379029055
            ],
            [
              -64.9053268253498,
              49.58552104995189
            ],
            [
              -64.90429605639194,
              49.58650304569684
            ],
            [
              -64.90304336993559,
              49.585826834426044
            ],
            [
              -64.83560319427235,
              49.547295097297116
            ],
            [
              -64.83436653164628,
              49.54654728330479
            ],
            [
              -64.8353068523626,
              49.545451911681624
            ],
            [
              -64.92332346509738,
              49.44766964819709
            ],
            [
              -64.92430405582937,
              49.44663210997658
            ],
            [
              -64.92548561628577,
              49.447433333185394
            ],
            [
              -64.99307798574748,
              49.4957066989204
            ],
            [
              -64.9942347644355,
              49.496576964579454
            ]
          ]
        ]
      },
      "properties": {
        "hail_size_bin": "0.5\"",
        "min_size_inches": 0.5
      }
    },
    {
      "type": "Feature",
      "geometry": {
        "type": "Polygon",
        "coordinates": [
          [
            [
              -79.53217033746218,
              21.804532693542974
            ],
            [
              -79.53200376152554,
              21.805940218468223
            ],
            [
              -79.52242574501133,
              21.872976754682366
            ],
            [
              -79.52217580707129,
              21.874459452690157
            ],
            [
              -79.52174653704151,
              21.875305610453477
            ],
            [
              -79.51925653978194,
              21.880542588502177
            ],
            [
              -79.51702244391498,
              21.885893741751012
            ],
            [
              -79.51504946636874,
              21.891346574504475
            ],
            [
              -79.51334221432327,
              21.89688835363112
            ],
            [
              -79.51190467445224,
              21.9025061382972
            ],
            [
              -79.51074020361345,
              21.908186810185352
            ],
            [
              -79.50985152101009,
              21.913917104127705
            ],
            [
              -79.50924070184105,
              21.919683639081903
            ],
            [
              -79.508909172455,
              21.925472949377735
            ],
            [
              -79.50885770701969,
              21.931271516161363
            ],
            [
              -79.50908642571413,
              21.937065798963754
            ],
            [
              -79.50959479444802,
              21.942842267319563
            ],
            [
              -79.51038162610885,
              21.948587432362686
            ],
            [
              -79.51144508333402,
              21.954287878324667
            ],
            [
              -79.51278268280136,
              21.959930293862385
            ],
            [
              -79.51439130102791,
              21.965501503141923
            ],
            [
              -79.51626718166392,
              21.970988496605994
            ],
            [
              -79.5184059442642,
              21.976378461353082
            ],
            [
              -79.52080259451728,
              21.98165881105738
            ],
            [
              -79.52216416558106,
              21.984475746394494
            ],
            [
              -79.52174475636394,
              21.985839371973295
            ],
            [
              -79.51268834859697,
              22.013004713401962
            ],
            [
              -79.51218768527644,
              22.014390148081947
            ],
            [
              -79.51071541828692,
              22.014426656857147
            ],
            [
              -79.41368407942697,
              22.014426656857147
            ],
            [
              -79.41227857118788,
              22.014392556760665
            ],
            [
              -79.41281978976072,
              22.01309664359462
            ],
            [
              -79.42033185359267,
              21.996196914909714
            ],
            [
              -79.42261063006893,
              21.990708087215403
            ],
            [
              -79.42461485795192,
              21.985113167888052
            ],
            [
              -79.42633962130884,
              21.979425880041536
            ],
            [
              -79.42778068967229,
              21.97366017334951
            ],
            [
              -79.4289345284166,
              21.967830189829925
            ],
            [
              -79.42979830742762,
              21.961950229157722
            ],
            [
              -79.43036990804428,
              21.956034713590878
            ],
            [
              -79.43064792825524,
              21.950098152595753
            ],
            [
              -79.43063168613772,
              21.944155107258542
            ],
            [
              -79.43032122153005,
              21.93822015457011
            ],
            [
              -79.42971729593407,
              21.932307851671826
            ],
            [
              -79.42882139064722,
              21.926432700150077
            ],
            [
              -79.42763570312927,
              21.92060911046704
            ],
            [
              -79.42616314161249,
              21.91485136661499
            ],
            [
              -79.42440731796835,
              21.90917359108075
            ],
            [
              -79.42237253884832,
              21.903589710206372
            ],
            [
              -79.42006379512075,
              21.898113420030807
            ],
            [
              -79.41748674962923,
              21.89275815269657
            ],
            [
              -79.41464772330293,
              21.887537043503585
            ],
            [
              -79.4115536796527,
              21.882462898691198
            ],
            [
              -79.40821220769118,
              21.877548164027267
            ],
            [
              -79.40463150331851,
              21.87280489428139
            ],
            [
              -79.40082034921969,
              21.868244723657227
            ],
            [
              -79.39678809332244,
              21.86387883725631
            ],
            [
              -79.39254462586892,
              21.859717943643457
            ],
            [
              -79.38810035515704,
              21.855772248580987
            ],
            [
              -79.38346618201116,
              21.852051429996237
            ],
            [
              -79.37865347304485,
              21.848564614243703
            ],
            [
              -79.37367403278098,
              21.845320353720087
            ],
            [
              -79.3723238006009,
              21.844487521932628
            ],
            [
              -79.3736705847853,
              21.84411621417819
            ],
            [
              -79.53078695321058,
              21.80484273417263
            ],
            [
              -79.53217033746218,
              21.804532693542974
            ]
          ]
        ]
      },
      "properties": {
        "hail_size_bin": "0.5\"",
        "min_size_inches": 0.5
      }
    },
    {
      "type": "Feature",
      "geometry": {
        "type": "Polygon",
        "coordinates": [
          [
            [
              -81.38189556472256,
              22.154424699663956
            ],
            [
              -81.3814257076955,
              22.15577684282336
            ],
            [
              -81.35247305678924,
              22.232972880749212
            ],
            [
              -81.35192412292726,
              22.234333095621867
            ],
            [
              -81.350487830553,
              22.234618289139387
            ],
            [
              -81.12344801805756,
              22.274097832374427
            ],
            [
              -81.12199302284246,
              22.274313874134478
            ],
            [
              -81.12077520750391,
              22.273488882667998
            ],
            [
              -80.98321104296662,
              22.175242804307
            ],
            [
              -80.98210201309244,
              22.17440861134964
            ],
            [
              -80.98348535919288,
              22.174306893506884
            ],
            [
              -81.38046420567082,
              22.154460787151397
            ],
            [
              -81.38189556472256,
              22.154424699663956
            ]
          ]
        ]
      },
      "properties": {
        "hail_size_bin": "0.5\"",
        "min_size_inches": 0.5
      }
    },
    {
      "type": "Feature",
      "geometry": {
        "type": "Polygon",
        "coordinates": [
          [
            [
              -82.94157309421422,
              22.734205146947563
            ],
            [
              -82.94025371479144,
              22.73438073469819
            ],
            [
              -82.48326138884836,
              22.784046716436823
            ],
            [
              -82.48183614932645,
              22.784166127245143
            ],
            [
              -82.48214896026387,
              22.782770715563004
            ],
            [
              -82.49143384422037,
              22.745636486143194
            ],
            [
              -82.4918180598994,
              22.744244853694063
            ],
            [
              -82.4932038094578,
              22.743851184990195
            ],
            [
              -82.76035750646426,
              22.674599011391305
            ],
            [
              -82.76174916368564,
              22.674273653479634
            ],
            [
              -82.76311456139968,
              22.67469288166488
            ],
            [
              -82.9403209408813,
              22.733753235220505
            ],
            [
              -82.94157309421422,
              22.734205146947563
            ]
          ]
        ]
      },
      "properties": {
        "hail_size_bin": "0.5\"",
        "min_size_inches": 0.5
      }
    },
    {
      "type": "Feature",
      "geometry": {
        "type": "Polygon",
        "coordinates": [
          [
            [
              -83.42148463117029,
              49.1565858413122
            ],
            [
              -83.42023752747572,
              49.15624337234093
            ],
            [
              -83.22308355095343,
              49.09710563004787
            ],
            [
              -83.22171634825524,
              49.09665896978529
            ],
            [
              -83.2215228354933,
              49.09523386635854
            ],
            [
              -83.22141884825685,
              49.094298114947435
            ],
            [
              -83.22062764637585,
              49.08847927403995
            ],
            [
              -83.21955272315913,
              49.082706107664265
            ],
            [
              -83.21819665281713,
              49.07699244131499
            ],
            [
              -83.21656268284733,
              49.07135195799697
            ],
            [
              -83.21465472625717,
              49.06579816545734
            ],
            [
              -83.21247735219326,
              49.06034436383746
            ],
            [
              -83.21003577499924,
              49.05500361382189
            ],
            [
              -83.20733584172856,
              49.04978870536085
            ],
            [
              -83.20438401814202,
              49.04471212704104
            ],
            [
              -83.20118737322369,
              49.039786036178164
            ],
            [
              -83.19775356225219,
              49.035022229702754
            ],
            [
              -83.19409080846793,
              49.030432115909065
            ],
            [
              -83.19020788338024,
              49.02602668713464
            ],
            [
              -83.18611408576146,
              49.021816493436035
            ],
            [
              -83.18181921937844,
              49.01781161732371
            ],
            [
              -83.1773335695145,
              49.014021649616545
            ],
            [
              -83.17266787833852,
              49.010455666473916
            ],
            [
              -83.16783331917964,
              49.00712220766023
            ],
            [
              -83.16284146976963,
              49.00402925609402
            ],
            [
              -83.15770428451661,
              49.001184218730586
            ],
            [
              -83.15243406587689,
              48.99859390882389
            ],
            [
              -83.06338318599026,
              48.95749937504803
            ],
            [
              -83.0600816579601,
              48.955850797884096
            ],
            [
              -82.93303022015806,
              48.88744825980563
            ],
            [
              -82.93253525722056,
              48.8871657989699
            ],
            [
              -82.93305089413747,
              48.88740842596495
            ],
            [
              -83.1473757517468,
              48.99455554366348
            ],
            [
              -83.1528421818918,
              48.997118567242765
            ],
            [
              -83.15843060391158,
              48.99940340590816
            ],
            [
              -83.16412687174486,
              49.00140427601132
            ],
            [
              -83.1699165663385,
              49.00311611271801
            ],
            [
              -83.17578503214678,
              49.00453458282883
            ],
            [
              -83.18171741422908,
              49.00565609574788
            ],
            [
              -83.18769869585257,
              49.006477812571724
            ],
            [
              -83.19371373650421,
              49.00699765327554
            ],
            [
              -83.19974731021618,
              49.007214301978294
            ],
            [
              -83.20578414410764,
              49.0071272102737
            ],
            [
              -83.21155974346287,
              49.00675275608765
            ],
            [
              -83.21167740756675,
              49.006747937327496
            ],
            [
              -83.21288122761044,
              49.007565481295636
            ],
            [
              -83.42045081705048,
              49.15580829015561
            ],
            [
              -83.42148463117029,
              49.1565858413122
            ]
          ]
        ]
      },
      "properties": {
        "hail_size_bin": "0.5\"",
        "min_size_inches": 0.5
      }
    },
    {
      "type": "Feature",
      "geometry": {
        "type": "Polygon",
        "coordinates": [
          [
            [
              -90.79050930810014,
              51.04612237932654
            ],
            [
              -90.78919999891428,
              51.0465293555857
            ],
            [
              -90.65201356256492,
              51.085719880010366
            ],
            [
              -90.6506334782069,
              51.08607838384108
            ],
            [
              -90.64975447968068,
              51.08495998904038
            ],
            [
              -90.58909272473572,
              51.00408920538498
            ],
            [
              -90.58541247999693,
              50.99942783926409
            ],
            [
              -90.58150611181053,
              50.99495426987907
            ],
            [
              -90.57738318875359,
              50.99067945515595
            ],
            [
              -90.5730538098504,
              50.986613866174864
            ],
            [
              -90.56852857983507,
              50.982767461521334
            ],
            [
              -90.56381858317538,
              50.97914966289288
            ],
            [
              -90.5589353569216,
              50.975769332020796
            ],
            [
              -90.55389086244672,
              50.97263474896344
            ],
            [
              -90.54869745614732,
              50.96975359182443
            ],
            [
              -90.54336785917668,
              50.96713291794524
            ],
            [
              -90.5379151262847,
              50.9647791466184
            ],
            [
              -90.53235261384042,
              50.962698043363524
            ],
            [
              -90.52669394711585,
              50.960894705804805
            ],
            [
              -90.5209529869112,
              50.95937355118446
            ],
            [
              -90.515143795603,
              50.958138305542796
            ],
            [
              -90.50928060269867,
              50.95719199459131
            ],
            [
              -90.50337776998147,
              50.9565369363013
            ],
            [
              -90.49744975633175,
              50.956174735226
            ],
            [
              -90.49151108230998,
              50.9561062785703
            ],
            [
              -90.49064583648507,
              50.95611771942486
            ],
            [
              -90.48921131348924,
              50.95577484038897
            ],
            [
              -90.15211079239447,
              50.86655509883134
            ],
            [
              -90.15074179805184,
              50.86615674960169
            ],
            [
              -90.15089800623046,
              50.86580950675987
            ],
            [
              -90.15301195688427,
              50.86139694272807
            ],
            [
              -90.15526509011727,
              50.85604331760636
            ],
            [
              -90.15725652496748,
              50.85058693615462
            ],
            [
              -90.15898159568127,
              50.8450405821863
            ],
            [
              -90.16043626057234,
              50.83941725031239
            ],
            [
              -90.16161711149103,
              50.83373011549621
            ],
            [
              -90.1625213818093,
              50.8279925021857
            ],
            [
              -90.16314695290275,
              50.82221785309537
            ],
            [
              -90.16349235911427,
              50.81641969771123
            ],
            [
              -90.16355679118803,
              50.81061162059248
            ],
            [
              -90.16334009816543,
              50.804807229544025
            ],
            [
              -90.16284278773885,
              50.79902012373463
            ],
            [
              -90.1620660250621,
              50.793263861835314
            ],
            [
              -90.16101163002062,
              50.78755193025257
            ],
            [
              -90.16072940890817,
              50.786206363120314
            ],
            [
              -90.16160574509426,
              50.784684896012216
            ],
            [
              -90.16444324440013,
              50.7794508374694
            ],
            [
              -90.16701764696884,
              50.774082483666355
            ],
            [
              -90.1693226156991,
              50.768593049242575
            ],
            [
              -90.17135247672292,
              50.76299604688735
            ],
            [
              -90.17310223337229,
              50.757305254077174
            ],
            [
              -90.17456757847894,
              50.751534679161374
            ],
            [
              -90.17574490497668,
              50.74569852687942
            ],
            [
              -90.17663131478062,
              50.73981116339481
            ],
            [
              -90.17722462592091,
              50.733887080931574
            ],
            [
              -90.17752337791393,
              50.727940862100496
            ],
            [
              -90.17752683535737,
              50.72198714400283
            ],
            [
              -90.17723498974043,
              50.71604058219988
            ],
            [
              -90.17664855946484,
              50.710115814637156
            ],
            [
              -90.1757689880764,
              50.704227425611876
            ],
            [
              -90.17459844071165,
              50.69838990987251
            ],
            [
              -90.1731397987681,
              50.69261763693883
            ],
            [
              -90.17139665281155,
              50.686924815730094
            ],
            [
              -90.16937329373752,
              50.68132545958872
            ],
            [
              -90.16707470220895,
              50.67583335178523
            ],
            [
              -90.1645065363958,
              50.670462011589656
            ],
            [
              -90.1616751180471,
              50.66522466099273
            ],
            [
              -90.15858741692941,
              50.6601341921589
            ],
            [
              -90.15525103367011,
              50.65520313569121
            ],
            [
              -90.15167418104798,
              50.65044362978618
            ],
            [
              -90.14786566377664,
              50.645867390354695
            ],
            [
              -90.13165938919201,
              50.627348579987036
            ],
            [
              -90.13077094126072,
              50.62628201759862
            ],
            [
              -90.13215843450874,
              50.626248696285714
            ],
            [
              -90.20923234963605,
              50.626248696285714
            ],
            [
              -90.21065454273884,
              50.62628314384174
            ],
            [
              -90.21074772438122,
              50.62728055965207
            ],
            [
              -90.2110149798577,
              50.63110639513139
            ],
            [
              -90.2117154027122,
              50.636967581411206
            ],
            [
              -90.21270320702378,
              50.642787232554
            ],
            [
              -90.21397600257377,
              50.64855126658146
            ],
            [
              -90.21553070954192,
              50.65424573609363
            ],
            [
              -90.21736356595879,
              50.6598568620178
            ],
            [
              -90.21947013680865,
              50.66537106695018
            ],
            [
              -90.22184532476106,
              50.67077500800949
            ],
            [
              -90.22448338250499,
              50.676055609123146
            ],
            [
              -90.22737792665573,
              50.6812000926678
            ],
            [
              -90.23052195320106,
              50.68619601038771
            ],
            [
              -90.23390785444893,
              50.691031273516174
            ],
            [
              -90.23752743743609,
              50.69569418202706
            ],
            [
              -90.24137194375282,
              50.70017345294568
            ],
            [
              -90.24543207073593,
              50.70445824765054
            ],
            [
              -90.24969799397864,
              50.70853819809989
            ],
            [
              -90.254159391103,
              50.71240343191953
            ],
            [
              -90.25880546673727,
              50.716044596291326
            ],
            [
              -90.26362497863776,
              50.719452880584456
            ],
            [
              -90.26860626489206,
              50.722620037674766
            ],
            [
              -90.2737372721376,
              50.72553840390057
            ],
            [
              -90.27900558472767,
              50.728200917606664
            ],
            [
              -90.28439845477381,
              50.73060113623156
            ],
            [
              -90.28990283299227,
              50.73273325189678
            ],
            [
              -90.29550540027978,
              50.734592105460344
            ],
            [
              -90.3011925999421,
              50.736173199000476
            ],
            [
              -90.30695067049761,
              50.737472706699386
            ],
            [
              -90.34922672700777,
              50.74592670994148
            ],
            [
              -90.35062750442079,
              50.74624262865273
            ],
            [
              -90.35045608388297,
              50.74871505430654
            ],
            [
              -90.35036613922432,
              50.74967510908068
            ],
            [
              -90.35010534749931,
              50.755599463306
            ],
            [
              -90.35013755118389,
              50.7615294673729
            ],
            [
              -90.35046267163402,
              50.76745063972336
            ],
            [
              -90.35107991487881,
              50.77334852036709
            ],
            [
              -90.35198777355943,
              50.779208706194076
            ],
            [
              -90.35318403061027,
              50.78501688614818
            ],
            [
              -90.35466576467313,
              50.79075887617584
            ],
            [
              -90.35642935723146,
              50.79642065386479
            ],
            [
              -90.35847050144709,
              50.80198839268786
            ],
            [
              -90.3607842126778,
              50.80744849576855
            ],
            [
              -90.36336484065033,
              50.81278762908569
            ],
            [
              -90.36620608325876,
              50.817992754036254
            ],
            [
              -90.36930100195477,
              50.823051159276645
            ],
            [
              -90.37264203869212,
              50.8279504917649
            ],
            [
              -90.37622103438412,
              50.83267878692781
            ],
            [
              -90.38002924882868,
              50.83722449787937
            ],
            [
              -90.38405738205265,
              50.841576523619274
            ],
            [
              -90.38829559702314,
              50.84572423614244
            ],
            [
              -90.39273354367033,
              50.849657506393456
            ],
            [
              -90.39736038416319,
              50.85336672900263
            ],
            [
              -90.40216481937642,
              50.856842845743024
            ],
            [
              -90.40713511648373,
              50.86007736765142
            ],
            [
              -90.41225913761048,
              50.86306239575909
            ],
            [
              -90.48936920450967,
              50.905466873039714
            ],
            [
              -90.49062689257408,
              50.90619880852833
            ],
            [
              -90.49252175966589,
              50.90756355485058
            ],
            [
              -90.4930404981724,
              50.907957530528954
            ],
            [
              -90.49761509514471,
              50.9111090506698
            ],
            [
              -90.50233064284379,
              50.91404548159098
            ],
            [
              -90.50717703591097,
              50.91676053055842
            ],
            [
              -90.5121438885876,
              50.91924837925674
            ],
            [
              -90.51722055697165,
              50.92150369625788
            ],
            [
              -90.5223961618274,
              50.92352164844619
            ],
            [
              -90.52765961189954,
              50.92529791137585
            ],
            [
              -90.53084870812745,
              50.92629253307185
            ],
            [
              -90.53197486265584,
              50.92677911469691
            ],
            [
              -90.78927811319896,
              51.04551749362753
            ],
            [
              -90.79050930810014,
              51.04612237932654
            ]
          ]
        ]
      },
      "properties": {
        "hail_size_bin": "0.5\"",
        "min_size_inches": 0.5
      }
    },
    {
      "type": "Feature",
      "geometry": {
        "type": "Polygon",
        "coordinates": [
          [
            [
              -91.9001775748224,
              51.705910080779596
            ],
            [
              -91.89896069432558,
              51.705940094
            ],
            [
              -91.6419343098142,
              51.705940094
            ],
            [
              -91.64049240018527,
              51.705905165494364
            ],
            [
              -91.63939488195575,
              51.70497470835676
            ],
            [
              -91.551590155756,
              51.62693721424575
            ],
            [
              -91.5506104790246,
              51.62602269529193
            ],
            [
              -91.55192366778702,
              51.626289698068334
            ],
            [
              -91.89899797522358,
              51.70560963368138
            ],
            [
              -91.9001775748224,
              51.705910080779596
            ]
          ]
        ]
      },
      "properties": {
        "hail_size_bin": "0.5\"",
        "min_size_inches": 0.5
      }
    },
    {
      "type": "Feature",
      "geometry": {
        "type": "Polygon",
        "coordinates": [
          [
            [
              -93.20016845129578,
              52.1957382285034
            ],
            [
              -93.19884205492082,
              52.19538054310211
            ],
            [
              -92.9317144526404,
              52.11624293251221
            ],
            [
              -92.93033950143737,
              52.11579846424886
            ],
            [
              -92.93065543077984,
              52.114388514999874
            ],
            [
              -92.93993994173496,
              52.077255777372415
            ],
            [
              -92.94032279304817,
              52.07586936392928
            ],
            [
              -92.94175924112545,
              52.07589535611769
            ],
            [
              -93.17878459958361,
              52.085770001653266
            ],
            [
              -93.18021412547917,
              52.085864867043675
            ],
            [
              -93.17979699207336,
              52.0873799859437
            ],
            [
              -93.17899870321313,
              52.09002560656974
            ],
            [
              -93.1775612613558,
              52.09581593881968
            ],
            [
              -93.17641338727029,
              52.101670558512005
            ],
            [
              -93.17555791829298,
              52.107574994089326
            ],
            [
              -93.17499696898795,
              52.113514650858455
            ],
            [
              -93.1747319259201,
              52.1194748470658
            ],
            [
              -93.17476344422775,
              52.125440850188006
            ],
            [
              -93.17509144600339,
              52.131397913348074
            ],
            [
              -93.17571512048615,
              52.13733131176698
            ],
            [
              -93.17663292606589,
              52.14322637916063
            ],
            [
              -93.17784259409379,
              52.14906854399228
            ],
            [
              -93.17934113449003,
              52.15484336549071
            ],
            [
              -93.18112484313468,
              52.160536569345204
            ],
            [
              -93.1831893110237,
              52.16613408298906
            ],
            [
              -93.18552943516713,
              52.17162207038438
            ],
            [
              -93.18813943120277,
              52.17698696622231
            ],
            [
              -93.1910128476941,
              52.18221550945396
            ],
            [
              -93.19414258207702,
              52.18729477606935
            ],
            [
              -93.19752089821613,
              52.19221221104321
            ],
            [
              -93.19935877626162,
              52.19462143186813
            ],
            [
              -93.20016845129578,
              52.1957382285034
            ]
          ]
        ]
      },
      "properties": {
        "hail_size_bin": "0.5\"",
        "min_size_inches": 0.5
      }
    },
    {
      "type": "Feature",
      "geometry": {
        "type": "Polygon",
        "coordinates": [
          [
            [
              -94.48992103999983,
              51.74586786912922
            ],
            [
              -94.4886247659798,
              51.7456526835829
            ],
            [
              -93.86161288583145,
              51.62623891325488
            ],
            [
              -93.86029972779251,
              51.625955207581335
            ],
            [
              -93.86157371958856,
              51.625529221600495
            ],
            [
              -93.98871831714094,
              51.58641339654119
            ],
            [
              -93.99015446027217,
              51.58601039666053
            ],
            [
              -93.9916309090074,
              51.58612292136064
            ],
            [
              -94.28867950986705,
              51.61582353728873
            ],
            [
              -94.29009088396404,
              51.61599871537644
            ],
            [
              -94.29130150258625,
              51.616745084424444
            ],
            [
              -94.48883698763385,
              51.74512480450337
            ],
            [
              -94.48992103999983,
              51.74586786912922
            ]
          ]
        ]
      },
      "properties": {
        "hail_size_bin": "0.5\"",
        "min_size_inches": 0.5
      }
    },
    {
      "type": "Feature",
      "geometry": {
        "type": "Polygon",
        "coordinates": [
          [
            [
              -94.22998491388216,
              52.515690967207995
            ],
            [
              -94.22864363782229,
              52.51589203910089
            ],
            [
              -94.07171893313182,
              52.53550482455987
            ],
            [
              -94.07013086228113,
              52.535660500233796
            ],
            [
              -94.0685525525774,
              52.53547705525712
            ],
            [
              -93.93162354591291,
              52.515918563459635
            ],
            [
              -93.93038366639209,
              52.51571004313028
            ],
            [
              -93.93162599614229,
              52.515516655577436
            ],
            [
              -94.15867540084139,
              52.48590574717292
            ],
            [
              -94.16011619695509,
              52.48575334039255
            ],
            [
              -94.1614610432344,
              52.486291426475304
            ],
            [
              -94.22875175979884,
              52.515126184574385
            ],
            [
              -94.22998491388216,
              52.515690967207995
            ]
          ]
        ]
      },
      "properties": {
        "hail_size_bin": "0.5\"",
        "min_size_inches": 0.5
      }
    },
    {
      "type": "Feature",
      "geometry": {
        "type": "Polygon",
        "coordinates": [
          [
            [
              -94.68991785911889,
              28.212612295849322
            ],
            [
              -94.68857760912489,
              28.21253765308308
            ],
            [
              -94.44156732318439,
              28.19277965358596
            ],
            [
              -94.44011724447691,
              28.19262731967393
            ],
            [
              -94.440081016,
              28.191169711573114
            ],
            [
              -94.440081016,
              28.144165452598816
            ],
            [
              -94.44011732534943,
              28.142703948503165
            ],
            [
              -94.44154738188283,
              28.142408479257032
            ],
            [
              -94.54858724357528,
              28.122949466875504
            ],
            [
              -94.55006051057003,
              28.122719578416696
            ],
            [
              -94.5513290370963,
              28.123493055263204
            ],
            [
              -94.68880671417277,
              28.21185893465001
            ],
            [
              -94.68991785911889,
              28.212612295849322
            ]
          ]
        ]
      },
      "properties": {
        "hail_size_bin": "0.5\"",
        "min_size_inches": 0.5
      }
    },
    {
      "type": "Feature",
      "geometry": {
        "type": "Polygon",
        "coordinates": [
          [
            [
              -96.93958715114027,
              53.00554680372978
            ],
            [
              -96.93824977675203,
              53.005686533434286
            ],
            [
              -96.69126396555622,
              53.02544257523159
            ],
            [
              -96.68977516240209,
              53.02552404305652
            ],
            [
              -96.68879324491193,
              53.024403545222825
            ],
            [
              -96.59071455662,
              52.906725935164694
            ],
            [
              -96.58981167139183,
              52.905587044011895
            ],
            [
              -96.5901333227615,
              52.903623472458484
            ],
            [
              -96.59049547046165,
              52.90170464049941
            ],
            [
              -96.59130614811077,
              52.89582897598592
            ],
            [
              -96.59182550348554,
              52.88992043118025
            ],
            [
              -96.59205226774912,
              52.88399344124482
            ],
            [
              -96.59198588689387,
              52.87806248640534
            ],
            [
              -96.59162652309483,
              52.87214205657416
            ],
            [
              -96.59097505431347,
              52.86624661595002
            ],
            [
              -96.59003307215283,
              52.8603905676805
            ],
            [
              -96.58880287796896,
              52.85458821867377
            ],
            [
              -96.58728747724857,
              52.84885374464535
            ],
            [
              -96.5854905722663,
              52.84320115548546
            ],
            [
              -96.58341655303964,
              52.83764426103141
            ],
            [
              -96.58107048660382,
              52.832196637328856
            ],
            [
              -96.57845810463238,
              52.82687159346413
            ],
            [
              -96.57558578943421,
              52.82168213904885
            ],
            [
              -96.57246055836092,
              52.81664095243611
            ],
            [
              -96.56909004666277,
              52.811760349746024
            ],
            [
              -96.56548248883492,
              52.807052254776224
            ],
            [
              -96.56164669849984,
              52.80252816987082
            ],
            [
              -96.55759204687472,
              52.79819914781905
            ],
            [
              -96.55332843987658,
              52.794075764852195
            ],
            [
              -96.54886629392124,
              52.79016809480482
            ],
            [
              -96.54421651047491,
              52.78648568450337
            ],
            [
              -96.53939044942088,
              52.783037530442336
            ],
            [
              -96.53439990130612,
              52.77983205680492
            ],
            [
              -96.52925705853586,
              52.77687709488193
            ],
            [
              -96.52397448558632,
              52.77417986393913
            ],
            [
              -96.51856508830845,
              52.77174695357991
            ],
            [
              -96.51304208239762,
              52.76958430764615
            ],
            [
              -96.50741896110638,
              52.767697209696884
            ],
            [
              -96.50170946227917,
              52.76609027010005
            ],
            [
              -96.4998106662236,
              52.765606162827424
            ],
            [
              -96.49912919393596,
              52.76432243946374
            ],
            [
              -96.4404555442403,
              52.646991906368015
            ],
            [
              -96.43982849826094,
              52.64565686448115
            ],
            [
              -96.43951925583323,
              52.644404478955956
            ],
            [
              -96.44389999551058,
              52.64625526935362
            ],
            [
              -96.44937446930679,
              52.648260727902326
            ],
            [
              -96.45493988891414,
              52.64999791871797
            ],
            [
              -96.78833095727248,
              52.74523889993415
            ],
            [
              -96.78967041111054,
              52.74565731763401
            ],
            [
              -96.78926318187499,
              52.7459877360352
            ],
            [
              -96.78554423679547,
              52.74885717990336
            ],
            [
              -96.78106728259158,
              52.75267582268899
            ],
            [
              -96.77678290534878,
              52.75670934017494
            ],
            [
              -96.7727014069568,
              52.760948033669905
            ],
            [
              -96.76883260147817,
              52.76538171113185
            ],
            [
              -96.76518579155017,
              52.76999971167506
            ],
            [
              -96.76176974601631,
              52.77479093120444
            ],
            [
              -96.75859267884154,
              52.77974384911563
            ],
            [
              -96.75566222936143,
              52.78484655599655
            ],
            [
              -96.75298544391335,
              52.79008678226389
            ],
            [
              -96.75056875889325,
              52.795451927665624
            ],
            [
              -96.7484179852793,
              52.800929091578595
            ],
            [
              -96.74653829465917,
              52.806505104028425
            ],
            [
              -96.74493420679488,
              52.812166557357
            ],
            [
              -96.74360957875486,
              52.81789983846154
            ],
            [
              -96.74256759563957,
              52.823691161527606
            ],
            [
              -96.74181076292288,
              52.82952660117745
            ],
            [
              -96.74134090042752,
              52.83539212595393
            ],
            [
              -96.74115913794935,
              52.841273632059476
            ],
            [
              -96.74126591254068,
              52.84715697726902
            ],
            [
              -96.7416609674594,
              52.85302801493533
            ],
            [
              -96.7423433527863,
              52.85887262800496
            ],
            [
              -96.74331142770923,
              52.86467676296304
            ],
            [
              -96.74456286446835,
              52.870426463625336
            ],
            [
              -96.74609465395345,
              52.87610790469617
            ],
            [
              -96.74790311293927,
              52.881707425011754
            ],
            [
              -96.74998389294204,
              52.887211560388735
            ],
            [
              -96.75233199067542,
              52.89260707599918
            ],
            [
              -96.75494176008107,
              52.89788099819403
            ],
            [
              -96.7578069259047,
              52.90302064569859
            ],
            [
              -96.76092059878515,
              52.908013660104906
            ],
            [
              -96.76427529181991,
              52.9128480355879
            ],
            [
              -96.76786293856766,
              52.917512147773664
            ],
            [
              -96.77167491244418,
              52.92199478169054
            ],
            [
              -96.7757020474652,
              52.92628515873581
            ],
            [
              -96.7799346602862,
              52.93037296259308
            ],
            [
              -96.78436257348629,
              52.93424836403816
            ],
            [
              -96.78897514004004,
              52.937902044573626
            ],
            [
              -96.79376126891854,
              52.9413252188354
            ],
            [
              -96.798709451758,
              52.94450965571737
            ],
            [
              -96.80380779053196,
              52.94744769816329
            ],
            [
              -96.80904402616032,
              52.95013228157834
            ],
            [
              -96.81440556798663,
              52.95255695081615
            ],
            [
              -96.93836190753075,
              53.004992524609044
            ],
            [
              -96.93958715114027,
              53.00554680372978
            ]
          ]
        ]
      },
      "properties": {
        "hail_size_bin": "0.5\"",
        "min_size_inches": 0.5
      }
    },
    {
      "type": "Feature",
      "geometry": {
        "type": "Polygon",
        "coordinates": [
          [
            [
              -96.37108426707347,
              52.561992234804784
            ],
            [
              -96.36840121354962,
              52.56080796083485
            ],
            [
              -96.362873430275,
              52.558687258363605
            ],
            [
              -96.35724777463817,
              52.55684178672784
            ],
            [
              -96.35153794111282,
              52.555276038339535
            ],
            [
              -96.345757829086,
              52.55399382468336
            ],
            [
              -96.33992150902297,
              52.55299826703837
            ],
            [
              -96.3340431882156,
              52.55229178887997
            ],
            [
              -96.16130371585854,
              52.53584276109301
            ],
            [
              -96.15986543547011,
              52.535670031528184
            ],
            [
              -96.15969234278006,
              52.534677252538366
            ],
            [
              -96.1591207566103,
              52.53085671521334
            ],
            [
              -96.15795169287757,
              52.525030644521465
            ],
            [
              -96.15649565330665,
              52.51926958919404
            ],
            [
              -96.15475620820864,
              52.51358767574267
            ],
            [
              -96.15273762282489,
              52.50799883661756
            ],
            [
              -96.15044484686831,
              52.502516776044125
            ],
            [
              -96.14788350238632,
              52.49715493641929
            ],
            [
              -96.14505986997519,
              52.49192646534979
            ],
            [
              -96.14198087337957,
              52.4868441834133
            ],
            [
              -96.138654062515,
              52.48192055272149
            ],
            [
              -96.13508759495502,
              52.47716764636206
            ],
            [
              -96.13129021592816,
              52.47259711879468
            ],
            [
              -96.12727123687407,
              52.46822017727342
            ],
            [
              -96.12304051261117,
              52.464047554365806
            ],
            [
              -96.11860841717203,
              52.460089481635784
            ],
            [
              -96.11398581836542,
              52.45635566455522
            ],
            [
              -96.10918405112778,
              52.45285525870542
            ],
            [
              -96.10421488972905,
              52.44959684732696
            ],
            [
              -96.09909051890143,
              52.446588420273024
            ],
            [
              -96.0938235039615,
              52.4438373544177
            ],
            [
              -96.0884267599992,
              52.44135039556737
            ],
            [
              -96.08291352020916,
              52.439133641919504
            ],
            [
              -96.07729730344191,
              52.4371925291095
            ],
            [
              -96.01124524138652,
              52.41617896670558
            ],
            [
              -96.00987819190021,
              52.41570720877313
            ],
            [
              -96.00901216481252,
              52.41431903861196
            ],
            [
              -96.00584404075437,
              52.409510104566316
            ],
            [
              -96.00244885365608,
              52.40485870034064
            ],
            [
              -95.99883442255256,
              52.40037553800797
            ],
            [
              -95.9950090713925,
              52.39607094218428
            ],
            [
              -95.99098160986841,
              52.39195482625113
            ],
            [
              -95.98676131312818,
              52.388036669525384
            ],
            [
              -95.9823579004146,
              52.38432549542858
            ],
            [
              -95.97778151268214,
              52.380829850706164
            ],
            [
              -95.97304268924266,
              52.37755778574463
            ],
            [
              -95.96815234349357,
              52.374516836031546
            ],
            [
              -95.96312173778455,
              52.371714004801625
            ],
            [
              -95.9579624574806,
              52.36915574690836
            ],
            [
              -95.95268638428128,
              52.366847953958704
            ],
            [
              -95.94822924967143,
              52.36502449253604
            ],
            [
              -95.59129911490119,
              52.206411542551955
            ],
            [
              -95.5899484529195,
              52.2057700866519
            ],
            [
              -95.58954974794469,
              52.204329634351254
            ],
            [
              -95.58027527191378,
              52.16723703068555
            ],
            [
              -95.57995859320961,
              52.16582402782601
            ],
            [
              -95.58090028679231,
              52.16516132796335
            ],
            [
              -95.58562874899312,
              52.16165562306526
            ],
            [
              -95.5901796111888,
              52.15792226333269
            ],
            [
              -95.59454192339764,
              52.153970231727364
            ],
            [
              -95.59870518931432,
              52.149809037364705
            ],
            [
              -95.60257751716335,
              52.14553897648744
            ],
            [
              -95.6025960251447,
              52.145552025546216
            ],
            [
              -95.60757480528837,
              52.14870810988605
            ],
            [
              -95.61270256982246,
              52.1516158841142
            ],
            [
              -95.61796694476745,
              52.15426833138374
            ],
            [
              -95.62335522648463,
              52.15665905098572
            ],
            [
              -95.62885441233176,
              52.15878227379499
            ],
            [
              -95.63445123204013,
              52.16063287619178
            ],
            [
              -95.64013217973752,
              52.16220639242576
            ],
            [
              -95.64588354653964,
              52.16349902539244
            ],
            [
              -95.65169145363151,
              52.16450765579612
            ],
            [
              -95.6575418857589,
              52.16522984967715
            ],
            [
              -95.66342072504901,
              52.165663864285385
            ],
            [
              -95.66931378507874,
              52.16580865228571
            ],
            [
              -95.77847379828485,
              52.16580865228571
            ],
            [
              -95.77988089572614,
              52.165841858564555
            ],
            [
              -95.78111880834678,
              52.166510985754485
            ],
            [
              -95.98858612850438,
              52.28504680160223
            ],
            [
              -95.98982776730111,
              52.28579704171763
            ],
            [
              -95.9902362369047,
              52.287852732709624
            ],
            [
              -95.990513332749,
              52.289450191089486
            ],
            [
              -95.99179438551361,
              52.29516404863674
            ],
            [
              -95.99335265218727,
              52.3008086096675
            ],
            [
              -95.99518442222704,
              52.30637043335919
            ],
            [
              -95.99728533382412,
              52.31183627590334
            ],
            [
              -95.99965038429012,
              52.31719312204164
            ],
            [
              -96.00227394196945,
              52.32242821605792
            ],
            [
              -96.00514975964943,
              52.327529092152055
            ],
            [
              -96.00827098943613,
              52.33248360412344
            ],
            [
              -96.01163019906063,
              52.33727995429361
            ],
            [
              -96.01521938957661,
              52.34190672159876
            ],
            [
              -96.01903001440756,
              52.34635288878566
            ],
            [
              -96.0230529996978,
              52.35060786864586
            ],
            [
              -96.02727876591914,
              52.354661529225965
            ],
            [
              -96.03169725068169,
              52.358504217953836
            ],
            [
              -96.03629793269434,
              52.36212678462328
            ],
            [
              -96.04106985681813,
              52.365520603182496
            ],
            [
              -96.04600166015256,
              52.368677592274445
            ],
            [
              -96.0510815990929,
              52.37159023448015
            ],
            [
              -96.05629757729412,
              52.37425159421919
            ],
            [
              -96.06163717447461,
              52.37665533426465
            ],
            [
              -96.06708767599142,
              52.37879573083336
            ],
            [
              -96.0726361031163,
              52.38066768721536
            ],
            [
              -96.07826924394062,
              52.38226674591015
            ],
            [
              -96.08397368483564,
              52.38358909924092
            ],
            [
              -96.08973584239291,
              52.38463159842137
            ],
            [
              -96.09554199576918,
              52.38539176105358
            ],
            [
              -96.09825037892688,
              52.38561265930543
            ],
            [
              -96.09983146402766,
              52.38577908040974
            ],
            [
              -96.1009827452905,
              52.386621755664954
            ],
            [
              -96.22865956523164,
              52.484820661656414
            ],
            [
              -96.22980189922902,
              52.48574467840884
            ],
            [
              -96.22989100556214,
              52.48586304726517
            ],
            [
              -96.23309283656957,
              52.4903390280193
            ],
            [
              -96.23672565531795,
              52.494927109911515
            ],
            [
              -96.24057783940137,
              52.499332622968566
            ],
            [
              -96.24464022707743,
              52.50354508945243
            ],
            [
              -96.24890315667149,
              52.50755449075241
            ],
            [
              -96.25335648955523,
              52.51135129121265
            ],
            [
              -96.25798963425959,
              52.514926460810976
            ],
            [
              -96.26279157166468,
              52.51827149663526
            ],
            [
              -96.26775088120692,
              52.521378443106066
            ],
            [
              -96.27285576804074,
              52.52423991089764
            ],
            [
              -96.27809409109058,
              52.52684909451208
            ],
            [
              -96.28345339192632,
              52.529199788465014
            ],
            [
              -96.28892092439344,
              52.531286402044294
            ],
            [
              -96.29448368492753,
              52.53310397260649
            ],
            [
              -96.36839470561401,
              52.55527411074459
            ],
            [
              -96.36977656213203,
              52.55572585594279
            ],
            [
              -96.3698006219696,
              52.555831742868705
            ],
            [
              -96.37088811807197,
              52.5612170933666
            ],
            [
              -96.37108426707347,
              52.561992234804784
            ]
          ]
        ]
      },
      "properties": {
        "hail_size_bin": "0.5\"",
        "min_size_inches": 0.5
      }
    },
    {
      "type": "Feature",
      "geometry": {
        "type": "Polygon",
        "coordinates": [
          [
            [
              -95.57855805404567,
              51.96735662285576
            ],
            [
              -95.57615369269381,
              51.96574544030287
            ],
            [
              -95.57110898911122,
              51.96271240759932
            ],
            [
              -95.56592162200342,
              51.959930403985815
            ],
            [
              -95.56060407286785,
              51.95740612333428
            ],
            [
              -95.55516913643736,
              51.95514563940082
            ],
            [
              -95.54962988989426,
              51.953154391211434
            ],
            [
              -95.54399966140494,
              51.95143716997499
            ],
            [
              -95.53829199805047,
              51.949998107554926
            ],
            [
              -95.53252063323053,
              51.948840666527474
            ],
            [
              -95.52669945361905,
              51.9479676318502
            ],
            [
              -95.35140614992359,
              51.926059099573166
            ],
            [
              -95.34996402808385,
              51.9258429470411
            ],
            [
              -95.34875163561388,
              51.92503336103511
            ],
            [
              -95.08118781483954,
              51.7367746111732
            ],
            [
              -95.08014929620865,
              51.73600532388315
            ],
            [
              -95.08140726274013,
              51.73630130198576
            ],
            [
              -95.5384690068308,
              51.85551776465311
            ],
            [
              -95.53989820500466,
              51.85592905349213
            ],
            [
              -95.54059630841068,
              51.85724197380342
            ],
            [
              -95.58925831966282,
              51.95455209088902
            ],
            [
              -95.58987301576563,
              51.95586059518158
            ],
            [
              -95.58890641344112,
              51.956731974157655
            ],
            [
              -95.58462897853357,
              51.96078816334095
            ],
            [
              -95.58055589935599,
              51.9650495183006
            ],
            [
              -95.57855805404567,
              51.96735662285576
            ]
          ]
        ]
      },
      "properties": {
        "hail_size_bin": "0.5\"",
        "min_size_inches": 0.5
      }
    },
    {
      "type": "Feature",
      "geometry": {
        "type": "Polygon",
        "coordinates": [
          [
            [
              -94.88991313909295,
              51.61592674154681
            ],
            [
              -94.88853351709267,
              51.61587857624421
            ],
            [
              -94.72152959505685,
              51.60605621971931
            ],
            [
              -94.72005290060956,
              51.6059324814027
            ],
            [
              -94.71881493154065,
              51.605119967399176
            ],
            [
              -94.59126962209017,
              51.516831984722785
            ],
            [
              -94.59014968367849,
              51.51601541402752
            ],
            [
              -94.59151833189932,
              51.51579991309832
            ],
            [
              -94.73853783601892,
              51.49620011332074
            ],
            [
              -94.7400271500067,
              51.496039682222104
            ],
            [
              -94.74122012974141,
              51.49694554846188
            ],
            [
              -94.8888564663806,
              51.61503774263783
            ],
            [
              -94.88991313909295,
              51.61592674154681
            ]
          ]
        ]
      },
      "properties": {
        "hail_size_bin": "0.5\"",
        "min_size_inches": 0.5
      }
    },
    {
      "type": "Feature",
      "geometry": {
        "type": "Polygon",
        "coordinates": [
          [
            [
              -95.12994400836094,
              29.41227111871
            ],
            [
              -95.12850979824564,
              29.412066757013246
            ],
            [
              -95.12655048005246,
              29.41174025063815
            ],
            [
              -95.12072096546417,
              29.410915228323887
            ],
            [
              -95.11485800112172,
              29.4103771286368
            ],
            [
              -95.10897570044332,
              29.410127246898753
            ],
            [
              -95.10308822339393,
              29.410166184628924
            ],
            [
              -95.09720974239909,
              29.410493848095808
            ],
            [
              -95.09135440822898,
              29.41110944854285
            ],
            [
              -95.08553631593433,
              29.41201150408716
            ],
            [
              -95.07976947091667,
              29.413197843286714
            ],
            [
              -95.0740677552143,
              29.41466561036749
            ],
            [
              -95.06844489408522,
              29.41641127209792
            ],
            [
              -95.06291442296747,
              29.41843062629417
            ],
            [
              -95.05814600744453,
              29.420441960196268
            ],
            [
              -95.05528149803375,
              29.417746286761982
            ],
            [
              -95.0507904705678,
              29.413918320951375
            ],
            [
              -95.04611668768923,
              29.410315765809386
            ],
            [
              -95.04127145172478,
              29.406947333177452
            ],
            [
              -95.03626647961583,
              29.40382116873268
            ],
            [
              -95.03111387458404,
              29.400944832289664
            ],
            [
              -95.02582609686283,
              29.39832527951904
            ],
            [
              -95.02041593356556,
              29.39596884512699
            ],
            [
              -95.01489646776326,
              29.393881227536436
            ],
            [
              -95.01073176382256,
              29.39253604932041
            ],
            [
              -95.01005511628368,
              29.39229904583523
            ],
            [
              -95.01147508033141,
              29.39014172609303
            ],
            [
              -95.01178212819906,
              29.38969943422175
            ],
            [
              -95.01487545481781,
              29.384745269238795
            ],
            [
              -95.01772406212785,
              29.3796464599031
            ],
            [
              -95.02032120201186,
              29.374415084876247
            ],
            [
              -95.02266072205819,
              29.369063536857087
            ],
            [
              -95.02473708013557,
              29.36360449322444
            ],
            [
              -95.02654535752177,
              29.358050886005422
            ],
            [
              -95.02808127055586,
              29.352415871240545
            ],
            [
              -95.02934118078566,
              29.34671279781813
            ],
            [
              -95.03032210358708,
              29.34095517585188
            ],
            [
              -95.03102171523435,
              29.33515664467652
            ],
            [
              -95.03143835840481,
              29.329330940537353
            ],
            [
              -95.03157104610492,
              29.323491864050197
            ],
            [
              -95.03141946400837,
              29.317653247508872
            ],
            [
              -95.03098397120075,
              29.311828922117627
            ],
            [
              -95.03026559932884,
              29.30603268522614
            ],
            [
              -95.02926605015674,
              29.30027826764473
            ],
            [
              -95.02798769153456,
              29.29457930111722
            ],
            [
              -95.02643355178914,
              29.288949286028405
            ],
            [
              -95.0246073125502,
              29.283401559422778
            ],
            [
              -95.02251330002889,
              29.277949263410157
            ],
            [
              -95.02015647476932,
              29.272605314033108
            ],
            [
              -95.02004558083985,
              29.272369580274248
            ],
            [
              -95.02135357145492,
              29.271810069510767
            ],
            [
              -95.11862979351943,
              29.23290514012059
            ],
            [
              -95.11995250153902,
              29.232413070577962
            ],
            [
              -95.12006475931591,
              29.23381968618499
            ],
            [
              -95.12989959998714,
              29.410821525062815
            ],
            [
              -95.12994400836094,
              29.41227111871
            ]
          ]
        ]
      },
      "properties": {
        "hail_size_bin": "0.5\"",
        "min_size_inches": 0.5
      }
    },
    {
      "type": "Feature",
      "geometry": {
        "type": "Polygon",
        "coordinates": [
          [
            [
              -101.37899990132684,
              27.86277056473962
            ],
            [
              -101.3778270311581,
              27.8635317858334
            ],
            [
              -101.2503731866396,
              27.941953714586894
            ],
            [
              -101.24911252729802,
              27.94268700391446
            ],
            [
              -101.2480574536619,
              27.94168184118487
            ],
            [
              -101.1901644964209,
              27.883797155548223
            ],
            [
              -101.18917895176523,
              27.882761834658634
            ],
            [
              -101.19049250381497,
              27.88219903836905
            ],
            [
              -101.28771153302893,
              27.84331698285046
            ],
            [
              -101.2891063864647,
              27.842799118387667
            ],
            [
              -101.29056440852534,
              27.84308565394631
            ],
            [
              -101.37764249731902,
              27.86243357556609
            ],
            [
              -101.37899990132684,
              27.86277056473962
            ]
          ]
        ]
      },
      "properties": {
        "hail_size_bin": "0.5\"",
        "min_size_inches": 0.5
      }
    },
    {
      "type": "Feature",
      "geometry": {
        "type": "Polygon",
        "coordinates": [
          [
            [
              -103.39876018912068,
              40.26927135314249
            ],
            [
              -103.39865029429615,
              40.27066328627401
            ],
            [
              -103.36895452091603,
              40.55768141463903
            ],
            [
              -103.36877326444885,
              40.55909754398229
            ],
            [
              -103.36738422694337,
              40.55942746977756
            ],
            [
              -103.04029257215464,
              40.628800634781285
            ],
            [
              -103.03900085915232,
              40.62904163712777
            ],
            [
              -103.04006558436537,
              40.628272041509064
            ],
            [
              -103.28669919842928,
              40.45873565824596
            ],
            [
              -103.29141012010402,
              40.4553263840717
            ],
            [
              -103.2959503469683,
              40.451692890788124
            ],
            [
              -103.300309217077,
              40.44784371103183
            ],
            [
              -103.30447649437033,
              40.44378788394215
            ],
            [
              -103.30844239271137,
              40.43953493393428
            ],
            [
              -103.3121975988672,
              40.43509484833284
            ],
            [
              -103.31573329437936,
              40.4304780539183
            ],
            [
              -103.31904117627259,
              40.42569539244154
            ],
            [
              -103.32211347655289,
              40.42075809516381
            ],
            [
              -103.32494298044926,
              40.41567775648207
            ],
            [
              -103.3275230433565,
              40.41046630670148
            ],
            [
              -103.32984760643882,
              40.4051359840192
            ],
            [
              -103.33191121085797,
              40.399699305785006
            ],
            [
              -103.33370901059244,
              40.39416903910649
            ],
            [
              -103.33523678381754,
              40.388558170867654
            ],
            [
              -103.33649094281951,
              40.382879877231474
            ],
            [
              -103.33746854242077,
              40.37714749269792
            ],
            [
              -103.33816728689611,
              40.37137447879017
            ],
            [
              -103.33858553536382,
              40.36557439244253
            ],
            [
              -103.33872230563901,
              40.35976085416428
            ],
            [
              -103.33857727654011,
              40.35394751605426
            ],
            [
              -103.33815078864313,
              40.348148029741274
            ],
            [
              -103.33744384348184,
              40.34237601432551
            ],
            [
              -103.33645810119586,
              40.33664502439649
            ],
            [
              -103.33519587663208,
              40.330968518202404
            ],
            [
              -103.33366013390871,
              40.32535982604572
            ],
            [
              -103.32923969361059,
              40.31062713032439
            ],
            [
              -103.32885370966393,
              40.30921391511916
            ],
            [
              -103.33010668665331,
              40.308457140003
            ],
            [
              -103.39753129431406,
              40.26993429760444
            ],
            [
              -103.39876018912068,
              40.26927135314249
            ]
          ]
        ]
      },
      "properties": {
        "hail_size_bin": "0.5\"",
        "min_size_inches": 0.5
      }
    },
    {
      "type": "Feature",
      "geometry": {
        "type": "Polygon",
        "coordinates": [
          [
            [
              -103.28864993682697,
              39.37933104789641
            ],
            [
              -103.28754116820643,
              39.378725072002275
            ],
            [
              -103.1001288733485,
              39.270238719564574
            ],
            [
              -103.09888279006965,
              39.2694756248479
            ],
            [
              -103.09905367294819,
              39.26802461458287
            ],
            [
              -103.11863379619818,
              39.13098333475422
            ],
            [
              -103.11887066866072,
              39.12957215841547
            ],
            [
              -103.12029902154684,
              39.129656242909114
            ],
            [
              -103.23736912541554,
              39.13941069100729
            ],
            [
              -103.2387386960647,
              39.13955842563484
            ],
            [
              -103.23792674786046,
              39.14023939550543
            ],
            [
              -103.23349876653081,
              39.14415146407877
            ],
            [
              -103.22926871744119,
              39.1482767499934
            ],
            [
              -103.22524685590473,
              39.152605251923596
            ],
            [
              -103.22144293250555,
              39.15712647586755
            ],
            [
              -103.21786616945948,
              39.161829460589026
            ],
            [
              -103.21452523825575,
              39.166702804191736
            ],
            [
              -103.21142823863384,
              39.17173469176203
            ],
            [
              -103.20858267894657,
              39.17691292401294
            ],
            [
              -103.20599545795682,
              39.18222494686006
            ],
            [
              -103.20367284811222,
              39.18765788185764
            ],
            [
              -103.20162048033829,
              39.19319855742102
            ],
            [
              -103.19984333038677,
              39.198833540759765
            ],
            [
              -103.1983457067725,
              39.204549170444075
            ],
            [
              -103.19713124032785,
              39.21033158952548
            ],
            [
              -103.19620287540015,
              39.216166779131584
            ],
            [
              -103.19556286271339,
              39.22204059245335
            ],
            [
              -103.19521275391163,
              39.22793878904257
            ],
            [
              -103.19515339779717,
              39.23384706933634
            ],
            [
              -103.19538493827274,
              39.239751109324885
            ],
            [
              -103.19590681399256,
              39.24563659527859
            ],
            [
              -103.19671775972336,
              39.25148925845016
            ],
            [
              -103.19781580941172,
              39.25729490966772
            ],
            [
              -103.19919830095064,
              39.263039473735
            ],
            [
              -103.20086188263345,
              39.26870902355511
            ],
            [
              -103.20280252127974,
              39.274289813895436
            ],
            [
              -103.20501551201339,
              39.27976831471144
            ],
            [
              -103.207495489669,
              39.28513124394888
            ],
            [
              -103.21023644179924,
              39.29036559974477
            ],
            [
              -103.2132317232513,
              39.29545869194902
            ],
            [
              -103.21647407227752,
              39.30039817289042
            ],
            [
              -103.21995562814058,
              39.30517206731221
            ],
            [
              -103.22366795017119,
              39.30976880140494
            ],
            [
              -103.22760203823147,
              39.31417723086589
            ],
            [
              -103.28780856781418,
              39.37838835344807
            ],
            [
              -103.28864993682697,
              39.37933104789641
            ]
          ]
        ]
      },
      "properties": {
        "hail_size_bin": "0.5\"",
        "min_size_inches": 0.5
      }
    },
    {
      "type": "Feature",
      "geometry": {
        "type": "Polygon",
        "coordinates": [
          [
            [
              -104.20863124558625,
              40.709132191611396
            ],
            [
              -104.20819589944645,
              40.71046891627599
            ],
            [
              -104.1491898512416,
              40.87762883270953
            ],
            [
              -104.14867168903841,
              40.87898817033581
            ],
            [
              -104.14729762337504,
              40.878511274310554
            ],
            [
              -104.07008960274233,
              40.84956240330833
            ],
            [
              -104.06875358226101,
              40.84902355593057
            ],
            [
              -104.06936639778358,
              40.84772070799446
            ],
            [
              -104.12805374317989,
              40.73036278741105
            ],
            [
              -104.12871990009431,
              40.72910678227944
            ],
            [
              -104.1300905400676,
              40.7287290787076
            ],
            [
              -104.20725943918323,
              40.70943961035466
            ],
            [
              -104.20863124558625,
              40.709132191611396
            ]
          ]
        ]
      },
      "properties": {
        "hail_size_bin": "0.5\"",
        "min_size_inches": 0.5
      }
    },
    {
      "type": "Feature",
      "geometry": {
        "type": "Polygon",
        "coordinates": [
          [
            [
              -108.6680094928618,
              29.852196677309877
            ],
            [
              -108.6675909576052,
              29.85355662110157
            ],
            [
              -108.64851439034915,
              29.910778146029656
            ],
            [
              -108.64802782602945,
              29.91212684848961
            ],
            [
              -108.64663585317163,
              29.911783500642613
            ],
            [
              -108.5394855629327,
              29.88256486949704
            ],
            [
              -108.53812075852152,
              29.882156505948277
            ],
            [
              -108.5388460655832,
              29.880930457775346
            ],
            [
              -108.58726827058959,
              29.803465999279382
            ],
            [
              -108.58807466632018,
              29.80224460791882
            ],
            [
              -108.5894446253338,
              29.80275481769694
            ],
            [
              -108.63664226586312,
              29.821631176515222
            ],
            [
              -108.63803598176617,
              29.822229918568702
            ],
            [
              -108.63912574552651,
              29.82326855840365
            ],
            [
              -108.66702638670954,
              29.85116521321119
            ],
            [
              -108.6680094928618,
              29.852196677309877
            ]
          ]
        ]
      },
      "properties": {
        "hail_size_bin": "0.5\"",
        "min_size_inches": 0.5
      }
    },
    {
      "type": "Feature",
      "geometry": {
        "type": "Polygon",
        "coordinates": [
          [
            [
              -117.72670462339956,
              43.20835150358209
            ],
            [
              -117.72539138574753,
              43.2089524628827
            ],
            [
              -117.58811857322603,
              43.26777526259009
            ],
            [
              -117.58684338600615,
              43.26828524911916
            ],
            [
              -117.5874278629149,
              43.26704264838302
            ],
            [
              -117.6261506945883,
              43.18960805028345
            ],
            [
              -117.62679516792731,
              43.1883900895727
            ],
            [
              -117.62774270359363,
              43.187399555170195
            ],
            [
              -117.68572945926198,
              43.129421084507875
            ],
            [
              -117.6867504697491,
              43.1284485919389
            ],
            [
              -117.68741004118114,
              43.12969381773053
            ],
            [
              -117.72609054687722,
              43.207043775970284
            ],
            [
              -117.72670462339956,
              43.20835150358209
            ]
          ]
        ]
      },
      "properties": {
        "hail_size_bin": "0.5\"",
        "min_size_inches": 0.5
      }
    },
    {
      "type": "Feature",
      "geometry": {
        "type": "Polygon",
        "coordinates": [
          [
            [
              -117.40672943914846,
              43.38833881375355
            ],
            [
              -117.40575796049752,
              43.38935829648542
            ],
            [
              -117.33782468000888,
              43.457281870832844
            ],
            [
              -117.33679657906198,
              43.45826175094116
            ],
            [
              -117.33538364153965,
              43.4581193365763
            ],
            [
              -117.32381910529284,
              43.45667397608454
            ],
            [
              -117.31797111506307,
              43.456088127361454
            ],
            [
              -117.3121014541935,
              43.45578931348979
            ],
            [
              -117.30622420261808,
              43.45577825125364
            ],
            [
              -117.30035345847912,
              43.45605496718872
            ],
            [
              -117.29450330430912,
              43.45661879751866
            ],
            [
              -117.28868777325006,
              43.4574683897473
            ],
            [
              -117.28292081539128,
              43.45860170590298
            ],
            [
              -117.27721626430639,
              43.46001602742717
            ],
            [
              -117.27158780386992,
              43.46170796169564
            ],
            [
              -117.26604893543279,
              43.46367345015656
            ],
            [
              -117.26061294543587,
              43.465907778066054
            ],
            [
              -117.25529287353883,
              43.46840558579768
            ],
            [
              -117.25010148134118,
              43.47116088169901
            ],
            [
              -117.24505122177007,
              43.47416705646409
            ],
            [
              -117.24015420920877,
              43.4774168989877
            ],
            [
              -117.23542219043705,
              43.480902613663034
            ],
            [
              -117.23086651645343,
              43.48461583908156
            ],
            [
              -117.22711368166614,
              43.48799362055881
            ],
            [
              -117.22680172504666,
              43.48826075577864
            ],
            [
              -117.22543306327749,
              43.4887799785683
            ],
            [
              -116.88825128704369,
              43.60776830816537
            ],
            [
              -116.8870196644249,
              43.60816948626413
            ],
            [
              -116.8879867541011,
              43.60730825234681
            ],
            [
              -117.08570444579908,
              43.43927222641137
            ],
            [
              -117.08685356341664,
              43.43834395699081
            ],
            [
              -117.08825386836072,
              43.43880640615867
            ],
            [
              -117.0906924408989,
              43.43967720048756
            ],
            [
              -117.09630227574,
              43.44152606736291
            ],
            [
              -117.10199629234947,
              43.44309665022233
            ],
            [
              -117.10776069517068,
              43.44438514383196
            ],
            [
              -117.11358151811413,
              43.44538842640839
            ],
            [
              -117.11944465839474,
              43.44610406718219
            ],
            [
              -117.12533591070027,
              43.446530332287175
            ],
            [
              -117.13124100160825,
              43.44666618896127
            ],
            [
              -117.13714562416774,
              43.44651130804869
            ],
            [
              -117.1430354725626,
              43.44606606479747
            ],
            [
              -117.14889627677174,
              43.44533153795023
            ],
            [
              -117.15471383714281,
              43.44430950713064
            ],
            [
              -117.16047405879533,
              43.44300244853169
            ],
            [
              -117.16616298577,
              43.44141352891636
            ],
            [
              -117.17176683484146,
              43.439546597945075
            ],
            [
              -117.17727202891245,
              43.43740617884876
            ],
            [
              -117.18266522990871,
              43.43499745746984
            ],
            [
              -117.18793337109456,
              43.432326269697874
            ],
            [
              -117.30550891413002,
              43.36902540747457
            ],
            [
              -117.30682088659441,
              43.36836029958034
            ],
            [
              -117.30826578619522,
              43.368613661216926
            ],
            [
              -117.40535545978098,
              43.38802882154699
            ],
            [
              -117.40672943914846,
              43.38833881375355
            ]
          ]
        ]
      },
      "properties": {
        "hail_size_bin": "0.5\"",
        "min_size_inches": 0.5
      }
    }
  ]
}