{
  "type": "FeatureCollection",
  "features": [
    {
      "type": "Feature",
      "geometry": {
        "type": "Polygon",
        "coordinates": [
          [
            [
              -78.74232432171428,
              45.69765740857143
            ],
            [
              -78.74232432171428,
              45.67766312342857
            ],
            [
              -78.73232575057142,
              45.67766312342857
            ],
            [
              -78.73232575057142,
              45.667665980857144
            ],
            [
              -78.762321464,
              45.667665980857144
            ],
            [
              -78.762321464,
              45.67766312342857
            ],
            [
              -78.77232003514285,
              45.67766312342857
            ],
            [
              -78.77232003514285,
              45.70765455114285
            ],
            [
              -78.75232289285714,
              45.70765455114285
            ],
            [
              -78.75232289285714,
              45.69765740857143
            ],
            [
              -78.74232432171428,
              45.69765740857143
            ]
          ]
        ]
      },
      "properties": {
        "hail_size_bin": "2.0\"",
        "min_size_inches": 2.0
      }
    },
    {
      "type": "Feature",
      "geometry": {
        "type": "Polygon",
        "coordinates": [
          [
            [
              -109.45793487257143,
              46.65738309542857
            ],
            [
              -109.45793487257143,
              46.64738595285714
            ],
            [
              -109.417940588,
              46.64738595285714
            ],
            [
              -109.417940588,
              46.637388810285714
            ],
            [
              -109.40794201685715,
              46.637388810285714
            ],
            [
              -109.40794201685715,
              46.627391667714285
            ],
            [
              -109.417940588,
              46.627391667714285
            ],
            [
              -109.417940588,
              46.60739738257143
            ],
            [
              -109.42793915914285,
              46.60739738257143
            ],
            [
              -109.42793915914285,
              46.59740024
            ],
            [
              -109.44793630142857,
              46.59740024
            ],
            [
              -109.44793630142857,
              46.58740309742857
            ],
            [
              -109.45793487257143,
              46.58740309742857
            ],
            [
              -109.45793487257143,
              46.59740024
            ],
            [
              -109.46793344371429,
              46.59740024
            ],
            [
              -109.46793344371429,
              46.58740309742857
            ],
            [
              -109.47793201485715,
              46.58740309742857
            ],
            [
              -109.47793201485715,
              46.59740024
            ],
            [
              -109.49792915714286,
              46.59740024
            ],
            [
              -109.49792915714286,
              46.617394525142856
            ],
            [
              -109.487930586,
              46.617394525142856
            ],
            [
              -109.487930586,
              46.627391667714285
            ],
            [
              -109.49792915714286,
              46.627391667714285
            ],
            [
              -109.49792915714286,
              46.637388810285714
            ],
            [
              -109.51792629942858,
              46.637388810285714
            ],
            [
              -109.51792629942858,
              46.64738595285714
            ],
            [
              -109.50792772828572,
              46.64738595285714
            ],
            [
              -109.50792772828572,
              46.65738309542857
            ],
            [
              -109.49792915714286,
              46.65738309542857
            ],
            [
              -109.49792915714286,
              46.667380238
            ],
            [
              -109.46793344371429,
              46.667380238
            ],
            [
              -109.46793344371429,
              46.65738309542857
            ],
            [
              -109.45793487257143,
              46.65738309542857
            ]
          ]
        ]
      },
      "properties": {
        "hail_size_bin": "2.0\"",
        "min_size_inches": 2.0
      }
    },
    {
      "type": "Feature",
      "geometry": {
        "type": "Polygon",
        "coordinates": [
          [
            [
              -114.8571632897143,
              52.23578865028571
            ],
            [
              -114.8571632897143,
              52.225791507714284
            ],
            [
              -114.88715900314286,
              52.225791507714284
            ],
            [
              -114.88715900314286,
              52.215794365142855
            ],
            [
              -114.90715614542857,
              52.215794365142855
            ],
            [
              -114.90715614542857,
              52.225791507714284
            ],
            [
              -114.92715328771429,
              52.225791507714284
            ],
            [
              -114.92715328771429,
              52.23578865028571
            ],
            [
              -114.91715471657143,
              52.23578865028571
            ],
            [
              -114.91715471657143,
              52.24578579285714
            ],
            [
              -114.84716471857143,
              52.24578579285714
            ],
            [
              -114.84716471857143,
              52.23578865028571
            ],
            [
              -114.8571632897143,
              52.23578865028571
            ]
          ]
        ]
      },
      "properties": {
        "hail_size_bin": "2.0\"",
        "min_size_inches": 2.0
      }
    },
    {
      "type": "Feature",
      "geometry": {
        "type": "Polygon",
        "coordinates": [
          [
            [
              -115.09712899714286,
              52.295771505714285
            ],
            [
              -115.04713614142858,
              52.295771505714285
            ],
            [
              -115.04713614142858,
              52.285774363142856
            ],
            [
              -115.02713899914286,
              52.285774363142856
            ],
            [
              -115.02713899914286,
              52.265780078
            ],
            [
              -115.03713757028572,
              52.265780078
            ],
            [
              -115.03713757028572,
              52.25578293542857
            ],
            [
              -115.05713471257143,
              52.25578293542857
            ],
            [
              -115.05713471257143,
              52.265780078
            ],
            [
              -115.07713185485714,
              52.265780078
            ],
            [
              -115.07713185485714,
              52.25578293542857
            ],
            [
              -115.11712613942858,
              52.25578293542857
            ],
            [
              -115.11712613942858,
              52.265780078
            ],
            [
              -115.12712471057144,
              52.265780078
            ],
            [
              -115.12712471057144,
              52.27577722057143
            ],
            [
              -115.11712613942858,
              52.27577722057143
            ],
            [
              -115.11712613942858,
              52.285774363142856
            ],
            [
              -115.13712328171428,
              52.285774363142856
            ],
            [
              -115.13712328171428,
              52.27577722057143
            ],
            [
              -115.14712185285714,
              52.27577722057143
            ],
            [
              -115.14712185285714,
              52.285774363142856
            ],
            [
              -115.157120424,
              52.285774363142856
            ],
            [
              -115.157120424,
              52.31576579085714
            ],
            [
              -115.10712756828572,
              52.31576579085714
            ],
            [
              -115.10712756828572,
              52.305768648285714
            ],
            [
              -115.09712899714286,
              52.305768648285714
            ],
            [
              -115.09712899714286,
              52.295771505714285
            ]
          ]
        ]
      },
      "properties": {
        "hail_size_bin": "2.0\"",
        "min_size_inches": 2.0
      }
    },
    {
      "type": "Feature",
      "geometry": {
        "type": "Polygon",
        "coordinates": [
          [
            [
              -115.22711042200001,
              52.295771505714285
            ],
            [
              -115.21711185085715,
              52.295771505714285
            ],
            [
              -115.21711185085715,
              52.305768648285714
            ],
            [
              -115.18711613742857,
              52.305768648285714
            ],
            [
              -115.18711613742857,
              52.295771505714285
            ],
            [
              -115.17711756628572,
              52.295771505714285
            ],
            [
              -115.17711756628572,
              52.285774363142856
            ],
            [
              -115.30709899114287,
              52.285774363142856
            ],
            [
              -115.30709899114287,
              52.295771505714285
            ],
            [
              -115.31709756228571,
              52.295771505714285
            ],
            [
              -115.31709756228571,
              52.305768648285714
            ],
            [
              -115.28710184885715,
              52.305768648285714
            ],
            [
              -115.28710184885715,
              52.31576579085714
            ],
            [
              -115.24710756428571,
              52.31576579085714
            ],
            [
              -115.24710756428571,
              52.305768648285714
            ],
            [
              -115.22711042200001,
              52.305768648285714
            ],
            [
              -115.22711042200001,
              52.295771505714285
            ]
          ]
        ]
      },
      "properties": {
        "hail_size_bin": "2.0\"",
        "min_size_inches": 2.0
      }
    },
    {
      "type": "Feature",
      "geometry": {
        "type": "Polygon",
        "coordinates": [
          [
            [
              -116.32695324771429,
              52.935588630285714
            ],
            [
              -116.32695324771429,
              52.925591487714286
            ],
            [
              -116.30695610542857,
              52.925591487714286
            ],
            [
              -116.30695610542857,
              52.91559434514286
            ],
            [
              -116.21696896514285,
              52.91559434514286
            ],
            [
              -116.21696896514285,
              52.89560006
            ],
            [
              -116.28695896314287,
              52.89560006
            ],
            [
              -116.28695896314287,
              52.90559720257143
            ],
            [
              -116.34695039,
              52.90559720257143
            ],
            [
              -116.34695039,
              52.91559434514286
            ],
            [
              -116.35694896114286,
              52.91559434514286
            ],
            [
              -116.35694896114286,
              52.925591487714286
            ],
            [
              -116.38694467457142,
              52.925591487714286
            ],
            [
              -116.38694467457142,
              52.935588630285714
            ],
            [
              -116.40694181685714,
              52.935588630285714
            ],
            [
              -116.40694181685714,
              52.94558577285714
            ],
            [
              -116.37694610342858,
              52.94558577285714
            ],
            [
              -116.37694610342858,
              52.935588630285714
            ],
            [
              -116.32695324771429,
              52.935588630285714
            ]
          ]
        ]
      },
      "properties": {
        "hail_size_bin": "2.0\"",
        "min_size_inches": 2.0
      }
    },
    {
      "type": "Feature",
      "geometry": {
        "type": "Polygon",
        "coordinates": [
          [
            [
              -115.30709899114287,
              53.315480048
            ],
            [
              -115.30709899114287,
              53.30548290542857
            ],
            [
              -115.34709327571429,
              53.30548290542857
            ],
            [
              -115.34709327571429,
              53.335474333142855
            ],
            [
              -115.29710042,
              53.335474333142855
            ],
            [
              -115.29710042,
              53.315480048
            ],
            [
              -115.30709899114287,
              53.315480048
            ]
          ]
        ]
      },
      "properties": {
        "hail_size_bin": "2.0\"",
        "min_size_inches": 2.0
      }
    },
    {
      "type": "Feature",
      "geometry": {
        "type": "Polygon",
        "coordinates": [
          [
            [
              -116.59691466857143,
              53.44544290142857
            ],
            [
              -116.59691466857143,
              53.415451473714285
            ],
            [
              -116.64690752428572,
              53.415451473714285
            ],
            [
              -116.64690752428572,
              53.42544861628571
            ],
            [
              -116.65690609542858,
              53.42544861628571
            ],
            [
              -116.65690609542858,
              53.43544575885714
            ],
            [
              -116.63690895314286,
              53.43544575885714
            ],
            [
              -116.63690895314286,
              53.455440044
            ],
            [
              -116.61691181085715,
              53.455440044
            ],
            [
              -116.61691181085715,
              53.46543718657143
            ],
            [
              -116.56691895514285,
              53.46543718657143
            ],
            [
              -116.56691895514285,
              53.44544290142857
            ],
            [
              -116.59691466857143,
              53.44544290142857
            ]
          ]
        ]
      },
      "properties": {
        "hail_size_bin": "2.0\"",
        "min_size_inches": 2.0
      }
    },
    {
      "type": "Feature",
      "geometry": {
        "type": "Polygon",
        "coordinates": [
          [
            [
              -116.65690609542858,
              54.31519430514285
            ],
            [
              -116.67690323771428,
              54.31519430514285
            ],
            [
              -116.67690323771428,
              54.305197162571424
            ],
            [
              -116.70689895114286,
              54.305197162571424
            ],
            [
              -116.70689895114286,
              54.31519430514285
            ],
            [
              -116.69690038,
              54.31519430514285
            ],
            [
              -116.69690038,
              54.33518859028571
            ],
            [
              -116.67690323771428,
              54.33518859028571
            ],
            [
              -116.67690323771428,
              54.34518573285714
            ],
            [
              -116.66690466657143,
              54.34518573285714
            ],
            [
              -116.66690466657143,
              54.32519144771428
            ],
            [
              -116.65690609542858,
              54.32519144771428
            ],
            [
              -116.65690609542858,
              54.31519430514285
            ]
          ]
        ]
      },
      "properties": {
        "hail_size_bin": "2.0\"",
        "min_size_inches": 2.0
      }
    },
    {
      "type": "Feature",
      "geometry": {
        "type": "Polygon",
        "coordinates": [
          [
            [
              -116.80688466257143,
              54.35518287542857
            ],
            [
              -116.82688180485715,
              54.35518287542857
            ],
            [
              -116.82688180485715,
              54.34518573285714
            ],
            [
              -116.85687751828571,
              54.34518573285714
            ],
            [
              -116.85687751828571,
              54.33518859028571
            ],
            [
              -116.88687323171429,
              54.33518859028571
            ],
            [
              -116.88687323171429,
              54.34518573285714
            ],
            [
              -116.89687180285715,
              54.34518573285714
            ],
            [
              -116.89687180285715,
              54.365180018
            ],
            [
              -116.88687323171429,
              54.365180018
            ],
            [
              -116.88687323171429,
              54.375177160571425
            ],
            [
              -116.87687466057143,
              54.375177160571425
            ],
            [
              -116.87687466057143,
              54.385174303142854
            ],
            [
              -116.84687894714286,
              54.385174303142854
            ],
            [
              -116.84687894714286,
              54.375177160571425
            ],
            [
              -116.80688466257143,
              54.375177160571425
            ],
            [
              -116.80688466257143,
              54.35518287542857
            ]
          ]
        ]
      },
      "properties": {
        "hail_size_bin": "2.0\"",
        "min_size_inches": 2.0
      }
    },
    {
      "type": "Feature",
      "geometry": {
        "type": "Polygon",
        "coordinates": [
          [
            [
              -115.73703755028572,
              52.83561720457143
            ],
            [
              -115.73703755028572,
              52.825620062
            ],
            [
              -115.7670332637143,
              52.825620062
            ],
            [
              -115.7670332637143,
              52.845614347142856
            ],
            [
              -115.77703183485714,
              52.845614347142856
            ],
            [
              -115.77703183485714,
              52.83561720457143
            ],
            [
              -115.787030406,
              52.83561720457143
            ],
            [
              -115.787030406,
              52.855611489714285
            ],
            [
              -115.74703612142858,
              52.855611489714285
            ],
            [
              -115.74703612142858,
              52.845614347142856
            ],
            [
              -115.72703897914286,
              52.845614347142856
            ],
            [
              -115.72703897914286,
              52.83561720457143
            ],
            [
              -115.73703755028572,
              52.83561720457143
            ]
          ]
        ]
      },
      "properties": {
        "hail_size_bin": "1.5\"",
        "min_size_inches": 1.5
      }
    },
    {
      "type": "Feature",
      "geometry": {
        "type": "Polygon",
        "coordinates": [
          [
            [
              -116.03699468457143,
              52.89560006
            ],
            [
              -116.03699468457143,
              52.88560291742857
            ],
            [
              -116.02699611342857,
              52.88560291742857
            ],
            [
              -116.02699611342857,
              52.87560577485714
            ],
            [
              -116.00699897114286,
              52.87560577485714
            ],
            [
              -116.00699897114286,
              52.86560863228571
            ],
            [
              -116.01699754228572,
              52.86560863228571
            ],
            [
              -116.01699754228572,
              52.855611489714285
            ],
            [
              -116.03699468457143,
              52.855611489714285
            ],
            [
              -116.03699468457143,
              52.86560863228571
            ],
            [
              -116.07698896914286,
              52.86560863228571
            ],
            [
              -116.07698896914286,
              52.855611489714285
            ],
            [
              -116.09698611142858,
              52.855611489714285
            ],
            [
              -116.09698611142858,
              52.86560863228571
            ],
            [
              -116.10698468257144,
              52.86560863228571
            ],
            [
              -116.10698468257144,
              52.88560291742857
            ],
            [
              -116.08698754028572,
              52.88560291742857
            ],
            [
              -116.08698754028572,
              52.89560006
            ],
            [
              -116.05699182685714,
              52.89560006
            ],
            [
              -116.05699182685714,
              52.88560291742857
            ],
            [
              -116.04699325571428,
              52.88560291742857
            ],
            [
              -116.04699325571428,
              52.89560006
            ],
            [
              -116.03699468457143,
              52.89560006
            ]
          ]
        ]
      },
      "properties": {
        "hail_size_bin": "1.5\"",
        "min_size_inches": 1.5
      }
    },
    {
      "type": "Feature",
      "geometry": {
        "type": "Polygon",
        "coordinates": [
          [
            [
              -116.26696182085715,
              52.935588630285714
            ],
            [
              -116.26696182085715,
              52.925591487714286
            ],
            [
              -116.25696324971429,
              52.925591487714286
            ],
            [
              -116.25696324971429,
              52.935588630285714
            ],
            [
              -116.22696753628571,
              52.935588630285714
            ],
            [
              -116.22696753628571,
              52.925591487714286
            ],
            [
              -116.21696896514285,
              52.925591487714286
            ],
            [
              -116.21696896514285,
              52.91559434514286
            ],
            [
              -116.19697182285715,
              52.91559434514286
            ],
            [
              -116.19697182285715,
              52.925591487714286
            ],
            [
              -116.17697468057143,
              52.925591487714286
            ],
            [
              -116.17697468057143,
              52.91559434514286
            ],
            [
              -116.16697610942857,
              52.91559434514286
            ],
            [
              -116.16697610942857,
              52.90559720257143
            ],
            [
              -116.15697753828572,
              52.90559720257143
            ],
            [
              -116.15697753828572,
              52.89560006
            ],
            [
              -116.136980396,
              52.89560006
            ],
            [
              -116.136980396,
              52.86560863228571
            ],
            [
              -116.16697610942857,
              52.86560863228571
            ],
            [
              -116.16697610942857,
              52.87560577485714
            ],
            [
              -116.18697325171429,
              52.87560577485714
            ],
            [
              -116.18697325171429,
              52.89560006
            ],
            [
              -116.206970394,
              52.89560006
            ],
            [
              -116.206970394,
              52.88560291742857
            ],
            [
              -116.25696324971429,
              52.88560291742857
            ],
            [
              -116.25696324971429,
              52.89560006
            ],
            [
              -116.29695753428572,
              52.89560006
            ],
            [
              -116.29695753428572,
              52.90559720257143
            ],
            [
              -116.30695610542857,
              52.90559720257143
            ],
            [
              -116.30695610542857,
              52.89560006
            ],
            [
              -116.32695324771429,
              52.89560006
            ],
            [
              -116.32695324771429,
              52.90559720257143
            ],
            [
              -116.35694896114286,
              52.90559720257143
            ],
            [
              -116.35694896114286,
              52.91559434514286
            ],
            [
              -116.36694753228572,
              52.91559434514286
            ],
            [
              -116.36694753228572,
              52.925591487714286
            ],
            [
              -116.37694610342858,
              52.925591487714286
            ],
            [
              -116.37694610342858,
              52.91559434514286
            ],
            [
              -116.38694467457142,
              52.91559434514286
            ],
            [
              -116.38694467457142,
              52.925591487714286
            ],
            [
              -116.43693753028572,
              52.925591487714286
            ],
            [
              -116.43693753028572,
              52.935588630285714
            ],
            [
              -116.44693610142858,
              52.935588630285714
            ],
            [
              -116.44693610142858,
              52.94558577285714
            ],
            [
              -116.42693895914286,
              52.94558577285714
            ],
            [
              -116.42693895914286,
              52.95558291542857
            ],
            [
              -116.36694753228572,
              52.95558291542857
            ],
            [
              -116.36694753228572,
              52.94558577285714
            ],
            [
              -116.34695039,
              52.94558577285714
            ],
            [
              -116.34695039,
              52.935588630285714
            ],
            [
              -116.26696182085715,
              52.935588630285714
            ]
          ]
        ]
      },
      "properties": {
        "hail_size_bin": "1.5\"",
        "min_size_inches": 1.5
      }
    },
    {
      "type": "Feature",
      "geometry": {
        "type": "Polygon",
        "coordinates": [
          [
            [
              -115.69704326571429,
              53.28548862028571
            ],
            [
              -115.69704326571429,
              53.27549147771428
            ],
            [
              -115.75703469257144,
              53.27549147771428
            ],
            [
              -115.75703469257144,
              53.30548290542857
            ],
            [
              -115.70704183685714,
              53.30548290542857
            ],
            [
              -115.70704183685714,
              53.315480048
            ],
            [
              -115.66704755228572,
              53.315480048
            ],
            [
              -115.66704755228572,
              53.29548576285714
            ],
            [
              -115.68704469457143,
              53.29548576285714
            ],
            [
              -115.68704469457143,
              53.28548862028571
            ],
            [
              -115.69704326571429,
              53.28548862028571
            ]
          ]
        ]
      },
      "properties": {
        "hail_size_bin": "1.5\"",
        "min_size_inches": 1.5
      }
    },
    {
      "type": "Feature",
      "geometry": {
        "type": "Polygon",
        "coordinates": [
          [
            [
              -116.10698468257144,
              53.405454331142856
            ],
            [
              -116.10698468257144,
              53.39545718857143
            ],
            [
              -116.136980396,
              53.39545718857143
            ],
            [
              -116.136980396,
              53.405454331142856
            ],
            [
              -116.12698182485714,
              53.405454331142856
            ],
            [
              -116.12698182485714,
              53.415451473714285
            ],
            [
              -116.14697896714286,
              53.415451473714285
            ],
            [
              -116.14697896714286,
              53.43544575885714
            ],
            [
              -116.1169832537143,
              53.43544575885714
            ],
            [
              -116.1169832537143,
              53.44544290142857
            ],
            [
              -116.10698468257144,
              53.44544290142857
            ],
            [
              -116.10698468257144,
              53.43544575885714
            ],
            [
              -116.08698754028572,
              53.43544575885714
            ],
            [
              -116.08698754028572,
              53.405454331142856
            ],
            [
              -116.10698468257144,
              53.405454331142856
            ]
          ]
        ]
      },
      "properties": {
        "hail_size_bin": "1.5\"",
        "min_size_inches": 1.5
      }
    },
    {
      "type": "Feature",
      "geometry": {
        "type": "Polygon",
        "coordinates": [
          [
            [
              -115.66704755228572,
              53.43544575885714
            ],
            [
              -115.66704755228572,
              53.455440044
            ],
            [
              -115.65704898114286,
              53.455440044
            ],
            [
              -115.65704898114286,
              53.44544290142857
            ],
            [
              -115.64705041,
              53.44544290142857
            ],
            [
              -115.64705041,
              53.43544575885714
            ],
            [
              -115.62705326771429,
              53.43544575885714
            ],
            [
              -115.62705326771429,
              53.42544861628571
            ],
            [
              -115.64705041,
              53.42544861628571
            ],
            [
              -115.64705041,
              53.415451473714285
            ],
            [
              -115.65704898114286,
              53.415451473714285
            ],
            [
              -115.65704898114286,
              53.42544861628571
            ],
            [
              -115.66704755228572,
              53.42544861628571
            ],
            [
              -115.66704755228572,
              53.415451473714285
            ],
            [
              -115.68704469457143,
              53.415451473714285
            ],
            [
              -115.68704469457143,
              53.42544861628571
            ],
            [
              -115.70704183685714,
              53.42544861628571
            ],
            [
              -115.70704183685714,
              53.43544575885714
            ],
            [
              -115.72703897914286,
              53.43544575885714
            ],
            [
              -115.72703897914286,
              53.455440044
            ],
            [
              -115.70704183685714,
              53.455440044
            ],
            [
              -115.70704183685714,
              53.44544290142857
            ],
            [
              -115.67704612342857,
              53.44544290142857
            ],
            [
              -115.67704612342857,
              53.43544575885714
            ],
            [
              -115.66704755228572,
              53.43544575885714
            ]
          ]
        ]
      },
      "properties": {
        "hail_size_bin": "1.5\"",
        "min_size_inches": 1.5
      }
    },
    {
      "type": "Feature",
      "geometry": {
        "type": "Polygon",
        "coordinates": [
          [
            [
              -116.01699754228572,
              53.43544575885714
            ],
            [
              -116.01699754228572,
              53.42544861628571
            ],
            [
              -116.02699611342857,
              53.42544861628571
            ],
            [
              -116.02699611342857,
              53.415451473714285
            ],
            [
              -116.04699325571428,
              53.415451473714285
            ],
            [
              -116.04699325571428,
              53.42544861628571
            ],
            [
              -116.066990398,
              53.42544861628571
            ],
            [
              -116.066990398,
              53.44544290142857
            ],
            [
              -116.04699325571428,
              53.44544290142857
            ],
            [
              -116.04699325571428,
              53.455440044
            ],
            [
              -116.01699754228572,
              53.455440044
            ],
            [
              -116.01699754228572,
              53.44544290142857
            ],
            [
              -116.00699897114286,
              53.44544290142857
            ],
            [
              -116.00699897114286,
              53.43544575885714
            ],
            [
              -116.01699754228572,
              53.43544575885714
            ]
          ]
        ]
      },
      "properties": {
        "hail_size_bin": "1.5\"",
        "min_size_inches": 1.5
      }
    },
    {
      "type": "Feature",
      "geometry": {
        "type": "Polygon",
        "coordinates": [
          [
            [
              -116.57691752628571,
              53.43544575885714
            ],
            [
              -116.58691609742857,
              53.43544575885714
            ],
            [
              -116.58691609742857,
              53.42544861628571
            ],
            [
              -116.57691752628571,
              53.42544861628571
            ],
            [
              -116.57691752628571,
              53.415451473714285
            ],
            [
              -116.65690609542858,
              53.415451473714285
            ],
            [
              -116.65690609542858,
              53.42544861628571
            ],
            [
              -116.66690466657143,
              53.42544861628571
            ],
            [
              -116.66690466657143,
              53.43544575885714
            ],
            [
              -116.64690752428572,
              53.43544575885714
            ],
            [
              -116.64690752428572,
              53.455440044
            ],
            [
              -116.626910382,
              53.455440044
            ],
            [
              -116.626910382,
              53.46543718657143
            ],
            [
              -116.56691895514285,
              53.46543718657143
            ],
            [
              -116.56691895514285,
              53.455440044
            ],
            [
              -116.55692038400001,
              53.455440044
            ],
            [
              -116.55692038400001,
              53.44544290142857
            ],
            [
              -116.57691752628571,
              53.44544290142857
            ],
            [
              -116.57691752628571,
              53.43544575885714
            ]
          ]
        ]
      },
      "properties": {
        "hail_size_bin": "1.5\"",
        "min_size_inches": 1.5
      }
    },
    {
      "type": "Feature",
      "geometry": {
        "type": "Polygon",
        "coordinates": [
          [
            [
              -115.79702897714286,
              53.895314317142855
            ],
            [
              -115.80702754828572,
              53.895314317142855
            ],
            [
              -115.80702754828572,
              53.885317174571426
            ],
            [
              -115.84702183285715,
              53.885317174571426
            ],
            [
              -115.84702183285715,
              53.895314317142855
            ],
            [
              -115.86701897514286,
              53.895314317142855
            ],
            [
              -115.86701897514286,
              53.885317174571426
            ],
            [
              -115.87701754628571,
              53.885317174571426
            ],
            [
              -115.87701754628571,
              53.875320032
            ],
            [
              -115.90701325971429,
              53.875320032
            ],
            [
              -115.90701325971429,
              53.905311459714284
            ],
            [
              -115.89701468857143,
              53.905311459714284
            ],
            [
              -115.89701468857143,
              53.91530860228571
            ],
            [
              -115.81702611942858,
              53.91530860228571
            ],
            [
              -115.81702611942858,
              53.92530574485714
            ],
            [
              -115.80702754828572,
              53.92530574485714
            ],
            [
              -115.80702754828572,
              53.91530860228571
            ],
            [
              -115.787030406,
              53.91530860228571
            ],
            [
              -115.787030406,
              53.905311459714284
            ],
            [
              -115.79702897714286,
              53.905311459714284
            ],
            [
              -115.79702897714286,
              53.895314317142855
            ]
          ]
        ]
      },
      "properties": {
        "hail_size_bin": "1.5\"",
        "min_size_inches": 1.5
      }
    },
    {
      "type": "Feature",
      "geometry": {
        "type": "Polygon",
        "coordinates": [
          [
            [
              -116.4669332437143,
              54.16523716657142
            ],
            [
              -116.4669332437143,
              54.155240023999994
            ],
            [
              -116.47693181485715,
              54.155240023999994
            ],
            [
              -116.47693181485715,
              54.14524288142857
            ],
            [
              -116.486930386,
              54.14524288142857
            ],
            [
              -116.486930386,
              54.125248596285715
            ],
            [
              -116.49692895714286,
              54.125248596285715
            ],
            [
              -116.49692895714286,
              54.115251453714286
            ],
            [
              -116.50692752828571,
              54.115251453714286
            ],
            [
              -116.50692752828571,
              54.125248596285715
            ],
            [
              -116.52692467057143,
              54.125248596285715
            ],
            [
              -116.52692467057143,
              54.14524288142857
            ],
            [
              -116.51692609942857,
              54.14524288142857
            ],
            [
              -116.51692609942857,
              54.16523716657142
            ],
            [
              -116.49692895714286,
              54.16523716657142
            ],
            [
              -116.49692895714286,
              54.155240023999994
            ],
            [
              -116.486930386,
              54.155240023999994
            ],
            [
              -116.486930386,
              54.16523716657142
            ],
            [
              -116.4669332437143,
              54.16523716657142
            ]
          ]
        ]
      },
      "properties": {
        "hail_size_bin": "1.5\"",
        "min_size_inches": 1.5
      }
    },
    {
      "type": "Feature",
      "geometry": {
        "type": "Polygon",
        "coordinates": [
          [
            [
              -117.56677606942857,
              54.135245738857144
            ],
            [
              -117.56677606942857,
              54.14524288142857
            ],
            [
              -117.58677321171429,
              54.14524288142857
            ],
            [
              -117.58677321171429,
              54.125248596285715
            ],
            [
              -117.606770354,
              54.125248596285715
            ],
            [
              -117.606770354,
              54.135245738857144
            ],
            [
              -117.59677178285715,
              54.135245738857144
            ],
            [
              -117.59677178285715,
              54.14524288142857
            ],
            [
              -117.61676892514286,
              54.14524288142857
            ],
            [
              -117.61676892514286,
              54.16523716657142
            ],
            [
              -117.57677464057143,
              54.16523716657142
            ],
            [
              -117.57677464057143,
              54.155240023999994
            ],
            [
              -117.54677892714287,
              54.155240023999994
            ],
            [
              -117.54677892714287,
              54.135245738857144
            ],
            [
              -117.56677606942857,
              54.135245738857144
            ]
          ]
        ]
      },
      "properties": {
        "hail_size_bin": "1.5\"",
        "min_size_inches": 1.5
      }
    },
    {
      "type": "Feature",
      "geometry": {
        "type": "Polygon",
        "coordinates": [
          [
            [
              -116.25696324971429,
              54.28520287742857
            ],
            [
              -116.25696324971429,
              54.27520573485714
            ],
            [
              -116.26696182085715,
              54.27520573485714
            ],
            [
              -116.26696182085715,
              54.26520859228571
            ],
            [
              -116.25696324971429,
              54.26520859228571
            ],
            [
              -116.25696324971429,
              54.24521430714285
            ],
            [
              -116.26696182085715,
              54.24521430714285
            ],
            [
              -116.26696182085715,
              54.235217164571424
            ],
            [
              -116.276960392,
              54.235217164571424
            ],
            [
              -116.276960392,
              54.225220021999995
            ],
            [
              -116.28695896314287,
              54.225220021999995
            ],
            [
              -116.28695896314287,
              54.235217164571424
            ],
            [
              -116.29695753428572,
              54.235217164571424
            ],
            [
              -116.29695753428572,
              54.25521144971428
            ],
            [
              -116.33695181885714,
              54.25521144971428
            ],
            [
              -116.33695181885714,
              54.26520859228571
            ],
            [
              -116.34695039,
              54.26520859228571
            ],
            [
              -116.34695039,
              54.27520573485714
            ],
            [
              -116.33695181885714,
              54.27520573485714
            ],
            [
              -116.33695181885714,
              54.28520287742857
            ],
            [
              -116.30695610542857,
              54.28520287742857
            ],
            [
              -116.30695610542857,
              54.27520573485714
            ],
            [
              -116.29695753428572,
              54.27520573485714
            ],
            [
              -116.29695753428572,
              54.28520287742857
            ],
            [
              -116.25696324971429,
              54.28520287742857
            ]
          ]
        ]
      },
      "properties": {
        "hail_size_bin": "1.5\"",
        "min_size_inches": 1.5
      }
    },
    {
      "type": "Feature",
      "geometry": {
        "type": "Polygon",
        "coordinates": [
          [
            [
              -116.39694324571428,
              54.27520573485714
            ],
            [
              -116.39694324571428,
              54.28520287742857
            ],
            [
              -116.38694467457142,
              54.28520287742857
            ],
            [
              -116.38694467457142,
              54.295200019999996
            ],
            [
              -116.39694324571428,
              54.295200019999996
            ],
            [
              -116.39694324571428,
              54.305197162571424
            ],
            [
              -116.38694467457142,
              54.305197162571424
            ],
            [
              -116.38694467457142,
              54.31519430514285
            ],
            [
              -116.34695039,
              54.31519430514285
            ],
            [
              -116.34695039,
              54.305197162571424
            ],
            [
              -116.35694896114286,
              54.305197162571424
            ],
            [
              -116.35694896114286,
              54.27520573485714
            ],
            [
              -116.39694324571428,
              54.27520573485714
            ]
          ]
        ]
      },
      "properties": {
        "hail_size_bin": "1.5\"",
        "min_size_inches": 1.5
      }
    },
    {
      "type": "Feature",
      "geometry": {
        "type": "Polygon",
        "coordinates": [
          [
            [
              -116.416940388,
              54.33518859028571
            ],
            [
              -116.416940388,
              54.31519430514285
            ],
            [
              -116.40694181685714,
              54.31519430514285
            ],
            [
              -116.40694181685714,
              54.305197162571424
            ],
            [
              -116.416940388,
              54.305197162571424
            ],
            [
              -116.416940388,
              54.28520287742857
            ],
            [
              -116.42693895914286,
              54.28520287742857
            ],
            [
              -116.42693895914286,
              54.27520573485714
            ],
            [
              -116.44693610142858,
              54.27520573485714
            ],
            [
              -116.44693610142858,
              54.26520859228571
            ],
            [
              -116.4669332437143,
              54.26520859228571
            ],
            [
              -116.4669332437143,
              54.25521144971428
            ],
            [
              -116.486930386,
              54.25521144971428
            ],
            [
              -116.486930386,
              54.26520859228571
            ],
            [
              -116.49692895714286,
              54.26520859228571
            ],
            [
              -116.49692895714286,
              54.27520573485714
            ],
            [
              -116.47693181485715,
              54.27520573485714
            ],
            [
              -116.47693181485715,
              54.28520287742857
            ],
            [
              -116.486930386,
              54.28520287742857
            ],
            [
              -116.486930386,
              54.295200019999996
            ],
            [
              -116.50692752828571,
              54.295200019999996
            ],
            [
              -116.50692752828571,
              54.28520287742857
            ],
            [
              -116.53692324171429,
              54.28520287742857
            ],
            [
              -116.53692324171429,
              54.295200019999996
            ],
            [
              -116.52692467057143,
              54.295200019999996
            ],
            [
              -116.52692467057143,
              54.31519430514285
            ],
            [
              -116.51692609942857,
              54.31519430514285
            ],
            [
              -116.51692609942857,
              54.33518859028571
            ],
            [
              -116.50692752828571,
              54.33518859028571
            ],
            [
              -116.50692752828571,
              54.32519144771428
            ],
            [
              -116.49692895714286,
              54.32519144771428
            ],
            [
              -116.49692895714286,
              54.33518859028571
            ],
            [
              -116.47693181485715,
              54.33518859028571
            ],
            [
              -116.47693181485715,
              54.34518573285714
            ],
            [
              -116.44693610142858,
              54.34518573285714
            ],
            [
              -116.44693610142858,
              54.35518287542857
            ],
            [
              -116.42693895914286,
              54.35518287542857
            ],
            [
              -116.42693895914286,
              54.34518573285714
            ],
            [
              -116.43693753028572,
              54.34518573285714
            ],
            [
              -116.43693753028572,
              54.33518859028571
            ],
            [
              -116.416940388,
              54.33518859028571
            ]
          ]
        ]
      },
      "properties": {
        "hail_size_bin": "1.5\"",
        "min_size_inches": 1.5
      }
    },
    {
      "type": "Feature",
      "geometry": {
        "type": "Polygon",
        "coordinates": [
          [
            [
              -116.54692181285715,
              54.34518573285714
            ],
            [
              -116.54692181285715,
              54.33518859028571
            ],
            [
              -116.55692038400001,
              54.33518859028571
            ],
            [
              -116.55692038400001,
              54.32519144771428
            ],
            [
              -116.54692181285715,
              54.32519144771428
            ],
            [
              -116.54692181285715,
              54.31519430514285
            ],
            [
              -116.55692038400001,
              54.31519430514285
            ],
            [
              -116.55692038400001,
              54.305197162571424
            ],
            [
              -116.60691323971429,
              54.305197162571424
            ],
            [
              -116.60691323971429,
              54.31519430514285
            ],
            [
              -116.626910382,
              54.31519430514285
            ],
            [
              -116.626910382,
              54.32519144771428
            ],
            [
              -116.61691181085715,
              54.32519144771428
            ],
            [
              -116.61691181085715,
              54.33518859028571
            ],
            [
              -116.60691323971429,
              54.33518859028571
            ],
            [
              -116.60691323971429,
              54.34518573285714
            ],
            [
              -116.59691466857143,
              54.34518573285714
            ],
            [
              -116.59691466857143,
              54.33518859028571
            ],
            [
              -116.57691752628571,
              54.33518859028571
            ],
            [
              -116.57691752628571,
              54.34518573285714
            ],
            [
              -116.54692181285715,
              54.34518573285714
            ]
          ]
        ]
      },
      "properties": {
        "hail_size_bin": "1.5\"",
        "min_size_inches": 1.5
      }
    },
    {
      "type": "Feature",
      "geometry": {
        "type": "Polygon",
        "coordinates": [
          [
            [
              -116.64690752428572,
              54.35518287542857
            ],
            [
              -116.64690752428572,
              54.31519430514285
            ],
            [
              -116.65690609542858,
              54.31519430514285
            ],
            [
              -116.65690609542858,
              54.305197162571424
            ],
            [
              -116.66690466657143,
              54.305197162571424
            ],
            [
              -116.66690466657143,
              54.295200019999996
            ],
            [
              -116.67690323771428,
              54.295200019999996
            ],
            [
              -116.67690323771428,
              54.305197162571424
            ],
            [
              -116.68690180885714,
              54.305197162571424
            ],
            [
              -116.68690180885714,
              54.28520287742857
            ],
            [
              -116.70689895114286,
              54.28520287742857
            ],
            [
              -116.70689895114286,
              54.295200019999996
            ],
            [
              -116.73689466457144,
              54.295200019999996
            ],
            [
              -116.73689466457144,
              54.305197162571424
            ],
            [
              -116.72689609342858,
              54.305197162571424
            ],
            [
              -116.72689609342858,
              54.32519144771428
            ],
            [
              -116.70689895114286,
              54.32519144771428
            ],
            [
              -116.70689895114286,
              54.33518859028571
            ],
            [
              -116.69690038,
              54.33518859028571
            ],
            [
              -116.69690038,
              54.34518573285714
            ],
            [
              -116.68690180885714,
              54.34518573285714
            ],
            [
              -116.68690180885714,
              54.35518287542857
            ],
            [
              -116.70689895114286,
              54.35518287542857
            ],
            [
              -116.70689895114286,
              54.34518573285714
            ],
            [
              -116.73689466457144,
              54.34518573285714
            ],
            [
              -116.73689466457144,
              54.35518287542857
            ],
            [
              -116.77688894914286,
              54.35518287542857
            ],
            [
              -116.77688894914286,
              54.375177160571425
            ],
            [
              -116.766890378,
              54.375177160571425
            ],
            [
              -116.766890378,
              54.385174303142854
            ],
            [
              -116.72689609342858,
              54.385174303142854
            ],
            [
              -116.72689609342858,
              54.375177160571425
            ],
            [
              -116.70689895114286,
              54.375177160571425
            ],
            [
              -116.70689895114286,
              54.385174303142854
            ],
            [
              -116.69690038,
              54.385174303142854
            ],
            [
              -116.69690038,
              54.39517144571428
            ],
            [
              -116.67690323771428,
              54.39517144571428
            ],
            [
              -116.67690323771428,
              54.375177160571425
            ],
            [
              -116.65690609542858,
              54.375177160571425
            ],
            [
              -116.65690609542858,
              54.35518287542857
            ],
            [
              -116.64690752428572,
              54.35518287542857
            ]
          ]
        ]
      },
      "properties": {
        "hail_size_bin": "1.5\"",
        "min_size_inches": 1.5
      }
    },
    {
      "type": "Feature",
      "geometry": {
        "type": "Polygon",
        "coordinates": [
          [
            [
              -116.976860372,
              54.34518573285714
            ],
            [
              -116.99685751428572,
              54.34518573285714
            ],
            [
              -116.99685751428572,
              54.32519144771428
            ],
            [
              -117.00685608542858,
              54.32519144771428
            ],
            [
              -117.00685608542858,
              54.31519430514285
            ],
            [
              -117.01685465657144,
              54.31519430514285
            ],
            [
              -117.01685465657144,
              54.32519144771428
            ],
            [
              -117.02685322771428,
              54.32519144771428
            ],
            [
              -117.02685322771428,
              54.33518859028571
            ],
            [
              -117.01685465657144,
              54.33518859028571
            ],
            [
              -117.01685465657144,
              54.35518287542857
            ],
            [
              -117.00685608542858,
              54.35518287542857
            ],
            [
              -117.00685608542858,
              54.375177160571425
            ],
            [
              -116.99685751428572,
              54.375177160571425
            ],
            [
              -116.99685751428572,
              54.365180018
            ],
            [
              -116.96686180085715,
              54.365180018
            ],
            [
              -116.96686180085715,
              54.35518287542857
            ],
            [
              -116.976860372,
              54.35518287542857
            ],
            [
              -116.976860372,
              54.34518573285714
            ]
          ]
        ]
      },
      "properties": {
        "hail_size_bin": "1.5\"",
        "min_size_inches": 1.5
      }
    },
    {
      "type": "Feature",
      "geometry": {
        "type": "Polygon",
        "coordinates": [
          [
            [
              -116.79688609142858,
              54.35518287542857
            ],
            [
              -116.80688466257143,
              54.35518287542857
            ],
            [
              -116.80688466257143,
              54.34518573285714
            ],
            [
              -116.8168832337143,
              54.34518573285714
            ],
            [
              -116.8168832337143,
              54.33518859028571
            ],
            [
              -116.82688180485715,
              54.33518859028571
            ],
            [
              -116.82688180485715,
              54.34518573285714
            ],
            [
              -116.83688037600001,
              54.34518573285714
            ],
            [
              -116.83688037600001,
              54.33518859028571
            ],
            [
              -116.85687751828571,
              54.33518859028571
            ],
            [
              -116.85687751828571,
              54.32519144771428
            ],
            [
              -116.86687608942857,
              54.32519144771428
            ],
            [
              -116.86687608942857,
              54.31519430514285
            ],
            [
              -116.87687466057143,
              54.31519430514285
            ],
            [
              -116.87687466057143,
              54.32519144771428
            ],
            [
              -116.90687037400001,
              54.32519144771428
            ],
            [
              -116.90687037400001,
              54.33518859028571
            ],
            [
              -116.89687180285715,
              54.33518859028571
            ],
            [
              -116.89687180285715,
              54.34518573285714
            ],
            [
              -116.90687037400001,
              54.34518573285714
            ],
            [
              -116.90687037400001,
              54.35518287542857
            ],
            [
              -116.89687180285715,
              54.35518287542857
            ],
            [
              -116.89687180285715,
              54.375177160571425
            ],
            [
              -116.88687323171429,
              54.375177160571425
            ],
            [
              -116.88687323171429,
              54.385174303142854
            ],
            [
              -116.84687894714286,
              54.385174303142854
            ],
            [
              -116.84687894714286,
              54.375177160571425
            ],
            [
              -116.80688466257143,
              54.375177160571425
            ],
            [
              -116.80688466257143,
              54.365180018
            ],
            [
              -116.79688609142858,
              54.365180018
            ],
            [
              -116.79688609142858,
              54.35518287542857
            ]
          ]
        ]
      },
      "properties": {
        "hail_size_bin": "1.5\"",
        "min_size_inches": 1.5
      }
    },
    {
      "type": "Feature",
      "geometry": {
        "type": "Polygon",
        "coordinates": [
          [
            [
              -117.07684608342858,
              54.435160016
            ],
            [
              -117.07684608342858,
              54.42516287342857
            ],
            [
              -117.08684465457144,
              54.42516287342857
            ],
            [
              -117.08684465457144,
              54.435160016
            ],
            [
              -117.116840368,
              54.435160016
            ],
            [
              -117.116840368,
              54.42516287342857
            ],
            [
              -117.14683608142857,
              54.42516287342857
            ],
            [
              -117.14683608142857,
              54.435160016
            ],
            [
              -117.13683751028572,
              54.435160016
            ],
            [
              -117.13683751028572,
              54.445157158571426
            ],
            [
              -117.10684179685714,
              54.445157158571426
            ],
            [
              -117.10684179685714,
              54.455154301142855
            ],
            [
              -117.08684465457144,
              54.455154301142855
            ],
            [
              -117.08684465457144,
              54.465151443714284
            ],
            [
              -117.05684894114286,
              54.465151443714284
            ],
            [
              -117.05684894114286,
              54.445157158571426
            ],
            [
              -117.06684751228572,
              54.445157158571426
            ],
            [
              -117.06684751228572,
              54.435160016
            ],
            [
              -117.07684608342858,
              54.435160016
            ]
          ]
        ]
      },
      "properties": {
        "hail_size_bin": "1.5\"",
        "min_size_inches": 1.5
      }
    },
    {
      "type": "Feature",
      "geometry": {
        "type": "Polygon",
        "coordinates": [
          [
            [
              -81.03199711342857,
              25.61339798257143
            ],
            [
              -81.03199711342857,
              25.603400840000003
            ],
            [
              -81.08198996914285,
              25.603400840000003
            ],
            [
              -81.08198996914285,
              25.61339798257143
            ],
            [
              -81.071991398,
              25.61339798257143
            ],
            [
              -81.071991398,
              25.63339226771429
            ],
            [
              -81.04199568457142,
              25.63339226771429
            ],
            [
              -81.04199568457142,
              25.62339512514286
            ],
            [
              -81.02199854228571,
              25.62339512514286
            ],
            [
              -81.02199854228571,
              25.61339798257143
            ],
            [
              -81.03199711342857,
              25.61339798257143
            ]
          ]
        ]
      },
      "properties": {
        "hail_size_bin": "1.5\"",
        "min_size_inches": 1.5
      }
    },
    {
      "type": "Feature",
      "geometry": {
        "type": "Polygon",
        "coordinates": [
          [
            [
              -64.79431757742857,
              42.91845177371428
            ],
            [
              -64.79431757742857,
              42.898457488571424
            ],
            [
              -64.81431471971429,
              42.898457488571424
            ],
            [
              -64.81431471971429,
              42.90845463114286
            ],
            [
              -64.85430900428571,
              42.90845463114286
            ],
            [
              -64.85430900428571,
              42.91845177371428
            ],
            [
              -64.87430614657143,
              42.91845177371428
            ],
            [
              -64.87430614657143,
              42.93844605885714
            ],
            [
              -64.85430900428571,
              42.93844605885714
            ],
            [
              -64.85430900428571,
              42.92844891628572
            ],
            [
              -64.81431471971429,
              42.92844891628572
            ],
            [
              -64.81431471971429,
              42.91845177371428
            ],
            [
              -64.79431757742857,
              42.91845177371428
            ]
          ]
        ]
      },
      "properties": {
        "hail_size_bin": "1.5\"",
        "min_size_inches": 1.5
      }
    },
    {
      "type": "Feature",
      "geometry": {
        "type": "Polygon",
        "coordinates": [
          [
            [
              -64.90430186,
              42.92844891628572
            ],
            [
              -64.90430186,
              42.91845177371428
            ],
            [
              -64.92429900228571,
              42.91845177371428
            ],
            [
              -64.92429900228571,
              42.92844891628572
            ],
            [
              -64.95429471571428,
              42.92844891628572
            ],
            [
              -64.95429471571428,
              42.93844605885714
            ],
            [
              -64.974291858,
              42.93844605885714
            ],
            [
              -64.974291858,
              42.948443201428574
            ],
            [
              -64.92429900228571,
              42.948443201428574
            ],
            [
              -64.92429900228571,
              42.93844605885714
            ],
            [
              -64.89430328885715,
              42.93844605885714
            ],
            [
              -64.89430328885715,
              42.92844891628572
            ],
            [
              -64.90430186,
              42.92844891628572
            ]
          ]
        ]
      },
      "properties": {
        "hail_size_bin": "1.5\"",
        "min_size_inches": 1.5
      }
    },
    {
      "type": "Feature",
      "geometry": {
        "type": "Polygon",
        "coordinates": [
          [
            [
              -82.82174134799999,
              44.37803458914286
            ],
            [
              -82.82174134799999,
              44.36803744657143
            ],
            [
              -82.83173991914285,
              44.36803744657143
            ],
            [
              -82.83173991914285,
              44.358040304
            ],
            [
              -82.85173706142857,
              44.358040304
            ],
            [
              -82.85173706142857,
              44.36803744657143
            ],
            [
              -82.86173563257142,
              44.36803744657143
            ],
            [
              -82.86173563257142,
              44.37803458914286
            ],
            [
              -82.8417384902857,
              44.37803458914286
            ],
            [
              -82.8417384902857,
              44.388031731714285
            ],
            [
              -82.83173991914285,
              44.388031731714285
            ],
            [
              -82.83173991914285,
              44.398028874285714
            ],
            [
              -82.81174277685714,
              44.398028874285714
            ],
            [
              -82.81174277685714,
              44.388031731714285
            ],
            [
              -82.80174420571429,
              44.388031731714285
            ],
            [
              -82.80174420571429,
              44.37803458914286
            ],
            [
              -82.82174134799999,
              44.37803458914286
            ]
          ]
        ]
      },
      "properties": {
        "hail_size_bin": "1.5\"",
        "min_size_inches": 1.5
      }
    },
    {
      "type": "Feature",
      "geometry": {
        "type": "Polygon",
        "coordinates": [
          [
            [
              -75.37280584657142,
              44.43801744457143
            ],
            [
              -75.37280584657142,
              44.458011729714286
            ],
            [
              -75.38280441771428,
              44.458011729714286
            ],
            [
              -75.38280441771428,
              44.478006014857144
            ],
            [
              -75.34281013314285,
              44.478006014857144
            ],
            [
              -75.34281013314285,
              44.468008872285715
            ],
            [
              -75.31281441971429,
              44.468008872285715
            ],
            [
              -75.31281441971429,
              44.43801744457143
            ],
            [
              -75.37280584657142,
              44.43801744457143
            ]
          ]
        ]
      },
      "properties": {
        "hail_size_bin": "1.5\"",
        "min_size_inches": 1.5
      }
    },
    {
      "type": "Feature",
      "geometry": {
        "type": "Polygon",
        "coordinates": [
          [
            [
              -75.4527944157143,
              44.54798601285714
            ],
            [
              -75.4527944157143,
              44.537988870285716
            ],
            [
              -75.46279298685714,
              44.537988870285716
            ],
            [
              -75.46279298685714,
              44.51799458514286
            ],
            [
              -75.49278870028571,
              44.51799458514286
            ],
            [
              -75.49278870028571,
              44.52799172771429
            ],
            [
              -75.51278584257142,
              44.52799172771429
            ],
            [
              -75.51278584257142,
              44.537988870285716
            ],
            [
              -75.52278441371428,
              44.537988870285716
            ],
            [
              -75.52278441371428,
              44.567980297999995
            ],
            [
              -75.472791558,
              44.567980297999995
            ],
            [
              -75.472791558,
              44.55798315542857
            ],
            [
              -75.46279298685714,
              44.55798315542857
            ],
            [
              -75.46279298685714,
              44.54798601285714
            ],
            [
              -75.4527944157143,
              44.54798601285714
            ]
          ]
        ]
      },
      "properties": {
        "hail_size_bin": "1.5\"",
        "min_size_inches": 1.5
      }
    },
    {
      "type": "Feature",
      "geometry": {
        "type": "Polygon",
        "coordinates": [
          [
            [
              -61.98471908628571,
              45.277777420571425
            ],
            [
              -61.94472480171429,
              45.277777420571425
            ],
            [
              -61.94472480171429,
              45.25778313542857
            ],
            [
              -61.93472623057143,
              45.25778313542857
            ],
            [
              -61.93472623057143,
              45.23778885028571
            ],
            [
              -61.94472480171429,
              45.23778885028571
            ],
            [
              -61.94472480171429,
              45.22779170771429
            ],
            [
              -61.96472194399999,
              45.22779170771429
            ],
            [
              -61.96472194399999,
              45.21779456514285
            ],
            [
              -62.004716228571425,
              45.21779456514285
            ],
            [
              -62.004716228571425,
              45.22779170771429
            ],
            [
              -62.02471337085714,
              45.22779170771429
            ],
            [
              -62.02471337085714,
              45.247785992857146
            ],
            [
              -62.034711942,
              45.247785992857146
            ],
            [
              -62.034711942,
              45.267780278
            ],
            [
              -62.014714799714284,
              45.267780278
            ],
            [
              -62.014714799714284,
              45.287774563142854
            ],
            [
              -62.004716228571425,
              45.287774563142854
            ],
            [
              -62.004716228571425,
              45.277777420571425
            ],
            [
              -61.994717657428566,
              45.277777420571425
            ],
            [
              -61.994717657428566,
              45.267780278
            ],
            [
              -61.98471908628571,
              45.267780278
            ],
            [
              -61.98471908628571,
              45.277777420571425
            ]
          ]
        ]
      },
      "properties": {
        "hail_size_bin": "1.5\"",
        "min_size_inches": 1.5
      }
    },
    {
      "type": "Feature",
      "geometry": {
        "type": "Polygon",
        "coordinates": [
          [
            [
              -78.72232717942856,
              45.657668838285716
            ],
            [
              -78.762321464,
              45.657668838285716
            ],
            [
              -78.762321464,
              45.667665980857144
            ],
            [
              -78.77232003514285,
              45.667665980857144
            ],
            [
              -78.77232003514285,
              45.687660265999995
            ],
            [
              -78.78231860628571,
              45.687660265999995
            ],
            [
              -78.78231860628571,
              45.71765169371429
            ],
            [
              -78.75232289285714,
              45.71765169371429
            ],
            [
              -78.75232289285714,
              45.70765455114285
            ],
            [
              -78.73232575057142,
              45.70765455114285
            ],
            [
              -78.73232575057142,
              45.687660265999995
            ],
            [
              -78.72232717942856,
              45.687660265999995
            ],
            [
              -78.72232717942856,
              45.657668838285716
            ]
          ]
        ]
      },
      "properties": {
        "hail_size_bin": "1.5\"",
        "min_size_inches": 1.5
      }
    },
    {
      "type": "Feature",
      "geometry": {
        "type": "Polygon",
        "coordinates": [
          [
            [
              -107.54820778428572,
              45.95758311542857
            ],
            [
              -107.54820778428572,
              45.94758597285714
            ],
            [
              -107.55820635542858,
              45.94758597285714
            ],
            [
              -107.55820635542858,
              45.93758883028571
            ],
            [
              -107.58820206885714,
              45.93758883028571
            ],
            [
              -107.58820206885714,
              45.94758597285714
            ],
            [
              -107.60819921114286,
              45.94758597285714
            ],
            [
              -107.60819921114286,
              45.95758311542857
            ],
            [
              -107.59820064,
              45.95758311542857
            ],
            [
              -107.59820064,
              45.97757740057143
            ],
            [
              -107.56820492657143,
              45.97757740057143
            ],
            [
              -107.56820492657143,
              45.967580258
            ],
            [
              -107.55820635542858,
              45.967580258
            ],
            [
              -107.55820635542858,
              45.95758311542857
            ],
            [
              -107.54820778428572,
              45.95758311542857
            ]
          ]
        ]
      },
      "properties": {
        "hail_size_bin": "1.5\"",
        "min_size_inches": 1.5
      }
    },
    {
      "type": "Feature",
      "geometry": {
        "type": "Polygon",
        "coordinates": [
          [
            [
              -78.85230860428571,
              46.24750025
            ],
            [
              -78.85230860428571,
              46.237503107428566
            ],
            [
              -78.84231003314287,
              46.237503107428566
            ],
            [
              -78.84231003314287,
              46.227505964857144
            ],
            [
              -78.832311462,
              46.227505964857144
            ],
            [
              -78.832311462,
              46.217508822285716
            ],
            [
              -78.88230431771429,
              46.217508822285716
            ],
            [
              -78.88230431771429,
              46.227505964857144
            ],
            [
              -78.93229717342857,
              46.227505964857144
            ],
            [
              -78.93229717342857,
              46.237503107428566
            ],
            [
              -78.96229288685714,
              46.237503107428566
            ],
            [
              -78.96229288685714,
              46.24750025
            ],
            [
              -78.972291458,
              46.24750025
            ],
            [
              -78.972291458,
              46.25749739257142
            ],
            [
              -78.96229288685714,
              46.25749739257142
            ],
            [
              -78.96229288685714,
              46.26749453514286
            ],
            [
              -78.95229431571428,
              46.26749453514286
            ],
            [
              -78.95229431571428,
              46.25749739257142
            ],
            [
              -78.89230288885713,
              46.25749739257142
            ],
            [
              -78.89230288885713,
              46.24750025
            ],
            [
              -78.85230860428571,
              46.24750025
            ]
          ]
        ]
      },
      "properties": {
        "hail_size_bin": "1.5\"",
        "min_size_inches": 1.5
      }
    },
    {
      "type": "Feature",
      "geometry": {
        "type": "Polygon",
        "coordinates": [
          [
            [
              -79.05228002714286,
              46.237503107428566
            ],
            [
              -79.05228002714286,
              46.24750025
            ],
            [
              -79.06227859828572,
              46.24750025
            ],
            [
              -79.06227859828572,
              46.26749453514286
            ],
            [
              -79.01228574257144,
              46.26749453514286
            ],
            [
              -79.01228574257144,
              46.24750025
            ],
            [
              -78.99228860028572,
              46.24750025
            ],
            [
              -78.99228860028572,
              46.237503107428566
            ],
            [
              -79.05228002714286,
              46.237503107428566
            ]
          ]
        ]
      },
      "properties": {
        "hail_size_bin": "1.5\"",
        "min_size_inches": 1.5
      }
    },
    {
      "type": "Feature",
      "geometry": {
        "type": "Polygon",
        "coordinates": [
          [
            [
              -79.182261452,
              46.24750025
            ],
            [
              -79.23225430771429,
              46.24750025
            ],
            [
              -79.23225430771429,
              46.237503107428566
            ],
            [
              -79.24225287885714,
              46.237503107428566
            ],
            [
              -79.24225287885714,
              46.24750025
            ],
            [
              -79.26225002114285,
              46.24750025
            ],
            [
              -79.26225002114285,
              46.25749739257142
            ],
            [
              -79.2722485922857,
              46.25749739257142
            ],
            [
              -79.2722485922857,
              46.26749453514286
            ],
            [
              -79.28224716342856,
              46.26749453514286
            ],
            [
              -79.28224716342856,
              46.27749167771428
            ],
            [
              -79.21225716542857,
              46.27749167771428
            ],
            [
              -79.21225716542857,
              46.26749453514286
            ],
            [
              -79.19226002314286,
              46.26749453514286
            ],
            [
              -79.19226002314286,
              46.25749739257142
            ],
            [
              -79.182261452,
              46.25749739257142
            ],
            [
              -79.182261452,
              46.24750025
            ]
          ]
        ]
      },
      "properties": {
        "hail_size_bin": "1.5\"",
        "min_size_inches": 1.5
      }
    },
    {
      "type": "Feature",
      "geometry": {
        "type": "Polygon",
        "coordinates": [
          [
            [
              -109.44793630142857,
              46.667380238
            ],
            [
              -109.43793773028571,
              46.667380238
            ],
            [
              -109.43793773028571,
              46.65738309542857
            ],
            [
              -109.42793915914285,
              46.65738309542857
            ],
            [
              -109.42793915914285,
              46.64738595285714
            ],
            [
              -109.39794344571429,
              46.64738595285714
            ],
            [
              -109.39794344571429,
              46.637388810285714
            ],
            [
              -109.38794487457143,
              46.637388810285714
            ],
            [
              -109.38794487457143,
              46.617394525142856
            ],
            [
              -109.39794344571429,
              46.617394525142856
            ],
            [
              -109.39794344571429,
              46.60739738257143
            ],
            [
              -109.40794201685715,
              46.60739738257143
            ],
            [
              -109.40794201685715,
              46.59740024
            ],
            [
              -109.417940588,
              46.59740024
            ],
            [
              -109.417940588,
              46.58740309742857
            ],
            [
              -109.44793630142857,
              46.58740309742857
            ],
            [
              -109.44793630142857,
              46.57740595485714
            ],
            [
              -109.45793487257143,
              46.57740595485714
            ],
            [
              -109.45793487257143,
              46.58740309742857
            ],
            [
              -109.47793201485715,
              46.58740309742857
            ],
            [
              -109.47793201485715,
              46.59740024
            ],
            [
              -109.49792915714286,
              46.59740024
            ],
            [
              -109.49792915714286,
              46.60739738257143
            ],
            [
              -109.50792772828572,
              46.60739738257143
            ],
            [
              -109.50792772828572,
              46.627391667714285
            ],
            [
              -109.51792629942858,
              46.627391667714285
            ],
            [
              -109.51792629942858,
              46.637388810285714
            ],
            [
              -109.53792344171428,
              46.637388810285714
            ],
            [
              -109.53792344171428,
              46.627391667714285
            ],
            [
              -109.56791915514286,
              46.627391667714285
            ],
            [
              -109.56791915514286,
              46.637388810285714
            ],
            [
              -109.58791629742858,
              46.637388810285714
            ],
            [
              -109.58791629742858,
              46.64738595285714
            ],
            [
              -109.56791915514286,
              46.64738595285714
            ],
            [
              -109.56791915514286,
              46.65738309542857
            ],
            [
              -109.557920584,
              46.65738309542857
            ],
            [
              -109.557920584,
              46.64738595285714
            ],
            [
              -109.54792201285714,
              46.64738595285714
            ],
            [
              -109.54792201285714,
              46.65738309542857
            ],
            [
              -109.50792772828572,
              46.65738309542857
            ],
            [
              -109.50792772828572,
              46.67737738057143
            ],
            [
              -109.47793201485715,
              46.67737738057143
            ],
            [
              -109.47793201485715,
              46.667380238
            ],
            [
              -109.45793487257143,
              46.667380238
            ],
            [
              -109.45793487257143,
              46.67737738057143
            ],
            [
              -109.44793630142857,
              46.67737738057143
            ],
            [
              -109.44793630142857,
              46.667380238
            ]
          ]
        ]
      },
      "properties": {
        "hail_size_bin": "1.5\"",
        "min_size_inches": 1.5
      }
    },
    {
      "type": "Feature",
      "geometry": {
        "type": "Polygon",
        "coordinates": [
          [
            [
              -108.87801774628572,
              46.82733451914285
            ],
            [
              -108.87801774628572,
              46.81733737657143
            ],
            [
              -108.88801631742857,
              46.81733737657143
            ],
            [
              -108.88801631742857,
              46.807340233999994
            ],
            [
              -108.87801774628572,
              46.807340233999994
            ],
            [
              -108.87801774628572,
              46.79734309142857
            ],
            [
              -108.86801917514286,
              46.79734309142857
            ],
            [
              -108.86801917514286,
              46.76735166371429
            ],
            [
              -108.87801774628572,
              46.76735166371429
            ],
            [
              -108.87801774628572,
              46.787345948857144
            ],
            [
              -108.89801488857142,
              46.787345948857144
            ],
            [
              -108.89801488857142,
              46.79734309142857
            ],
            [
              -108.91801203085714,
              46.79734309142857
            ],
            [
              -108.91801203085714,
              46.807340233999994
            ],
            [
              -108.90801345971428,
              46.807340233999994
            ],
            [
              -108.90801345971428,
              46.81733737657143
            ],
            [
              -108.93800917314286,
              46.81733737657143
            ],
            [
              -108.93800917314286,
              46.82733451914285
            ],
            [
              -108.94800774428572,
              46.82733451914285
            ],
            [
              -108.94800774428572,
              46.84732880428571
            ],
            [
              -108.93800917314286,
              46.84732880428571
            ],
            [
              -108.93800917314286,
              46.857325946857145
            ],
            [
              -108.91801203085714,
              46.857325946857145
            ],
            [
              -108.91801203085714,
              46.83733166171429
            ],
            [
              -108.88801631742857,
              46.83733166171429
            ],
            [
              -108.88801631742857,
              46.82733451914285
            ],
            [
              -108.87801774628572,
              46.82733451914285
            ]
          ]
        ]
      },
      "properties": {
        "hail_size_bin": "1.5\"",
        "min_size_inches": 1.5
      }
    },
    {
      "type": "Feature",
      "geometry": {
        "type": "Polygon",
        "coordinates": [
          [
            [
              -109.09798631142857,
              46.857325946857145
            ],
            [
              -109.09798631142857,
              46.82733451914285
            ],
            [
              -109.10798488257143,
              46.82733451914285
            ],
            [
              -109.10798488257143,
              46.81733737657143
            ],
            [
              -109.11798345371429,
              46.81733737657143
            ],
            [
              -109.11798345371429,
              46.807340233999994
            ],
            [
              -109.12798202485715,
              46.807340233999994
            ],
            [
              -109.12798202485715,
              46.81733737657143
            ],
            [
              -109.16797630942858,
              46.81733737657143
            ],
            [
              -109.16797630942858,
              46.82733451914285
            ],
            [
              -109.15797773828572,
              46.82733451914285
            ],
            [
              -109.15797773828572,
              46.84732880428571
            ],
            [
              -109.14797916714286,
              46.84732880428571
            ],
            [
              -109.14797916714286,
              46.857325946857145
            ],
            [
              -109.137980596,
              46.857325946857145
            ],
            [
              -109.137980596,
              46.86732308942857
            ],
            [
              -109.12798202485715,
              46.86732308942857
            ],
            [
              -109.12798202485715,
              46.877320232
            ],
            [
              -109.11798345371429,
              46.877320232
            ],
            [
              -109.11798345371429,
              46.86732308942857
            ],
            [
              -109.08798774028571,
              46.86732308942857
            ],
            [
              -109.08798774028571,
              46.857325946857145
            ],
            [
              -109.09798631142857,
              46.857325946857145
            ]
          ]
        ]
      },
      "properties": {
        "hail_size_bin": "1.5\"",
        "min_size_inches": 1.5
      }
    },
    {
      "type": "Feature",
      "geometry": {
        "type": "Polygon",
        "coordinates": [
          [
            [
              -109.70789915114285,
              47.05726879828571
            ],
            [
              -109.70789915114285,
              47.04727165571428
            ],
            [
              -109.69790058000001,
              47.04727165571428
            ],
            [
              -109.69790058000001,
              47.037274513142854
            ],
            [
              -109.72789629342857,
              47.037274513142854
            ],
            [
              -109.72789629342857,
              47.027277370571426
            ],
            [
              -109.74789343571429,
              47.027277370571426
            ],
            [
              -109.74789343571429,
              47.017280228
            ],
            [
              -109.767890578,
              47.017280228
            ],
            [
              -109.767890578,
              47.027277370571426
            ],
            [
              -109.79788629142857,
              47.027277370571426
            ],
            [
              -109.79788629142857,
              47.037274513142854
            ],
            [
              -109.80788486257143,
              47.037274513142854
            ],
            [
              -109.80788486257143,
              47.017280228
            ],
            [
              -109.85787771828572,
              47.017280228
            ],
            [
              -109.85787771828572,
              47.037274513142854
            ],
            [
              -109.837880576,
              47.037274513142854
            ],
            [
              -109.837880576,
              47.04727165571428
            ],
            [
              -109.80788486257143,
              47.04727165571428
            ],
            [
              -109.80788486257143,
              47.05726879828571
            ],
            [
              -109.79788629142857,
              47.05726879828571
            ],
            [
              -109.79788629142857,
              47.04727165571428
            ],
            [
              -109.73789486457143,
              47.04727165571428
            ],
            [
              -109.73789486457143,
              47.05726879828571
            ],
            [
              -109.70789915114285,
              47.05726879828571
            ]
          ]
        ]
      },
      "properties": {
        "hail_size_bin": "1.5\"",
        "min_size_inches": 1.5
      }
    },
    {
      "type": "Feature",
      "geometry": {
        "type": "Polygon",
        "coordinates": [
          [
            [
              -115.07713185485714,
              52.305768648285714
            ],
            [
              -115.05713471257143,
              52.305768648285714
            ],
            [
              -115.05713471257143,
              52.295771505714285
            ],
            [
              -115.02713899914286,
              52.295771505714285
            ],
            [
              -115.02713899914286,
              52.285774363142856
            ],
            [
              -115.00714185685715,
              52.285774363142856
            ],
            [
              -115.00714185685715,
              52.27577722057143
            ],
            [
              -114.98714471457143,
              52.27577722057143
            ],
            [
              -114.98714471457143,
              52.265780078
            ],
            [
              -114.99714328571429,
              52.265780078
            ],
            [
              -114.99714328571429,
              52.25578293542857
            ],
            [
              -115.03713757028572,
              52.25578293542857
            ],
            [
              -115.03713757028572,
              52.24578579285714
            ],
            [
              -115.02713899914286,
              52.24578579285714
            ],
            [
              -115.02713899914286,
              52.23578865028571
            ],
            [
              -115.00714185685715,
              52.23578865028571
            ],
            [
              -115.00714185685715,
              52.225791507714284
            ],
            [
              -115.05713471257143,
              52.225791507714284
            ],
            [
              -115.05713471257143,
              52.23578865028571
            ],
            [
              -115.04713614142858,
              52.23578865028571
            ],
            [
              -115.04713614142858,
              52.25578293542857
            ],
            [
              -115.05713471257143,
              52.25578293542857
            ],
            [
              -115.05713471257143,
              52.24578579285714
            ],
            [
              -115.07713185485714,
              52.24578579285714
            ],
            [
              -115.07713185485714,
              52.25578293542857
            ],
            [
              -115.087130426,
              52.25578293542857
            ],
            [
              -115.087130426,
              52.24578579285714
            ],
            [
              -115.09712899714286,
              52.24578579285714
            ],
            [
              -115.09712899714286,
              52.25578293542857
            ],
            [
              -115.12712471057144,
              52.25578293542857
            ],
            [
              -115.12712471057144,
              52.265780078
            ],
            [
              -115.16711899514286,
              52.265780078
            ],
            [
              -115.16711899514286,
              52.27577722057143
            ],
            [
              -115.18711613742857,
              52.27577722057143
            ],
            [
              -115.18711613742857,
              52.265780078
            ],
            [
              -115.19711470857143,
              52.265780078
            ],
            [
              -115.19711470857143,
              52.27577722057143
            ],
            [
              -115.21711185085715,
              52.27577722057143
            ],
            [
              -115.21711185085715,
              52.285774363142856
            ],
            [
              -115.22711042200001,
              52.285774363142856
            ],
            [
              -115.22711042200001,
              52.27577722057143
            ],
            [
              -115.24710756428571,
              52.27577722057143
            ],
            [
              -115.24710756428571,
              52.285774363142856
            ],
            [
              -115.26710470657143,
              52.285774363142856
            ],
            [
              -115.26710470657143,
              52.27577722057143
            ],
            [
              -115.31709756228571,
              52.27577722057143
            ],
            [
              -115.31709756228571,
              52.295771505714285
            ],
            [
              -115.33709470457143,
              52.295771505714285
            ],
            [
              -115.33709470457143,
              52.305768648285714
            ],
            [
              -115.32709613342857,
              52.305768648285714
            ],
            [
              -115.32709613342857,
              52.31576579085714
            ],
            [
              -115.29710042,
              52.31576579085714
            ],
            [
              -115.29710042,
              52.305768648285714
            ],
            [
              -115.28710184885715,
              52.305768648285714
            ],
            [
              -115.28710184885715,
              52.31576579085714
            ],
            [
              -115.27710327771429,
              52.31576579085714
            ],
            [
              -115.27710327771429,
              52.32576293342857
            ],
            [
              -115.24710756428571,
              52.32576293342857
            ],
            [
              -115.24710756428571,
              52.31576579085714
            ],
            [
              -115.087130426,
              52.31576579085714
            ],
            [
              -115.087130426,
              52.295771505714285
            ],
            [
              -115.07713185485714,
              52.295771505714285
            ],
            [
              -115.07713185485714,
              52.305768648285714
            ]
          ]
        ]
      },
      "properties": {
        "hail_size_bin": "1.5\"",
        "min_size_inches": 1.5
      }
    },
    {
      "type": "Feature",
      "geometry": {
        "type": "Polygon",
        "coordinates": [
          [
            [
              -114.78717329171428,
              53.36546576085714
            ],
            [
              -114.79717186285714,
              53.36546576085714
            ],
            [
              -114.79717186285714,
              53.35546861828571
            ],
            [
              -114.807170434,
              53.35546861828571
            ],
            [
              -114.807170434,
              53.345471475714284
            ],
            [
              -114.82716757628572,
              53.345471475714284
            ],
            [
              -114.82716757628572,
              53.37546290342857
            ],
            [
              -114.76717614942858,
              53.37546290342857
            ],
            [
              -114.76717614942858,
              53.36546576085714
            ],
            [
              -114.75717757828572,
              53.36546576085714
            ],
            [
              -114.75717757828572,
              53.35546861828571
            ],
            [
              -114.78717329171428,
              53.35546861828571
            ],
            [
              -114.78717329171428,
              53.36546576085714
            ]
          ]
        ]
      },
      "properties": {
        "hail_size_bin": "1.5\"",
        "min_size_inches": 1.5
      }
    },
    {
      "type": "Feature",
      "geometry": {
        "type": "Polygon",
        "coordinates": [
          [
            [
              -114.8571632897143,
              41.748786092857145
            ],
            [
              -114.82716757628572,
              41.748786092857145
            ],
            [
              -114.82716757628572,
              41.71879466514286
            ],
            [
              -114.86716186085715,
              41.71879466514286
            ],
            [
              -114.86716186085715,
              41.738788950285716
            ],
            [
              -114.8571632897143,
              41.738788950285716
            ],
            [
              -114.8571632897143,
              41.748786092857145
            ]
          ]
        ]
      },
      "properties": {
        "hail_size_bin": "1.0\"",
        "min_size_inches": 1.0
      }
    },
    {
      "type": "Feature",
      "geometry": {
        "type": "Polygon",
        "coordinates": [
          [
            [
              -114.69718615142858,
              52.20579722257143
            ],
            [
              -114.74717900714286,
              52.20579722257143
            ],
            [
              -114.74717900714286,
              52.215794365142855
            ],
            [
              -114.737180436,
              52.215794365142855
            ],
            [
              -114.737180436,
              52.23578865028571
            ],
            [
              -114.65719186685715,
              52.23578865028571
            ],
            [
              -114.65719186685715,
              52.225791507714284
            ],
            [
              -114.64719329571429,
              52.225791507714284
            ],
            [
              -114.64719329571429,
              52.19580008
            ],
            [
              -114.69718615142858,
              52.19580008
            ],
            [
              -114.69718615142858,
              52.20579722257143
            ]
          ]
        ]
      },
      "properties": {
        "hail_size_bin": "1.0\"",
        "min_size_inches": 1.0
      }
    },
    {
      "type": "Feature",
      "geometry": {
        "type": "Polygon",
        "coordinates": [
          [
            [
              -115.16711899514286,
              52.32576293342857
            ],
            [
              -115.12712471057144,
              52.32576293342857
            ],
            [
              -115.12712471057144,
              52.31576579085714
            ],
            [
              -115.10712756828572,
              52.31576579085714
            ],
            [
              -115.10712756828572,
              52.32576293342857
            ],
            [
              -115.09712899714286,
              52.32576293342857
            ],
            [
              -115.09712899714286,
              52.31576579085714
            ],
            [
              -115.06713328371428,
              52.31576579085714
            ],
            [
              -115.06713328371428,
              52.305768648285714
            ],
            [
              -115.00714185685715,
              52.305768648285714
            ],
            [
              -115.00714185685715,
              52.295771505714285
            ],
            [
              -114.98714471457143,
              52.295771505714285
            ],
            [
              -114.98714471457143,
              52.27577722057143
            ],
            [
              -114.92715328771429,
              52.27577722057143
            ],
            [
              -114.92715328771429,
              52.265780078
            ],
            [
              -114.90715614542857,
              52.265780078
            ],
            [
              -114.90715614542857,
              52.25578293542857
            ],
            [
              -114.86716186085715,
              52.25578293542857
            ],
            [
              -114.86716186085715,
              52.265780078
            ],
            [
              -114.8571632897143,
              52.265780078
            ],
            [
              -114.8571632897143,
              52.25578293542857
            ],
            [
              -114.84716471857143,
              52.25578293542857
            ],
            [
              -114.84716471857143,
              52.265780078
            ],
            [
              -114.83716614742858,
              52.265780078
            ],
            [
              -114.83716614742858,
              52.25578293542857
            ],
            [
              -114.81716900514286,
              52.25578293542857
            ],
            [
              -114.81716900514286,
              52.24578579285714
            ],
            [
              -114.78717329171428,
              52.24578579285714
            ],
            [
              -114.78717329171428,
              52.25578293542857
            ],
            [
              -114.76717614942858,
              52.25578293542857
            ],
            [
              -114.76717614942858,
              52.24578579285714
            ],
            [
              -114.75717757828572,
              52.24578579285714
            ],
            [
              -114.75717757828572,
              52.225791507714284
            ],
            [
              -114.76717614942858,
              52.225791507714284
            ],
            [
              -114.76717614942858,
              52.20579722257143
            ],
            [
              -114.81716900514286,
              52.20579722257143
            ],
            [
              -114.81716900514286,
              52.215794365142855
            ],
            [
              -114.82716757628572,
              52.215794365142855
            ],
            [
              -114.82716757628572,
              52.20579722257143
            ],
            [
              -114.84716471857143,
              52.20579722257143
            ],
            [
              -114.84716471857143,
              52.215794365142855
            ],
            [
              -114.8571632897143,
              52.215794365142855
            ],
            [
              -114.8571632897143,
              52.20579722257143
            ],
            [
              -114.91715471657143,
              52.20579722257143
            ],
            [
              -114.91715471657143,
              52.215794365142855
            ],
            [
              -114.95714900114285,
              52.215794365142855
            ],
            [
              -114.95714900114285,
              52.20579722257143
            ],
            [
              -115.00714185685715,
              52.20579722257143
            ],
            [
              -115.00714185685715,
              52.215794365142855
            ],
            [
              -115.04713614142858,
              52.215794365142855
            ],
            [
              -115.04713614142858,
              52.225791507714284
            ],
            [
              -115.06713328371428,
              52.225791507714284
            ],
            [
              -115.06713328371428,
              52.23578865028571
            ],
            [
              -115.09712899714286,
              52.23578865028571
            ],
            [
              -115.09712899714286,
              52.24578579285714
            ],
            [
              -115.12712471057144,
              52.24578579285714
            ],
            [
              -115.12712471057144,
              52.25578293542857
            ],
            [
              -115.157120424,
              52.25578293542857
            ],
            [
              -115.157120424,
              52.24578579285714
            ],
            [
              -115.16711899514286,
              52.24578579285714
            ],
            [
              -115.16711899514286,
              52.25578293542857
            ],
            [
              -115.19711470857143,
              52.25578293542857
            ],
            [
              -115.19711470857143,
              52.265780078
            ],
            [
              -115.28710184885715,
              52.265780078
            ],
            [
              -115.28710184885715,
              52.25578293542857
            ],
            [
              -115.30709899114287,
              52.25578293542857
            ],
            [
              -115.30709899114287,
              52.265780078
            ],
            [
              -115.32709613342857,
              52.265780078
            ],
            [
              -115.32709613342857,
              52.27577722057143
            ],
            [
              -115.31709756228571,
              52.27577722057143
            ],
            [
              -115.31709756228571,
              52.285774363142856
            ],
            [
              -115.33709470457143,
              52.285774363142856
            ],
            [
              -115.33709470457143,
              52.295771505714285
            ],
            [
              -115.35709184685714,
              52.295771505714285
            ],
            [
              -115.35709184685714,
              52.31576579085714
            ],
            [
              -115.30709899114287,
              52.31576579085714
            ],
            [
              -115.30709899114287,
              52.32576293342857
            ],
            [
              -115.24710756428571,
              52.32576293342857
            ],
            [
              -115.24710756428571,
              52.335760076
            ],
            [
              -115.23710899314285,
              52.335760076
            ],
            [
              -115.23710899314285,
              52.32576293342857
            ],
            [
              -115.17711756628572,
              52.32576293342857
            ],
            [
              -115.17711756628572,
              52.31576579085714
            ],
            [
              -115.16711899514286,
              52.31576579085714
            ],
            [
              -115.16711899514286,
              52.32576293342857
            ]
          ]
        ]
      },
      "properties": {
        "hail_size_bin": "1.0\"",
        "min_size_inches": 1.0
      }
    },
    {
      "type": "Feature",
      "geometry": {
        "type": "Polygon",
        "coordinates": [
          [
            [
              -115.437080416,
              52.775634349142855
            ],
            [
              -115.44707898714286,
              52.775634349142855
            ],
            [
              -115.44707898714286,
              52.785631491714284
            ],
            [
              -115.45707755828572,
              52.785631491714284
            ],
            [
              -115.45707755828572,
              52.79562863428571
            ],
            [
              -115.46707612942858,
              52.79562863428571
            ],
            [
              -115.46707612942858,
              52.81562291942857
            ],
            [
              -115.437080416,
              52.81562291942857
            ],
            [
              -115.437080416,
              52.80562577685714
            ],
            [
              -115.41708327371428,
              52.80562577685714
            ],
            [
              -115.41708327371428,
              52.785631491714284
            ],
            [
              -115.437080416,
              52.785631491714284
            ],
            [
              -115.437080416,
              52.775634349142855
            ]
          ]
        ]
      },
      "properties": {
        "hail_size_bin": "1.0\"",
        "min_size_inches": 1.0
      }
    },
    {
      "type": "Feature",
      "geometry": {
        "type": "Polygon",
        "coordinates": [
          [
            [
              -116.32695324771429,
              52.95558291542857
            ],
            [
              -116.30695610542857,
              52.95558291542857
            ],
            [
              -116.30695610542857,
              52.94558577285714
            ],
            [
              -116.23696610742857,
              52.94558577285714
            ],
            [
              -116.23696610742857,
              52.935588630285714
            ],
            [
              -116.21696896514285,
              52.935588630285714
            ],
            [
              -116.21696896514285,
              52.925591487714286
            ],
            [
              -116.206970394,
              52.925591487714286
            ],
            [
              -116.206970394,
              52.935588630285714
            ],
            [
              -116.18697325171429,
              52.935588630285714
            ],
            [
              -116.18697325171429,
              52.925591487714286
            ],
            [
              -116.15697753828572,
              52.925591487714286
            ],
            [
              -116.15697753828572,
              52.91559434514286
            ],
            [
              -116.136980396,
              52.91559434514286
            ],
            [
              -116.136980396,
              52.90559720257143
            ],
            [
              -116.12698182485714,
              52.90559720257143
            ],
            [
              -116.12698182485714,
              52.89560006
            ],
            [
              -116.1169832537143,
              52.89560006
            ],
            [
              -116.1169832537143,
              52.88560291742857
            ],
            [
              -116.10698468257144,
              52.88560291742857
            ],
            [
              -116.10698468257144,
              52.89560006
            ],
            [
              -116.05699182685714,
              52.89560006
            ],
            [
              -116.05699182685714,
              52.90559720257143
            ],
            [
              -116.02699611342857,
              52.90559720257143
            ],
            [
              -116.02699611342857,
              52.89560006
            ],
            [
              -116.01699754228572,
              52.89560006
            ],
            [
              -116.01699754228572,
              52.88560291742857
            ],
            [
              -116.00699897114286,
              52.88560291742857
            ],
            [
              -116.00699897114286,
              52.87560577485714
            ],
            [
              -115.9970004,
              52.87560577485714
            ],
            [
              -115.9970004,
              52.88560291742857
            ],
            [
              -115.98700182885715,
              52.88560291742857
            ],
            [
              -115.98700182885715,
              52.87560577485714
            ],
            [
              -115.96700468657143,
              52.87560577485714
            ],
            [
              -115.96700468657143,
              52.88560291742857
            ],
            [
              -115.92701040200001,
              52.88560291742857
            ],
            [
              -115.92701040200001,
              52.87560577485714
            ],
            [
              -115.91701183085715,
              52.87560577485714
            ],
            [
              -115.91701183085715,
              52.855611489714285
            ],
            [
              -115.93700897314287,
              52.855611489714285
            ],
            [
              -115.93700897314287,
              52.845614347142856
            ],
            [
              -115.94700754428573,
              52.845614347142856
            ],
            [
              -115.94700754428573,
              52.855611489714285
            ],
            [
              -115.95700611542857,
              52.855611489714285
            ],
            [
              -115.95700611542857,
              52.86560863228571
            ],
            [
              -115.97700325771429,
              52.86560863228571
            ],
            [
              -115.97700325771429,
              52.855611489714285
            ],
            [
              -116.00699897114286,
              52.855611489714285
            ],
            [
              -116.00699897114286,
              52.845614347142856
            ],
            [
              -116.01699754228572,
              52.845614347142856
            ],
            [
              -116.01699754228572,
              52.855611489714285
            ],
            [
              -116.04699325571428,
              52.855611489714285
            ],
            [
              -116.04699325571428,
              52.86560863228571
            ],
            [
              -116.05699182685714,
              52.86560863228571
            ],
            [
              -116.05699182685714,
              52.855611489714285
            ],
            [
              -116.07698896914286,
              52.855611489714285
            ],
            [
              -116.07698896914286,
              52.845614347142856
            ],
            [
              -116.09698611142858,
              52.845614347142856
            ],
            [
              -116.09698611142858,
              52.855611489714285
            ],
            [
              -116.1169832537143,
              52.855611489714285
            ],
            [
              -116.1169832537143,
              52.86560863228571
            ],
            [
              -116.17697468057143,
              52.86560863228571
            ],
            [
              -116.17697468057143,
              52.87560577485714
            ],
            [
              -116.21696896514285,
              52.87560577485714
            ],
            [
              -116.21696896514285,
              52.88560291742857
            ],
            [
              -116.26696182085715,
              52.88560291742857
            ],
            [
              -116.26696182085715,
              52.89560006
            ],
            [
              -116.28695896314287,
              52.89560006
            ],
            [
              -116.28695896314287,
              52.88560291742857
            ],
            [
              -116.29695753428572,
              52.88560291742857
            ],
            [
              -116.29695753428572,
              52.89560006
            ],
            [
              -116.33695181885714,
              52.89560006
            ],
            [
              -116.33695181885714,
              52.90559720257143
            ],
            [
              -116.34695039,
              52.90559720257143
            ],
            [
              -116.34695039,
              52.89560006
            ],
            [
              -116.35694896114286,
              52.89560006
            ],
            [
              -116.35694896114286,
              52.91559434514286
            ],
            [
              -116.36694753228572,
              52.91559434514286
            ],
            [
              -116.36694753228572,
              52.90559720257143
            ],
            [
              -116.37694610342858,
              52.90559720257143
            ],
            [
              -116.37694610342858,
              52.91559434514286
            ],
            [
              -116.416940388,
              52.91559434514286
            ],
            [
              -116.416940388,
              52.925591487714286
            ],
            [
              -116.42693895914286,
              52.925591487714286
            ],
            [
              -116.42693895914286,
              52.91559434514286
            ],
            [
              -116.43693753028572,
              52.91559434514286
            ],
            [
              -116.43693753028572,
              52.925591487714286
            ],
            [
              -116.45693467257144,
              52.925591487714286
            ],
            [
              -116.45693467257144,
              52.95558291542857
            ],
            [
              -116.40694181685714,
              52.95558291542857
            ],
            [
              -116.40694181685714,
              52.965580058
            ],
            [
              -116.37694610342858,
              52.965580058
            ],
            [
              -116.37694610342858,
              52.95558291542857
            ],
            [
              -116.34695039,
              52.95558291542857
            ],
            [
              -116.34695039,
              52.94558577285714
            ],
            [
              -116.32695324771429,
              52.94558577285714
            ],
            [
              -116.32695324771429,
              52.95558291542857
            ]
          ]
        ]
      },
      "properties": {
        "hail_size_bin": "1.0\"",
        "min_size_inches": 1.0
      }
    },
    {
      "type": "Feature",
      "geometry": {
        "type": "Polygon",
        "coordinates": [
          [
            [
              -115.05713471257143,
              53.35546861828571
            ],
            [
              -115.06713328371428,
              53.35546861828571
            ],
            [
              -115.06713328371428,
              53.385460046
            ],
            [
              -115.04713614142858,
              53.385460046
            ],
            [
              -115.04713614142858,
              53.37546290342857
            ],
            [
              -115.017140428,
              53.37546290342857
            ],
            [
              -115.017140428,
              53.36546576085714
            ],
            [
              -114.99714328571429,
              53.36546576085714
            ],
            [
              -114.99714328571429,
              53.35546861828571
            ],
            [
              -114.98714471457143,
              53.35546861828571
            ],
            [
              -114.98714471457143,
              53.345471475714284
            ],
            [
              -114.97714614342857,
              53.345471475714284
            ],
            [
              -114.97714614342857,
              53.35546861828571
            ],
            [
              -114.96714757228571,
              53.35546861828571
            ],
            [
              -114.96714757228571,
              53.36546576085714
            ],
            [
              -114.92715328771429,
              53.36546576085714
            ],
            [
              -114.92715328771429,
              53.35546861828571
            ],
            [
              -114.90715614542857,
              53.35546861828571
            ],
            [
              -114.90715614542857,
              53.345471475714284
            ],
            [
              -114.89715757428571,
              53.345471475714284
            ],
            [
              -114.89715757428571,
              53.335474333142855
            ],
            [
              -114.91715471657143,
              53.335474333142855
            ],
            [
              -114.91715471657143,
              53.325477190571426
            ],
            [
              -114.98714471457143,
              53.325477190571426
            ],
            [
              -114.98714471457143,
              53.335474333142855
            ],
            [
              -114.99714328571429,
              53.335474333142855
            ],
            [
              -114.99714328571429,
              53.325477190571426
            ],
            [
              -115.07713185485714,
              53.325477190571426
            ],
            [
              -115.07713185485714,
              53.315480048
            ],
            [
              -115.09712899714286,
              53.315480048
            ],
            [
              -115.09712899714286,
              53.30548290542857
            ],
            [
              -115.11712613942858,
              53.30548290542857
            ],
            [
              -115.11712613942858,
              53.315480048
            ],
            [
              -115.12712471057144,
              53.315480048
            ],
            [
              -115.12712471057144,
              53.30548290542857
            ],
            [
              -115.13712328171428,
              53.30548290542857
            ],
            [
              -115.13712328171428,
              53.29548576285714
            ],
            [
              -115.157120424,
              53.29548576285714
            ],
            [
              -115.157120424,
              53.30548290542857
            ],
            [
              -115.16711899514286,
              53.30548290542857
            ],
            [
              -115.16711899514286,
              53.325477190571426
            ],
            [
              -115.157120424,
              53.325477190571426
            ],
            [
              -115.157120424,
              53.345471475714284
            ],
            [
              -115.16711899514286,
              53.345471475714284
            ],
            [
              -115.16711899514286,
              53.36546576085714
            ],
            [
              -115.17711756628572,
              53.36546576085714
            ],
            [
              -115.17711756628572,
              53.37546290342857
            ],
            [
              -115.14712185285714,
              53.37546290342857
            ],
            [
              -115.14712185285714,
              53.385460046
            ],
            [
              -115.09712899714286,
              53.385460046
            ],
            [
              -115.09712899714286,
              53.36546576085714
            ],
            [
              -115.087130426,
              53.36546576085714
            ],
            [
              -115.087130426,
              53.345471475714284
            ],
            [
              -115.05713471257143,
              53.345471475714284
            ],
            [
              -115.05713471257143,
              53.35546861828571
            ]
          ]
        ]
      },
      "properties": {
        "hail_size_bin": "1.0\"",
        "min_size_inches": 1.0
      }
    },
    {
      "type": "Feature",
      "geometry": {
        "type": "Polygon",
        "coordinates": [
          [
            [
              -115.68704469457143,
              53.46543718657143
            ],
            [
              -115.66704755228572,
              53.46543718657143
            ],
            [
              -115.66704755228572,
              53.455440044
            ],
            [
              -115.63705183885715,
              53.455440044
            ],
            [
              -115.63705183885715,
              53.44544290142857
            ],
            [
              -115.62705326771429,
              53.44544290142857
            ],
            [
              -115.62705326771429,
              53.43544575885714
            ],
            [
              -115.60705612542857,
              53.43544575885714
            ],
            [
              -115.60705612542857,
              53.415451473714285
            ],
            [
              -115.61705469657143,
              53.415451473714285
            ],
            [
              -115.61705469657143,
              53.405454331142856
            ],
            [
              -115.64705041,
              53.405454331142856
            ],
            [
              -115.64705041,
              53.39545718857143
            ],
            [
              -115.67704612342857,
              53.39545718857143
            ],
            [
              -115.67704612342857,
              53.405454331142856
            ],
            [
              -115.68704469457143,
              53.405454331142856
            ],
            [
              -115.68704469457143,
              53.415451473714285
            ],
            [
              -115.70704183685714,
              53.415451473714285
            ],
            [
              -115.70704183685714,
              53.405454331142856
            ],
            [
              -115.72703897914286,
              53.405454331142856
            ],
            [
              -115.72703897914286,
              53.44544290142857
            ],
            [
              -115.73703755028572,
              53.44544290142857
            ],
            [
              -115.73703755028572,
              53.46543718657143
            ],
            [
              -115.75703469257144,
              53.46543718657143
            ],
            [
              -115.75703469257144,
              53.47543432914286
            ],
            [
              -115.72703897914286,
              53.47543432914286
            ],
            [
              -115.72703897914286,
              53.46543718657143
            ],
            [
              -115.70704183685714,
              53.46543718657143
            ],
            [
              -115.70704183685714,
              53.455440044
            ],
            [
              -115.68704469457143,
              53.455440044
            ],
            [
              -115.68704469457143,
              53.46543718657143
            ]
          ]
        ]
      },
      "properties": {
        "hail_size_bin": "1.0\"",
        "min_size_inches": 1.0
      }
    },
    {
      "type": "Feature",
      "geometry": {
        "type": "Polygon",
        "coordinates": [
          [
            [
              -116.52692467057143,
              53.495428614285714
            ],
            [
              -116.53692324171429,
              53.495428614285714
            ],
            [
              -116.53692324171429,
              53.485431471714286
            ],
            [
              -116.56691895514285,
              53.485431471714286
            ],
            [
              -116.56691895514285,
              53.46543718657143
            ],
            [
              -116.55692038400001,
              53.46543718657143
            ],
            [
              -116.55692038400001,
              53.455440044
            ],
            [
              -116.54692181285715,
              53.455440044
            ],
            [
              -116.54692181285715,
              53.43544575885714
            ],
            [
              -116.56691895514285,
              53.43544575885714
            ],
            [
              -116.56691895514285,
              53.415451473714285
            ],
            [
              -116.55692038400001,
              53.415451473714285
            ],
            [
              -116.55692038400001,
              53.405454331142856
            ],
            [
              -116.626910382,
              53.405454331142856
            ],
            [
              -116.626910382,
              53.39545718857143
            ],
            [
              -116.63690895314286,
              53.39545718857143
            ],
            [
              -116.63690895314286,
              53.415451473714285
            ],
            [
              -116.66690466657143,
              53.415451473714285
            ],
            [
              -116.66690466657143,
              53.43544575885714
            ],
            [
              -116.65690609542858,
              53.43544575885714
            ],
            [
              -116.65690609542858,
              53.455440044
            ],
            [
              -116.63690895314286,
              53.455440044
            ],
            [
              -116.63690895314286,
              53.46543718657143
            ],
            [
              -116.61691181085715,
              53.46543718657143
            ],
            [
              -116.61691181085715,
              53.47543432914286
            ],
            [
              -116.57691752628571,
              53.47543432914286
            ],
            [
              -116.57691752628571,
              53.50542575685714
            ],
            [
              -116.56691895514285,
              53.50542575685714
            ],
            [
              -116.56691895514285,
              53.51542289942857
            ],
            [
              -116.55692038400001,
              53.51542289942857
            ],
            [
              -116.55692038400001,
              53.53541718457143
            ],
            [
              -116.54692181285715,
              53.53541718457143
            ],
            [
              -116.54692181285715,
              53.54541432714286
            ],
            [
              -116.51692609942857,
              53.54541432714286
            ],
            [
              -116.51692609942857,
              53.53541718457143
            ],
            [
              -116.50692752828571,
              53.53541718457143
            ],
            [
              -116.50692752828571,
              53.50542575685714
            ],
            [
              -116.52692467057143,
              53.50542575685714
            ],
            [
              -116.52692467057143,
              53.495428614285714
            ]
          ]
        ]
      },
      "properties": {
        "hail_size_bin": "1.0\"",
        "min_size_inches": 1.0
      }
    },
    {
      "type": "Feature",
      "geometry": {
        "type": "Polygon",
        "coordinates": [
          [
            [
              -112.78745906314286,
              53.655382895428566
            ],
            [
              -112.82745334771428,
              53.655382895428566
            ],
            [
              -112.82745334771428,
              53.68537432314285
            ],
            [
              -112.78745906314286,
              53.68537432314285
            ],
            [
              -112.78745906314286,
              53.675377180571424
            ],
            [
              -112.76746192085714,
              53.675377180571424
            ],
            [
              -112.76746192085714,
              53.665380037999995
            ],
            [
              -112.78745906314286,
              53.665380037999995
            ],
            [
              -112.78745906314286,
              53.655382895428566
            ]
          ]
        ]
      },
      "properties": {
        "hail_size_bin": "1.0\"",
        "min_size_inches": 1.0
      }
    },
    {
      "type": "Feature",
      "geometry": {
        "type": "Polygon",
        "coordinates": [
          [
            [
              -115.14712185285714,
              53.68537432314285
            ],
            [
              -115.18711613742857,
              53.68537432314285
            ],
            [
              -115.18711613742857,
              53.71536575085714
            ],
            [
              -115.13712328171428,
              53.71536575085714
            ],
            [
              -115.13712328171428,
              53.70536860828571
            ],
            [
              -115.12712471057144,
              53.70536860828571
            ],
            [
              -115.12712471057144,
              53.69537146571428
            ],
            [
              -115.14712185285714,
              53.69537146571428
            ],
            [
              -115.14712185285714,
              53.68537432314285
            ]
          ]
        ]
      },
      "properties": {
        "hail_size_bin": "1.0\"",
        "min_size_inches": 1.0
      }
    },
    {
      "type": "Feature",
      "geometry": {
        "type": "Polygon",
        "coordinates": [
          [
            [
              -115.437080416,
              53.745357178571425
            ],
            [
              -115.42708184485714,
              53.745357178571425
            ],
            [
              -115.42708184485714,
              53.75535432114285
            ],
            [
              -115.41708327371428,
              53.75535432114285
            ],
            [
              -115.41708327371428,
              53.745357178571425
            ],
            [
              -115.38708756028572,
              53.745357178571425
            ],
            [
              -115.38708756028572,
              53.72536289342857
            ],
            [
              -115.437080416,
              53.72536289342857
            ],
            [
              -115.437080416,
              53.745357178571425
            ]
          ]
        ]
      },
      "properties": {
        "hail_size_bin": "1.0\"",
        "min_size_inches": 1.0
      }
    },
    {
      "type": "Feature",
      "geometry": {
        "type": "Polygon",
        "coordinates": [
          [
            [
              -115.95700611542857,
              53.895314317142855
            ],
            [
              -115.94700754428573,
              53.895314317142855
            ],
            [
              -115.94700754428573,
              53.905311459714284
            ],
            [
              -115.92701040200001,
              53.905311459714284
            ],
            [
              -115.92701040200001,
              53.885317174571426
            ],
            [
              -115.94700754428573,
              53.885317174571426
            ],
            [
              -115.94700754428573,
              53.875320032
            ],
            [
              -115.98700182885715,
              53.875320032
            ],
            [
              -115.98700182885715,
              53.86532288942857
            ],
            [
              -115.9970004,
              53.86532288942857
            ],
            [
              -115.9970004,
              53.875320032
            ],
            [
              -116.03699468457143,
              53.875320032
            ],
            [
              -116.03699468457143,
              53.86532288942857
            ],
            [
              -116.066990398,
              53.86532288942857
            ],
            [
              -116.066990398,
              53.85532574685714
            ],
            [
              -116.09698611142858,
              53.85532574685714
            ],
            [
              -116.09698611142858,
              53.885317174571426
            ],
            [
              -116.066990398,
              53.885317174571426
            ],
            [
              -116.066990398,
              53.895314317142855
            ],
            [
              -116.02699611342857,
              53.895314317142855
            ],
            [
              -116.02699611342857,
              53.905311459714284
            ],
            [
              -116.01699754228572,
              53.905311459714284
            ],
            [
              -116.01699754228572,
              53.895314317142855
            ],
            [
              -116.00699897114286,
              53.895314317142855
            ],
            [
              -116.00699897114286,
              53.905311459714284
            ],
            [
              -115.95700611542857,
              53.905311459714284
            ],
            [
              -115.95700611542857,
              53.895314317142855
            ]
          ]
        ]
      },
      "properties": {
        "hail_size_bin": "1.0\"",
        "min_size_inches": 1.0
      }
    },
    {
      "type": "Feature",
      "geometry": {
        "type": "Polygon",
        "coordinates": [
          [
            [
              -116.44693610142858,
              53.875320032
            ],
            [
              -116.43693753028572,
              53.875320032
            ],
            [
              -116.43693753028572,
              53.85532574685714
            ],
            [
              -116.44693610142858,
              53.85532574685714
            ],
            [
              -116.44693610142858,
              53.86532288942857
            ],
            [
              -116.49692895714286,
              53.86532288942857
            ],
            [
              -116.49692895714286,
              53.895314317142855
            ],
            [
              -116.486930386,
              53.895314317142855
            ],
            [
              -116.486930386,
              53.905311459714284
            ],
            [
              -116.4669332437143,
              53.905311459714284
            ],
            [
              -116.4669332437143,
              53.895314317142855
            ],
            [
              -116.47693181485715,
              53.895314317142855
            ],
            [
              -116.47693181485715,
              53.885317174571426
            ],
            [
              -116.44693610142858,
              53.885317174571426
            ],
            [
              -116.44693610142858,
              53.875320032
            ]
          ]
        ]
      },
      "properties": {
        "hail_size_bin": "1.0\"",
        "min_size_inches": 1.0
      }
    },
    {
      "type": "Feature",
      "geometry": {
        "type": "Polygon",
        "coordinates": [
          [
            [
              -115.80702754828572,
              53.91530860228571
            ],
            [
              -115.787030406,
              53.91530860228571
            ],
            [
              -115.787030406,
              53.92530574485714
            ],
            [
              -115.77703183485714,
              53.92530574485714
            ],
            [
              -115.77703183485714,
              53.905311459714284
            ],
            [
              -115.787030406,
              53.905311459714284
            ],
            [
              -115.787030406,
              53.895314317142855
            ],
            [
              -115.79702897714286,
              53.895314317142855
            ],
            [
              -115.79702897714286,
              53.885317174571426
            ],
            [
              -115.857020404,
              53.885317174571426
            ],
            [
              -115.857020404,
              53.875320032
            ],
            [
              -115.90701325971429,
              53.875320032
            ],
            [
              -115.90701325971429,
              53.885317174571426
            ],
            [
              -115.91701183085715,
              53.885317174571426
            ],
            [
              -115.91701183085715,
              53.91530860228571
            ],
            [
              -115.93700897314287,
              53.91530860228571
            ],
            [
              -115.93700897314287,
              53.92530574485714
            ],
            [
              -115.90701325971429,
              53.92530574485714
            ],
            [
              -115.90701325971429,
              53.93530288742857
            ],
            [
              -115.89701468857143,
              53.93530288742857
            ],
            [
              -115.89701468857143,
              53.91530860228571
            ],
            [
              -115.86701897514286,
              53.91530860228571
            ],
            [
              -115.86701897514286,
              53.92530574485714
            ],
            [
              -115.80702754828572,
              53.92530574485714
            ],
            [
              -115.80702754828572,
              53.91530860228571
            ]
          ]
        ]
      },
      "properties": {
        "hail_size_bin": "1.0\"",
        "min_size_inches": 1.0
      }
    },
    {
      "type": "Feature",
      "geometry": {
        "type": "Polygon",
        "coordinates": [
          [
            [
              -115.65704898114286,
              53.885317174571426
            ],
            [
              -115.66704755228572,
              53.885317174571426
            ],
            [
              -115.66704755228572,
              53.895314317142855
            ],
            [
              -115.70704183685714,
              53.895314317142855
            ],
            [
              -115.70704183685714,
              53.905311459714284
            ],
            [
              -115.69704326571429,
              53.905311459714284
            ],
            [
              -115.69704326571429,
              53.91530860228571
            ],
            [
              -115.67704612342857,
              53.91530860228571
            ],
            [
              -115.67704612342857,
              53.905311459714284
            ],
            [
              -115.65704898114286,
              53.905311459714284
            ],
            [
              -115.65704898114286,
              53.91530860228571
            ],
            [
              -115.64705041,
              53.91530860228571
            ],
            [
              -115.64705041,
              53.92530574485714
            ],
            [
              -115.63705183885715,
              53.92530574485714
            ],
            [
              -115.63705183885715,
              53.905311459714284
            ],
            [
              -115.64705041,
              53.905311459714284
            ],
            [
              -115.64705041,
              53.895314317142855
            ],
            [
              -115.65704898114286,
              53.895314317142855
            ],
            [
              -115.65704898114286,
              53.885317174571426
            ]
          ]
        ]
      },
      "properties": {
        "hail_size_bin": "1.0\"",
        "min_size_inches": 1.0
      }
    },
    {
      "type": "Feature",
      "geometry": {
        "type": "Polygon",
        "coordinates": [
          [
            [
              -117.74675035,
              54.085260026
            ],
            [
              -117.74675035,
              54.07526288342857
            ],
            [
              -117.78674463457143,
              54.07526288342857
            ],
            [
              -117.78674463457143,
              54.09525716857143
            ],
            [
              -117.77674606342858,
              54.09525716857143
            ],
            [
              -117.77674606342858,
              54.115251453714286
            ],
            [
              -117.76674749228572,
              54.115251453714286
            ],
            [
              -117.76674749228572,
              54.10525431114286
            ],
            [
              -117.74675035,
              54.10525431114286
            ],
            [
              -117.74675035,
              54.09525716857143
            ],
            [
              -117.75674892114286,
              54.09525716857143
            ],
            [
              -117.75674892114286,
              54.085260026
            ],
            [
              -117.74675035,
              54.085260026
            ]
          ]
        ]
      },
      "properties": {
        "hail_size_bin": "1.0\"",
        "min_size_inches": 1.0
      }
    },
    {
      "type": "Feature",
      "geometry": {
        "type": "Polygon",
        "coordinates": [
          [
            [
              -117.64676463857143,
              54.115251453714286
            ],
            [
              -117.64676463857143,
              54.09525716857143
            ],
            [
              -117.68675892314286,
              54.09525716857143
            ],
            [
              -117.68675892314286,
              54.115251453714286
            ],
            [
              -117.69675749428572,
              54.115251453714286
            ],
            [
              -117.69675749428572,
              54.14524288142857
            ],
            [
              -117.68675892314286,
              54.14524288142857
            ],
            [
              -117.68675892314286,
              54.155240023999994
            ],
            [
              -117.65676320971428,
              54.155240023999994
            ],
            [
              -117.65676320971428,
              54.14524288142857
            ],
            [
              -117.66676178085714,
              54.14524288142857
            ],
            [
              -117.66676178085714,
              54.135245738857144
            ],
            [
              -117.63676606742857,
              54.135245738857144
            ],
            [
              -117.63676606742857,
              54.115251453714286
            ],
            [
              -117.64676463857143,
              54.115251453714286
            ]
          ]
        ]
      },
      "properties": {
        "hail_size_bin": "1.0\"",
        "min_size_inches": 1.0
      }
    },
    {
      "type": "Feature",
      "geometry": {
        "type": "Polygon",
        "coordinates": [
          [
            [
              -116.42693895914286,
              54.16523716657142
            ],
            [
              -116.44693610142858,
              54.16523716657142
            ],
            [
              -116.44693610142858,
              54.155240023999994
            ],
            [
              -116.45693467257144,
              54.155240023999994
            ],
            [
              -116.45693467257144,
              54.14524288142857
            ],
            [
              -116.4669332437143,
              54.14524288142857
            ],
            [
              -116.4669332437143,
              54.125248596285715
            ],
            [
              -116.47693181485715,
              54.125248596285715
            ],
            [
              -116.47693181485715,
              54.10525431114286
            ],
            [
              -116.49692895714286,
              54.10525431114286
            ],
            [
              -116.49692895714286,
              54.09525716857143
            ],
            [
              -116.53692324171429,
              54.09525716857143
            ],
            [
              -116.53692324171429,
              54.10525431114286
            ],
            [
              -116.57691752628571,
              54.10525431114286
            ],
            [
              -116.57691752628571,
              54.115251453714286
            ],
            [
              -116.56691895514285,
              54.115251453714286
            ],
            [
              -116.56691895514285,
              54.125248596285715
            ],
            [
              -116.57691752628571,
              54.125248596285715
            ],
            [
              -116.57691752628571,
              54.135245738857144
            ],
            [
              -116.56691895514285,
              54.135245738857144
            ],
            [
              -116.56691895514285,
              54.14524288142857
            ],
            [
              -116.55692038400001,
              54.14524288142857
            ],
            [
              -116.55692038400001,
              54.155240023999994
            ],
            [
              -116.52692467057143,
              54.155240023999994
            ],
            [
              -116.52692467057143,
              54.16523716657142
            ],
            [
              -116.50692752828571,
              54.16523716657142
            ],
            [
              -116.50692752828571,
              54.17523430914285
            ],
            [
              -116.47693181485715,
              54.17523430914285
            ],
            [
              -116.47693181485715,
              54.18523145171428
            ],
            [
              -116.4669332437143,
              54.18523145171428
            ],
            [
              -116.4669332437143,
              54.19522859428571
            ],
            [
              -116.44693610142858,
              54.19522859428571
            ],
            [
              -116.44693610142858,
              54.18523145171428
            ],
            [
              -116.416940388,
              54.18523145171428
            ],
            [
              -116.416940388,
              54.17523430914285
            ],
            [
              -116.42693895914286,
              54.17523430914285
            ],
            [
              -116.42693895914286,
              54.16523716657142
            ]
          ]
        ]
      },
      "properties": {
        "hail_size_bin": "1.0\"",
        "min_size_inches": 1.0
      }
    },
    {
      "type": "Feature",
      "geometry": {
        "type": "Polygon",
        "coordinates": [
          [
            [
              -117.62676749628572,
              54.14524288142857
            ],
            [
              -117.62676749628572,
              54.155240023999994
            ],
            [
              -117.61676892514286,
              54.155240023999994
            ],
            [
              -117.61676892514286,
              54.16523716657142
            ],
            [
              -117.606770354,
              54.16523716657142
            ],
            [
              -117.606770354,
              54.18523145171428
            ],
            [
              -117.57677464057143,
              54.18523145171428
            ],
            [
              -117.57677464057143,
              54.17523430914285
            ],
            [
              -117.56677606942857,
              54.17523430914285
            ],
            [
              -117.56677606942857,
              54.18523145171428
            ],
            [
              -117.55677749828571,
              54.18523145171428
            ],
            [
              -117.55677749828571,
              54.19522859428571
            ],
            [
              -117.52678178485715,
              54.19522859428571
            ],
            [
              -117.52678178485715,
              54.18523145171428
            ],
            [
              -117.47678892914286,
              54.18523145171428
            ],
            [
              -117.47678892914286,
              54.155240023999994
            ],
            [
              -117.48678750028571,
              54.155240023999994
            ],
            [
              -117.48678750028571,
              54.14524288142857
            ],
            [
              -117.51678321371429,
              54.14524288142857
            ],
            [
              -117.51678321371429,
              54.155240023999994
            ],
            [
              -117.53678035600001,
              54.155240023999994
            ],
            [
              -117.53678035600001,
              54.135245738857144
            ],
            [
              -117.55677749828571,
              54.135245738857144
            ],
            [
              -117.55677749828571,
              54.125248596285715
            ],
            [
              -117.61676892514286,
              54.125248596285715
            ],
            [
              -117.61676892514286,
              54.14524288142857
            ],
            [
              -117.62676749628572,
              54.14524288142857
            ]
          ],
          [
            [
              -117.53678035600001,
              54.16523716657142
            ],
            [
              -117.52678178485715,
              54.16523716657142
            ],
            [
              -117.52678178485715,
              54.17523430914285
            ],
            [
              -117.54677892714287,
              54.17523430914285
            ],
            [
              -117.54677892714287,
              54.155240023999994
            ],
            [
              -117.53678035600001,
              54.155240023999994
            ],
            [
              -117.53678035600001,
              54.16523716657142
            ]
          ]
        ]
      },
      "properties": {
        "hail_size_bin": "1.0\"",
        "min_size_inches": 1.0
      }
    },
    {
      "type": "Feature",
      "geometry": {
        "type": "Polygon",
        "coordinates": [
          [
            [
              -116.65690609542858,
              54.295200019999996
            ],
            [
              -116.67690323771428,
              54.295200019999996
            ],
            [
              -116.67690323771428,
              54.28520287742857
            ],
            [
              -116.70689895114286,
              54.28520287742857
            ],
            [
              -116.70689895114286,
              54.295200019999996
            ],
            [
              -116.73689466457144,
              54.295200019999996
            ],
            [
              -116.73689466457144,
              54.305197162571424
            ],
            [
              -116.74689323571428,
              54.305197162571424
            ],
            [
              -116.74689323571428,
              54.31519430514285
            ],
            [
              -116.73689466457144,
              54.31519430514285
            ],
            [
              -116.73689466457144,
              54.32519144771428
            ],
            [
              -116.72689609342858,
              54.32519144771428
            ],
            [
              -116.72689609342858,
              54.33518859028571
            ],
            [
              -116.75689180685714,
              54.33518859028571
            ],
            [
              -116.75689180685714,
              54.34518573285714
            ],
            [
              -116.74689323571428,
              54.34518573285714
            ],
            [
              -116.74689323571428,
              54.35518287542857
            ],
            [
              -116.78688752028572,
              54.35518287542857
            ],
            [
              -116.78688752028572,
              54.34518573285714
            ],
            [
              -116.80688466257143,
              54.34518573285714
            ],
            [
              -116.80688466257143,
              54.33518859028571
            ],
            [
              -116.82688180485715,
              54.33518859028571
            ],
            [
              -116.82688180485715,
              54.32519144771428
            ],
            [
              -116.84687894714286,
              54.32519144771428
            ],
            [
              -116.84687894714286,
              54.31519430514285
            ],
            [
              -116.87687466057143,
              54.31519430514285
            ],
            [
              -116.87687466057143,
              54.305197162571424
            ],
            [
              -116.90687037400001,
              54.305197162571424
            ],
            [
              -116.90687037400001,
              54.32519144771428
            ],
            [
              -116.91686894514287,
              54.32519144771428
            ],
            [
              -116.91686894514287,
              54.34518573285714
            ],
            [
              -116.93686608742857,
              54.34518573285714
            ],
            [
              -116.93686608742857,
              54.33518859028571
            ],
            [
              -116.96686180085715,
              54.33518859028571
            ],
            [
              -116.96686180085715,
              54.31519430514285
            ],
            [
              -116.976860372,
              54.31519430514285
            ],
            [
              -116.976860372,
              54.295200019999996
            ],
            [
              -117.00685608542858,
              54.295200019999996
            ],
            [
              -117.00685608542858,
              54.305197162571424
            ],
            [
              -117.04685037,
              54.305197162571424
            ],
            [
              -117.04685037,
              54.31519430514285
            ],
            [
              -117.07684608342858,
              54.31519430514285
            ],
            [
              -117.07684608342858,
              54.305197162571424
            ],
            [
              -117.09684322571428,
              54.305197162571424
            ],
            [
              -117.09684322571428,
              54.31519430514285
            ],
            [
              -117.08684465457144,
              54.31519430514285
            ],
            [
              -117.08684465457144,
              54.32519144771428
            ],
            [
              -117.09684322571428,
              54.32519144771428
            ],
            [
              -117.09684322571428,
              54.34518573285714
            ],
            [
              -117.10684179685714,
              54.34518573285714
            ],
            [
              -117.10684179685714,
              54.35518287542857
            ],
            [
              -117.09684322571428,
              54.35518287542857
            ],
            [
              -117.09684322571428,
              54.365180018
            ],
            [
              -117.116840368,
              54.365180018
            ],
            [
              -117.116840368,
              54.385174303142854
            ],
            [
              -117.10684179685714,
              54.385174303142854
            ],
            [
              -117.10684179685714,
              54.375177160571425
            ],
            [
              -117.06684751228572,
              54.375177160571425
            ],
            [
              -117.06684751228572,
              54.365180018
            ],
            [
              -117.05684894114286,
              54.365180018
            ],
            [
              -117.05684894114286,
              54.34518573285714
            ],
            [
              -117.02685322771428,
              54.34518573285714
            ],
            [
              -117.02685322771428,
              54.365180018
            ],
            [
              -117.01685465657144,
              54.365180018
            ],
            [
              -117.01685465657144,
              54.375177160571425
            ],
            [
              -117.00685608542858,
              54.375177160571425
            ],
            [
              -117.00685608542858,
              54.385174303142854
            ],
            [
              -116.96686180085715,
              54.385174303142854
            ],
            [
              -116.96686180085715,
              54.375177160571425
            ],
            [
              -116.93686608742857,
              54.375177160571425
            ],
            [
              -116.93686608742857,
              54.365180018
            ],
            [
              -116.91686894514287,
              54.365180018
            ],
            [
              -116.91686894514287,
              54.375177160571425
            ],
            [
              -116.89687180285715,
              54.375177160571425
            ],
            [
              -116.89687180285715,
              54.385174303142854
            ],
            [
              -116.88687323171429,
              54.385174303142854
            ],
            [
              -116.88687323171429,
              54.39517144571428
            ],
            [
              -116.87687466057143,
              54.39517144571428
            ],
            [
              -116.87687466057143,
              54.385174303142854
            ],
            [
              -116.85687751828571,
              54.385174303142854
            ],
            [
              -116.85687751828571,
              54.39517144571428
            ],
            [
              -116.8168832337143,
              54.39517144571428
            ],
            [
              -116.8168832337143,
              54.385174303142854
            ],
            [
              -116.78688752028572,
              54.385174303142854
            ],
            [
              -116.78688752028572,
              54.375177160571425
            ],
            [
              -116.77688894914286,
              54.375177160571425
            ],
            [
              -116.77688894914286,
              54.385174303142854
            ],
            [
              -116.766890378,
              54.385174303142854
            ],
            [
              -116.766890378,
              54.39517144571428
            ],
            [
              -116.74689323571428,
              54.39517144571428
            ],
            [
              -116.74689323571428,
              54.40516858828571
            ],
            [
              -116.73689466457144,
              54.40516858828571
            ],
            [
              -116.73689466457144,
              54.39517144571428
            ],
            [
              -116.69690038,
              54.39517144571428
            ],
            [
              -116.69690038,
              54.40516858828571
            ],
            [
              -116.68690180885714,
              54.40516858828571
            ],
            [
              -116.68690180885714,
              54.39517144571428
            ],
            [
              -116.64690752428572,
              54.39517144571428
            ],
            [
              -116.64690752428572,
              54.385174303142854
            ],
            [
              -116.65690609542858,
              54.385174303142854
            ],
            [
              -116.65690609542858,
              54.375177160571425
            ],
            [
              -116.63690895314286,
              54.375177160571425
            ],
            [
              -116.63690895314286,
              54.385174303142854
            ],
            [
              -116.61691181085715,
              54.385174303142854
            ],
            [
              -116.61691181085715,
              54.375177160571425
            ],
            [
              -116.58691609742857,
              54.375177160571425
            ],
            [
              -116.58691609742857,
              54.35518287542857
            ],
            [
              -116.57691752628571,
              54.35518287542857
            ],
            [
              -116.57691752628571,
              54.34518573285714
            ],
            [
              -116.54692181285715,
              54.34518573285714
            ],
            [
              -116.54692181285715,
              54.35518287542857
            ],
            [
              -116.52692467057143,
              54.35518287542857
            ],
            [
              -116.52692467057143,
              54.34518573285714
            ],
            [
              -116.53692324171429,
              54.34518573285714
            ],
            [
              -116.53692324171429,
              54.32519144771428
            ],
            [
              -116.51692609942857,
              54.32519144771428
            ],
            [
              -116.51692609942857,
              54.33518859028571
            ],
            [
              -116.50692752828571,
              54.33518859028571
            ],
            [
              -116.50692752828571,
              54.34518573285714
            ],
            [
              -116.486930386,
              54.34518573285714
            ],
            [
              -116.486930386,
              54.35518287542857
            ],
            [
              -116.4669332437143,
              54.35518287542857
            ],
            [
              -116.4669332437143,
              54.365180018
            ],
            [
              -116.45693467257144,
              54.365180018
            ],
            [
              -116.45693467257144,
              54.35518287542857
            ],
            [
              -116.42693895914286,
              54.35518287542857
            ],
            [
              -116.42693895914286,
              54.34518573285714
            ],
            [
              -116.40694181685714,
              54.34518573285714
            ],
            [
              -116.40694181685714,
              54.33518859028571
            ],
            [
              -116.416940388,
              54.33518859028571
            ],
            [
              -116.416940388,
              54.32519144771428
            ],
            [
              -116.38694467457142,
              54.32519144771428
            ],
            [
              -116.38694467457142,
              54.33518859028571
            ],
            [
              -116.36694753228572,
              54.33518859028571
            ],
            [
              -116.36694753228572,
              54.34518573285714
            ],
            [
              -116.34695039,
              54.34518573285714
            ],
            [
              -116.34695039,
              54.33518859028571
            ],
            [
              -116.32695324771429,
              54.33518859028571
            ],
            [
              -116.32695324771429,
              54.32519144771428
            ],
            [
              -116.33695181885714,
              54.32519144771428
            ],
            [
              -116.33695181885714,
              54.31519430514285
            ],
            [
              -116.32695324771429,
              54.31519430514285
            ],
            [
              -116.32695324771429,
              54.295200019999996
            ],
            [
              -116.28695896314287,
              54.295200019999996
            ],
            [
              -116.28695896314287,
              54.28520287742857
            ],
            [
              -116.26696182085715,
              54.28520287742857
            ],
            [
              -116.26696182085715,
              54.295200019999996
            ],
            [
              -116.24696467857143,
              54.295200019999996
            ],
            [
              -116.24696467857143,
              54.235217164571424
            ],
            [
              -116.26696182085715,
              54.235217164571424
            ],
            [
              -116.26696182085715,
              54.225220021999995
            ],
            [
              -116.28695896314287,
              54.225220021999995
            ],
            [
              -116.28695896314287,
              54.215222879428566
            ],
            [
              -116.29695753428572,
              54.215222879428566
            ],
            [
              -116.29695753428572,
              54.225220021999995
            ],
            [
              -116.31695467657143,
              54.225220021999995
            ],
            [
              -116.31695467657143,
              54.24521430714285
            ],
            [
              -116.34695039,
              54.24521430714285
            ],
            [
              -116.34695039,
              54.25521144971428
            ],
            [
              -116.35694896114286,
              54.25521144971428
            ],
            [
              -116.35694896114286,
              54.26520859228571
            ],
            [
              -116.38694467457142,
              54.26520859228571
            ],
            [
              -116.38694467457142,
              54.25521144971428
            ],
            [
              -116.416940388,
              54.25521144971428
            ],
            [
              -116.416940388,
              54.27520573485714
            ],
            [
              -116.42693895914286,
              54.27520573485714
            ],
            [
              -116.42693895914286,
              54.26520859228571
            ],
            [
              -116.44693610142858,
              54.26520859228571
            ],
            [
              -116.44693610142858,
              54.25521144971428
            ],
            [
              -116.47693181485715,
              54.25521144971428
            ],
            [
              -116.47693181485715,
              54.24521430714285
            ],
            [
              -116.49692895714286,
              54.24521430714285
            ],
            [
              -116.49692895714286,
              54.25521144971428
            ],
            [
              -116.51692609942857,
              54.25521144971428
            ],
            [
              -116.51692609942857,
              54.27520573485714
            ],
            [
              -116.55692038400001,
              54.27520573485714
            ],
            [
              -116.55692038400001,
              54.28520287742857
            ],
            [
              -116.58691609742857,
              54.28520287742857
            ],
            [
              -116.58691609742857,
              54.295200019999996
            ],
            [
              -116.626910382,
              54.295200019999996
            ],
            [
              -116.626910382,
              54.305197162571424
            ],
            [
              -116.65690609542858,
              54.305197162571424
            ],
            [
              -116.65690609542858,
              54.295200019999996
            ]
          ],
          [
            [
              -116.33695181885714,
              54.295200019999996
            ],
            [
              -116.33695181885714,
              54.28520287742857
            ],
            [
              -116.32695324771429,
              54.28520287742857
            ],
            [
              -116.32695324771429,
              54.295200019999996
            ],
            [
              -116.33695181885714,
              54.295200019999996
            ]
          ],
          [
            [
              -116.30695610542857,
              54.24521430714285
            ],
            [
              -116.30695610542857,
              54.25521144971428
            ],
            [
              -116.31695467657143,
              54.25521144971428
            ],
            [
              -116.31695467657143,
              54.24521430714285
            ],
            [
              -116.30695610542857,
              54.24521430714285
            ]
          ],
          [
            [
              -116.40694181685714,
              54.27520573485714
            ],
            [
              -116.40694181685714,
              54.28520287742857
            ],
            [
              -116.416940388,
              54.28520287742857
            ],
            [
              -116.416940388,
              54.27520573485714
            ],
            [
              -116.40694181685714,
              54.27520573485714
            ]
          ],
          [
            [
              -116.50692752828571,
              54.27520573485714
            ],
            [
              -116.50692752828571,
              54.28520287742857
            ],
            [
              -116.51692609942857,
              54.28520287742857
            ],
            [
              -116.51692609942857,
              54.27520573485714
            ],
            [
              -116.50692752828571,
              54.27520573485714
            ]
          ],
          [
            [
              -116.54692181285715,
              54.28520287742857
            ],
            [
              -116.54692181285715,
              54.295200019999996
            ],
            [
              -116.55692038400001,
              54.295200019999996
            ],
            [
              -116.55692038400001,
              54.28520287742857
            ],
            [
              -116.54692181285715,
              54.28520287742857
            ]
          ],
          [
            [
              -116.60691323971429,
              54.35518287542857
            ],
            [
              -116.60691323971429,
              54.365180018
            ],
            [
              -116.63690895314286,
              54.365180018
            ],
            [
              -116.63690895314286,
              54.32519144771428
            ],
            [
              -116.626910382,
              54.32519144771428
            ],
            [
              -116.626910382,
              54.34518573285714
            ],
            [
              -116.61691181085715,
              54.34518573285714
            ],
            [
              -116.61691181085715,
              54.35518287542857
            ],
            [
              -116.60691323971429,
              54.35518287542857
            ]
          ]
        ]
      },
      "properties": {
        "hail_size_bin": "1.0\"",
        "min_size_inches": 1.0
      }
    },
    {
      "type": "Feature",
      "geometry": {
        "type": "Polygon",
        "coordinates": [
          [
            [
              -117.39680036,
              54.33518859028571
            ],
            [
              -117.40679893114286,
              54.33518859028571
            ],
            [
              -117.40679893114286,
              54.32519144771428
            ],
            [
              -117.41679750228572,
              54.32519144771428
            ],
            [
              -117.41679750228572,
              54.31519430514285
            ],
            [
              -117.42679607342858,
              54.31519430514285
            ],
            [
              -117.42679607342858,
              54.305197162571424
            ],
            [
              -117.4467932157143,
              54.305197162571424
            ],
            [
              -117.4467932157143,
              54.31519430514285
            ],
            [
              -117.43679464457144,
              54.31519430514285
            ],
            [
              -117.43679464457144,
              54.35518287542857
            ],
            [
              -117.42679607342858,
              54.35518287542857
            ],
            [
              -117.42679607342858,
              54.365180018
            ],
            [
              -117.41679750228572,
              54.365180018
            ],
            [
              -117.41679750228572,
              54.375177160571425
            ],
            [
              -117.37680321771428,
              54.375177160571425
            ],
            [
              -117.37680321771428,
              54.365180018
            ],
            [
              -117.38680178885714,
              54.365180018
            ],
            [
              -117.38680178885714,
              54.34518573285714
            ],
            [
              -117.39680036,
              54.34518573285714
            ],
            [
              -117.39680036,
              54.33518859028571
            ]
          ]
        ]
      },
      "properties": {
        "hail_size_bin": "1.0\"",
        "min_size_inches": 1.0
      }
    },
    {
      "type": "Feature",
      "geometry": {
        "type": "Polygon",
        "coordinates": [
          [
            [
              -116.23696610742857,
              54.35518287542857
            ],
            [
              -116.24696467857143,
              54.35518287542857
            ],
            [
              -116.24696467857143,
              54.34518573285714
            ],
            [
              -116.25696324971429,
              54.34518573285714
            ],
            [
              -116.25696324971429,
              54.33518859028571
            ],
            [
              -116.26696182085715,
              54.33518859028571
            ],
            [
              -116.26696182085715,
              54.32519144771428
            ],
            [
              -116.276960392,
              54.32519144771428
            ],
            [
              -116.276960392,
              54.31519430514285
            ],
            [
              -116.29695753428572,
              54.31519430514285
            ],
            [
              -116.29695753428572,
              54.32519144771428
            ],
            [
              -116.31695467657143,
              54.32519144771428
            ],
            [
              -116.31695467657143,
              54.33518859028571
            ],
            [
              -116.30695610542857,
              54.33518859028571
            ],
            [
              -116.30695610542857,
              54.34518573285714
            ],
            [
              -116.31695467657143,
              54.34518573285714
            ],
            [
              -116.31695467657143,
              54.365180018
            ],
            [
              -116.29695753428572,
              54.365180018
            ],
            [
              -116.29695753428572,
              54.375177160571425
            ],
            [
              -116.26696182085715,
              54.375177160571425
            ],
            [
              -116.26696182085715,
              54.35518287542857
            ],
            [
              -116.25696324971429,
              54.35518287542857
            ],
            [
              -116.25696324971429,
              54.365180018
            ],
            [
              -116.23696610742857,
              54.365180018
            ],
            [
              -116.23696610742857,
              54.35518287542857
            ]
          ]
        ]
      },
      "properties": {
        "hail_size_bin": "1.0\"",
        "min_size_inches": 1.0
      }
    },
    {
      "type": "Feature",
      "geometry": {
        "type": "Polygon",
        "coordinates": [
          [
            [
              -117.04685037,
              54.435160016
            ],
            [
              -117.06684751228572,
              54.435160016
            ],
            [
              -117.06684751228572,
              54.42516287342857
            ],
            [
              -117.08684465457144,
              54.42516287342857
            ],
            [
              -117.08684465457144,
              54.41516573085714
            ],
            [
              -117.116840368,
              54.41516573085714
            ],
            [
              -117.116840368,
              54.42516287342857
            ],
            [
              -117.12683893914286,
              54.42516287342857
            ],
            [
              -117.12683893914286,
              54.41516573085714
            ],
            [
              -117.13683751028572,
              54.41516573085714
            ],
            [
              -117.13683751028572,
              54.40516858828571
            ],
            [
              -117.14683608142857,
              54.40516858828571
            ],
            [
              -117.14683608142857,
              54.41516573085714
            ],
            [
              -117.15683465257143,
              54.41516573085714
            ],
            [
              -117.15683465257143,
              54.435160016
            ],
            [
              -117.16683322371429,
              54.435160016
            ],
            [
              -117.16683322371429,
              54.445157158571426
            ],
            [
              -117.13683751028572,
              54.445157158571426
            ],
            [
              -117.13683751028572,
              54.455154301142855
            ],
            [
              -117.09684322571428,
              54.455154301142855
            ],
            [
              -117.09684322571428,
              54.465151443714284
            ],
            [
              -117.05684894114286,
              54.465151443714284
            ],
            [
              -117.05684894114286,
              54.455154301142855
            ],
            [
              -117.03685179885714,
              54.455154301142855
            ],
            [
              -117.03685179885714,
              54.445157158571426
            ],
            [
              -117.04685037,
              54.445157158571426
            ],
            [
              -117.04685037,
              54.435160016
            ]
          ]
        ]
      },
      "properties": {
        "hail_size_bin": "1.0\"",
        "min_size_inches": 1.0
      }
    },
    {
      "type": "Feature",
      "geometry": {
        "type": "Polygon",
        "coordinates": [
          [
            [
              -111.10769911114286,
              30.082120712000002
            ],
            [
              -111.11769768228572,
              30.082120712000002
            ],
            [
              -111.11769768228572,
              30.09211785457143
            ],
            [
              -111.14769339571428,
              30.09211785457143
            ],
            [
              -111.14769339571428,
              30.112112139714288
            ],
            [
              -111.15769196685714,
              30.112112139714288
            ],
            [
              -111.15769196685714,
              30.132106424857145
            ],
            [
              -111.14769339571428,
              30.132106424857145
            ],
            [
              -111.14769339571428,
              30.122109282285717
            ],
            [
              -111.11769768228572,
              30.122109282285717
            ],
            [
              -111.11769768228572,
              30.112112139714288
            ],
            [
              -111.10769911114286,
              30.112112139714288
            ],
            [
              -111.10769911114286,
              30.082120712000002
            ]
          ]
        ]
      },
      "properties": {
        "hail_size_bin": "1.0\"",
        "min_size_inches": 1.0
      }
    },
    {
      "type": "Feature",
      "geometry": {
        "type": "Polygon",
        "coordinates": [
          [
            [
              -83.5416384702857,
              43.898171745714286
            ],
            [
              -83.55163704142856,
              43.898171745714286
            ],
            [
              -83.55163704142856,
              43.88817460314286
            ],
            [
              -83.5416384702857,
              43.88817460314286
            ],
            [
              -83.5416384702857,
              43.87817746057143
            ],
            [
              -83.53163989914285,
              43.87817746057143
            ],
            [
              -83.53163989914285,
              43.868180318
            ],
            [
              -83.55163704142856,
              43.868180318
            ],
            [
              -83.55163704142856,
              43.85818317542857
            ],
            [
              -83.57163418371428,
              43.85818317542857
            ],
            [
              -83.57163418371428,
              43.868180318
            ],
            [
              -83.591631326,
              43.868180318
            ],
            [
              -83.591631326,
              43.87817746057143
            ],
            [
              -83.60162989714286,
              43.87817746057143
            ],
            [
              -83.60162989714286,
              43.88817460314286
            ],
            [
              -83.61162846828572,
              43.88817460314286
            ],
            [
              -83.61162846828572,
              43.898171745714286
            ],
            [
              -83.62162703942857,
              43.898171745714286
            ],
            [
              -83.62162703942857,
              43.918166030857144
            ],
            [
              -83.61162846828572,
              43.918166030857144
            ],
            [
              -83.61162846828572,
              43.92816317342857
            ],
            [
              -83.591631326,
              43.92816317342857
            ],
            [
              -83.591631326,
              43.918166030857144
            ],
            [
              -83.56163561257142,
              43.918166030857144
            ],
            [
              -83.56163561257142,
              43.908168888285715
            ],
            [
              -83.5416384702857,
              43.908168888285715
            ],
            [
              -83.5416384702857,
              43.898171745714286
            ]
          ]
        ]
      },
      "properties": {
        "hail_size_bin": "1.0\"",
        "min_size_inches": 1.0
      }
    },
    {
      "type": "Feature",
      "geometry": {
        "type": "Polygon",
        "coordinates": [
          [
            [
              -82.82174134799999,
              44.36803744657143
            ],
            [
              -82.83173991914285,
              44.36803744657143
            ],
            [
              -82.83173991914285,
              44.358040304
            ],
            [
              -82.85173706142857,
              44.358040304
            ],
            [
              -82.85173706142857,
              44.34804316142857
            ],
            [
              -82.86173563257142,
              44.34804316142857
            ],
            [
              -82.86173563257142,
              44.358040304
            ],
            [
              -82.87173420371428,
              44.358040304
            ],
            [
              -82.87173420371428,
              44.36803744657143
            ],
            [
              -82.86173563257142,
              44.36803744657143
            ],
            [
              -82.86173563257142,
              44.37803458914286
            ],
            [
              -82.8417384902857,
              44.37803458914286
            ],
            [
              -82.8417384902857,
              44.388031731714285
            ],
            [
              -82.83173991914285,
              44.388031731714285
            ],
            [
              -82.83173991914285,
              44.398028874285714
            ],
            [
              -82.81174277685714,
              44.398028874285714
            ],
            [
              -82.81174277685714,
              44.388031731714285
            ],
            [
              -82.80174420571429,
              44.388031731714285
            ],
            [
              -82.80174420571429,
              44.37803458914286
            ],
            [
              -82.82174134799999,
              44.37803458914286
            ],
            [
              -82.82174134799999,
              44.36803744657143
            ]
          ]
        ]
      },
      "properties": {
        "hail_size_bin": "1.0\"",
        "min_size_inches": 1.0
      }
    },
    {
      "type": "Feature",
      "geometry": {
        "type": "Polygon",
        "coordinates": [
          [
            [
              -108.19811490857143,
              46.057554541142856
            ],
            [
              -108.18811633742857,
              46.057554541142856
            ],
            [
              -108.18811633742857,
              46.04755739857143
            ],
            [
              -108.19811490857143,
              46.04755739857143
            ],
            [
              -108.19811490857143,
              46.02756311342857
            ],
            [
              -108.2781034777143,
              46.02756311342857
            ],
            [
              -108.2781034777143,
              46.04755739857143
            ],
            [
              -108.28810204885714,
              46.04755739857143
            ],
            [
              -108.28810204885714,
              46.057554541142856
            ],
            [
              -108.2781034777143,
              46.057554541142856
            ],
            [
              -108.2781034777143,
              46.067551683714285
            ],
            [
              -108.25810633542858,
              46.067551683714285
            ],
            [
              -108.25810633542858,
              46.077548826285714
            ],
            [
              -108.26810490657144,
              46.077548826285714
            ],
            [
              -108.26810490657144,
              46.08754596885714
            ],
            [
              -108.25810633542858,
              46.08754596885714
            ],
            [
              -108.25810633542858,
              46.09754311142857
            ],
            [
              -108.24810776428572,
              46.09754311142857
            ],
            [
              -108.24810776428572,
              46.08754596885714
            ],
            [
              -108.21811205085714,
              46.08754596885714
            ],
            [
              -108.21811205085714,
              46.077548826285714
            ],
            [
              -108.19811490857143,
              46.077548826285714
            ],
            [
              -108.19811490857143,
              46.057554541142856
            ]
          ]
        ]
      },
      "properties": {
        "hail_size_bin": "1.0\"",
        "min_size_inches": 1.0
      }
    },
    {
      "type": "Feature",
      "geometry": {
        "type": "Polygon",
        "coordinates": [
          [
            [
              -109.837880576,
              46.18751739457143
            ],
            [
              -109.84787914714286,
              46.18751739457143
            ],
            [
              -109.84787914714286,
              46.177520252
            ],
            [
              -109.85787771828572,
              46.177520252
            ],
            [
              -109.85787771828572,
              46.16752310942857
            ],
            [
              -109.89787200285714,
              46.16752310942857
            ],
            [
              -109.89787200285714,
              46.177520252
            ],
            [
              -109.907870574,
              46.177520252
            ],
            [
              -109.907870574,
              46.18751739457143
            ],
            [
              -109.91786914514286,
              46.18751739457143
            ],
            [
              -109.91786914514286,
              46.19751453714286
            ],
            [
              -109.92786771628572,
              46.19751453714286
            ],
            [
              -109.92786771628572,
              46.20751167971429
            ],
            [
              -109.907870574,
              46.20751167971429
            ],
            [
              -109.907870574,
              46.217508822285716
            ],
            [
              -109.85787771828572,
              46.217508822285716
            ],
            [
              -109.85787771828572,
              46.20751167971429
            ],
            [
              -109.84787914714286,
              46.20751167971429
            ],
            [
              -109.84787914714286,
              46.19751453714286
            ],
            [
              -109.837880576,
              46.19751453714286
            ],
            [
              -109.837880576,
              46.18751739457143
            ]
          ]
        ]
      },
      "properties": {
        "hail_size_bin": "1.0\"",
        "min_size_inches": 1.0
      }
    },
    {
      "type": "Feature",
      "geometry": {
        "type": "Polygon",
        "coordinates": [
          [
            [
              -78.92229860228571,
              46.25749739257142
            ],
            [
              -78.87230574657143,
              46.25749739257142
            ],
            [
              -78.87230574657143,
              46.24750025
            ],
            [
              -78.84231003314287,
              46.24750025
            ],
            [
              -78.84231003314287,
              46.237503107428566
            ],
            [
              -78.82231289085715,
              46.237503107428566
            ],
            [
              -78.82231289085715,
              46.217508822285716
            ],
            [
              -78.81231431971429,
              46.217508822285716
            ],
            [
              -78.81231431971429,
              46.20751167971429
            ],
            [
              -78.82231289085715,
              46.20751167971429
            ],
            [
              -78.82231289085715,
              46.19751453714286
            ],
            [
              -78.84231003314287,
              46.19751453714286
            ],
            [
              -78.84231003314287,
              46.20751167971429
            ],
            [
              -78.87230574657143,
              46.20751167971429
            ],
            [
              -78.87230574657143,
              46.217508822285716
            ],
            [
              -78.90230145999999,
              46.217508822285716
            ],
            [
              -78.90230145999999,
              46.227505964857144
            ],
            [
              -78.91230003114285,
              46.227505964857144
            ],
            [
              -78.91230003114285,
              46.217508822285716
            ],
            [
              -78.92229860228571,
              46.217508822285716
            ],
            [
              -78.92229860228571,
              46.227505964857144
            ],
            [
              -78.96229288685714,
              46.227505964857144
            ],
            [
              -78.96229288685714,
              46.217508822285716
            ],
            [
              -79.00228717142858,
              46.217508822285716
            ],
            [
              -79.00228717142858,
              46.227505964857144
            ],
            [
              -79.05228002714286,
              46.227505964857144
            ],
            [
              -79.05228002714286,
              46.237503107428566
            ],
            [
              -79.06227859828572,
              46.237503107428566
            ],
            [
              -79.06227859828572,
              46.24750025
            ],
            [
              -79.08227574057142,
              46.24750025
            ],
            [
              -79.08227574057142,
              46.26749453514286
            ],
            [
              -78.99228860028572,
              46.26749453514286
            ],
            [
              -78.99228860028572,
              46.25749739257142
            ],
            [
              -78.98229002914286,
              46.25749739257142
            ],
            [
              -78.98229002914286,
              46.26749453514286
            ],
            [
              -78.92229860228571,
              46.26749453514286
            ],
            [
              -78.92229860228571,
              46.25749739257142
            ]
          ]
        ]
      },
      "properties": {
        "hail_size_bin": "1.0\"",
        "min_size_inches": 1.0
      }
    },
    {
      "type": "Feature",
      "geometry": {
        "type": "Polygon",
        "coordinates": [
          [
            [
              -79.17226288085715,
              46.25749739257142
            ],
            [
              -79.16226430971429,
              46.25749739257142
            ],
            [
              -79.16226430971429,
              46.24750025
            ],
            [
              -79.17226288085715,
              46.24750025
            ],
            [
              -79.17226288085715,
              46.237503107428566
            ],
            [
              -79.182261452,
              46.237503107428566
            ],
            [
              -79.182261452,
              46.227505964857144
            ],
            [
              -79.28224716342856,
              46.227505964857144
            ],
            [
              -79.28224716342856,
              46.237503107428566
            ],
            [
              -79.29224573457142,
              46.237503107428566
            ],
            [
              -79.29224573457142,
              46.24750025
            ],
            [
              -79.31224287685714,
              46.24750025
            ],
            [
              -79.31224287685714,
              46.26749453514286
            ],
            [
              -79.30224430571428,
              46.26749453514286
            ],
            [
              -79.30224430571428,
              46.27749167771428
            ],
            [
              -79.23225430771429,
              46.27749167771428
            ],
            [
              -79.23225430771429,
              46.287488820285716
            ],
            [
              -79.22225573657143,
              46.287488820285716
            ],
            [
              -79.22225573657143,
              46.27749167771428
            ],
            [
              -79.19226002314286,
              46.27749167771428
            ],
            [
              -79.19226002314286,
              46.26749453514286
            ],
            [
              -79.17226288085715,
              46.26749453514286
            ],
            [
              -79.17226288085715,
              46.25749739257142
            ]
          ]
        ]
      },
      "properties": {
        "hail_size_bin": "1.0\"",
        "min_size_inches": 1.0
      }
    },
    {
      "type": "Feature",
      "geometry": {
        "type": "Polygon",
        "coordinates": [
          [
            [
              -79.43222573057142,
              46.29748596285714
            ],
            [
              -79.41222858828571,
              46.29748596285714
            ],
            [
              -79.41222858828571,
              46.287488820285716
            ],
            [
              -79.43222573057142,
              46.287488820285716
            ],
            [
              -79.43222573057142,
              46.27749167771428
            ],
            [
              -79.45222287285713,
              46.27749167771428
            ],
            [
              -79.45222287285713,
              46.26749453514286
            ],
            [
              -79.462221444,
              46.26749453514286
            ],
            [
              -79.462221444,
              46.27749167771428
            ],
            [
              -79.50221572857143,
              46.27749167771428
            ],
            [
              -79.50221572857143,
              46.29748596285714
            ],
            [
              -79.49221715742857,
              46.29748596285714
            ],
            [
              -79.49221715742857,
              46.307483105428574
            ],
            [
              -79.48221858628571,
              46.307483105428574
            ],
            [
              -79.48221858628571,
              46.29748596285714
            ],
            [
              -79.462221444,
              46.29748596285714
            ],
            [
              -79.462221444,
              46.307483105428574
            ],
            [
              -79.43222573057142,
              46.307483105428574
            ],
            [
              -79.43222573057142,
              46.29748596285714
            ]
          ]
        ]
      },
      "properties": {
        "hail_size_bin": "1.0\"",
        "min_size_inches": 1.0
      }
    },
    {
      "type": "Feature",
      "geometry": {
        "type": "Polygon",
        "coordinates": [
          [
            [
              -108.11812633942857,
              46.307483105428574
            ],
            [
              -108.10812776828571,
              46.307483105428574
            ],
            [
              -108.10812776828571,
              46.29748596285714
            ],
            [
              -108.11812633942857,
              46.29748596285714
            ],
            [
              -108.11812633942857,
              46.287488820285716
            ],
            [
              -108.19811490857143,
              46.287488820285716
            ],
            [
              -108.19811490857143,
              46.29748596285714
            ],
            [
              -108.21811205085714,
              46.29748596285714
            ],
            [
              -108.21811205085714,
              46.307483105428574
            ],
            [
              -108.18811633742857,
              46.307483105428574
            ],
            [
              -108.18811633742857,
              46.317480247999995
            ],
            [
              -108.17811776628571,
              46.317480247999995
            ],
            [
              -108.17811776628571,
              46.29748596285714
            ],
            [
              -108.16811919514286,
              46.29748596285714
            ],
            [
              -108.16811919514286,
              46.317480247999995
            ],
            [
              -108.158120624,
              46.317480247999995
            ],
            [
              -108.158120624,
              46.33747453314285
            ],
            [
              -108.13812348171429,
              46.33747453314285
            ],
            [
              -108.13812348171429,
              46.32747739057143
            ],
            [
              -108.12812491057143,
              46.32747739057143
            ],
            [
              -108.12812491057143,
              46.317480247999995
            ],
            [
              -108.11812633942857,
              46.317480247999995
            ],
            [
              -108.11812633942857,
              46.307483105428574
            ]
          ]
        ]
      },
      "properties": {
        "hail_size_bin": "1.0\"",
        "min_size_inches": 1.0
      }
    },
    {
      "type": "Feature",
      "geometry": {
        "type": "Polygon",
        "coordinates": [
          [
            [
              -108.858020604,
              46.397457388571425
            ],
            [
              -108.858020604,
              46.407454531142854
            ],
            [
              -108.87801774628572,
              46.407454531142854
            ],
            [
              -108.87801774628572,
              46.41745167371428
            ],
            [
              -108.88801631742857,
              46.41745167371428
            ],
            [
              -108.88801631742857,
              46.42744881628571
            ],
            [
              -108.87801774628572,
              46.42744881628571
            ],
            [
              -108.87801774628572,
              46.43744595885714
            ],
            [
              -108.89801488857142,
              46.43744595885714
            ],
            [
              -108.89801488857142,
              46.44744310142857
            ],
            [
              -108.86801917514286,
              46.44744310142857
            ],
            [
              -108.86801917514286,
              46.43744595885714
            ],
            [
              -108.83802346171429,
              46.43744595885714
            ],
            [
              -108.83802346171429,
              46.41745167371428
            ],
            [
              -108.84802203285714,
              46.41745167371428
            ],
            [
              -108.84802203285714,
              46.397457388571425
            ],
            [
              -108.858020604,
              46.397457388571425
            ]
          ]
        ]
      },
      "properties": {
        "hail_size_bin": "1.0\"",
        "min_size_inches": 1.0
      }
    },
    {
      "type": "Feature",
      "geometry": {
        "type": "Polygon",
        "coordinates": [
          [
            [
              -109.16797630942858,
              46.51742309942857
            ],
            [
              -109.16797630942858,
              46.527420242
            ],
            [
              -109.14797916714286,
              46.527420242
            ],
            [
              -109.14797916714286,
              46.51742309942857
            ],
            [
              -109.137980596,
              46.51742309942857
            ],
            [
              -109.137980596,
              46.50742595685714
            ],
            [
              -109.10798488257143,
              46.50742595685714
            ],
            [
              -109.10798488257143,
              46.49742881428571
            ],
            [
              -109.09798631142857,
              46.49742881428571
            ],
            [
              -109.09798631142857,
              46.50742595685714
            ],
            [
              -109.08798774028571,
              46.50742595685714
            ],
            [
              -109.08798774028571,
              46.51742309942857
            ],
            [
              -109.067990598,
              46.51742309942857
            ],
            [
              -109.067990598,
              46.50742595685714
            ],
            [
              -109.03799488457143,
              46.50742595685714
            ],
            [
              -109.03799488457143,
              46.49742881428571
            ],
            [
              -109.01799774228571,
              46.49742881428571
            ],
            [
              -109.01799774228571,
              46.48743167171428
            ],
            [
              -108.98800202885715,
              46.48743167171428
            ],
            [
              -108.98800202885715,
              46.49742881428571
            ],
            [
              -108.94800774428572,
              46.49742881428571
            ],
            [
              -108.94800774428572,
              46.467437386571426
            ],
            [
              -108.928010602,
              46.467437386571426
            ],
            [
              -108.928010602,
              46.457440244
            ],
            [
              -108.91801203085714,
              46.457440244
            ],
            [
              -108.91801203085714,
              46.42744881628571
            ],
            [
              -108.928010602,
              46.42744881628571
            ],
            [
              -108.928010602,
              46.41745167371428
            ],
            [
              -108.93800917314286,
              46.41745167371428
            ],
            [
              -108.93800917314286,
              46.407454531142854
            ],
            [
              -108.95800631542858,
              46.407454531142854
            ],
            [
              -108.95800631542858,
              46.397457388571425
            ],
            [
              -108.98800202885715,
              46.397457388571425
            ],
            [
              -108.98800202885715,
              46.407454531142854
            ],
            [
              -109.00799917114286,
              46.407454531142854
            ],
            [
              -109.00799917114286,
              46.41745167371428
            ],
            [
              -109.03799488457143,
              46.41745167371428
            ],
            [
              -109.03799488457143,
              46.42744881628571
            ],
            [
              -109.05799202685715,
              46.42744881628571
            ],
            [
              -109.05799202685715,
              46.43744595885714
            ],
            [
              -109.067990598,
              46.43744595885714
            ],
            [
              -109.067990598,
              46.42744881628571
            ],
            [
              -109.10798488257143,
              46.42744881628571
            ],
            [
              -109.10798488257143,
              46.43744595885714
            ],
            [
              -109.11798345371429,
              46.43744595885714
            ],
            [
              -109.11798345371429,
              46.44744310142857
            ],
            [
              -109.14797916714286,
              46.44744310142857
            ],
            [
              -109.14797916714286,
              46.457440244
            ],
            [
              -109.207970594,
              46.457440244
            ],
            [
              -109.207970594,
              46.44744310142857
            ],
            [
              -109.22796773628572,
              46.44744310142857
            ],
            [
              -109.22796773628572,
              46.43744595885714
            ],
            [
              -109.23796630742858,
              46.43744595885714
            ],
            [
              -109.23796630742858,
              46.44744310142857
            ],
            [
              -109.26796202085714,
              46.44744310142857
            ],
            [
              -109.26796202085714,
              46.457440244
            ],
            [
              -109.277960592,
              46.457440244
            ],
            [
              -109.277960592,
              46.477434529142855
            ],
            [
              -109.28795916314286,
              46.477434529142855
            ],
            [
              -109.28795916314286,
              46.49742881428571
            ],
            [
              -109.26796202085714,
              46.49742881428571
            ],
            [
              -109.26796202085714,
              46.50742595685714
            ],
            [
              -109.25796344971428,
              46.50742595685714
            ],
            [
              -109.25796344971428,
              46.527420242
            ],
            [
              -109.22796773628572,
              46.527420242
            ],
            [
              -109.22796773628572,
              46.53741738457143
            ],
            [
              -109.21796916514286,
              46.53741738457143
            ],
            [
              -109.21796916514286,
              46.51742309942857
            ],
            [
              -109.207970594,
              46.51742309942857
            ],
            [
              -109.207970594,
              46.527420242
            ],
            [
              -109.17797488057143,
              46.527420242
            ],
            [
              -109.17797488057143,
              46.51742309942857
            ],
            [
              -109.16797630942858,
              46.51742309942857
            ]
          ]
        ]
      },
      "properties": {
        "hail_size_bin": "1.0\"",
        "min_size_inches": 1.0
      }
    },
    {
      "type": "Feature",
      "geometry": {
        "type": "Polygon",
        "coordinates": [
          [
            [
              -107.64819349571428,
              46.527420242
            ],
            [
              -107.65819206685714,
              46.527420242
            ],
            [
              -107.65819206685714,
              46.53741738457143
            ],
            [
              -107.67818920914286,
              46.53741738457143
            ],
            [
              -107.67818920914286,
              46.527420242
            ],
            [
              -107.68818778028572,
              46.527420242
            ],
            [
              -107.68818778028572,
              46.53741738457143
            ],
            [
              -107.69818635142857,
              46.53741738457143
            ],
            [
              -107.69818635142857,
              46.547414527142855
            ],
            [
              -107.72818206485715,
              46.547414527142855
            ],
            [
              -107.72818206485715,
              46.57740595485714
            ],
            [
              -107.69818635142857,
              46.57740595485714
            ],
            [
              -107.69818635142857,
              46.56740881228571
            ],
            [
              -107.668190638,
              46.56740881228571
            ],
            [
              -107.668190638,
              46.557411669714284
            ],
            [
              -107.64819349571428,
              46.557411669714284
            ],
            [
              -107.64819349571428,
              46.527420242
            ]
          ]
        ]
      },
      "properties": {
        "hail_size_bin": "1.0\"",
        "min_size_inches": 1.0
      }
    },
    {
      "type": "Feature",
      "geometry": {
        "type": "Polygon",
        "coordinates": [
          [
            [
              -109.37794630342857,
              46.58740309742857
            ],
            [
              -109.417940588,
              46.58740309742857
            ],
            [
              -109.417940588,
              46.57740595485714
            ],
            [
              -109.46793344371429,
              46.57740595485714
            ],
            [
              -109.46793344371429,
              46.58740309742857
            ],
            [
              -109.51792629942858,
              46.58740309742857
            ],
            [
              -109.51792629942858,
              46.59740024
            ],
            [
              -109.52792487057144,
              46.59740024
            ],
            [
              -109.52792487057144,
              46.617394525142856
            ],
            [
              -109.54792201285714,
              46.617394525142856
            ],
            [
              -109.54792201285714,
              46.627391667714285
            ],
            [
              -109.56791915514286,
              46.627391667714285
            ],
            [
              -109.56791915514286,
              46.637388810285714
            ],
            [
              -109.57791772628572,
              46.637388810285714
            ],
            [
              -109.57791772628572,
              46.627391667714285
            ],
            [
              -109.59791486857142,
              46.627391667714285
            ],
            [
              -109.59791486857142,
              46.637388810285714
            ],
            [
              -109.58791629742858,
              46.637388810285714
            ],
            [
              -109.58791629742858,
              46.64738595285714
            ],
            [
              -109.59791486857142,
              46.64738595285714
            ],
            [
              -109.59791486857142,
              46.65738309542857
            ],
            [
              -109.53792344171428,
              46.65738309542857
            ],
            [
              -109.53792344171428,
              46.667380238
            ],
            [
              -109.50792772828572,
              46.667380238
            ],
            [
              -109.50792772828572,
              46.67737738057143
            ],
            [
              -109.49792915714286,
              46.67737738057143
            ],
            [
              -109.49792915714286,
              46.68737452314286
            ],
            [
              -109.45793487257143,
              46.68737452314286
            ],
            [
              -109.45793487257143,
              46.697371665714286
            ],
            [
              -109.417940588,
              46.697371665714286
            ],
            [
              -109.417940588,
              46.68737452314286
            ],
            [
              -109.42793915914285,
              46.68737452314286
            ],
            [
              -109.42793915914285,
              46.67737738057143
            ],
            [
              -109.417940588,
              46.67737738057143
            ],
            [
              -109.417940588,
              46.667380238
            ],
            [
              -109.40794201685715,
              46.667380238
            ],
            [
              -109.40794201685715,
              46.65738309542857
            ],
            [
              -109.38794487457143,
              46.65738309542857
            ],
            [
              -109.38794487457143,
              46.667380238
            ],
            [
              -109.37794630342857,
              46.667380238
            ],
            [
              -109.37794630342857,
              46.65738309542857
            ],
            [
              -109.36794773228571,
              46.65738309542857
            ],
            [
              -109.36794773228571,
              46.64738595285714
            ],
            [
              -109.35794916114286,
              46.64738595285714
            ],
            [
              -109.35794916114286,
              46.60739738257143
            ],
            [
              -109.36794773228571,
              46.60739738257143
            ],
            [
              -109.36794773228571,
              46.59740024
            ],
            [
              -109.37794630342857,
              46.59740024
            ],
            [
              -109.37794630342857,
              46.58740309742857
            ]
          ],
          [
            [
              -109.37794630342857,
              46.64738595285714
            ],
            [
              -109.37794630342857,
              46.637388810285714
            ],
            [
              -109.36794773228571,
              46.637388810285714
            ],
            [
              -109.36794773228571,
              46.64738595285714
            ],
            [
              -109.37794630342857,
              46.64738595285714
            ]
          ]
        ]
      },
      "properties": {
        "hail_size_bin": "1.0\"",
        "min_size_inches": 1.0
      }
    },
    {
      "type": "Feature",
      "geometry": {
        "type": "Polygon",
        "coordinates": [
          [
            [
              -108.70804203685714,
              46.667380238
            ],
            [
              -108.68804489457143,
              46.667380238
            ],
            [
              -108.68804489457143,
              46.64738595285714
            ],
            [
              -108.66804775228572,
              46.64738595285714
            ],
            [
              -108.66804775228572,
              46.637388810285714
            ],
            [
              -108.67804632342857,
              46.637388810285714
            ],
            [
              -108.67804632342857,
              46.617394525142856
            ],
            [
              -108.69804346571429,
              46.617394525142856
            ],
            [
              -108.69804346571429,
              46.60739738257143
            ],
            [
              -108.718040608,
              46.60739738257143
            ],
            [
              -108.718040608,
              46.637388810285714
            ],
            [
              -108.70804203685714,
              46.637388810285714
            ],
            [
              -108.70804203685714,
              46.64738595285714
            ],
            [
              -108.72803917914285,
              46.64738595285714
            ],
            [
              -108.72803917914285,
              46.65738309542857
            ],
            [
              -108.77803203485715,
              46.65738309542857
            ],
            [
              -108.77803203485715,
              46.667380238
            ],
            [
              -108.788030606,
              46.667380238
            ],
            [
              -108.788030606,
              46.67737738057143
            ],
            [
              -108.81802631942857,
              46.67737738057143
            ],
            [
              -108.81802631942857,
              46.68737452314286
            ],
            [
              -108.79802917714287,
              46.68737452314286
            ],
            [
              -108.79802917714287,
              46.697371665714286
            ],
            [
              -108.77803203485715,
              46.697371665714286
            ],
            [
              -108.77803203485715,
              46.72736309342857
            ],
            [
              -108.75803489257143,
              46.72736309342857
            ],
            [
              -108.75803489257143,
              46.74735737857143
            ],
            [
              -108.73803775028571,
              46.74735737857143
            ],
            [
              -108.73803775028571,
              46.737360236
            ],
            [
              -108.69804346571429,
              46.737360236
            ],
            [
              -108.69804346571429,
              46.72736309342857
            ],
            [
              -108.66804775228572,
              46.72736309342857
            ],
            [
              -108.66804775228572,
              46.71736595085714
            ],
            [
              -108.64805061,
              46.71736595085714
            ],
            [
              -108.64805061,
              46.68737452314286
            ],
            [
              -108.66804775228572,
              46.68737452314286
            ],
            [
              -108.66804775228572,
              46.67737738057143
            ],
            [
              -108.68804489457143,
              46.67737738057143
            ],
            [
              -108.68804489457143,
              46.68737452314286
            ],
            [
              -108.67804632342857,
              46.68737452314286
            ],
            [
              -108.67804632342857,
              46.697371665714286
            ],
            [
              -108.68804489457143,
              46.697371665714286
            ],
            [
              -108.68804489457143,
              46.707368808285715
            ],
            [
              -108.718040608,
              46.707368808285715
            ],
            [
              -108.718040608,
              46.697371665714286
            ],
            [
              -108.70804203685714,
              46.697371665714286
            ],
            [
              -108.70804203685714,
              46.667380238
            ]
          ],
          [
            [
              -108.66804775228572,
              46.697371665714286
            ],
            [
              -108.66804775228572,
              46.707368808285715
            ],
            [
              -108.67804632342857,
              46.707368808285715
            ],
            [
              -108.67804632342857,
              46.697371665714286
            ],
            [
              -108.66804775228572,
              46.697371665714286
            ]
          ]
        ]
      },
      "properties": {
        "hail_size_bin": "1.0\"",
        "min_size_inches": 1.0
      }
    },
    {
      "type": "Feature",
      "geometry": {
        "type": "Polygon",
        "coordinates": [
          [
            [
              -109.18797345171429,
              46.89731451714286
            ],
            [
              -109.14797916714286,
              46.89731451714286
            ],
            [
              -109.14797916714286,
              46.887317374571424
            ],
            [
              -109.15797773828572,
              46.887317374571424
            ],
            [
              -109.15797773828572,
              46.877320232
            ],
            [
              -109.137980596,
              46.877320232
            ],
            [
              -109.137980596,
              46.887317374571424
            ],
            [
              -109.12798202485715,
              46.887317374571424
            ],
            [
              -109.12798202485715,
              46.89731451714286
            ],
            [
              -109.07798916914285,
              46.89731451714286
            ],
            [
              -109.07798916914285,
              46.887317374571424
            ],
            [
              -109.067990598,
              46.887317374571424
            ],
            [
              -109.067990598,
              46.86732308942857
            ],
            [
              -109.07798916914285,
              46.86732308942857
            ],
            [
              -109.07798916914285,
              46.84732880428571
            ],
            [
              -109.05799202685715,
              46.84732880428571
            ],
            [
              -109.05799202685715,
              46.857325946857145
            ],
            [
              -109.03799488457143,
              46.857325946857145
            ],
            [
              -109.03799488457143,
              46.86732308942857
            ],
            [
              -108.9780034577143,
              46.86732308942857
            ],
            [
              -108.9780034577143,
              46.83733166171429
            ],
            [
              -108.96800488657144,
              46.83733166171429
            ],
            [
              -108.96800488657144,
              46.857325946857145
            ],
            [
              -108.93800917314286,
              46.857325946857145
            ],
            [
              -108.93800917314286,
              46.86732308942857
            ],
            [
              -108.90801345971428,
              46.86732308942857
            ],
            [
              -108.90801345971428,
              46.877320232
            ],
            [
              -108.87801774628572,
              46.877320232
            ],
            [
              -108.87801774628572,
              46.86732308942857
            ],
            [
              -108.84802203285714,
              46.86732308942857
            ],
            [
              -108.84802203285714,
              46.857325946857145
            ],
            [
              -108.83802346171429,
              46.857325946857145
            ],
            [
              -108.83802346171429,
              46.84732880428571
            ],
            [
              -108.82802489057143,
              46.84732880428571
            ],
            [
              -108.82802489057143,
              46.83733166171429
            ],
            [
              -108.79802917714287,
              46.83733166171429
            ],
            [
              -108.79802917714287,
              46.84732880428571
            ],
            [
              -108.788030606,
              46.84732880428571
            ],
            [
              -108.788030606,
              46.82733451914285
            ],
            [
              -108.77803203485715,
              46.82733451914285
            ],
            [
              -108.77803203485715,
              46.81733737657143
            ],
            [
              -108.788030606,
              46.81733737657143
            ],
            [
              -108.788030606,
              46.807340233999994
            ],
            [
              -108.79802917714287,
              46.807340233999994
            ],
            [
              -108.79802917714287,
              46.777348806285715
            ],
            [
              -108.77803203485715,
              46.777348806285715
            ],
            [
              -108.77803203485715,
              46.76735166371429
            ],
            [
              -108.788030606,
              46.76735166371429
            ],
            [
              -108.788030606,
              46.74735737857143
            ],
            [
              -108.80802774828572,
              46.74735737857143
            ],
            [
              -108.80802774828572,
              46.737360236
            ],
            [
              -108.84802203285714,
              46.737360236
            ],
            [
              -108.84802203285714,
              46.74735737857143
            ],
            [
              -108.87801774628572,
              46.74735737857143
            ],
            [
              -108.87801774628572,
              46.737360236
            ],
            [
              -108.88801631742857,
              46.737360236
            ],
            [
              -108.88801631742857,
              46.74735737857143
            ],
            [
              -108.89801488857142,
              46.74735737857143
            ],
            [
              -108.89801488857142,
              46.75735452114286
            ],
            [
              -108.91801203085714,
              46.75735452114286
            ],
            [
              -108.91801203085714,
              46.74735737857143
            ],
            [
              -108.928010602,
              46.74735737857143
            ],
            [
              -108.928010602,
              46.75735452114286
            ],
            [
              -108.96800488657144,
              46.75735452114286
            ],
            [
              -108.96800488657144,
              46.76735166371429
            ],
            [
              -108.9980006,
              46.76735166371429
            ],
            [
              -108.9980006,
              46.75735452114286
            ],
            [
              -109.00799917114286,
              46.75735452114286
            ],
            [
              -109.00799917114286,
              46.76735166371429
            ],
            [
              -109.01799774228571,
              46.76735166371429
            ],
            [
              -109.01799774228571,
              46.777348806285715
            ],
            [
              -109.02799631342857,
              46.777348806285715
            ],
            [
              -109.02799631342857,
              46.79734309142857
            ],
            [
              -109.03799488457143,
              46.79734309142857
            ],
            [
              -109.03799488457143,
              46.787345948857144
            ],
            [
              -109.07798916914285,
              46.787345948857144
            ],
            [
              -109.07798916914285,
              46.79734309142857
            ],
            [
              -109.05799202685715,
              46.79734309142857
            ],
            [
              -109.05799202685715,
              46.807340233999994
            ],
            [
              -109.07798916914285,
              46.807340233999994
            ],
            [
              -109.07798916914285,
              46.81733737657143
            ],
            [
              -109.067990598,
              46.81733737657143
            ],
            [
              -109.067990598,
              46.83733166171429
            ],
            [
              -109.07798916914285,
              46.83733166171429
            ],
            [
              -109.07798916914285,
              46.82733451914285
            ],
            [
              -109.08798774028571,
              46.82733451914285
            ],
            [
              -109.08798774028571,
              46.807340233999994
            ],
            [
              -109.09798631142857,
              46.807340233999994
            ],
            [
              -109.09798631142857,
              46.79734309142857
            ],
            [
              -109.10798488257143,
              46.79734309142857
            ],
            [
              -109.10798488257143,
              46.807340233999994
            ],
            [
              -109.11798345371429,
              46.807340233999994
            ],
            [
              -109.11798345371429,
              46.79734309142857
            ],
            [
              -109.16797630942858,
              46.79734309142857
            ],
            [
              -109.16797630942858,
              46.807340233999994
            ],
            [
              -109.18797345171429,
              46.807340233999994
            ],
            [
              -109.18797345171429,
              46.79734309142857
            ],
            [
              -109.19797202285714,
              46.79734309142857
            ],
            [
              -109.19797202285714,
              46.81733737657143
            ],
            [
              -109.21796916514286,
              46.81733737657143
            ],
            [
              -109.21796916514286,
              46.857325946857145
            ],
            [
              -109.22796773628572,
              46.857325946857145
            ],
            [
              -109.22796773628572,
              46.84732880428571
            ],
            [
              -109.25796344971428,
              46.84732880428571
            ],
            [
              -109.25796344971428,
              46.86732308942857
            ],
            [
              -109.23796630742858,
              46.86732308942857
            ],
            [
              -109.23796630742858,
              46.877320232
            ],
            [
              -109.24796487857142,
              46.877320232
            ],
            [
              -109.24796487857142,
              46.887317374571424
            ],
            [
              -109.23796630742858,
              46.887317374571424
            ],
            [
              -109.23796630742858,
              46.89731451714286
            ],
            [
              -109.21796916514286,
              46.89731451714286
            ],
            [
              -109.21796916514286,
              46.877320232
            ],
            [
              -109.207970594,
              46.877320232
            ],
            [
              -109.207970594,
              46.887317374571424
            ],
            [
              -109.18797345171429,
              46.887317374571424
            ],
            [
              -109.18797345171429,
              46.89731451714286
            ]
          ]
        ]
      },
      "properties": {
        "hail_size_bin": "1.0\"",
        "min_size_inches": 1.0
      }
    },
    {
      "type": "Feature",
      "geometry": {
        "type": "Polygon",
        "coordinates": [
          [
            [
              -109.40794201685715,
              46.82733451914285
            ],
            [
              -109.417940588,
              46.82733451914285
            ],
            [
              -109.417940588,
              46.81733737657143
            ],
            [
              -109.42793915914285,
              46.81733737657143
            ],
            [
              -109.42793915914285,
              46.82733451914285
            ],
            [
              -109.43793773028571,
              46.82733451914285
            ],
            [
              -109.43793773028571,
              46.81733737657143
            ],
            [
              -109.44793630142857,
              46.81733737657143
            ],
            [
              -109.44793630142857,
              46.82733451914285
            ],
            [
              -109.47793201485715,
              46.82733451914285
            ],
            [
              -109.47793201485715,
              46.83733166171429
            ],
            [
              -109.487930586,
              46.83733166171429
            ],
            [
              -109.487930586,
              46.84732880428571
            ],
            [
              -109.47793201485715,
              46.84732880428571
            ],
            [
              -109.47793201485715,
              46.857325946857145
            ],
            [
              -109.44793630142857,
              46.857325946857145
            ],
            [
              -109.44793630142857,
              46.86732308942857
            ],
            [
              -109.42793915914285,
              46.86732308942857
            ],
            [
              -109.42793915914285,
              46.857325946857145
            ],
            [
              -109.417940588,
              46.857325946857145
            ],
            [
              -109.417940588,
              46.83733166171429
            ],
            [
              -109.40794201685715,
              46.83733166171429
            ],
            [
              -109.40794201685715,
              46.82733451914285
            ]
          ]
        ]
      },
      "properties": {
        "hail_size_bin": "1.0\"",
        "min_size_inches": 1.0
      }
    },
    {
      "type": "Feature",
      "geometry": {
        "type": "Polygon",
        "coordinates": [
          [
            [
              -109.59791486857142,
              47.00728308542857
            ],
            [
              -109.58791629742858,
              47.00728308542857
            ],
            [
              -109.58791629742858,
              47.017280228
            ],
            [
              -109.54792201285714,
              47.017280228
            ],
            [
              -109.54792201285714,
              47.027277370571426
            ],
            [
              -109.51792629942858,
              47.027277370571426
            ],
            [
              -109.51792629942858,
              47.00728308542857
            ],
            [
              -109.54792201285714,
              47.00728308542857
            ],
            [
              -109.54792201285714,
              46.99728594285714
            ],
            [
              -109.59791486857142,
              46.99728594285714
            ],
            [
              -109.59791486857142,
              47.00728308542857
            ]
          ]
        ]
      },
      "properties": {
        "hail_size_bin": "1.0\"",
        "min_size_inches": 1.0
      }
    },
    {
      "type": "Feature",
      "geometry": {
        "type": "Polygon",
        "coordinates": [
          [
            [
              -109.44793630142857,
              47.017280228
            ],
            [
              -109.43793773028571,
              47.017280228
            ],
            [
              -109.43793773028571,
              47.00728308542857
            ],
            [
              -109.46793344371429,
              47.00728308542857
            ],
            [
              -109.46793344371429,
              46.99728594285714
            ],
            [
              -109.50792772828572,
              46.99728594285714
            ],
            [
              -109.50792772828572,
              47.027277370571426
            ],
            [
              -109.49792915714286,
              47.027277370571426
            ],
            [
              -109.49792915714286,
              47.037274513142854
            ],
            [
              -109.487930586,
              47.037274513142854
            ],
            [
              -109.487930586,
              47.027277370571426
            ],
            [
              -109.46793344371429,
              47.027277370571426
            ],
            [
              -109.46793344371429,
              47.037274513142854
            ],
            [
              -109.44793630142857,
              47.037274513142854
            ],
            [
              -109.44793630142857,
              47.017280228
            ]
          ]
        ]
      },
      "properties": {
        "hail_size_bin": "1.0\"",
        "min_size_inches": 1.0
      }
    },
    {
      "type": "Feature",
      "geometry": {
        "type": "Polygon",
        "coordinates": [
          [
            [
              -109.53792344171428,
              47.12724879628571
            ],
            [
              -109.52792487057144,
              47.12724879628571
            ],
            [
              -109.52792487057144,
              47.13724593885714
            ],
            [
              -109.51792629942858,
              47.13724593885714
            ],
            [
              -109.51792629942858,
              47.14724308142857
            ],
            [
              -109.487930586,
              47.14724308142857
            ],
            [
              -109.487930586,
              47.13724593885714
            ],
            [
              -109.47793201485715,
              47.13724593885714
            ],
            [
              -109.47793201485715,
              47.117251653714284
            ],
            [
              -109.53792344171428,
              47.117251653714284
            ],
            [
              -109.53792344171428,
              47.12724879628571
            ]
          ]
        ]
      },
      "properties": {
        "hail_size_bin": "1.0\"",
        "min_size_inches": 1.0
      }
    },
    {
      "type": "Feature",
      "geometry": {
        "type": "Polygon",
        "coordinates": [
          [
            [
              -103.07884648342858,
              48.65681160971428
            ],
            [
              -103.08884505457144,
              48.65681160971428
            ],
            [
              -103.08884505457144,
              48.66680875228571
            ],
            [
              -103.0988436257143,
              48.66680875228571
            ],
            [
              -103.0988436257143,
              48.65681160971428
            ],
            [
              -103.10884219685714,
              48.65681160971428
            ],
            [
              -103.10884219685714,
              48.66680875228571
            ],
            [
              -103.118840768,
              48.66680875228571
            ],
            [
              -103.118840768,
              48.67680589485714
            ],
            [
              -103.10884219685714,
              48.67680589485714
            ],
            [
              -103.10884219685714,
              48.68680303742857
            ],
            [
              -103.06884791228572,
              48.68680303742857
            ],
            [
              -103.06884791228572,
              48.67680589485714
            ],
            [
              -103.05884934114286,
              48.67680589485714
            ],
            [
              -103.05884934114286,
              48.66680875228571
            ],
            [
              -103.07884648342858,
              48.66680875228571
            ],
            [
              -103.07884648342858,
              48.65681160971428
            ]
          ]
        ]
      },
      "properties": {
        "hail_size_bin": "1.0\"",
        "min_size_inches": 1.0
      }
    },
    {
      "type": "Feature",
      "geometry": {
        "type": "Polygon",
        "coordinates": [
          [
            [
              -100.53920941314286,
              48.776777320571426
            ],
            [
              -100.50921369971428,
              48.776777320571426
            ],
            [
              -100.50921369971428,
              48.766780178
            ],
            [
              -100.49921512857142,
              48.766780178
            ],
            [
              -100.49921512857142,
              48.75678303542857
            ],
            [
              -100.48921655742858,
              48.75678303542857
            ],
            [
              -100.48921655742858,
              48.766780178
            ],
            [
              -100.44922227285714,
              48.766780178
            ],
            [
              -100.44922227285714,
              48.75678303542857
            ],
            [
              -100.27924656342857,
              48.75678303542857
            ],
            [
              -100.27924656342857,
              48.74678589285714
            ],
            [
              -100.24925085000001,
              48.74678589285714
            ],
            [
              -100.24925085000001,
              48.72679160771428
            ],
            [
              -100.30924227685715,
              48.72679160771428
            ],
            [
              -100.30924227685715,
              48.716794465142854
            ],
            [
              -100.33923799028571,
              48.716794465142854
            ],
            [
              -100.33923799028571,
              48.72679160771428
            ],
            [
              -100.34923656142857,
              48.72679160771428
            ],
            [
              -100.34923656142857,
              48.716794465142854
            ],
            [
              -100.35923513257143,
              48.716794465142854
            ],
            [
              -100.35923513257143,
              48.706797322571425
            ],
            [
              -100.37923227485715,
              48.706797322571425
            ],
            [
              -100.37923227485715,
              48.716794465142854
            ],
            [
              -100.54920798428572,
              48.716794465142854
            ],
            [
              -100.54920798428572,
              48.72679160771428
            ],
            [
              -100.56920512657143,
              48.72679160771428
            ],
            [
              -100.56920512657143,
              48.73678875028571
            ],
            [
              -100.63919512457143,
              48.73678875028571
            ],
            [
              -100.63919512457143,
              48.75678303542857
            ],
            [
              -100.61919798228571,
              48.75678303542857
            ],
            [
              -100.61919798228571,
              48.766780178
            ],
            [
              -100.60919941114285,
              48.766780178
            ],
            [
              -100.60919941114285,
              48.776777320571426
            ],
            [
              -100.59920084000001,
              48.776777320571426
            ],
            [
              -100.59920084000001,
              48.786774463142855
            ],
            [
              -100.56920512657143,
              48.786774463142855
            ],
            [
              -100.56920512657143,
              48.776777320571426
            ],
            [
              -100.55920655542857,
              48.776777320571426
            ],
            [
              -100.55920655542857,
              48.766780178
            ],
            [
              -100.53920941314286,
              48.766780178
            ],
            [
              -100.53920941314286,
              48.776777320571426
            ]
          ]
        ]
      },
      "properties": {
        "hail_size_bin": "1.0\"",
        "min_size_inches": 1.0
      }
    },
    {
      "type": "Feature",
      "geometry": {
        "type": "Polygon",
        "coordinates": [
          [
            [
              -112.567490498,
              53.655382895428566
            ],
            [
              -112.59748621142857,
              53.655382895428566
            ],
            [
              -112.59748621142857,
              53.665380037999995
            ],
            [
              -112.60748478257143,
              53.665380037999995
            ],
            [
              -112.60748478257143,
              53.675377180571424
            ],
            [
              -112.58748764028572,
              53.675377180571424
            ],
            [
              -112.58748764028572,
              53.68537432314285
            ],
            [
              -112.59748621142857,
              53.68537432314285
            ],
            [
              -112.59748621142857,
              53.69537146571428
            ],
            [
              -112.58748764028572,
              53.69537146571428
            ],
            [
              -112.58748764028572,
              53.70536860828571
            ],
            [
              -112.567490498,
              53.70536860828571
            ],
            [
              -112.567490498,
              53.69537146571428
            ],
            [
              -112.55749192685715,
              53.69537146571428
            ],
            [
              -112.55749192685715,
              53.675377180571424
            ],
            [
              -112.567490498,
              53.675377180571424
            ],
            [
              -112.567490498,
              53.655382895428566
            ]
          ]
        ]
      },
      "properties": {
        "hail_size_bin": "1.0\"",
        "min_size_inches": 1.0
      }
    },
    {
      "type": "Feature",
      "geometry": {
        "type": "Polygon",
        "coordinates": [
          [
            [
              -111.75760623542857,
              53.68537432314285
            ],
            [
              -111.727610522,
              53.68537432314285
            ],
            [
              -111.727610522,
              53.675377180571424
            ],
            [
              -111.71761195085715,
              53.675377180571424
            ],
            [
              -111.71761195085715,
              53.665380037999995
            ],
            [
              -111.80759909114286,
              53.665380037999995
            ],
            [
              -111.80759909114286,
              53.69537146571428
            ],
            [
              -111.77760337771429,
              53.69537146571428
            ],
            [
              -111.77760337771429,
              53.68537432314285
            ],
            [
              -111.76760480657143,
              53.68537432314285
            ],
            [
              -111.76760480657143,
              53.69537146571428
            ],
            [
              -111.75760623542857,
              53.69537146571428
            ],
            [
              -111.75760623542857,
              53.68537432314285
            ]
          ]
        ]
      },
      "properties": {
        "hail_size_bin": "1.0\"",
        "min_size_inches": 1.0
      }
    },
    {
      "type": "Feature",
      "geometry": {
        "type": "Polygon",
        "coordinates": [
          [
            [
              -75.53278298485714,
              40.77906326342857
            ],
            [
              -75.52278441371428,
              40.77906326342857
            ],
            [
              -75.52278441371428,
              40.76906612085714
            ],
            [
              -75.53278298485714,
              40.76906612085714
            ],
            [
              -75.53278298485714,
              40.75906897828571
            ],
            [
              -75.55278012714285,
              40.75906897828571
            ],
            [
              -75.55278012714285,
              40.76906612085714
            ],
            [
              -75.58277584057143,
              40.76906612085714
            ],
            [
              -75.58277584057143,
              40.789060406
            ],
            [
              -75.56277869828571,
              40.789060406
            ],
            [
              -75.56277869828571,
              40.809054691142855
            ],
            [
              -75.55278012714285,
              40.809054691142855
            ],
            [
              -75.55278012714285,
              40.799057548571426
            ],
            [
              -75.542781556,
              40.799057548571426
            ],
            [
              -75.542781556,
              40.789060406
            ],
            [
              -75.53278298485714,
              40.789060406
            ],
            [
              -75.53278298485714,
              40.77906326342857
            ]
          ]
        ]
      },
      "properties": {
        "hail_size_bin": "1.0\"",
        "min_size_inches": 1.0
      }
    },
    {
      "type": "Feature",
      "geometry": {
        "type": "Polygon",
        "coordinates": [
          [
            [
              -75.63276869628572,
              40.859040404
            ],
            [
              -75.62277012514286,
              40.859040404
            ],
            [
              -75.62277012514286,
              40.84904326142857
            ],
            [
              -75.63276869628572,
              40.84904326142857
            ],
            [
              -75.63276869628572,
              40.83904611885714
            ],
            [
              -75.64276726742857,
              40.83904611885714
            ],
            [
              -75.64276726742857,
              40.82904897628571
            ],
            [
              -75.67276298085714,
              40.82904897628571
            ],
            [
              -75.67276298085714,
              40.83904611885714
            ],
            [
              -75.69276012314285,
              40.83904611885714
            ],
            [
              -75.69276012314285,
              40.84904326142857
            ],
            [
              -75.7027586942857,
              40.84904326142857
            ],
            [
              -75.7027586942857,
              40.86903754657143
            ],
            [
              -75.71275726542856,
              40.86903754657143
            ],
            [
              -75.71275726542856,
              40.879034689142856
            ],
            [
              -75.7027586942857,
              40.879034689142856
            ],
            [
              -75.7027586942857,
              40.889031831714284
            ],
            [
              -75.69276012314285,
              40.889031831714284
            ],
            [
              -75.69276012314285,
              40.89902897428571
            ],
            [
              -75.67276298085714,
              40.89902897428571
            ],
            [
              -75.67276298085714,
              40.889031831714284
            ],
            [
              -75.62277012514286,
              40.889031831714284
            ],
            [
              -75.62277012514286,
              40.879034689142856
            ],
            [
              -75.63276869628572,
              40.879034689142856
            ],
            [
              -75.63276869628572,
              40.859040404
            ]
          ]
        ]
      },
      "properties": {
        "hail_size_bin": "1.0\"",
        "min_size_inches": 1.0
      }
    },
    {
      "type": "Feature",
      "geometry": {
        "type": "Polygon",
        "coordinates": [
          [
            [
              -75.78274726342858,
              40.90902611685714
            ],
            [
              -75.8027444057143,
              40.90902611685714
            ],
            [
              -75.8027444057143,
              40.91902325942857
            ],
            [
              -75.81274297685715,
              40.91902325942857
            ],
            [
              -75.81274297685715,
              40.949014687142856
            ],
            [
              -75.79274583457143,
              40.949014687142856
            ],
            [
              -75.79274583457143,
              40.959011829714285
            ],
            [
              -75.76275012114286,
              40.959011829714285
            ],
            [
              -75.76275012114286,
              40.949014687142856
            ],
            [
              -75.75275155,
              40.949014687142856
            ],
            [
              -75.75275155,
              40.91902325942857
            ],
            [
              -75.78274726342858,
              40.91902325942857
            ],
            [
              -75.78274726342858,
              40.90902611685714
            ]
          ]
        ]
      },
      "properties": {
        "hail_size_bin": "1.0\"",
        "min_size_inches": 1.0
      }
    },
    {
      "type": "Feature",
      "geometry": {
        "type": "Polygon",
        "coordinates": [
          [
            [
              -63.09456048314286,
              42.378606074857146
            ],
            [
              -63.09456048314286,
              42.36860893228571
            ],
            [
              -63.12455619657142,
              42.36860893228571
            ],
            [
              -63.12455619657142,
              42.378606074857146
            ],
            [
              -63.164550481142854,
              42.378606074857146
            ],
            [
              -63.164550481142854,
              42.39860036
            ],
            [
              -63.13455476771428,
              42.39860036
            ],
            [
              -63.13455476771428,
              42.41859464514286
            ],
            [
              -63.104559054285716,
              42.41859464514286
            ],
            [
              -63.104559054285716,
              42.408597502571425
            ],
            [
              -63.06456476971428,
              42.408597502571425
            ],
            [
              -63.06456476971428,
              42.38860321742857
            ],
            [
              -63.084561912,
              42.38860321742857
            ],
            [
              -63.084561912,
              42.378606074857146
            ],
            [
              -63.09456048314286,
              42.378606074857146
            ]
          ]
        ]
      },
      "properties": {
        "hail_size_bin": "1.0\"",
        "min_size_inches": 1.0
      }
    },
    {
      "type": "Feature",
      "geometry": {
        "type": "Polygon",
        "coordinates": [
          [
            [
              -63.68447618057142,
              42.558554641142855
            ],
            [
              -63.68447618057142,
              42.54855749857143
            ],
            [
              -63.80445903428571,
              42.54855749857143
            ],
            [
              -63.80445903428571,
              42.538560356
            ],
            [
              -63.83445474771429,
              42.538560356
            ],
            [
              -63.83445474771429,
              42.558554641142855
            ],
            [
              -63.82445617657143,
              42.558554641142855
            ],
            [
              -63.82445617657143,
              42.568551783714284
            ],
            [
              -63.85445188999999,
              42.568551783714284
            ],
            [
              -63.85445188999999,
              42.608540354
            ],
            [
              -63.82445617657143,
              42.608540354
            ],
            [
              -63.82445617657143,
              42.61853749657143
            ],
            [
              -63.76446474971428,
              42.61853749657143
            ],
            [
              -63.76446474971428,
              42.638531781714285
            ],
            [
              -63.73446903628572,
              42.638531781714285
            ],
            [
              -63.73446903628572,
              42.61853749657143
            ],
            [
              -63.70447332285714,
              42.61853749657143
            ],
            [
              -63.70447332285714,
              42.568551783714284
            ],
            [
              -63.674477609428564,
              42.568551783714284
            ],
            [
              -63.674477609428564,
              42.558554641142855
            ],
            [
              -63.68447618057142,
              42.558554641142855
            ]
          ]
        ]
      },
      "properties": {
        "hail_size_bin": "1.0\"",
        "min_size_inches": 1.0
      }
    },
    {
      "type": "Feature",
      "geometry": {
        "type": "Polygon",
        "coordinates": [
          [
            [
              -64.15440902428571,
              42.74850035
            ],
            [
              -64.18440473771429,
              42.74850035
            ],
            [
              -64.18440473771429,
              42.73850320742857
            ],
            [
              -64.21440045114285,
              42.73850320742857
            ],
            [
              -64.21440045114285,
              42.74850035
            ],
            [
              -64.24439616457143,
              42.74850035
            ],
            [
              -64.24439616457143,
              42.76849463514286
            ],
            [
              -64.26439330685714,
              42.76849463514286
            ],
            [
              -64.26439330685714,
              42.77849177771429
            ],
            [
              -64.28439044914285,
              42.77849177771429
            ],
            [
              -64.28439044914285,
              42.788488920285715
            ],
            [
              -64.26439330685714,
              42.788488920285715
            ],
            [
              -64.26439330685714,
              42.798486062857144
            ],
            [
              -64.23439759342857,
              42.798486062857144
            ],
            [
              -64.23439759342857,
              42.80848320542857
            ],
            [
              -64.22439902228571,
              42.80848320542857
            ],
            [
              -64.22439902228571,
              42.798486062857144
            ],
            [
              -64.17440616657143,
              42.798486062857144
            ],
            [
              -64.17440616657143,
              42.788488920285715
            ],
            [
              -64.15440902428571,
              42.788488920285715
            ],
            [
              -64.15440902428571,
              42.74850035
            ]
          ]
        ]
      },
      "properties": {
        "hail_size_bin": "1.0\"",
        "min_size_inches": 1.0
      }
    },
    {
      "type": "Feature",
      "geometry": {
        "type": "Polygon",
        "coordinates": [
          [
            [
              -64.90430186,
              42.93844605885714
            ],
            [
              -64.88430471771429,
              42.93844605885714
            ],
            [
              -64.88430471771429,
              42.92844891628572
            ],
            [
              -64.87430614657143,
              42.92844891628572
            ],
            [
              -64.87430614657143,
              42.93844605885714
            ],
            [
              -64.83431186199999,
              42.93844605885714
            ],
            [
              -64.83431186199999,
              42.92844891628572
            ],
            [
              -64.79431757742857,
              42.92844891628572
            ],
            [
              -64.79431757742857,
              42.91845177371428
            ],
            [
              -64.72432757942858,
              42.91845177371428
            ],
            [
              -64.72432757942858,
              42.90845463114286
            ],
            [
              -64.70433043714286,
              42.90845463114286
            ],
            [
              -64.70433043714286,
              42.898457488571424
            ],
            [
              -64.68433329485714,
              42.898457488571424
            ],
            [
              -64.68433329485714,
              42.878463203428566
            ],
            [
              -64.73432615057142,
              42.878463203428566
            ],
            [
              -64.73432615057142,
              42.888460346
            ],
            [
              -64.77432043514285,
              42.888460346
            ],
            [
              -64.77432043514285,
              42.898457488571424
            ],
            [
              -64.84431043314285,
              42.898457488571424
            ],
            [
              -64.84431043314285,
              42.90845463114286
            ],
            [
              -64.86430757542857,
              42.90845463114286
            ],
            [
              -64.86430757542857,
              42.91845177371428
            ],
            [
              -64.93429757342857,
              42.91845177371428
            ],
            [
              -64.93429757342857,
              42.92844891628572
            ],
            [
              -64.96429328685714,
              42.92844891628572
            ],
            [
              -64.96429328685714,
              42.93844605885714
            ],
            [
              -64.98429042914286,
              42.93844605885714
            ],
            [
              -64.98429042914286,
              42.958440343999996
            ],
            [
              -65.00428757142856,
              42.958440343999996
            ],
            [
              -65.00428757142856,
              42.96843748657143
            ],
            [
              -64.974291858,
              42.96843748657143
            ],
            [
              -64.974291858,
              42.958440343999996
            ],
            [
              -64.92429900228571,
              42.958440343999996
            ],
            [
              -64.92429900228571,
              42.948443201428574
            ],
            [
              -64.90430186,
              42.948443201428574
            ],
            [
              -64.90430186,
              42.93844605885714
            ]
          ]
        ]
      },
      "properties": {
        "hail_size_bin": "1.0\"",
        "min_size_inches": 1.0
      }
    },
    {
      "type": "Feature",
      "geometry": {
        "type": "Polygon",
        "coordinates": [
          [
            [
              -72.61320021114285,
              43.45829747257143
            ],
            [
              -72.62319878228571,
              43.45829747257143
            ],
            [
              -72.62319878228571,
              43.448300329999995
            ],
            [
              -72.64319592457143,
              43.448300329999995
            ],
            [
              -72.64319592457143,
              43.45829747257143
            ],
            [
              -72.67319163799999,
              43.45829747257143
            ],
            [
              -72.67319163799999,
              43.46829461514285
            ],
            [
              -72.68319020914285,
              43.46829461514285
            ],
            [
              -72.68319020914285,
              43.47829175771429
            ],
            [
              -72.67319163799999,
              43.47829175771429
            ],
            [
              -72.67319163799999,
              43.48828890028571
            ],
            [
              -72.65319449571427,
              43.48828890028571
            ],
            [
              -72.65319449571427,
              43.47829175771429
            ],
            [
              -72.63319735342857,
              43.47829175771429
            ],
            [
              -72.63319735342857,
              43.46829461514285
            ],
            [
              -72.61320021114285,
              43.46829461514285
            ],
            [
              -72.61320021114285,
              43.45829747257143
            ]
          ]
        ]
      },
      "properties": {
        "hail_size_bin": "1.0\"",
        "min_size_inches": 1.0
      }
    },
    {
      "type": "Feature",
      "geometry": {
        "type": "Polygon",
        "coordinates": [
          [
            [
              -60.15498056714286,
              43.588260326
            ],
            [
              -60.164979138285716,
              43.588260326
            ],
            [
              -60.164979138285716,
              43.598257468571425
            ],
            [
              -60.094989140285705,
              43.598257468571425
            ],
            [
              -60.094989140285705,
              43.57826318342857
            ],
            [
              -60.12498485371428,
              43.57826318342857
            ],
            [
              -60.12498485371428,
              43.56826604085714
            ],
            [
              -60.15498056714286,
              43.56826604085714
            ],
            [
              -60.15498056714286,
              43.588260326
            ]
          ]
        ]
      },
      "properties": {
        "hail_size_bin": "1.0\"",
        "min_size_inches": 1.0
      }
    },
    {
      "type": "Feature",
      "geometry": {
        "type": "Polygon",
        "coordinates": [
          [
            [
              -75.17283442371428,
              44.34804316142857
            ],
            [
              -75.22282727942857,
              44.34804316142857
            ],
            [
              -75.22282727942857,
              44.358040304
            ],
            [
              -75.23282585057143,
              44.358040304
            ],
            [
              -75.23282585057143,
              44.388031731714285
            ],
            [
              -75.22282727942857,
              44.388031731714285
            ],
            [
              -75.22282727942857,
              44.40802601685714
            ],
            [
              -75.20283013714285,
              44.40802601685714
            ],
            [
              -75.20283013714285,
              44.398028874285714
            ],
            [
              -75.192831566,
              44.398028874285714
            ],
            [
              -75.192831566,
              44.388031731714285
            ],
            [
              -75.17283442371428,
              44.388031731714285
            ],
            [
              -75.17283442371428,
              44.34804316142857
            ]
          ]
        ]
      },
      "properties": {
        "hail_size_bin": "1.0\"",
        "min_size_inches": 1.0
      }
    },
    {
      "type": "Feature",
      "geometry": {
        "type": "Polygon",
        "coordinates": [
          [
            [
              -75.39280298885714,
              44.4980003
            ],
            [
              -75.37280584657142,
              44.4980003
            ],
            [
              -75.37280584657142,
              44.48800315742857
            ],
            [
              -75.32281299085713,
              44.48800315742857
            ],
            [
              -75.32281299085713,
              44.478006014857144
            ],
            [
              -75.30281584857143,
              44.478006014857144
            ],
            [
              -75.30281584857143,
              44.458011729714286
            ],
            [
              -75.29281727742857,
              44.458011729714286
            ],
            [
              -75.29281727742857,
              44.428020302
            ],
            [
              -75.30281584857143,
              44.428020302
            ],
            [
              -75.30281584857143,
              44.41802315942857
            ],
            [
              -75.3528087042857,
              44.41802315942857
            ],
            [
              -75.3528087042857,
              44.428020302
            ],
            [
              -75.36280727542857,
              44.428020302
            ],
            [
              -75.36280727542857,
              44.43801744457143
            ],
            [
              -75.39280298885714,
              44.43801744457143
            ],
            [
              -75.39280298885714,
              44.458011729714286
            ],
            [
              -75.40280156,
              44.458011729714286
            ],
            [
              -75.40280156,
              44.468008872285715
            ],
            [
              -75.41280013114286,
              44.468008872285715
            ],
            [
              -75.41280013114286,
              44.4980003
            ],
            [
              -75.40280156,
              44.4980003
            ],
            [
              -75.40280156,
              44.48800315742857
            ],
            [
              -75.39280298885714,
              44.48800315742857
            ],
            [
              -75.39280298885714,
              44.4980003
            ]
          ],
          [
            [
              -75.39280298885714,
              44.468008872285715
            ],
            [
              -75.39280298885714,
              44.478006014857144
            ],
            [
              -75.40280156,
              44.478006014857144
            ],
            [
              -75.40280156,
              44.468008872285715
            ],
            [
              -75.39280298885714,
              44.468008872285715
            ]
          ]
        ]
      },
      "properties": {
        "hail_size_bin": "1.0\"",
        "min_size_inches": 1.0
      }
    },
    {
      "type": "Feature",
      "geometry": {
        "type": "Polygon",
        "coordinates": [
          [
            [
              -75.55278012714285,
              44.60796886828571
            ],
            [
              -75.542781556,
              44.60796886828571
            ],
            [
              -75.542781556,
              44.59797172571429
            ],
            [
              -75.52278441371428,
              44.59797172571429
            ],
            [
              -75.52278441371428,
              44.58797458314285
            ],
            [
              -75.51278584257142,
              44.58797458314285
            ],
            [
              -75.51278584257142,
              44.57797744057143
            ],
            [
              -75.472791558,
              44.57797744057143
            ],
            [
              -75.472791558,
              44.567980297999995
            ],
            [
              -75.44279584457144,
              44.567980297999995
            ],
            [
              -75.44279584457144,
              44.55798315542857
            ],
            [
              -75.43279727342858,
              44.55798315542857
            ],
            [
              -75.43279727342858,
              44.54798601285714
            ],
            [
              -75.42279870228572,
              44.54798601285714
            ],
            [
              -75.42279870228572,
              44.52799172771429
            ],
            [
              -75.43279727342858,
              44.52799172771429
            ],
            [
              -75.43279727342858,
              44.50799744257143
            ],
            [
              -75.50278727142856,
              44.50799744257143
            ],
            [
              -75.50278727142856,
              44.51799458514286
            ],
            [
              -75.52278441371428,
              44.51799458514286
            ],
            [
              -75.52278441371428,
              44.52799172771429
            ],
            [
              -75.53278298485714,
              44.52799172771429
            ],
            [
              -75.53278298485714,
              44.537988870285716
            ],
            [
              -75.542781556,
              44.537988870285716
            ],
            [
              -75.542781556,
              44.55798315542857
            ],
            [
              -75.55278012714285,
              44.55798315542857
            ],
            [
              -75.55278012714285,
              44.567980297999995
            ],
            [
              -75.58277584057143,
              44.567980297999995
            ],
            [
              -75.58277584057143,
              44.57797744057143
            ],
            [
              -75.62277012514286,
              44.57797744057143
            ],
            [
              -75.62277012514286,
              44.58797458314285
            ],
            [
              -75.65276583857143,
              44.58797458314285
            ],
            [
              -75.65276583857143,
              44.59797172571429
            ],
            [
              -75.66276440971428,
              44.59797172571429
            ],
            [
              -75.66276440971428,
              44.60796886828571
            ],
            [
              -75.65276583857143,
              44.60796886828571
            ],
            [
              -75.65276583857143,
              44.617966010857145
            ],
            [
              -75.64276726742857,
              44.617966010857145
            ],
            [
              -75.64276726742857,
              44.637960296
            ],
            [
              -75.60277298285715,
              44.637960296
            ],
            [
              -75.60277298285715,
              44.62796315342857
            ],
            [
              -75.58277584057143,
              44.62796315342857
            ],
            [
              -75.58277584057143,
              44.617966010857145
            ],
            [
              -75.55278012714285,
              44.617966010857145
            ],
            [
              -75.55278012714285,
              44.60796886828571
            ]
          ]
        ]
      },
      "properties": {
        "hail_size_bin": "1.0\"",
        "min_size_inches": 1.0
      }
    },
    {
      "type": "Feature",
      "geometry": {
        "type": "Polygon",
        "coordinates": [
          [
            [
              -76.13269725342857,
              44.797914577142855
            ],
            [
              -76.15269439571429,
              44.797914577142855
            ],
            [
              -76.15269439571429,
              44.80791171971428
            ],
            [
              -76.16269296685715,
              44.80791171971428
            ],
            [
              -76.16269296685715,
              44.81790886228571
            ],
            [
              -76.172691538,
              44.81790886228571
            ],
            [
              -76.172691538,
              44.82790600485714
            ],
            [
              -76.16269296685715,
              44.82790600485714
            ],
            [
              -76.16269296685715,
              44.83790314742857
            ],
            [
              -76.14269582457143,
              44.83790314742857
            ],
            [
              -76.14269582457143,
              44.82790600485714
            ],
            [
              -76.12269868228572,
              44.82790600485714
            ],
            [
              -76.12269868228572,
              44.80791171971428
            ],
            [
              -76.13269725342857,
              44.80791171971428
            ],
            [
              -76.13269725342857,
              44.797914577142855
            ]
          ]
        ]
      },
      "properties": {
        "hail_size_bin": "1.0\"",
        "min_size_inches": 1.0
      }
    },
    {
      "type": "Feature",
      "geometry": {
        "type": "Polygon",
        "coordinates": [
          [
            [
              -61.59477481171429,
              45.097828854285716
            ],
            [
              -61.61477195399999,
              45.097828854285716
            ],
            [
              -61.61477195399999,
              45.107825996857144
            ],
            [
              -61.62477052514285,
              45.107825996857144
            ],
            [
              -61.62477052514285,
              45.13781742457142
            ],
            [
              -61.59477481171429,
              45.13781742457142
            ],
            [
              -61.59477481171429,
              45.127820282
            ],
            [
              -61.58477624057143,
              45.127820282
            ],
            [
              -61.58477624057143,
              45.117823139428566
            ],
            [
              -61.59477481171429,
              45.117823139428566
            ],
            [
              -61.59477481171429,
              45.097828854285716
            ]
          ]
        ]
      },
      "properties": {
        "hail_size_bin": "1.0\"",
        "min_size_inches": 1.0
      }
    },
    {
      "type": "Feature",
      "geometry": {
        "type": "Polygon",
        "coordinates": [
          [
            [
              -61.52478481371428,
              45.097828854285716
            ],
            [
              -61.544781955999994,
              45.097828854285716
            ],
            [
              -61.544781955999994,
              45.107825996857144
            ],
            [
              -61.55478052714285,
              45.107825996857144
            ],
            [
              -61.55478052714285,
              45.117823139428566
            ],
            [
              -61.56477909828571,
              45.117823139428566
            ],
            [
              -61.56477909828571,
              45.127820282
            ],
            [
              -61.57477766942857,
              45.127820282
            ],
            [
              -61.57477766942857,
              45.13781742457142
            ],
            [
              -61.56477909828571,
              45.13781742457142
            ],
            [
              -61.56477909828571,
              45.15781170971428
            ],
            [
              -61.534783384857136,
              45.15781170971428
            ],
            [
              -61.534783384857136,
              45.127820282
            ],
            [
              -61.544781955999994,
              45.127820282
            ],
            [
              -61.544781955999994,
              45.117823139428566
            ],
            [
              -61.52478481371428,
              45.117823139428566
            ],
            [
              -61.52478481371428,
              45.097828854285716
            ]
          ]
        ]
      },
      "properties": {
        "hail_size_bin": "1.0\"",
        "min_size_inches": 1.0
      }
    },
    {
      "type": "Feature",
      "geometry": {
        "type": "Polygon",
        "coordinates": [
          [
            [
              -61.69476052314285,
              45.14781456714286
            ],
            [
              -61.704759094285706,
              45.14781456714286
            ],
            [
              -61.704759094285706,
              45.16780885228572
            ],
            [
              -61.62477052514285,
              45.16780885228572
            ],
            [
              -61.62477052514285,
              45.15781170971428
            ],
            [
              -61.654766238571426,
              45.15781170971428
            ],
            [
              -61.654766238571426,
              45.13781742457142
            ],
            [
              -61.69476052314285,
              45.13781742457142
            ],
            [
              -61.69476052314285,
              45.14781456714286
            ]
          ]
        ]
      },
      "properties": {
        "hail_size_bin": "1.0\"",
        "min_size_inches": 1.0
      }
    },
    {
      "type": "Feature",
      "geometry": {
        "type": "Polygon",
        "coordinates": [
          [
            [
              -60.92487054514285,
              45.17780599485714
            ],
            [
              -60.93486911628571,
              45.17780599485714
            ],
            [
              -60.93486911628571,
              45.197800279999996
            ],
            [
              -60.894874831714276,
              45.197800279999996
            ],
            [
              -60.894874831714276,
              45.187803137428574
            ],
            [
              -60.88487626057143,
              45.187803137428574
            ],
            [
              -60.88487626057143,
              45.16780885228572
            ],
            [
              -60.92487054514285,
              45.16780885228572
            ],
            [
              -60.92487054514285,
              45.17780599485714
            ]
          ]
        ]
      },
      "properties": {
        "hail_size_bin": "1.0\"",
        "min_size_inches": 1.0
      }
    },
    {
      "type": "Feature",
      "geometry": {
        "type": "Polygon",
        "coordinates": [
          [
            [
              -78.70233003714286,
              45.657668838285716
            ],
            [
              -78.71232860828572,
              45.657668838285716
            ],
            [
              -78.71232860828572,
              45.64767169571429
            ],
            [
              -78.75232289285714,
              45.64767169571429
            ],
            [
              -78.75232289285714,
              45.657668838285716
            ],
            [
              -78.762321464,
              45.657668838285716
            ],
            [
              -78.762321464,
              45.667665980857144
            ],
            [
              -78.78231860628571,
              45.667665980857144
            ],
            [
              -78.78231860628571,
              45.687660265999995
            ],
            [
              -78.79231717742857,
              45.687660265999995
            ],
            [
              -78.79231717742857,
              45.69765740857143
            ],
            [
              -78.80231574857143,
              45.69765740857143
            ],
            [
              -78.80231574857143,
              45.70765455114285
            ],
            [
              -78.79231717742857,
              45.70765455114285
            ],
            [
              -78.79231717742857,
              45.71765169371429
            ],
            [
              -78.74232432171428,
              45.71765169371429
            ],
            [
              -78.74232432171428,
              45.70765455114285
            ],
            [
              -78.71232860828572,
              45.70765455114285
            ],
            [
              -78.71232860828572,
              45.687660265999995
            ],
            [
              -78.70233003714286,
              45.687660265999995
            ],
            [
              -78.70233003714286,
              45.657668838285716
            ]
          ]
        ]
      },
      "properties": {
        "hail_size_bin": "1.0\"",
        "min_size_inches": 1.0
      }
    },
    {
      "type": "Feature",
      "geometry": {
        "type": "Polygon",
        "coordinates": [
          [
            [
              -78.65233718142858,
              46.20751167971429
            ],
            [
              -78.64233861028572,
              46.20751167971429
            ],
            [
              -78.64233861028572,
              46.19751453714286
            ],
            [
              -78.622341468,
              46.19751453714286
            ],
            [
              -78.622341468,
              46.18751739457143
            ],
            [
              -78.692331466,
              46.18751739457143
            ],
            [
              -78.692331466,
              46.19751453714286
            ],
            [
              -78.70233003714286,
              46.19751453714286
            ],
            [
              -78.70233003714286,
              46.20751167971429
            ],
            [
              -78.71232860828572,
              46.20751167971429
            ],
            [
              -78.71232860828572,
              46.217508822285716
            ],
            [
              -78.72232717942856,
              46.217508822285716
            ],
            [
              -78.72232717942856,
              46.227505964857144
            ],
            [
              -78.73232575057142,
              46.227505964857144
            ],
            [
              -78.73232575057142,
              46.237503107428566
            ],
            [
              -78.74232432171428,
              46.237503107428566
            ],
            [
              -78.74232432171428,
              46.24750025
            ],
            [
              -78.73232575057142,
              46.24750025
            ],
            [
              -78.73232575057142,
              46.25749739257142
            ],
            [
              -78.692331466,
              46.25749739257142
            ],
            [
              -78.692331466,
              46.24750025
            ],
            [
              -78.66233575257144,
              46.24750025
            ],
            [
              -78.66233575257144,
              46.217508822285716
            ],
            [
              -78.65233718142858,
              46.217508822285716
            ],
            [
              -78.65233718142858,
              46.20751167971429
            ]
          ]
        ]
      },
      "properties": {
        "hail_size_bin": "1.0\"",
        "min_size_inches": 1.0
      }
    },
    {
      "type": "Feature",
      "geometry": {
        "type": "Polygon",
        "coordinates": [
          [
            [
              -63.624484753714285,
              47.91702305942857
            ],
            [
              -63.63448332485714,
              47.91702305942857
            ],
            [
              -63.63448332485714,
              47.927020202
            ],
            [
              -63.664479038285705,
              47.927020202
            ],
            [
              -63.664479038285705,
              47.93701734457143
            ],
            [
              -63.674477609428564,
              47.93701734457143
            ],
            [
              -63.674477609428564,
              47.95701162971429
            ],
            [
              -63.65448046714286,
              47.95701162971429
            ],
            [
              -63.65448046714286,
              47.94701448714286
            ],
            [
              -63.63448332485714,
              47.94701448714286
            ],
            [
              -63.63448332485714,
              47.93701734457143
            ],
            [
              -63.624484753714285,
              47.93701734457143
            ],
            [
              -63.624484753714285,
              47.91702305942857
            ]
          ]
        ]
      },
      "properties": {
        "hail_size_bin": "1.0\"",
        "min_size_inches": 1.0
      }
    },
    {
      "type": "Feature",
      "geometry": {
        "type": "Polygon",
        "coordinates": [
          [
            [
              -63.88444760342857,
              47.94701448714286
            ],
            [
              -63.88444760342857,
              47.93701734457143
            ],
            [
              -63.90444474571429,
              47.93701734457143
            ],
            [
              -63.90444474571429,
              47.927020202
            ],
            [
              -63.93444045914285,
              47.927020202
            ],
            [
              -63.93444045914285,
              47.94701448714286
            ],
            [
              -63.94443903028571,
              47.94701448714286
            ],
            [
              -63.94443903028571,
              47.95701162971429
            ],
            [
              -63.93444045914285,
              47.95701162971429
            ],
            [
              -63.93444045914285,
              47.96700877228571
            ],
            [
              -63.92444188799999,
              47.96700877228571
            ],
            [
              -63.92444188799999,
              47.977005914857145
            ],
            [
              -63.89444617457143,
              47.977005914857145
            ],
            [
              -63.89444617457143,
              47.96700877228571
            ],
            [
              -63.90444474571429,
              47.96700877228571
            ],
            [
              -63.90444474571429,
              47.95701162971429
            ],
            [
              -63.89444617457143,
              47.95701162971429
            ],
            [
              -63.89444617457143,
              47.94701448714286
            ],
            [
              -63.88444760342857,
              47.94701448714286
            ]
          ]
        ]
      },
      "properties": {
        "hail_size_bin": "1.0\"",
        "min_size_inches": 1.0
      }
    },
    {
      "type": "Feature",
      "geometry": {
        "type": "Polygon",
        "coordinates": [
          [
            [
              -64.96429328685714,
              48.42687733057143
            ],
            [
              -64.96429328685714,
              48.43687447314286
            ],
            [
              -64.974291858,
              48.43687447314286
            ],
            [
              -64.974291858,
              48.44687161571429
            ],
            [
              -64.90430186,
              48.44687161571429
            ],
            [
              -64.90430186,
              48.42687733057143
            ],
            [
              -64.91430043114285,
              48.42687733057143
            ],
            [
              -64.91430043114285,
              48.416880188
            ],
            [
              -64.93429757342857,
              48.416880188
            ],
            [
              -64.93429757342857,
              48.42687733057143
            ],
            [
              -64.96429328685714,
              48.42687733057143
            ]
          ]
        ]
      },
      "properties": {
        "hail_size_bin": "1.0\"",
        "min_size_inches": 1.0
      }
    },
    {
      "type": "Feature",
      "geometry": {
        "type": "Polygon",
        "coordinates": [
          [
            [
              -113.04742191285715,
              37.03013479914286
            ],
            [
              -113.04742191285715,
              37.040131941714286
            ],
            [
              -113.06741905514286,
              37.040131941714286
            ],
            [
              -113.06741905514286,
              37.050129084285714
            ],
            [
              -113.04742191285715,
              37.050129084285714
            ],
            [
              -113.04742191285715,
              37.06012622685714
            ],
            [
              -113.03742334171429,
              37.06012622685714
            ],
            [
              -113.03742334171429,
              37.07012336942857
            ],
            [
              -113.01742619942857,
              37.07012336942857
            ],
            [
              -113.01742619942857,
              37.050129084285714
            ],
            [
              -112.99742905714285,
              37.050129084285714
            ],
            [
              -112.99742905714285,
              37.040131941714286
            ],
            [
              -113.01742619942857,
              37.040131941714286
            ],
            [
              -113.01742619942857,
              37.03013479914286
            ],
            [
              -113.04742191285715,
              37.03013479914286
            ]
          ]
        ]
      },
      "properties": {
        "hail_size_bin": "0.5\"",
        "min_size_inches": 0.5
      }
    },
    {
      "type": "Feature",
      "geometry": {
        "type": "Polygon",
        "coordinates": [
          [
            [
              -116.52692467057143,
              39.839331861714285
            ],
            [
              -116.486930386,
              39.839331861714285
            ],
            [
              -116.486930386,
              39.81933757657143
            ],
            [
              -116.50692752828571,
              39.81933757657143
            ],
            [
              -116.50692752828571,
              39.809340434
            ],
            [
              -116.49692895714286,
              39.809340434
            ],
            [
              -116.49692895714286,
              39.79934329142857
            ],
            [
              -116.52692467057143,
              39.79934329142857
            ],
            [
              -116.52692467057143,
              39.839331861714285
            ]
          ]
        ]
      },
      "properties": {
        "hail_size_bin": "0.5\"",
        "min_size_inches": 0.5
      }
    },
    {
      "type": "Feature",
      "geometry": {
        "type": "Polygon",
        "coordinates": [
          [
            [
              -114.14726473857144,
              40.02927757057143
            ],
            [
              -114.16726188085714,
              40.02927757057143
            ],
            [
              -114.16726188085714,
              40.03927471314286
            ],
            [
              -114.18725902314286,
              40.03927471314286
            ],
            [
              -114.18725902314286,
              40.04927185571429
            ],
            [
              -114.177260452,
              40.04927185571429
            ],
            [
              -114.177260452,
              40.05926899828572
            ],
            [
              -114.18725902314286,
              40.05926899828572
            ],
            [
              -114.18725902314286,
              40.06926614085714
            ],
            [
              -114.13726616742858,
              40.06926614085714
            ],
            [
              -114.13726616742858,
              40.05926899828572
            ],
            [
              -114.12726759628572,
              40.05926899828572
            ],
            [
              -114.12726759628572,
              40.04927185571429
            ],
            [
              -114.13726616742858,
              40.04927185571429
            ],
            [
              -114.13726616742858,
              40.03927471314286
            ],
            [
              -114.14726473857144,
              40.03927471314286
            ],
            [
              -114.14726473857144,
              40.02927757057143
            ]
          ]
        ]
      },
      "properties": {
        "hail_size_bin": "0.5\"",
        "min_size_inches": 0.5
      }
    },
    {
      "type": "Feature",
      "geometry": {
        "type": "Polygon",
        "coordinates": [
          [
            [
              -116.626910382,
              40.089260425999996
            ],
            [
              -116.64690752428572,
              40.089260425999996
            ],
            [
              -116.64690752428572,
              40.09925756857143
            ],
            [
              -116.65690609542858,
              40.09925756857143
            ],
            [
              -116.65690609542858,
              40.10925471114285
            ],
            [
              -116.64690752428572,
              40.10925471114285
            ],
            [
              -116.64690752428572,
              40.11925185371429
            ],
            [
              -116.63690895314286,
              40.11925185371429
            ],
            [
              -116.63690895314286,
              40.12924899628571
            ],
            [
              -116.61691181085715,
              40.12924899628571
            ],
            [
              -116.61691181085715,
              40.10925471114285
            ],
            [
              -116.626910382,
              40.10925471114285
            ],
            [
              -116.626910382,
              40.09925756857143
            ],
            [
              -116.61691181085715,
              40.09925756857143
            ],
            [
              -116.61691181085715,
              40.079263283428574
            ],
            [
              -116.626910382,
              40.079263283428574
            ],
            [
              -116.626910382,
              40.089260425999996
            ]
          ]
        ]
      },
      "properties": {
        "hail_size_bin": "0.5\"",
        "min_size_inches": 0.5
      }
    },
    {
      "type": "Feature",
      "geometry": {
        "type": "Polygon",
        "coordinates": [
          [
            [
              -114.807170434,
              41.71879466514286
            ],
            [
              -114.81716900514286,
              41.71879466514286
            ],
            [
              -114.81716900514286,
              41.70879752257143
            ],
            [
              -114.82716757628572,
              41.70879752257143
            ],
            [
              -114.82716757628572,
              41.69880038
            ],
            [
              -114.8571632897143,
              41.69880038
            ],
            [
              -114.8571632897143,
              41.68880323742857
            ],
            [
              -114.877160432,
              41.68880323742857
            ],
            [
              -114.877160432,
              41.69880038
            ],
            [
              -114.90715614542857,
              41.69880038
            ],
            [
              -114.90715614542857,
              41.71879466514286
            ],
            [
              -114.89715757428571,
              41.71879466514286
            ],
            [
              -114.89715757428571,
              41.72879180771429
            ],
            [
              -114.90715614542857,
              41.72879180771429
            ],
            [
              -114.90715614542857,
              41.738788950285716
            ],
            [
              -114.91715471657143,
              41.738788950285716
            ],
            [
              -114.91715471657143,
              41.72879180771429
            ],
            [
              -114.93715185885715,
              41.72879180771429
            ],
            [
              -114.93715185885715,
              41.738788950285716
            ],
            [
              -114.94715043000001,
              41.738788950285716
            ],
            [
              -114.94715043000001,
              41.72879180771429
            ],
            [
              -114.95714900114285,
              41.72879180771429
            ],
            [
              -114.95714900114285,
              41.70879752257143
            ],
            [
              -114.99714328571429,
              41.70879752257143
            ],
            [
              -114.99714328571429,
              41.71879466514286
            ],
            [
              -115.00714185685715,
              41.71879466514286
            ],
            [
              -115.00714185685715,
              41.748786092857145
            ],
            [
              -114.96714757228571,
              41.748786092857145
            ],
            [
              -114.96714757228571,
              41.75878323542857
            ],
            [
              -114.95714900114285,
              41.75878323542857
            ],
            [
              -114.95714900114285,
              41.768780378
            ],
            [
              -114.92715328771429,
              41.768780378
            ],
            [
              -114.92715328771429,
              41.778777520571424
            ],
            [
              -114.88715900314286,
              41.778777520571424
            ],
            [
              -114.88715900314286,
              41.75878323542857
            ],
            [
              -114.877160432,
              41.75878323542857
            ],
            [
              -114.877160432,
              41.768780378
            ],
            [
              -114.82716757628572,
              41.768780378
            ],
            [
              -114.82716757628572,
              41.75878323542857
            ],
            [
              -114.807170434,
              41.75878323542857
            ],
            [
              -114.807170434,
              41.71879466514286
            ]
          ]
        ]
      },
      "properties": {
        "hail_size_bin": "0.5\"",
        "min_size_inches": 0.5
      }
    },
    {
      "type": "Feature",
      "geometry": {
        "type": "Polygon",
        "coordinates": [
          [
            [
              -115.77703183485714,
              42.148671795714286
            ],
            [
              -115.787030406,
              42.148671795714286
            ],
            [
              -115.787030406,
              42.158668938285714
            ],
            [
              -115.77703183485714,
              42.158668938285714
            ],
            [
              -115.77703183485714,
              42.16866608085714
            ],
            [
              -115.75703469257144,
              42.16866608085714
            ],
            [
              -115.75703469257144,
              42.17866322342857
            ],
            [
              -115.74703612142858,
              42.17866322342857
            ],
            [
              -115.74703612142858,
              42.16866608085714
            ],
            [
              -115.73703755028572,
              42.16866608085714
            ],
            [
              -115.73703755028572,
              42.148671795714286
            ],
            [
              -115.74703612142858,
              42.148671795714286
            ],
            [
              -115.74703612142858,
              42.13867465314286
            ],
            [
              -115.77703183485714,
              42.13867465314286
            ],
            [
              -115.77703183485714,
              42.148671795714286
            ]
          ]
        ]
      },
      "properties": {
        "hail_size_bin": "0.5\"",
        "min_size_inches": 0.5
      }
    },
    {
      "type": "Feature",
      "geometry": {
        "type": "Polygon",
        "coordinates": [
          [
            [
              -118.57663175485715,
              43.31833747657143
            ],
            [
              -118.59662889714286,
              43.31833747657143
            ],
            [
              -118.59662889714286,
              43.308340334
            ],
            [
              -118.60662746828572,
              43.308340334
            ],
            [
              -118.60662746828572,
              43.278348906285714
            ],
            [
              -118.62662461057143,
              43.278348906285714
            ],
            [
              -118.62662461057143,
              43.308340334
            ],
            [
              -118.61662603942858,
              43.308340334
            ],
            [
              -118.61662603942858,
              43.31833747657143
            ],
            [
              -118.62662461057143,
              43.31833747657143
            ],
            [
              -118.62662461057143,
              43.32833461914286
            ],
            [
              -118.61662603942858,
              43.32833461914286
            ],
            [
              -118.61662603942858,
              43.33833176171429
            ],
            [
              -118.60662746828572,
              43.33833176171429
            ],
            [
              -118.60662746828572,
              43.348328904285715
            ],
            [
              -118.57663175485715,
              43.348328904285715
            ],
            [
              -118.57663175485715,
              43.378320332
            ],
            [
              -118.56663318371429,
              43.378320332
            ],
            [
              -118.56663318371429,
              43.358326046857144
            ],
            [
              -118.55663461257143,
              43.358326046857144
            ],
            [
              -118.55663461257143,
              43.348328904285715
            ],
            [
              -118.56663318371429,
              43.348328904285715
            ],
            [
              -118.56663318371429,
              43.32833461914286
            ],
            [
              -118.57663175485715,
              43.32833461914286
            ],
            [
              -118.57663175485715,
              43.31833747657143
            ]
          ]
        ]
      },
      "properties": {
        "hail_size_bin": "0.5\"",
        "min_size_inches": 0.5
      }
    },
    {
      "type": "Feature",
      "geometry": {
        "type": "Polygon",
        "coordinates": [
          [
            [
              -118.52663889914285,
              43.54827175571428
            ],
            [
              -118.50664175685715,
              43.54827175571428
            ],
            [
              -118.50664175685715,
              43.50828318542857
            ],
            [
              -118.51664032800001,
              43.50828318542857
            ],
            [
              -118.51664032800001,
              43.498286042857146
            ],
            [
              -118.53663747028571,
              43.498286042857146
            ],
            [
              -118.53663747028571,
              43.53827461314286
            ],
            [
              -118.52663889914285,
              43.53827461314286
            ],
            [
              -118.52663889914285,
              43.54827175571428
            ]
          ]
        ]
      },
      "properties": {
        "hail_size_bin": "0.5\"",
        "min_size_inches": 0.5
      }
    },
    {
      "type": "Feature",
      "geometry": {
        "type": "Polygon",
        "coordinates": [
          [
            [
              -121.95614880114286,
              44.647957438571424
            ],
            [
              -121.96614737228572,
              44.647957438571424
            ],
            [
              -121.96614737228572,
              44.637960296
            ],
            [
              -121.98614451457144,
              44.637960296
            ],
            [
              -121.98614451457144,
              44.62796315342857
            ],
            [
              -122.016140228,
              44.62796315342857
            ],
            [
              -122.016140228,
              44.637960296
            ],
            [
              -122.02613879914286,
              44.637960296
            ],
            [
              -122.02613879914286,
              44.65795458114286
            ],
            [
              -122.00614165685715,
              44.65795458114286
            ],
            [
              -122.00614165685715,
              44.66795172371428
            ],
            [
              -121.9961430857143,
              44.66795172371428
            ],
            [
              -121.9961430857143,
              44.65795458114286
            ],
            [
              -121.97614594342858,
              44.65795458114286
            ],
            [
              -121.97614594342858,
              44.66795172371428
            ],
            [
              -121.96614737228572,
              44.66795172371428
            ],
            [
              -121.96614737228572,
              44.65795458114286
            ],
            [
              -121.95614880114286,
              44.65795458114286
            ],
            [
              -121.95614880114286,
              44.647957438571424
            ]
          ]
        ]
      },
      "properties": {
        "hail_size_bin": "0.5\"",
        "min_size_inches": 0.5
      }
    },
    {
      "type": "Feature",
      "geometry": {
        "type": "Polygon",
        "coordinates": [
          [
            [
              -119.72646743628572,
              49.116680168
            ],
            [
              -119.73646600742858,
              49.116680168
            ],
            [
              -119.73646600742858,
              49.106683025428566
            ],
            [
              -119.74646457857143,
              49.106683025428566
            ],
            [
              -119.74646457857143,
              49.096685882857145
            ],
            [
              -119.76646172085715,
              49.096685882857145
            ],
            [
              -119.76646172085715,
              49.08668874028571
            ],
            [
              -119.776460292,
              49.08668874028571
            ],
            [
              -119.776460292,
              49.096685882857145
            ],
            [
              -119.78645886314285,
              49.096685882857145
            ],
            [
              -119.78645886314285,
              49.08668874028571
            ],
            [
              -119.81645457657143,
              49.08668874028571
            ],
            [
              -119.81645457657143,
              49.07669159771429
            ],
            [
              -119.83645171885715,
              49.07669159771429
            ],
            [
              -119.83645171885715,
              49.06669445514286
            ],
            [
              -119.86644743228572,
              49.06669445514286
            ],
            [
              -119.86644743228572,
              49.096685882857145
            ],
            [
              -119.85644886114287,
              49.096685882857145
            ],
            [
              -119.85644886114287,
              49.106683025428566
            ],
            [
              -119.83645171885715,
              49.106683025428566
            ],
            [
              -119.83645171885715,
              49.116680168
            ],
            [
              -119.82645314771429,
              49.116680168
            ],
            [
              -119.82645314771429,
              49.126677310571424
            ],
            [
              -119.80645600542857,
              49.126677310571424
            ],
            [
              -119.80645600542857,
              49.13667445314286
            ],
            [
              -119.79645743428571,
              49.13667445314286
            ],
            [
              -119.79645743428571,
              49.126677310571424
            ],
            [
              -119.78645886314285,
              49.126677310571424
            ],
            [
              -119.78645886314285,
              49.13667445314286
            ],
            [
              -119.75646314971429,
              49.13667445314286
            ],
            [
              -119.75646314971429,
              49.126677310571424
            ],
            [
              -119.74646457857143,
              49.126677310571424
            ],
            [
              -119.74646457857143,
              49.13667445314286
            ],
            [
              -119.72646743628572,
              49.13667445314286
            ],
            [
              -119.72646743628572,
              49.14667159571428
            ],
            [
              -119.6864731517143,
              49.14667159571428
            ],
            [
              -119.6864731517143,
              49.126677310571424
            ],
            [
              -119.69647172285714,
              49.126677310571424
            ],
            [
              -119.69647172285714,
              49.116680168
            ],
            [
              -119.71646886514286,
              49.116680168
            ],
            [
              -119.71646886514286,
              49.106683025428566
            ],
            [
              -119.72646743628572,
              49.106683025428566
            ],
            [
              -119.72646743628572,
              49.116680168
            ]
          ]
        ]
      },
      "properties": {
        "hail_size_bin": "0.5\"",
        "min_size_inches": 0.5
      }
    },
    {
      "type": "Feature",
      "geometry": {
        "type": "Polygon",
        "coordinates": [
          [
            [
              -119.55649172685715,
              49.16666588085714
            ],
            [
              -119.53649458457143,
              49.16666588085714
            ],
            [
              -119.53649458457143,
              49.17666302342857
            ],
            [
              -119.51649744228573,
              49.17666302342857
            ],
            [
              -119.51649744228573,
              49.16666588085714
            ],
            [
              -119.50649887114287,
              49.16666588085714
            ],
            [
              -119.50649887114287,
              49.15666873828571
            ],
            [
              -119.52649601342857,
              49.15666873828571
            ],
            [
              -119.52649601342857,
              49.13667445314286
            ],
            [
              -119.55649172685715,
              49.13667445314286
            ],
            [
              -119.55649172685715,
              49.16666588085714
            ]
          ]
        ]
      },
      "properties": {
        "hail_size_bin": "0.5\"",
        "min_size_inches": 0.5
      }
    },
    {
      "type": "Feature",
      "geometry": {
        "type": "Polygon",
        "coordinates": [
          [
            [
              -115.23710899314285,
              51.995857228571424
            ],
            [
              -115.24710756428571,
              51.995857228571424
            ],
            [
              -115.24710756428571,
              52.00585437114285
            ],
            [
              -115.28710184885715,
              52.00585437114285
            ],
            [
              -115.28710184885715,
              51.995857228571424
            ],
            [
              -115.29710042,
              51.995857228571424
            ],
            [
              -115.29710042,
              51.985860085999995
            ],
            [
              -115.33709470457143,
              51.985860085999995
            ],
            [
              -115.33709470457143,
              52.01585151371428
            ],
            [
              -115.32709613342857,
              52.01585151371428
            ],
            [
              -115.32709613342857,
              52.02584865628571
            ],
            [
              -115.31709756228571,
              52.02584865628571
            ],
            [
              -115.31709756228571,
              52.03584579885714
            ],
            [
              -115.30709899114287,
              52.03584579885714
            ],
            [
              -115.30709899114287,
              52.04584294142857
            ],
            [
              -115.24710756428571,
              52.04584294142857
            ],
            [
              -115.24710756428571,
              52.03584579885714
            ],
            [
              -115.21711185085715,
              52.03584579885714
            ],
            [
              -115.21711185085715,
              52.01585151371428
            ],
            [
              -115.20711327971429,
              52.01585151371428
            ],
            [
              -115.20711327971429,
              52.00585437114285
            ],
            [
              -115.23710899314285,
              52.00585437114285
            ],
            [
              -115.23710899314285,
              51.995857228571424
            ]
          ]
        ]
      },
      "properties": {
        "hail_size_bin": "0.5\"",
        "min_size_inches": 0.5
      }
    },
    {
      "type": "Feature",
      "geometry": {
        "type": "Polygon",
        "coordinates": [
          [
            [
              -115.47707470057144,
              52.125820082
            ],
            [
              -115.4870732717143,
              52.125820082
            ],
            [
              -115.4870732717143,
              52.11582293942857
            ],
            [
              -115.49707184285714,
              52.11582293942857
            ],
            [
              -115.49707184285714,
              52.10582579685714
            ],
            [
              -115.53706612742857,
              52.10582579685714
            ],
            [
              -115.53706612742857,
              52.09582865428571
            ],
            [
              -115.55706326971429,
              52.09582865428571
            ],
            [
              -115.55706326971429,
              52.10582579685714
            ],
            [
              -115.54706469857143,
              52.10582579685714
            ],
            [
              -115.54706469857143,
              52.11582293942857
            ],
            [
              -115.53706612742857,
              52.11582293942857
            ],
            [
              -115.53706612742857,
              52.125820082
            ],
            [
              -115.52706755628571,
              52.125820082
            ],
            [
              -115.52706755628571,
              52.135817224571426
            ],
            [
              -115.51706898514286,
              52.135817224571426
            ],
            [
              -115.51706898514286,
              52.145814367142854
            ],
            [
              -115.507070414,
              52.145814367142854
            ],
            [
              -115.507070414,
              52.135817224571426
            ],
            [
              -115.49707184285714,
              52.135817224571426
            ],
            [
              -115.49707184285714,
              52.145814367142854
            ],
            [
              -115.4870732717143,
              52.145814367142854
            ],
            [
              -115.4870732717143,
              52.135817224571426
            ],
            [
              -115.47707470057144,
              52.135817224571426
            ],
            [
              -115.47707470057144,
              52.125820082
            ]
          ]
        ]
      },
      "properties": {
        "hail_size_bin": "0.5\"",
        "min_size_inches": 0.5
      }
    },
    {
      "type": "Feature",
      "geometry": {
        "type": "Polygon",
        "coordinates": [
          [
            [
              -115.59705755428571,
              52.20579722257143
            ],
            [
              -115.61705469657143,
              52.20579722257143
            ],
            [
              -115.61705469657143,
              52.23578865028571
            ],
            [
              -115.60705612542857,
              52.23578865028571
            ],
            [
              -115.60705612542857,
              52.24578579285714
            ],
            [
              -115.59705755428571,
              52.24578579285714
            ],
            [
              -115.59705755428571,
              52.25578293542857
            ],
            [
              -115.54706469857143,
              52.25578293542857
            ],
            [
              -115.54706469857143,
              52.24578579285714
            ],
            [
              -115.52706755628571,
              52.24578579285714
            ],
            [
              -115.52706755628571,
              52.225791507714284
            ],
            [
              -115.53706612742857,
              52.225791507714284
            ],
            [
              -115.53706612742857,
              52.215794365142855
            ],
            [
              -115.59705755428571,
              52.215794365142855
            ],
            [
              -115.59705755428571,
              52.20579722257143
            ]
          ]
        ]
      },
      "properties": {
        "hail_size_bin": "0.5\"",
        "min_size_inches": 0.5
      }
    },
    {
      "type": "Feature",
      "geometry": {
        "type": "Polygon",
        "coordinates": [
          [
            [
              -116.15697753828572,
              52.695657208571426
            ],
            [
              -116.18697325171429,
              52.695657208571426
            ],
            [
              -116.18697325171429,
              52.71565149371428
            ],
            [
              -116.17697468057143,
              52.71565149371428
            ],
            [
              -116.17697468057143,
              52.73564577885714
            ],
            [
              -116.136980396,
              52.73564577885714
            ],
            [
              -116.136980396,
              52.72564863628571
            ],
            [
              -116.12698182485714,
              52.72564863628571
            ],
            [
              -116.12698182485714,
              52.71565149371428
            ],
            [
              -116.136980396,
              52.71565149371428
            ],
            [
              -116.136980396,
              52.705654351142854
            ],
            [
              -116.15697753828572,
              52.705654351142854
            ],
            [
              -116.15697753828572,
              52.695657208571426
            ]
          ]
        ]
      },
      "properties": {
        "hail_size_bin": "0.5\"",
        "min_size_inches": 0.5
      }
    },
    {
      "type": "Feature",
      "geometry": {
        "type": "Polygon",
        "coordinates": [
          [
            [
              -116.07698896914286,
              52.785631491714284
            ],
            [
              -116.07698896914286,
              52.76563720657143
            ],
            [
              -116.1169832537143,
              52.76563720657143
            ],
            [
              -116.1169832537143,
              52.755640064
            ],
            [
              -116.10698468257144,
              52.755640064
            ],
            [
              -116.10698468257144,
              52.74564292142857
            ],
            [
              -116.17697468057143,
              52.74564292142857
            ],
            [
              -116.17697468057143,
              52.755640064
            ],
            [
              -116.15697753828572,
              52.755640064
            ],
            [
              -116.15697753828572,
              52.76563720657143
            ],
            [
              -116.14697896714286,
              52.76563720657143
            ],
            [
              -116.14697896714286,
              52.775634349142855
            ],
            [
              -116.10698468257144,
              52.775634349142855
            ],
            [
              -116.10698468257144,
              52.785631491714284
            ],
            [
              -116.08698754028572,
              52.785631491714284
            ],
            [
              -116.08698754028572,
              52.79562863428571
            ],
            [
              -116.066990398,
              52.79562863428571
            ],
            [
              -116.066990398,
              52.80562577685714
            ],
            [
              -116.02699611342857,
              52.80562577685714
            ],
            [
              -116.02699611342857,
              52.785631491714284
            ],
            [
              -116.03699468457143,
              52.785631491714284
            ],
            [
              -116.03699468457143,
              52.775634349142855
            ],
            [
              -116.05699182685714,
              52.775634349142855
            ],
            [
              -116.05699182685714,
              52.785631491714284
            ],
            [
              -116.07698896914286,
              52.785631491714284
            ]
          ]
        ]
      },
      "properties": {
        "hail_size_bin": "0.5\"",
        "min_size_inches": 0.5
      }
    },
    {
      "type": "Feature",
      "geometry": {
        "type": "Polygon",
        "coordinates": [
          [
            [
              -116.16697610942857,
              52.80562577685714
            ],
            [
              -116.18697325171429,
              52.80562577685714
            ],
            [
              -116.18697325171429,
              52.79562863428571
            ],
            [
              -116.17697468057143,
              52.79562863428571
            ],
            [
              -116.17697468057143,
              52.785631491714284
            ],
            [
              -116.18697325171429,
              52.785631491714284
            ],
            [
              -116.18697325171429,
              52.775634349142855
            ],
            [
              -116.206970394,
              52.775634349142855
            ],
            [
              -116.206970394,
              52.76563720657143
            ],
            [
              -116.22696753628571,
              52.76563720657143
            ],
            [
              -116.22696753628571,
              52.775634349142855
            ],
            [
              -116.23696610742857,
              52.775634349142855
            ],
            [
              -116.23696610742857,
              52.785631491714284
            ],
            [
              -116.24696467857143,
              52.785631491714284
            ],
            [
              -116.24696467857143,
              52.80562577685714
            ],
            [
              -116.22696753628571,
              52.80562577685714
            ],
            [
              -116.22696753628571,
              52.81562291942857
            ],
            [
              -116.206970394,
              52.81562291942857
            ],
            [
              -116.206970394,
              52.80562577685714
            ],
            [
              -116.19697182285715,
              52.80562577685714
            ],
            [
              -116.19697182285715,
              52.825620062
            ],
            [
              -116.16697610942857,
              52.825620062
            ],
            [
              -116.16697610942857,
              52.83561720457143
            ],
            [
              -116.12698182485714,
              52.83561720457143
            ],
            [
              -116.12698182485714,
              52.825620062
            ],
            [
              -116.1169832537143,
              52.825620062
            ],
            [
              -116.1169832537143,
              52.80562577685714
            ],
            [
              -116.136980396,
              52.80562577685714
            ],
            [
              -116.136980396,
              52.79562863428571
            ],
            [
              -116.16697610942857,
              52.79562863428571
            ],
            [
              -116.16697610942857,
              52.80562577685714
            ]
          ]
        ]
      },
      "properties": {
        "hail_size_bin": "0.5\"",
        "min_size_inches": 0.5
      }
    },
    {
      "type": "Feature",
      "geometry": {
        "type": "Polygon",
        "coordinates": [
          [
            [
              -116.23696610742857,
              52.95558291542857
            ],
            [
              -116.21696896514285,
              52.95558291542857
            ],
            [
              -116.21696896514285,
              52.94558577285714
            ],
            [
              -116.19697182285715,
              52.94558577285714
            ],
            [
              -116.19697182285715,
              52.935588630285714
            ],
            [
              -116.15697753828572,
              52.935588630285714
            ],
            [
              -116.15697753828572,
              52.925591487714286
            ],
            [
              -116.136980396,
              52.925591487714286
            ],
            [
              -116.136980396,
              52.91559434514286
            ],
            [
              -116.1169832537143,
              52.91559434514286
            ],
            [
              -116.1169832537143,
              52.90559720257143
            ],
            [
              -116.10698468257144,
              52.90559720257143
            ],
            [
              -116.10698468257144,
              52.91559434514286
            ],
            [
              -116.09698611142858,
              52.91559434514286
            ],
            [
              -116.09698611142858,
              52.90559720257143
            ],
            [
              -116.066990398,
              52.90559720257143
            ],
            [
              -116.066990398,
              52.91559434514286
            ],
            [
              -116.03699468457143,
              52.91559434514286
            ],
            [
              -116.03699468457143,
              52.90559720257143
            ],
            [
              -116.02699611342857,
              52.90559720257143
            ],
            [
              -116.02699611342857,
              52.91559434514286
            ],
            [
              -115.9970004,
              52.91559434514286
            ],
            [
              -115.9970004,
              52.89560006
            ],
            [
              -115.94700754428573,
              52.89560006
            ],
            [
              -115.94700754428573,
              52.90559720257143
            ],
            [
              -115.93700897314287,
              52.90559720257143
            ],
            [
              -115.93700897314287,
              52.89560006
            ],
            [
              -115.91701183085715,
              52.89560006
            ],
            [
              -115.91701183085715,
              52.88560291742857
            ],
            [
              -115.90701325971429,
              52.88560291742857
            ],
            [
              -115.90701325971429,
              52.87560577485714
            ],
            [
              -115.89701468857143,
              52.87560577485714
            ],
            [
              -115.89701468857143,
              52.86560863228571
            ],
            [
              -115.87701754628571,
              52.86560863228571
            ],
            [
              -115.87701754628571,
              52.87560577485714
            ],
            [
              -115.8370232617143,
              52.87560577485714
            ],
            [
              -115.8370232617143,
              52.88560291742857
            ],
            [
              -115.82702469057143,
              52.88560291742857
            ],
            [
              -115.82702469057143,
              52.87560577485714
            ],
            [
              -115.80702754828572,
              52.87560577485714
            ],
            [
              -115.80702754828572,
              52.86560863228571
            ],
            [
              -115.79702897714286,
              52.86560863228571
            ],
            [
              -115.79702897714286,
              52.87560577485714
            ],
            [
              -115.77703183485714,
              52.87560577485714
            ],
            [
              -115.77703183485714,
              52.89560006
            ],
            [
              -115.74703612142858,
              52.89560006
            ],
            [
              -115.74703612142858,
              52.88560291742857
            ],
            [
              -115.73703755028572,
              52.88560291742857
            ],
            [
              -115.73703755028572,
              52.87560577485714
            ],
            [
              -115.717040408,
              52.87560577485714
            ],
            [
              -115.717040408,
              52.86560863228571
            ],
            [
              -115.70704183685714,
              52.86560863228571
            ],
            [
              -115.70704183685714,
              52.87560577485714
            ],
            [
              -115.69704326571429,
              52.87560577485714
            ],
            [
              -115.69704326571429,
              52.86560863228571
            ],
            [
              -115.68704469457143,
              52.86560863228571
            ],
            [
              -115.68704469457143,
              52.87560577485714
            ],
            [
              -115.64705041,
              52.87560577485714
            ],
            [
              -115.64705041,
              52.86560863228571
            ],
            [
              -115.63705183885715,
              52.86560863228571
            ],
            [
              -115.63705183885715,
              52.855611489714285
            ],
            [
              -115.62705326771429,
              52.855611489714285
            ],
            [
              -115.62705326771429,
              52.86560863228571
            ],
            [
              -115.60705612542857,
              52.86560863228571
            ],
            [
              -115.60705612542857,
              52.855611489714285
            ],
            [
              -115.55706326971429,
              52.855611489714285
            ],
            [
              -115.55706326971429,
              52.845614347142856
            ],
            [
              -115.507070414,
              52.845614347142856
            ],
            [
              -115.507070414,
              52.83561720457143
            ],
            [
              -115.4870732717143,
              52.83561720457143
            ],
            [
              -115.4870732717143,
              52.825620062
            ],
            [
              -115.437080416,
              52.825620062
            ],
            [
              -115.437080416,
              52.81562291942857
            ],
            [
              -115.41708327371428,
              52.81562291942857
            ],
            [
              -115.41708327371428,
              52.80562577685714
            ],
            [
              -115.40708470257144,
              52.80562577685714
            ],
            [
              -115.40708470257144,
              52.81562291942857
            ],
            [
              -115.367090418,
              52.81562291942857
            ],
            [
              -115.367090418,
              52.79562863428571
            ],
            [
              -115.31709756228571,
              52.79562863428571
            ],
            [
              -115.31709756228571,
              52.785631491714284
            ],
            [
              -115.32709613342857,
              52.785631491714284
            ],
            [
              -115.32709613342857,
              52.76563720657143
            ],
            [
              -115.33709470457143,
              52.76563720657143
            ],
            [
              -115.33709470457143,
              52.775634349142855
            ],
            [
              -115.40708470257144,
              52.775634349142855
            ],
            [
              -115.40708470257144,
              52.785631491714284
            ],
            [
              -115.41708327371428,
              52.785631491714284
            ],
            [
              -115.41708327371428,
              52.775634349142855
            ],
            [
              -115.45707755828572,
              52.775634349142855
            ],
            [
              -115.45707755828572,
              52.785631491714284
            ],
            [
              -115.46707612942858,
              52.785631491714284
            ],
            [
              -115.46707612942858,
              52.79562863428571
            ],
            [
              -115.47707470057144,
              52.79562863428571
            ],
            [
              -115.47707470057144,
              52.80562577685714
            ],
            [
              -115.51706898514286,
              52.80562577685714
            ],
            [
              -115.51706898514286,
              52.79562863428571
            ],
            [
              -115.52706755628571,
              52.79562863428571
            ],
            [
              -115.52706755628571,
              52.80562577685714
            ],
            [
              -115.53706612742857,
              52.80562577685714
            ],
            [
              -115.53706612742857,
              52.79562863428571
            ],
            [
              -115.60705612542857,
              52.79562863428571
            ],
            [
              -115.60705612542857,
              52.80562577685714
            ],
            [
              -115.61705469657143,
              52.80562577685714
            ],
            [
              -115.61705469657143,
              52.81562291942857
            ],
            [
              -115.72703897914286,
              52.81562291942857
            ],
            [
              -115.72703897914286,
              52.825620062
            ],
            [
              -115.73703755028572,
              52.825620062
            ],
            [
              -115.73703755028572,
              52.81562291942857
            ],
            [
              -115.7670332637143,
              52.81562291942857
            ],
            [
              -115.7670332637143,
              52.825620062
            ],
            [
              -115.787030406,
              52.825620062
            ],
            [
              -115.787030406,
              52.81562291942857
            ],
            [
              -115.80702754828572,
              52.81562291942857
            ],
            [
              -115.80702754828572,
              52.825620062
            ],
            [
              -115.81702611942858,
              52.825620062
            ],
            [
              -115.81702611942858,
              52.83561720457143
            ],
            [
              -115.82702469057143,
              52.83561720457143
            ],
            [
              -115.82702469057143,
              52.825620062
            ],
            [
              -115.84702183285715,
              52.825620062
            ],
            [
              -115.84702183285715,
              52.83561720457143
            ],
            [
              -115.86701897514286,
              52.83561720457143
            ],
            [
              -115.86701897514286,
              52.845614347142856
            ],
            [
              -115.87701754628571,
              52.845614347142856
            ],
            [
              -115.87701754628571,
              52.855611489714285
            ],
            [
              -115.89701468857143,
              52.855611489714285
            ],
            [
              -115.89701468857143,
              52.845614347142856
            ],
            [
              -115.92701040200001,
              52.845614347142856
            ],
            [
              -115.92701040200001,
              52.83561720457143
            ],
            [
              -115.93700897314287,
              52.83561720457143
            ],
            [
              -115.93700897314287,
              52.845614347142856
            ],
            [
              -115.98700182885715,
              52.845614347142856
            ],
            [
              -115.98700182885715,
              52.855611489714285
            ],
            [
              -116.00699897114286,
              52.855611489714285
            ],
            [
              -116.00699897114286,
              52.845614347142856
            ],
            [
              -116.03699468457143,
              52.845614347142856
            ],
            [
              -116.03699468457143,
              52.855611489714285
            ],
            [
              -116.04699325571428,
              52.855611489714285
            ],
            [
              -116.04699325571428,
              52.845614347142856
            ],
            [
              -116.066990398,
              52.845614347142856
            ],
            [
              -116.066990398,
              52.83561720457143
            ],
            [
              -116.08698754028572,
              52.83561720457143
            ],
            [
              -116.08698754028572,
              52.845614347142856
            ],
            [
              -116.1169832537143,
              52.845614347142856
            ],
            [
              -116.1169832537143,
              52.855611489714285
            ],
            [
              -116.15697753828572,
              52.855611489714285
            ],
            [
              -116.15697753828572,
              52.86560863228571
            ],
            [
              -116.17697468057143,
              52.86560863228571
            ],
            [
              -116.17697468057143,
              52.855611489714285
            ],
            [
              -116.19697182285715,
              52.855611489714285
            ],
            [
              -116.19697182285715,
              52.86560863228571
            ],
            [
              -116.22696753628571,
              52.86560863228571
            ],
            [
              -116.22696753628571,
              52.87560577485714
            ],
            [
              -116.25696324971429,
              52.87560577485714
            ],
            [
              -116.25696324971429,
              52.88560291742857
            ],
            [
              -116.35694896114286,
              52.88560291742857
            ],
            [
              -116.35694896114286,
              52.89560006
            ],
            [
              -116.37694610342858,
              52.89560006
            ],
            [
              -116.37694610342858,
              52.90559720257143
            ],
            [
              -116.39694324571428,
              52.90559720257143
            ],
            [
              -116.39694324571428,
              52.91559434514286
            ],
            [
              -116.40694181685714,
              52.91559434514286
            ],
            [
              -116.40694181685714,
              52.90559720257143
            ],
            [
              -116.416940388,
              52.90559720257143
            ],
            [
              -116.416940388,
              52.91559434514286
            ],
            [
              -116.45693467257144,
              52.91559434514286
            ],
            [
              -116.45693467257144,
              52.90559720257143
            ],
            [
              -116.4669332437143,
              52.90559720257143
            ],
            [
              -116.4669332437143,
              52.91559434514286
            ],
            [
              -116.47693181485715,
              52.91559434514286
            ],
            [
              -116.47693181485715,
              52.925591487714286
            ],
            [
              -116.486930386,
              52.925591487714286
            ],
            [
              -116.486930386,
              52.935588630285714
            ],
            [
              -116.47693181485715,
              52.935588630285714
            ],
            [
              -116.47693181485715,
              52.95558291542857
            ],
            [
              -116.43693753028572,
              52.95558291542857
            ],
            [
              -116.43693753028572,
              52.965580058
            ],
            [
              -116.40694181685714,
              52.965580058
            ],
            [
              -116.40694181685714,
              52.97557720057143
            ],
            [
              -116.36694753228572,
              52.97557720057143
            ],
            [
              -116.36694753228572,
              52.965580058
            ],
            [
              -116.26696182085715,
              52.965580058
            ],
            [
              -116.26696182085715,
              52.95558291542857
            ],
            [
              -116.24696467857143,
              52.95558291542857
            ],
            [
              -116.24696467857143,
              52.965580058
            ],
            [
              -116.23696610742857,
              52.965580058
            ],
            [
              -116.23696610742857,
              52.95558291542857
            ]
          ]
        ]
      },
      "properties": {
        "hail_size_bin": "0.5\"",
        "min_size_inches": 0.5
      }
    },
    {
      "type": "Feature",
      "geometry": {
        "type": "Polygon",
        "coordinates": [
          [
            [
              -116.626910382,
              52.94558577285714
            ],
            [
              -116.59691466857143,
              52.94558577285714
            ],
            [
              -116.59691466857143,
              52.91559434514286
            ],
            [
              -116.626910382,
              52.91559434514286
            ],
            [
              -116.626910382,
              52.925591487714286
            ],
            [
              -116.64690752428572,
              52.925591487714286
            ],
            [
              -116.64690752428572,
              52.935588630285714
            ],
            [
              -116.626910382,
              52.935588630285714
            ],
            [
              -116.626910382,
              52.94558577285714
            ]
          ]
        ]
      },
      "properties": {
        "hail_size_bin": "0.5\"",
        "min_size_inches": 0.5
      }
    },
    {
      "type": "Feature",
      "geometry": {
        "type": "Polygon",
        "coordinates": [
          [
            [
              -116.53692324171429,
              52.94558577285714
            ],
            [
              -116.56691895514285,
              52.94558577285714
            ],
            [
              -116.56691895514285,
              52.95558291542857
            ],
            [
              -116.55692038400001,
              52.95558291542857
            ],
            [
              -116.55692038400001,
              52.965580058
            ],
            [
              -116.56691895514285,
              52.965580058
            ],
            [
              -116.56691895514285,
              52.97557720057143
            ],
            [
              -116.54692181285715,
              52.97557720057143
            ],
            [
              -116.54692181285715,
              52.98557434314286
            ],
            [
              -116.49692895714286,
              52.98557434314286
            ],
            [
              -116.49692895714286,
              52.95558291542857
            ],
            [
              -116.486930386,
              52.95558291542857
            ],
            [
              -116.486930386,
              52.94558577285714
            ],
            [
              -116.51692609942857,
              52.94558577285714
            ],
            [
              -116.51692609942857,
              52.935588630285714
            ],
            [
              -116.53692324171429,
              52.935588630285714
            ],
            [
              -116.53692324171429,
              52.94558577285714
            ]
          ]
        ]
      },
      "properties": {
        "hail_size_bin": "0.5\"",
        "min_size_inches": 0.5
      }
    },
    {
      "type": "Feature",
      "geometry": {
        "type": "Polygon",
        "coordinates": [
          [
            [
              -115.25710613542857,
              52.98557434314286
            ],
            [
              -115.26710470657143,
              52.98557434314286
            ],
            [
              -115.26710470657143,
              52.97557720057143
            ],
            [
              -115.29710042,
              52.97557720057143
            ],
            [
              -115.29710042,
              52.98557434314286
            ],
            [
              -115.30709899114287,
              52.98557434314286
            ],
            [
              -115.30709899114287,
              52.99557148571429
            ],
            [
              -115.28710184885715,
              52.99557148571429
            ],
            [
              -115.28710184885715,
              53.005568628285715
            ],
            [
              -115.26710470657143,
              53.005568628285715
            ],
            [
              -115.26710470657143,
              53.02556291342857
            ],
            [
              -115.27710327771429,
              53.02556291342857
            ],
            [
              -115.27710327771429,
              53.035560055999994
            ],
            [
              -115.26710470657143,
              53.035560055999994
            ],
            [
              -115.26710470657143,
              53.04555719857142
            ],
            [
              -115.24710756428571,
              53.04555719857142
            ],
            [
              -115.24710756428571,
              53.02556291342857
            ],
            [
              -115.25710613542857,
              53.02556291342857
            ],
            [
              -115.25710613542857,
              53.005568628285715
            ],
            [
              -115.24710756428571,
              53.005568628285715
            ],
            [
              -115.24710756428571,
              52.97557720057143
            ],
            [
              -115.25710613542857,
              52.97557720057143
            ],
            [
              -115.25710613542857,
              52.98557434314286
            ]
          ]
        ]
      },
      "properties": {
        "hail_size_bin": "0.5\"",
        "min_size_inches": 0.5
      }
    },
    {
      "type": "Feature",
      "geometry": {
        "type": "Polygon",
        "coordinates": [
          [
            [
              -116.486930386,
              53.015565770857144
            ],
            [
              -116.49692895714286,
              53.015565770857144
            ],
            [
              -116.49692895714286,
              53.035560055999994
            ],
            [
              -116.45693467257144,
              53.035560055999994
            ],
            [
              -116.45693467257144,
              53.04555719857142
            ],
            [
              -116.416940388,
              53.04555719857142
            ],
            [
              -116.416940388,
              53.02556291342857
            ],
            [
              -116.42693895914286,
              53.02556291342857
            ],
            [
              -116.42693895914286,
              53.015565770857144
            ],
            [
              -116.4669332437143,
              53.015565770857144
            ],
            [
              -116.4669332437143,
              53.005568628285715
            ],
            [
              -116.486930386,
              53.005568628285715
            ],
            [
              -116.486930386,
              53.015565770857144
            ]
          ]
        ]
      },
      "properties": {
        "hail_size_bin": "0.5\"",
        "min_size_inches": 0.5
      }
    },
    {
      "type": "Feature",
      "geometry": {
        "type": "Polygon",
        "coordinates": [
          [
            [
              -115.21711185085715,
              53.115537196571424
            ],
            [
              -115.22711042200001,
              53.115537196571424
            ],
            [
              -115.22711042200001,
              53.105540053999995
            ],
            [
              -115.23710899314285,
              53.105540053999995
            ],
            [
              -115.23710899314285,
              53.08554576885714
            ],
            [
              -115.25710613542857,
              53.08554576885714
            ],
            [
              -115.25710613542857,
              53.07554862628571
            ],
            [
              -115.29710042,
              53.07554862628571
            ],
            [
              -115.29710042,
              53.08554576885714
            ],
            [
              -115.27710327771429,
              53.08554576885714
            ],
            [
              -115.27710327771429,
              53.095542911428566
            ],
            [
              -115.31709756228571,
              53.095542911428566
            ],
            [
              -115.31709756228571,
              53.105540053999995
            ],
            [
              -115.33709470457143,
              53.105540053999995
            ],
            [
              -115.33709470457143,
              53.12553433914285
            ],
            [
              -115.30709899114287,
              53.12553433914285
            ],
            [
              -115.30709899114287,
              53.13553148171428
            ],
            [
              -115.27710327771429,
              53.13553148171428
            ],
            [
              -115.27710327771429,
              53.12553433914285
            ],
            [
              -115.26710470657143,
              53.12553433914285
            ],
            [
              -115.26710470657143,
              53.13553148171428
            ],
            [
              -115.22711042200001,
              53.13553148171428
            ],
            [
              -115.22711042200001,
              53.12553433914285
            ],
            [
              -115.21711185085715,
              53.12553433914285
            ],
            [
              -115.21711185085715,
              53.115537196571424
            ]
          ]
        ]
      },
      "properties": {
        "hail_size_bin": "0.5\"",
        "min_size_inches": 0.5
      }
    },
    {
      "type": "Feature",
      "geometry": {
        "type": "Polygon",
        "coordinates": [
          [
            [
              -115.24710756428571,
              53.385460046
            ],
            [
              -115.22711042200001,
              53.385460046
            ],
            [
              -115.22711042200001,
              53.39545718857143
            ],
            [
              -115.21711185085715,
              53.39545718857143
            ],
            [
              -115.21711185085715,
              53.385460046
            ],
            [
              -115.16711899514286,
              53.385460046
            ],
            [
              -115.16711899514286,
              53.39545718857143
            ],
            [
              -115.157120424,
              53.39545718857143
            ],
            [
              -115.157120424,
              53.415451473714285
            ],
            [
              -115.11712613942858,
              53.415451473714285
            ],
            [
              -115.11712613942858,
              53.405454331142856
            ],
            [
              -115.10712756828572,
              53.405454331142856
            ],
            [
              -115.10712756828572,
              53.39545718857143
            ],
            [
              -115.087130426,
              53.39545718857143
            ],
            [
              -115.087130426,
              53.405454331142856
            ],
            [
              -115.07713185485714,
              53.405454331142856
            ],
            [
              -115.07713185485714,
              53.415451473714285
            ],
            [
              -115.06713328371428,
              53.415451473714285
            ],
            [
              -115.06713328371428,
              53.405454331142856
            ],
            [
              -115.04713614142858,
              53.405454331142856
            ],
            [
              -115.04713614142858,
              53.39545718857143
            ],
            [
              -115.03713757028572,
              53.39545718857143
            ],
            [
              -115.03713757028572,
              53.385460046
            ],
            [
              -115.02713899914286,
              53.385460046
            ],
            [
              -115.02713899914286,
              53.39545718857143
            ],
            [
              -115.017140428,
              53.39545718857143
            ],
            [
              -115.017140428,
              53.405454331142856
            ],
            [
              -114.97714614342857,
              53.405454331142856
            ],
            [
              -114.97714614342857,
              53.385460046
            ],
            [
              -114.92715328771429,
              53.385460046
            ],
            [
              -114.92715328771429,
              53.37546290342857
            ],
            [
              -114.89715757428571,
              53.37546290342857
            ],
            [
              -114.89715757428571,
              53.385460046
            ],
            [
              -114.877160432,
              53.385460046
            ],
            [
              -114.877160432,
              53.37546290342857
            ],
            [
              -114.82716757628572,
              53.37546290342857
            ],
            [
              -114.82716757628572,
              53.385460046
            ],
            [
              -114.81716900514286,
              53.385460046
            ],
            [
              -114.81716900514286,
              53.405454331142856
            ],
            [
              -114.807170434,
              53.405454331142856
            ],
            [
              -114.807170434,
              53.415451473714285
            ],
            [
              -114.79717186285714,
              53.415451473714285
            ],
            [
              -114.79717186285714,
              53.405454331142856
            ],
            [
              -114.77717472057142,
              53.405454331142856
            ],
            [
              -114.77717472057142,
              53.39545718857143
            ],
            [
              -114.76717614942858,
              53.39545718857143
            ],
            [
              -114.76717614942858,
              53.405454331142856
            ],
            [
              -114.74717900714286,
              53.405454331142856
            ],
            [
              -114.74717900714286,
              53.39545718857143
            ],
            [
              -114.737180436,
              53.39545718857143
            ],
            [
              -114.737180436,
              53.385460046
            ],
            [
              -114.72718186485714,
              53.385460046
            ],
            [
              -114.72718186485714,
              53.405454331142856
            ],
            [
              -114.68718758028572,
              53.405454331142856
            ],
            [
              -114.68718758028572,
              53.39545718857143
            ],
            [
              -114.67718900914286,
              53.39545718857143
            ],
            [
              -114.67718900914286,
              53.37546290342857
            ],
            [
              -114.64719329571429,
              53.37546290342857
            ],
            [
              -114.64719329571429,
              53.385460046
            ],
            [
              -114.63719472457143,
              53.385460046
            ],
            [
              -114.63719472457143,
              53.39545718857143
            ],
            [
              -114.56720472657143,
              53.39545718857143
            ],
            [
              -114.56720472657143,
              53.385460046
            ],
            [
              -114.57720329771429,
              53.385460046
            ],
            [
              -114.57720329771429,
              53.37546290342857
            ],
            [
              -114.58720186885715,
              53.37546290342857
            ],
            [
              -114.58720186885715,
              53.36546576085714
            ],
            [
              -114.60719901114285,
              53.36546576085714
            ],
            [
              -114.60719901114285,
              53.35546861828571
            ],
            [
              -114.61719758228571,
              53.35546861828571
            ],
            [
              -114.61719758228571,
              53.345471475714284
            ],
            [
              -114.69718615142858,
              53.345471475714284
            ],
            [
              -114.69718615142858,
              53.335474333142855
            ],
            [
              -114.70718472257143,
              53.335474333142855
            ],
            [
              -114.70718472257143,
              53.35546861828571
            ],
            [
              -114.71718329371429,
              53.35546861828571
            ],
            [
              -114.71718329371429,
              53.345471475714284
            ],
            [
              -114.76717614942858,
              53.345471475714284
            ],
            [
              -114.76717614942858,
              53.335474333142855
            ],
            [
              -114.77717472057142,
              53.335474333142855
            ],
            [
              -114.77717472057142,
              53.345471475714284
            ],
            [
              -114.78717329171428,
              53.345471475714284
            ],
            [
              -114.78717329171428,
              53.335474333142855
            ],
            [
              -114.84716471857143,
              53.335474333142855
            ],
            [
              -114.84716471857143,
              53.325477190571426
            ],
            [
              -114.86716186085715,
              53.325477190571426
            ],
            [
              -114.86716186085715,
              53.335474333142855
            ],
            [
              -114.88715900314286,
              53.335474333142855
            ],
            [
              -114.88715900314286,
              53.325477190571426
            ],
            [
              -114.91715471657143,
              53.325477190571426
            ],
            [
              -114.91715471657143,
              53.315480048
            ],
            [
              -115.04713614142858,
              53.315480048
            ],
            [
              -115.04713614142858,
              53.325477190571426
            ],
            [
              -115.05713471257143,
              53.325477190571426
            ],
            [
              -115.05713471257143,
              53.30548290542857
            ],
            [
              -115.12712471057144,
              53.30548290542857
            ],
            [
              -115.12712471057144,
              53.29548576285714
            ],
            [
              -115.157120424,
              53.29548576285714
            ],
            [
              -115.157120424,
              53.30548290542857
            ],
            [
              -115.18711613742857,
              53.30548290542857
            ],
            [
              -115.18711613742857,
              53.29548576285714
            ],
            [
              -115.19711470857143,
              53.29548576285714
            ],
            [
              -115.19711470857143,
              53.30548290542857
            ],
            [
              -115.20711327971429,
              53.30548290542857
            ],
            [
              -115.20711327971429,
              53.315480048
            ],
            [
              -115.22711042200001,
              53.315480048
            ],
            [
              -115.22711042200001,
              53.325477190571426
            ],
            [
              -115.23710899314285,
              53.325477190571426
            ],
            [
              -115.23710899314285,
              53.335474333142855
            ],
            [
              -115.24710756428571,
              53.335474333142855
            ],
            [
              -115.24710756428571,
              53.315480048
            ],
            [
              -115.25710613542857,
              53.315480048
            ],
            [
              -115.25710613542857,
              53.30548290542857
            ],
            [
              -115.28710184885715,
              53.30548290542857
            ],
            [
              -115.28710184885715,
              53.29548576285714
            ],
            [
              -115.30709899114287,
              53.29548576285714
            ],
            [
              -115.30709899114287,
              53.28548862028571
            ],
            [
              -115.31709756228571,
              53.28548862028571
            ],
            [
              -115.31709756228571,
              53.29548576285714
            ],
            [
              -115.39708613142858,
              53.29548576285714
            ],
            [
              -115.39708613142858,
              53.28548862028571
            ],
            [
              -115.507070414,
              53.28548862028571
            ],
            [
              -115.507070414,
              53.27549147771428
            ],
            [
              -115.52706755628571,
              53.27549147771428
            ],
            [
              -115.52706755628571,
              53.265494335142854
            ],
            [
              -115.53706612742857,
              53.265494335142854
            ],
            [
              -115.53706612742857,
              53.255497192571426
            ],
            [
              -115.55706326971429,
              53.255497192571426
            ],
            [
              -115.55706326971429,
              53.265494335142854
            ],
            [
              -115.58705898314287,
              53.265494335142854
            ],
            [
              -115.58705898314287,
              53.27549147771428
            ],
            [
              -115.64705041,
              53.27549147771428
            ],
            [
              -115.64705041,
              53.265494335142854
            ],
            [
              -115.68704469457143,
              53.265494335142854
            ],
            [
              -115.68704469457143,
              53.255497192571426
            ],
            [
              -115.70704183685714,
              53.255497192571426
            ],
            [
              -115.70704183685714,
              53.24550005
            ],
            [
              -115.80702754828572,
              53.24550005
            ],
            [
              -115.80702754828572,
              53.20551147971428
            ],
            [
              -115.82702469057143,
              53.20551147971428
            ],
            [
              -115.82702469057143,
              53.19551433714285
            ],
            [
              -115.8370232617143,
              53.19551433714285
            ],
            [
              -115.8370232617143,
              53.185517194571425
            ],
            [
              -115.90701325971429,
              53.185517194571425
            ],
            [
              -115.90701325971429,
              53.175520051999996
            ],
            [
              -115.94700754428573,
              53.175520051999996
            ],
            [
              -115.94700754428573,
              53.16552290942857
            ],
            [
              -115.97700325771429,
              53.16552290942857
            ],
            [
              -115.97700325771429,
              53.15552576685714
            ],
            [
              -115.98700182885715,
              53.15552576685714
            ],
            [
              -115.98700182885715,
              53.13553148171428
            ],
            [
              -116.00699897114286,
              53.13553148171428
            ],
            [
              -116.00699897114286,
              53.14552862428571
            ],
            [
              -116.01699754228572,
              53.14552862428571
            ],
            [
              -116.01699754228572,
              53.13553148171428
            ],
            [
              -116.05699182685714,
              53.13553148171428
            ],
            [
              -116.05699182685714,
              53.14552862428571
            ],
            [
              -116.07698896914286,
              53.14552862428571
            ],
            [
              -116.07698896914286,
              53.15552576685714
            ],
            [
              -116.09698611142858,
              53.15552576685714
            ],
            [
              -116.09698611142858,
              53.175520051999996
            ],
            [
              -116.10698468257144,
              53.175520051999996
            ],
            [
              -116.10698468257144,
              53.185517194571425
            ],
            [
              -116.07698896914286,
              53.185517194571425
            ],
            [
              -116.07698896914286,
              53.19551433714285
            ],
            [
              -116.08698754028572,
              53.19551433714285
            ],
            [
              -116.08698754028572,
              53.21550862228571
            ],
            [
              -116.10698468257144,
              53.21550862228571
            ],
            [
              -116.10698468257144,
              53.22550576485714
            ],
            [
              -116.1169832537143,
              53.22550576485714
            ],
            [
              -116.1169832537143,
              53.24550005
            ],
            [
              -116.10698468257144,
              53.24550005
            ],
            [
              -116.10698468257144,
              53.255497192571426
            ],
            [
              -116.08698754028572,
              53.255497192571426
            ],
            [
              -116.08698754028572,
              53.265494335142854
            ],
            [
              -116.09698611142858,
              53.265494335142854
            ],
            [
              -116.09698611142858,
              53.27549147771428
            ],
            [
              -116.07698896914286,
              53.27549147771428
            ],
            [
              -116.07698896914286,
              53.265494335142854
            ],
            [
              -116.066990398,
              53.265494335142854
            ],
            [
              -116.066990398,
              53.27549147771428
            ],
            [
              -116.05699182685714,
              53.27549147771428
            ],
            [
              -116.05699182685714,
              53.28548862028571
            ],
            [
              -116.03699468457143,
              53.28548862028571
            ],
            [
              -116.03699468457143,
              53.29548576285714
            ],
            [
              -116.00699897114286,
              53.29548576285714
            ],
            [
              -116.00699897114286,
              53.28548862028571
            ],
            [
              -115.97700325771429,
              53.28548862028571
            ],
            [
              -115.97700325771429,
              53.27549147771428
            ],
            [
              -115.94700754428573,
              53.27549147771428
            ],
            [
              -115.94700754428573,
              53.265494335142854
            ],
            [
              -115.92701040200001,
              53.265494335142854
            ],
            [
              -115.92701040200001,
              53.22550576485714
            ],
            [
              -115.90701325971429,
              53.22550576485714
            ],
            [
              -115.90701325971429,
              53.23550290742857
            ],
            [
              -115.89701468857143,
              53.23550290742857
            ],
            [
              -115.89701468857143,
              53.24550005
            ],
            [
              -115.87701754628571,
              53.24550005
            ],
            [
              -115.87701754628571,
              53.23550290742857
            ],
            [
              -115.86701897514286,
              53.23550290742857
            ],
            [
              -115.86701897514286,
              53.255497192571426
            ],
            [
              -115.87701754628571,
              53.255497192571426
            ],
            [
              -115.87701754628571,
              53.265494335142854
            ],
            [
              -115.88701611742857,
              53.265494335142854
            ],
            [
              -115.88701611742857,
              53.27549147771428
            ],
            [
              -115.91701183085715,
              53.27549147771428
            ],
            [
              -115.91701183085715,
              53.28548862028571
            ],
            [
              -115.93700897314287,
              53.28548862028571
            ],
            [
              -115.93700897314287,
              53.29548576285714
            ],
            [
              -115.95700611542857,
              53.29548576285714
            ],
            [
              -115.95700611542857,
              53.30548290542857
            ],
            [
              -115.96700468657143,
              53.30548290542857
            ],
            [
              -115.96700468657143,
              53.29548576285714
            ],
            [
              -115.98700182885715,
              53.29548576285714
            ],
            [
              -115.98700182885715,
              53.30548290542857
            ],
            [
              -115.97700325771429,
              53.30548290542857
            ],
            [
              -115.97700325771429,
              53.335474333142855
            ],
            [
              -115.96700468657143,
              53.335474333142855
            ],
            [
              -115.96700468657143,
              53.35546861828571
            ],
            [
              -115.91701183085715,
              53.35546861828571
            ],
            [
              -115.91701183085715,
              53.36546576085714
            ],
            [
              -115.89701468857143,
              53.36546576085714
            ],
            [
              -115.89701468857143,
              53.37546290342857
            ],
            [
              -115.86701897514286,
              53.37546290342857
            ],
            [
              -115.86701897514286,
              53.345471475714284
            ],
            [
              -115.8370232617143,
              53.345471475714284
            ],
            [
              -115.8370232617143,
              53.35546861828571
            ],
            [
              -115.787030406,
              53.35546861828571
            ],
            [
              -115.787030406,
              53.36546576085714
            ],
            [
              -115.72703897914286,
              53.36546576085714
            ],
            [
              -115.72703897914286,
              53.37546290342857
            ],
            [
              -115.717040408,
              53.37546290342857
            ],
            [
              -115.717040408,
              53.36546576085714
            ],
            [
              -115.70704183685714,
              53.36546576085714
            ],
            [
              -115.70704183685714,
              53.35546861828571
            ],
            [
              -115.69704326571429,
              53.35546861828571
            ],
            [
              -115.69704326571429,
              53.345471475714284
            ],
            [
              -115.70704183685714,
              53.345471475714284
            ],
            [
              -115.70704183685714,
              53.335474333142855
            ],
            [
              -115.67704612342857,
              53.335474333142855
            ],
            [
              -115.67704612342857,
              53.35546861828571
            ],
            [
              -115.65704898114286,
              53.35546861828571
            ],
            [
              -115.65704898114286,
              53.345471475714284
            ],
            [
              -115.62705326771429,
              53.345471475714284
            ],
            [
              -115.62705326771429,
              53.325477190571426
            ],
            [
              -115.61705469657143,
              53.325477190571426
            ],
            [
              -115.61705469657143,
              53.335474333142855
            ],
            [
              -115.56706184085715,
              53.335474333142855
            ],
            [
              -115.56706184085715,
              53.325477190571426
            ],
            [
              -115.52706755628571,
              53.325477190571426
            ],
            [
              -115.52706755628571,
              53.335474333142855
            ],
            [
              -115.54706469857143,
              53.335474333142855
            ],
            [
              -115.54706469857143,
              53.345471475714284
            ],
            [
              -115.56706184085715,
              53.345471475714284
            ],
            [
              -115.56706184085715,
              53.36546576085714
            ],
            [
              -115.55706326971429,
              53.36546576085714
            ],
            [
              -115.55706326971429,
              53.37546290342857
            ],
            [
              -115.54706469857143,
              53.37546290342857
            ],
            [
              -115.54706469857143,
              53.385460046
            ],
            [
              -115.507070414,
              53.385460046
            ],
            [
              -115.507070414,
              53.39545718857143
            ],
            [
              -115.49707184285714,
              53.39545718857143
            ],
            [
              -115.49707184285714,
              53.385460046
            ],
            [
              -115.4870732717143,
              53.385460046
            ],
            [
              -115.4870732717143,
              53.37546290342857
            ],
            [
              -115.46707612942858,
              53.37546290342857
            ],
            [
              -115.46707612942858,
              53.35546861828571
            ],
            [
              -115.47707470057144,
              53.35546861828571
            ],
            [
              -115.47707470057144,
              53.345471475714284
            ],
            [
              -115.49707184285714,
              53.345471475714284
            ],
            [
              -115.49707184285714,
              53.335474333142855
            ],
            [
              -115.4870732717143,
              53.335474333142855
            ],
            [
              -115.4870732717143,
              53.325477190571426
            ],
            [
              -115.47707470057144,
              53.325477190571426
            ],
            [
              -115.47707470057144,
              53.335474333142855
            ],
            [
              -115.42708184485714,
              53.335474333142855
            ],
            [
              -115.42708184485714,
              53.345471475714284
            ],
            [
              -115.44707898714286,
              53.345471475714284
            ],
            [
              -115.44707898714286,
              53.35546861828571
            ],
            [
              -115.42708184485714,
              53.35546861828571
            ],
            [
              -115.42708184485714,
              53.37546290342857
            ],
            [
              -115.41708327371428,
              53.37546290342857
            ],
            [
              -115.41708327371428,
              53.385460046
            ],
            [
              -115.37708898914286,
              53.385460046
            ],
            [
              -115.37708898914286,
              53.37546290342857
            ],
            [
              -115.367090418,
              53.37546290342857
            ],
            [
              -115.367090418,
              53.385460046
            ],
            [
              -115.35709184685714,
              53.385460046
            ],
            [
              -115.35709184685714,
              53.39545718857143
            ],
            [
              -115.34709327571429,
              53.39545718857143
            ],
            [
              -115.34709327571429,
              53.415451473714285
            ],
            [
              -115.28710184885715,
              53.415451473714285
            ],
            [
              -115.28710184885715,
              53.39545718857143
            ],
            [
              -115.27710327771429,
              53.39545718857143
            ],
            [
              -115.27710327771429,
              53.385460046
            ],
            [
              -115.26710470657143,
              53.385460046
            ],
            [
              -115.26710470657143,
              53.37546290342857
            ],
            [
              -115.24710756428571,
              53.37546290342857
            ],
            [
              -115.24710756428571,
              53.385460046
            ]
          ],
          [
            [
              -115.74703612142858,
              53.35546861828571
            ],
            [
              -115.74703612142858,
              53.345471475714284
            ],
            [
              -115.73703755028572,
              53.345471475714284
            ],
            [
              -115.73703755028572,
              53.35546861828571
            ],
            [
              -115.74703612142858,
              53.35546861828571
            ]
          ]
        ]
      },
      "properties": {
        "hail_size_bin": "0.5\"",
        "min_size_inches": 0.5
      }
    },
    {
      "type": "Feature",
      "geometry": {
        "type": "Polygon",
        "coordinates": [
          [
            [
              -116.206970394,
              53.405454331142856
            ],
            [
              -116.19697182285715,
              53.405454331142856
            ],
            [
              -116.19697182285715,
              53.39545718857143
            ],
            [
              -116.17697468057143,
              53.39545718857143
            ],
            [
              -116.17697468057143,
              53.385460046
            ],
            [
              -116.16697610942857,
              53.385460046
            ],
            [
              -116.16697610942857,
              53.37546290342857
            ],
            [
              -116.14697896714286,
              53.37546290342857
            ],
            [
              -116.14697896714286,
              53.36546576085714
            ],
            [
              -116.12698182485714,
              53.36546576085714
            ],
            [
              -116.12698182485714,
              53.35546861828571
            ],
            [
              -116.1169832537143,
              53.35546861828571
            ],
            [
              -116.1169832537143,
              53.345471475714284
            ],
            [
              -116.12698182485714,
              53.345471475714284
            ],
            [
              -116.12698182485714,
              53.335474333142855
            ],
            [
              -116.1169832537143,
              53.335474333142855
            ],
            [
              -116.1169832537143,
              53.30548290542857
            ],
            [
              -116.14697896714286,
              53.30548290542857
            ],
            [
              -116.14697896714286,
              53.335474333142855
            ],
            [
              -116.16697610942857,
              53.335474333142855
            ],
            [
              -116.16697610942857,
              53.345471475714284
            ],
            [
              -116.18697325171429,
              53.345471475714284
            ],
            [
              -116.18697325171429,
              53.36546576085714
            ],
            [
              -116.19697182285715,
              53.36546576085714
            ],
            [
              -116.19697182285715,
              53.37546290342857
            ],
            [
              -116.206970394,
              53.37546290342857
            ],
            [
              -116.206970394,
              53.385460046
            ],
            [
              -116.21696896514285,
              53.385460046
            ],
            [
              -116.21696896514285,
              53.39545718857143
            ],
            [
              -116.26696182085715,
              53.39545718857143
            ],
            [
              -116.26696182085715,
              53.385460046
            ],
            [
              -116.276960392,
              53.385460046
            ],
            [
              -116.276960392,
              53.36546576085714
            ],
            [
              -116.28695896314287,
              53.36546576085714
            ],
            [
              -116.28695896314287,
              53.37546290342857
            ],
            [
              -116.29695753428572,
              53.37546290342857
            ],
            [
              -116.29695753428572,
              53.36546576085714
            ],
            [
              -116.32695324771429,
              53.36546576085714
            ],
            [
              -116.32695324771429,
              53.37546290342857
            ],
            [
              -116.33695181885714,
              53.37546290342857
            ],
            [
              -116.33695181885714,
              53.39545718857143
            ],
            [
              -116.32695324771429,
              53.39545718857143
            ],
            [
              -116.32695324771429,
              53.415451473714285
            ],
            [
              -116.31695467657143,
              53.415451473714285
            ],
            [
              -116.31695467657143,
              53.39545718857143
            ],
            [
              -116.30695610542857,
              53.39545718857143
            ],
            [
              -116.30695610542857,
              53.415451473714285
            ],
            [
              -116.276960392,
              53.415451473714285
            ],
            [
              -116.276960392,
              53.42544861628571
            ],
            [
              -116.26696182085715,
              53.42544861628571
            ],
            [
              -116.26696182085715,
              53.44544290142857
            ],
            [
              -116.24696467857143,
              53.44544290142857
            ],
            [
              -116.24696467857143,
              53.43544575885714
            ],
            [
              -116.22696753628571,
              53.43544575885714
            ],
            [
              -116.22696753628571,
              53.42544861628571
            ],
            [
              -116.21696896514285,
              53.42544861628571
            ],
            [
              -116.21696896514285,
              53.415451473714285
            ],
            [
              -116.206970394,
              53.415451473714285
            ],
            [
              -116.206970394,
              53.405454331142856
            ]
          ]
        ]
      },
      "properties": {
        "hail_size_bin": "0.5\"",
        "min_size_inches": 0.5
      }
    },
    {
      "type": "Feature",
      "geometry": {
        "type": "Polygon",
        "coordinates": [
          [
            [
              -115.30709899114287,
              53.46543718657143
            ],
            [
              -115.30709899114287,
              53.455440044
            ],
            [
              -115.31709756228571,
              53.455440044
            ],
            [
              -115.31709756228571,
              53.43544575885714
            ],
            [
              -115.32709613342857,
              53.43544575885714
            ],
            [
              -115.32709613342857,
              53.42544861628571
            ],
            [
              -115.37708898914286,
              53.42544861628571
            ],
            [
              -115.37708898914286,
              53.415451473714285
            ],
            [
              -115.45707755828572,
              53.415451473714285
            ],
            [
              -115.45707755828572,
              53.405454331142856
            ],
            [
              -115.46707612942858,
              53.405454331142856
            ],
            [
              -115.46707612942858,
              53.415451473714285
            ],
            [
              -115.4870732717143,
              53.415451473714285
            ],
            [
              -115.4870732717143,
              53.42544861628571
            ],
            [
              -115.49707184285714,
              53.42544861628571
            ],
            [
              -115.49707184285714,
              53.44544290142857
            ],
            [
              -115.4870732717143,
              53.44544290142857
            ],
            [
              -115.4870732717143,
              53.455440044
            ],
            [
              -115.46707612942858,
              53.455440044
            ],
            [
              -115.46707612942858,
              53.46543718657143
            ],
            [
              -115.45707755828572,
              53.46543718657143
            ],
            [
              -115.45707755828572,
              53.455440044
            ],
            [
              -115.437080416,
              53.455440044
            ],
            [
              -115.437080416,
              53.44544290142857
            ],
            [
              -115.42708184485714,
              53.44544290142857
            ],
            [
              -115.42708184485714,
              53.455440044
            ],
            [
              -115.41708327371428,
              53.455440044
            ],
            [
              -115.41708327371428,
              53.46543718657143
            ],
            [
              -115.40708470257144,
              53.46543718657143
            ],
            [
              -115.40708470257144,
              53.455440044
            ],
            [
              -115.38708756028572,
              53.455440044
            ],
            [
              -115.38708756028572,
              53.44544290142857
            ],
            [
              -115.37708898914286,
              53.44544290142857
            ],
            [
              -115.37708898914286,
              53.47543432914286
            ],
            [
              -115.33709470457143,
              53.47543432914286
            ],
            [
              -115.33709470457143,
              53.485431471714286
            ],
            [
              -115.31709756228571,
              53.485431471714286
            ],
            [
              -115.31709756228571,
              53.47543432914286
            ],
            [
              -115.27710327771429,
              53.47543432914286
            ],
            [
              -115.27710327771429,
              53.46543718657143
            ],
            [
              -115.30709899114287,
              53.46543718657143
            ]
          ],
          [
            [
              -115.37708898914286,
              53.43544575885714
            ],
            [
              -115.367090418,
              53.43544575885714
            ],
            [
              -115.367090418,
              53.44544290142857
            ],
            [
              -115.37708898914286,
              53.44544290142857
            ],
            [
              -115.37708898914286,
              53.43544575885714
            ]
          ]
        ]
      },
      "properties": {
        "hail_size_bin": "0.5\"",
        "min_size_inches": 0.5
      }
    },
    {
      "type": "Feature",
      "geometry": {
        "type": "Polygon",
        "coordinates": [
          [
            [
              -116.45693467257144,
              53.50542575685714
            ],
            [
              -116.45693467257144,
              53.525420042
            ],
            [
              -116.486930386,
              53.525420042
            ],
            [
              -116.486930386,
              53.51542289942857
            ],
            [
              -116.47693181485715,
              53.51542289942857
            ],
            [
              -116.47693181485715,
              53.50542575685714
            ],
            [
              -116.50692752828571,
              53.50542575685714
            ],
            [
              -116.50692752828571,
              53.485431471714286
            ],
            [
              -116.51692609942857,
              53.485431471714286
            ],
            [
              -116.51692609942857,
              53.46543718657143
            ],
            [
              -116.52692467057143,
              53.46543718657143
            ],
            [
              -116.52692467057143,
              53.455440044
            ],
            [
              -116.53692324171429,
              53.455440044
            ],
            [
              -116.53692324171429,
              53.44544290142857
            ],
            [
              -116.52692467057143,
              53.44544290142857
            ],
            [
              -116.52692467057143,
              53.43544575885714
            ],
            [
              -116.54692181285715,
              53.43544575885714
            ],
            [
              -116.54692181285715,
              53.415451473714285
            ],
            [
              -116.52692467057143,
              53.415451473714285
            ],
            [
              -116.52692467057143,
              53.405454331142856
            ],
            [
              -116.54692181285715,
              53.405454331142856
            ],
            [
              -116.54692181285715,
              53.39545718857143
            ],
            [
              -116.57691752628571,
              53.39545718857143
            ],
            [
              -116.57691752628571,
              53.405454331142856
            ],
            [
              -116.626910382,
              53.405454331142856
            ],
            [
              -116.626910382,
              53.385460046
            ],
            [
              -116.61691181085715,
              53.385460046
            ],
            [
              -116.61691181085715,
              53.37546290342857
            ],
            [
              -116.60691323971429,
              53.37546290342857
            ],
            [
              -116.60691323971429,
              53.36546576085714
            ],
            [
              -116.626910382,
              53.36546576085714
            ],
            [
              -116.626910382,
              53.37546290342857
            ],
            [
              -116.65690609542858,
              53.37546290342857
            ],
            [
              -116.65690609542858,
              53.385460046
            ],
            [
              -116.64690752428572,
              53.385460046
            ],
            [
              -116.64690752428572,
              53.415451473714285
            ],
            [
              -116.67690323771428,
              53.415451473714285
            ],
            [
              -116.67690323771428,
              53.43544575885714
            ],
            [
              -116.66690466657143,
              53.43544575885714
            ],
            [
              -116.66690466657143,
              53.455440044
            ],
            [
              -116.64690752428572,
              53.455440044
            ],
            [
              -116.64690752428572,
              53.46543718657143
            ],
            [
              -116.626910382,
              53.46543718657143
            ],
            [
              -116.626910382,
              53.47543432914286
            ],
            [
              -116.60691323971429,
              53.47543432914286
            ],
            [
              -116.60691323971429,
              53.50542575685714
            ],
            [
              -116.58691609742857,
              53.50542575685714
            ],
            [
              -116.58691609742857,
              53.51542289942857
            ],
            [
              -116.57691752628571,
              53.51542289942857
            ],
            [
              -116.57691752628571,
              53.53541718457143
            ],
            [
              -116.56691895514285,
              53.53541718457143
            ],
            [
              -116.56691895514285,
              53.55541146971429
            ],
            [
              -116.57691752628571,
              53.55541146971429
            ],
            [
              -116.57691752628571,
              53.59540004
            ],
            [
              -116.56691895514285,
              53.59540004
            ],
            [
              -116.56691895514285,
              53.60539718257142
            ],
            [
              -116.53692324171429,
              53.60539718257142
            ],
            [
              -116.53692324171429,
              53.61539432514285
            ],
            [
              -116.45693467257144,
              53.61539432514285
            ],
            [
              -116.45693467257144,
              53.585402897428565
            ],
            [
              -116.44693610142858,
              53.585402897428565
            ],
            [
              -116.44693610142858,
              53.55541146971429
            ],
            [
              -116.49692895714286,
              53.55541146971429
            ],
            [
              -116.49692895714286,
              53.54541432714286
            ],
            [
              -116.45693467257144,
              53.54541432714286
            ],
            [
              -116.45693467257144,
              53.53541718457143
            ],
            [
              -116.43693753028572,
              53.53541718457143
            ],
            [
              -116.43693753028572,
              53.51542289942857
            ],
            [
              -116.42693895914286,
              53.51542289942857
            ],
            [
              -116.42693895914286,
              53.50542575685714
            ],
            [
              -116.45693467257144,
              53.50542575685714
            ]
          ],
          [
            [
              -116.49692895714286,
              53.565408612285715
            ],
            [
              -116.51692609942857,
              53.565408612285715
            ],
            [
              -116.51692609942857,
              53.55541146971429
            ],
            [
              -116.49692895714286,
              53.55541146971429
            ],
            [
              -116.49692895714286,
              53.565408612285715
            ]
          ]
        ]
      },
      "properties": {
        "hail_size_bin": "0.5\"",
        "min_size_inches": 0.5
      }
    },
    {
      "type": "Feature",
      "geometry": {
        "type": "Polygon",
        "coordinates": [
          [
            [
              -113.71732617942857,
              53.495428614285714
            ],
            [
              -113.76731903514286,
              53.495428614285714
            ],
            [
              -113.76731903514286,
              53.50542575685714
            ],
            [
              -113.79731474857144,
              53.50542575685714
            ],
            [
              -113.79731474857144,
              53.51542289942857
            ],
            [
              -113.78731617742858,
              53.51542289942857
            ],
            [
              -113.78731617742858,
              53.525420042
            ],
            [
              -113.757320464,
              53.525420042
            ],
            [
              -113.757320464,
              53.51542289942857
            ],
            [
              -113.73732332171429,
              53.51542289942857
            ],
            [
              -113.73732332171429,
              53.525420042
            ],
            [
              -113.72732475057143,
              53.525420042
            ],
            [
              -113.72732475057143,
              53.51542289942857
            ],
            [
              -113.71732617942857,
              53.51542289942857
            ],
            [
              -113.71732617942857,
              53.495428614285714
            ]
          ]
        ]
      },
      "properties": {
        "hail_size_bin": "0.5\"",
        "min_size_inches": 0.5
      }
    },
    {
      "type": "Feature",
      "geometry": {
        "type": "Polygon",
        "coordinates": [
          [
            [
              -113.57734618342857,
              53.55541146971429
            ],
            [
              -113.58734475457143,
              53.55541146971429
            ],
            [
              -113.58734475457143,
              53.54541432714286
            ],
            [
              -113.62733903914287,
              53.54541432714286
            ],
            [
              -113.62733903914287,
              53.565408612285715
            ],
            [
              -113.63733761028571,
              53.565408612285715
            ],
            [
              -113.63733761028571,
              53.59540004
            ],
            [
              -113.60734189685715,
              53.59540004
            ],
            [
              -113.60734189685715,
              53.585402897428565
            ],
            [
              -113.57734618342857,
              53.585402897428565
            ],
            [
              -113.57734618342857,
              53.575405754857144
            ],
            [
              -113.56734761228572,
              53.575405754857144
            ],
            [
              -113.56734761228572,
              53.565408612285715
            ],
            [
              -113.57734618342857,
              53.565408612285715
            ],
            [
              -113.57734618342857,
              53.55541146971429
            ]
          ]
        ]
      },
      "properties": {
        "hail_size_bin": "0.5\"",
        "min_size_inches": 0.5
      }
    },
    {
      "type": "Feature",
      "geometry": {
        "type": "Polygon",
        "coordinates": [
          [
            [
              -113.50735618542858,
              53.54541432714286
            ],
            [
              -113.52735332771428,
              53.54541432714286
            ],
            [
              -113.52735332771428,
              53.55541146971429
            ],
            [
              -113.53735189885714,
              53.55541146971429
            ],
            [
              -113.53735189885714,
              53.565408612285715
            ],
            [
              -113.55734904114286,
              53.565408612285715
            ],
            [
              -113.55734904114286,
              53.585402897428565
            ],
            [
              -113.54735047,
              53.585402897428565
            ],
            [
              -113.54735047,
              53.59540004
            ],
            [
              -113.50735618542858,
              53.59540004
            ],
            [
              -113.50735618542858,
              53.60539718257142
            ],
            [
              -113.49735761428572,
              53.60539718257142
            ],
            [
              -113.49735761428572,
              53.585402897428565
            ],
            [
              -113.45736332971428,
              53.585402897428565
            ],
            [
              -113.45736332971428,
              53.565408612285715
            ],
            [
              -113.477360472,
              53.565408612285715
            ],
            [
              -113.477360472,
              53.55541146971429
            ],
            [
              -113.50735618542858,
              53.55541146971429
            ],
            [
              -113.50735618542858,
              53.54541432714286
            ]
          ]
        ]
      },
      "properties": {
        "hail_size_bin": "0.5\"",
        "min_size_inches": 0.5
      }
    },
    {
      "type": "Feature",
      "geometry": {
        "type": "Polygon",
        "coordinates": [
          [
            [
              -113.34737904714285,
              53.575405754857144
            ],
            [
              -113.34737904714285,
              53.565408612285715
            ],
            [
              -113.35737761828571,
              53.565408612285715
            ],
            [
              -113.35737761828571,
              53.575405754857144
            ],
            [
              -113.38737333171429,
              53.575405754857144
            ],
            [
              -113.38737333171429,
              53.565408612285715
            ],
            [
              -113.407370474,
              53.565408612285715
            ],
            [
              -113.407370474,
              53.575405754857144
            ],
            [
              -113.42736761628572,
              53.575405754857144
            ],
            [
              -113.42736761628572,
              53.60539718257142
            ],
            [
              -113.41736904514286,
              53.60539718257142
            ],
            [
              -113.41736904514286,
              53.61539432514285
            ],
            [
              -113.32738190485715,
              53.61539432514285
            ],
            [
              -113.32738190485715,
              53.60539718257142
            ],
            [
              -113.31738333371429,
              53.60539718257142
            ],
            [
              -113.31738333371429,
              53.585402897428565
            ],
            [
              -113.32738190485715,
              53.585402897428565
            ],
            [
              -113.32738190485715,
              53.575405754857144
            ],
            [
              -113.34737904714285,
              53.575405754857144
            ]
          ]
        ]
      },
      "properties": {
        "hail_size_bin": "0.5\"",
        "min_size_inches": 0.5
      }
    },
    {
      "type": "Feature",
      "geometry": {
        "type": "Polygon",
        "coordinates": [
          [
            [
              -113.09741476857144,
              53.61539432514285
            ],
            [
              -113.08741619742858,
              53.61539432514285
            ],
            [
              -113.08741619742858,
              53.60539718257142
            ],
            [
              -113.127410482,
              53.60539718257142
            ],
            [
              -113.127410482,
              53.61539432514285
            ],
            [
              -113.14740762428572,
              53.61539432514285
            ],
            [
              -113.14740762428572,
              53.62539146771428
            ],
            [
              -113.15740619542858,
              53.62539146771428
            ],
            [
              -113.15740619542858,
              53.63538861028571
            ],
            [
              -113.17740333771428,
              53.63538861028571
            ],
            [
              -113.17740333771428,
              53.64538575285714
            ],
            [
              -113.20739905114286,
              53.64538575285714
            ],
            [
              -113.20739905114286,
              53.655382895428566
            ],
            [
              -113.17740333771428,
              53.655382895428566
            ],
            [
              -113.17740333771428,
              53.665380037999995
            ],
            [
              -113.127410482,
              53.665380037999995
            ],
            [
              -113.127410482,
              53.655382895428566
            ],
            [
              -113.09741476857144,
              53.655382895428566
            ],
            [
              -113.09741476857144,
              53.64538575285714
            ],
            [
              -113.08741619742858,
              53.64538575285714
            ],
            [
              -113.08741619742858,
              53.62539146771428
            ],
            [
              -113.09741476857144,
              53.62539146771428
            ],
            [
              -113.09741476857144,
              53.61539432514285
            ]
          ]
        ]
      },
      "properties": {
        "hail_size_bin": "0.5\"",
        "min_size_inches": 0.5
      }
    },
    {
      "type": "Feature",
      "geometry": {
        "type": "Polygon",
        "coordinates": [
          [
            [
              -114.877160432,
              53.61539432514285
            ],
            [
              -114.90715614542857,
              53.61539432514285
            ],
            [
              -114.90715614542857,
              53.62539146771428
            ],
            [
              -114.91715471657143,
              53.62539146771428
            ],
            [
              -114.91715471657143,
              53.655382895428566
            ],
            [
              -114.89715757428571,
              53.655382895428566
            ],
            [
              -114.89715757428571,
              53.665380037999995
            ],
            [
              -114.86716186085715,
              53.665380037999995
            ],
            [
              -114.86716186085715,
              53.64538575285714
            ],
            [
              -114.877160432,
              53.64538575285714
            ],
            [
              -114.877160432,
              53.63538861028571
            ],
            [
              -114.86716186085715,
              53.63538861028571
            ],
            [
              -114.86716186085715,
              53.62539146771428
            ],
            [
              -114.877160432,
              53.62539146771428
            ],
            [
              -114.877160432,
              53.61539432514285
            ]
          ]
        ]
      },
      "properties": {
        "hail_size_bin": "0.5\"",
        "min_size_inches": 0.5
      }
    },
    {
      "type": "Feature",
      "geometry": {
        "type": "Polygon",
        "coordinates": [
          [
            [
              -115.66704755228572,
              53.655382895428566
            ],
            [
              -115.67704612342857,
              53.655382895428566
            ],
            [
              -115.67704612342857,
              53.665380037999995
            ],
            [
              -115.68704469457143,
              53.665380037999995
            ],
            [
              -115.68704469457143,
              53.655382895428566
            ],
            [
              -115.69704326571429,
              53.655382895428566
            ],
            [
              -115.69704326571429,
              53.64538575285714
            ],
            [
              -115.70704183685714,
              53.64538575285714
            ],
            [
              -115.70704183685714,
              53.62539146771428
            ],
            [
              -115.717040408,
              53.62539146771428
            ],
            [
              -115.717040408,
              53.61539432514285
            ],
            [
              -115.72703897914286,
              53.61539432514285
            ],
            [
              -115.72703897914286,
              53.62539146771428
            ],
            [
              -115.73703755028572,
              53.62539146771428
            ],
            [
              -115.73703755028572,
              53.61539432514285
            ],
            [
              -115.74703612142858,
              53.61539432514285
            ],
            [
              -115.74703612142858,
              53.62539146771428
            ],
            [
              -115.75703469257144,
              53.62539146771428
            ],
            [
              -115.75703469257144,
              53.60539718257142
            ],
            [
              -115.7670332637143,
              53.60539718257142
            ],
            [
              -115.7670332637143,
              53.63538861028571
            ],
            [
              -115.75703469257144,
              53.63538861028571
            ],
            [
              -115.75703469257144,
              53.64538575285714
            ],
            [
              -115.74703612142858,
              53.64538575285714
            ],
            [
              -115.74703612142858,
              53.655382895428566
            ],
            [
              -115.75703469257144,
              53.655382895428566
            ],
            [
              -115.75703469257144,
              53.665380037999995
            ],
            [
              -115.72703897914286,
              53.665380037999995
            ],
            [
              -115.72703897914286,
              53.675377180571424
            ],
            [
              -115.717040408,
              53.675377180571424
            ],
            [
              -115.717040408,
              53.69537146571428
            ],
            [
              -115.67704612342857,
              53.69537146571428
            ],
            [
              -115.67704612342857,
              53.68537432314285
            ],
            [
              -115.63705183885715,
              53.68537432314285
            ],
            [
              -115.63705183885715,
              53.69537146571428
            ],
            [
              -115.62705326771429,
              53.69537146571428
            ],
            [
              -115.62705326771429,
              53.70536860828571
            ],
            [
              -115.61705469657143,
              53.70536860828571
            ],
            [
              -115.61705469657143,
              53.68537432314285
            ],
            [
              -115.62705326771429,
              53.68537432314285
            ],
            [
              -115.62705326771429,
              53.675377180571424
            ],
            [
              -115.64705041,
              53.675377180571424
            ],
            [
              -115.64705041,
              53.665380037999995
            ],
            [
              -115.66704755228572,
              53.665380037999995
            ],
            [
              -115.66704755228572,
              53.655382895428566
            ]
          ]
        ]
      },
      "properties": {
        "hail_size_bin": "0.5\"",
        "min_size_inches": 0.5
      }
    },
    {
      "type": "Feature",
      "geometry": {
        "type": "Polygon",
        "coordinates": [
          [
            [
              -112.68747335171429,
              53.70536860828571
            ],
            [
              -112.67747478057143,
              53.70536860828571
            ],
            [
              -112.67747478057143,
              53.69537146571428
            ],
            [
              -112.66747620942857,
              53.69537146571428
            ],
            [
              -112.66747620942857,
              53.68537432314285
            ],
            [
              -112.65747763828571,
              53.68537432314285
            ],
            [
              -112.65747763828571,
              53.64538575285714
            ],
            [
              -112.66747620942857,
              53.64538575285714
            ],
            [
              -112.66747620942857,
              53.63538861028571
            ],
            [
              -112.67747478057143,
              53.63538861028571
            ],
            [
              -112.67747478057143,
              53.62539146771428
            ],
            [
              -112.72746763628572,
              53.62539146771428
            ],
            [
              -112.72746763628572,
              53.63538861028571
            ],
            [
              -112.73746620742858,
              53.63538861028571
            ],
            [
              -112.73746620742858,
              53.665380037999995
            ],
            [
              -112.75746334971429,
              53.665380037999995
            ],
            [
              -112.75746334971429,
              53.655382895428566
            ],
            [
              -112.76746192085714,
              53.655382895428566
            ],
            [
              -112.76746192085714,
              53.64538575285714
            ],
            [
              -112.78745906314286,
              53.64538575285714
            ],
            [
              -112.78745906314286,
              53.62539146771428
            ],
            [
              -112.79745763428572,
              53.62539146771428
            ],
            [
              -112.79745763428572,
              53.61539432514285
            ],
            [
              -112.81745477657142,
              53.61539432514285
            ],
            [
              -112.81745477657142,
              53.64538575285714
            ],
            [
              -112.83745191885714,
              53.64538575285714
            ],
            [
              -112.83745191885714,
              53.63538861028571
            ],
            [
              -112.82745334771428,
              53.63538861028571
            ],
            [
              -112.82745334771428,
              53.62539146771428
            ],
            [
              -112.83745191885714,
              53.62539146771428
            ],
            [
              -112.83745191885714,
              53.61539432514285
            ],
            [
              -112.87744620342858,
              53.61539432514285
            ],
            [
              -112.87744620342858,
              53.62539146771428
            ],
            [
              -112.88744477457143,
              53.62539146771428
            ],
            [
              -112.88744477457143,
              53.64538575285714
            ],
            [
              -112.8974433457143,
              53.64538575285714
            ],
            [
              -112.8974433457143,
              53.665380037999995
            ],
            [
              -112.86744763228572,
              53.665380037999995
            ],
            [
              -112.86744763228572,
              53.675377180571424
            ],
            [
              -112.87744620342858,
              53.675377180571424
            ],
            [
              -112.87744620342858,
              53.69537146571428
            ],
            [
              -112.85744906114286,
              53.69537146571428
            ],
            [
              -112.85744906114286,
              53.68537432314285
            ],
            [
              -112.83745191885714,
              53.68537432314285
            ],
            [
              -112.83745191885714,
              53.69537146571428
            ],
            [
              -112.81745477657142,
              53.69537146571428
            ],
            [
              -112.81745477657142,
              53.70536860828571
            ],
            [
              -112.777460492,
              53.70536860828571
            ],
            [
              -112.777460492,
              53.69537146571428
            ],
            [
              -112.74746477857143,
              53.69537146571428
            ],
            [
              -112.74746477857143,
              53.70536860828571
            ],
            [
              -112.69747192285715,
              53.70536860828571
            ],
            [
              -112.69747192285715,
              53.69537146571428
            ],
            [
              -112.68747335171429,
              53.69537146571428
            ],
            [
              -112.68747335171429,
              53.70536860828571
            ]
          ]
        ]
      },
      "properties": {
        "hail_size_bin": "0.5\"",
        "min_size_inches": 0.5
      }
    },
    {
      "type": "Feature",
      "geometry": {
        "type": "Polygon",
        "coordinates": [
          [
            [
              -113.03742334171429,
              53.64538575285714
            ],
            [
              -113.06741905514286,
              53.64538575285714
            ],
            [
              -113.06741905514286,
              53.655382895428566
            ],
            [
              -113.07741762628572,
              53.655382895428566
            ],
            [
              -113.07741762628572,
              53.675377180571424
            ],
            [
              -113.02742477057143,
              53.675377180571424
            ],
            [
              -113.02742477057143,
              53.665380037999995
            ],
            [
              -112.99742905714285,
              53.665380037999995
            ],
            [
              -112.99742905714285,
              53.68537432314285
            ],
            [
              -112.97743191485715,
              53.68537432314285
            ],
            [
              -112.97743191485715,
              53.675377180571424
            ],
            [
              -112.96743334371429,
              53.675377180571424
            ],
            [
              -112.96743334371429,
              53.655382895428566
            ],
            [
              -112.97743191485715,
              53.655382895428566
            ],
            [
              -112.97743191485715,
              53.63538861028571
            ],
            [
              -113.03742334171429,
              53.63538861028571
            ],
            [
              -113.03742334171429,
              53.64538575285714
            ]
          ]
        ]
      },
      "properties": {
        "hail_size_bin": "0.5\"",
        "min_size_inches": 0.5
      }
    },
    {
      "type": "Feature",
      "geometry": {
        "type": "Polygon",
        "coordinates": [
          [
            [
              -115.23710899314285,
              53.68537432314285
            ],
            [
              -115.22711042200001,
              53.68537432314285
            ],
            [
              -115.22711042200001,
              53.665380037999995
            ],
            [
              -115.28710184885715,
              53.665380037999995
            ],
            [
              -115.28710184885715,
              53.675377180571424
            ],
            [
              -115.27710327771429,
              53.675377180571424
            ],
            [
              -115.27710327771429,
              53.68537432314285
            ],
            [
              -115.28710184885715,
              53.68537432314285
            ],
            [
              -115.28710184885715,
              53.69537146571428
            ],
            [
              -115.29710042,
              53.69537146571428
            ],
            [
              -115.29710042,
              53.70536860828571
            ],
            [
              -115.27710327771429,
              53.70536860828571
            ],
            [
              -115.27710327771429,
              53.71536575085714
            ],
            [
              -115.26710470657143,
              53.71536575085714
            ],
            [
              -115.26710470657143,
              53.70536860828571
            ],
            [
              -115.25710613542857,
              53.70536860828571
            ],
            [
              -115.25710613542857,
              53.71536575085714
            ],
            [
              -115.22711042200001,
              53.71536575085714
            ],
            [
              -115.22711042200001,
              53.70536860828571
            ],
            [
              -115.23710899314285,
              53.70536860828571
            ],
            [
              -115.23710899314285,
              53.68537432314285
            ]
          ]
        ]
      },
      "properties": {
        "hail_size_bin": "0.5\"",
        "min_size_inches": 0.5
      }
    },
    {
      "type": "Feature",
      "geometry": {
        "type": "Polygon",
        "coordinates": [
          [
            [
              -113.23739476457143,
              53.70536860828571
            ],
            [
              -113.20739905114286,
              53.70536860828571
            ],
            [
              -113.20739905114286,
              53.68537432314285
            ],
            [
              -113.25739190685715,
              53.68537432314285
            ],
            [
              -113.25739190685715,
              53.69537146571428
            ],
            [
              -113.28738762028571,
              53.69537146571428
            ],
            [
              -113.28738762028571,
              53.68537432314285
            ],
            [
              -113.30738476257143,
              53.68537432314285
            ],
            [
              -113.30738476257143,
              53.675377180571424
            ],
            [
              -113.34737904714285,
              53.675377180571424
            ],
            [
              -113.34737904714285,
              53.665380037999995
            ],
            [
              -113.35737761828571,
              53.665380037999995
            ],
            [
              -113.35737761828571,
              53.675377180571424
            ],
            [
              -113.38737333171429,
              53.675377180571424
            ],
            [
              -113.38737333171429,
              53.69537146571428
            ],
            [
              -113.37737476057143,
              53.69537146571428
            ],
            [
              -113.37737476057143,
              53.70536860828571
            ],
            [
              -113.32738190485715,
              53.70536860828571
            ],
            [
              -113.32738190485715,
              53.71536575085714
            ],
            [
              -113.31738333371429,
              53.71536575085714
            ],
            [
              -113.31738333371429,
              53.72536289342857
            ],
            [
              -113.29738619142857,
              53.72536289342857
            ],
            [
              -113.29738619142857,
              53.71536575085714
            ],
            [
              -113.25739190685715,
              53.71536575085714
            ],
            [
              -113.25739190685715,
              53.70536860828571
            ],
            [
              -113.24739333571429,
              53.70536860828571
            ],
            [
              -113.24739333571429,
              53.69537146571428
            ],
            [
              -113.23739476457143,
              53.69537146571428
            ],
            [
              -113.23739476457143,
              53.70536860828571
            ]
          ]
        ]
      },
      "properties": {
        "hail_size_bin": "0.5\"",
        "min_size_inches": 0.5
      }
    },
    {
      "type": "Feature",
      "geometry": {
        "type": "Polygon",
        "coordinates": [
          [
            [
              -115.10712756828572,
              53.68537432314285
            ],
            [
              -115.13712328171428,
              53.68537432314285
            ],
            [
              -115.13712328171428,
              53.675377180571424
            ],
            [
              -115.14712185285714,
              53.675377180571424
            ],
            [
              -115.14712185285714,
              53.665380037999995
            ],
            [
              -115.16711899514286,
              53.665380037999995
            ],
            [
              -115.16711899514286,
              53.655382895428566
            ],
            [
              -115.17711756628572,
              53.655382895428566
            ],
            [
              -115.17711756628572,
              53.675377180571424
            ],
            [
              -115.18711613742857,
              53.675377180571424
            ],
            [
              -115.18711613742857,
              53.68537432314285
            ],
            [
              -115.19711470857143,
              53.68537432314285
            ],
            [
              -115.19711470857143,
              53.69537146571428
            ],
            [
              -115.20711327971429,
              53.69537146571428
            ],
            [
              -115.20711327971429,
              53.72536289342857
            ],
            [
              -115.21711185085715,
              53.72536289342857
            ],
            [
              -115.21711185085715,
              53.735360035999996
            ],
            [
              -115.22711042200001,
              53.735360035999996
            ],
            [
              -115.22711042200001,
              53.745357178571425
            ],
            [
              -115.18711613742857,
              53.745357178571425
            ],
            [
              -115.18711613742857,
              53.735360035999996
            ],
            [
              -115.12712471057144,
              53.735360035999996
            ],
            [
              -115.12712471057144,
              53.71536575085714
            ],
            [
              -115.11712613942858,
              53.71536575085714
            ],
            [
              -115.11712613942858,
              53.70536860828571
            ],
            [
              -115.10712756828572,
              53.70536860828571
            ],
            [
              -115.10712756828572,
              53.68537432314285
            ]
          ]
        ]
      },
      "properties": {
        "hail_size_bin": "0.5\"",
        "min_size_inches": 0.5
      }
    },
    {
      "type": "Feature",
      "geometry": {
        "type": "Polygon",
        "coordinates": [
          [
            [
              -115.56706184085715,
              53.71536575085714
            ],
            [
              -115.55706326971429,
              53.71536575085714
            ],
            [
              -115.55706326971429,
              53.72536289342857
            ],
            [
              -115.49707184285714,
              53.72536289342857
            ],
            [
              -115.49707184285714,
              53.70536860828571
            ],
            [
              -115.507070414,
              53.70536860828571
            ],
            [
              -115.507070414,
              53.69537146571428
            ],
            [
              -115.55706326971429,
              53.69537146571428
            ],
            [
              -115.55706326971429,
              53.70536860828571
            ],
            [
              -115.56706184085715,
              53.70536860828571
            ],
            [
              -115.56706184085715,
              53.71536575085714
            ]
          ]
        ]
      },
      "properties": {
        "hail_size_bin": "0.5\"",
        "min_size_inches": 0.5
      }
    },
    {
      "type": "Feature",
      "geometry": {
        "type": "Polygon",
        "coordinates": [
          [
            [
              -113.18740190885714,
              53.71536575085714
            ],
            [
              -113.19740048,
              53.71536575085714
            ],
            [
              -113.19740048,
              53.735360035999996
            ],
            [
              -113.16740476657142,
              53.735360035999996
            ],
            [
              -113.16740476657142,
              53.72536289342857
            ],
            [
              -113.14740762428572,
              53.72536289342857
            ],
            [
              -113.14740762428572,
              53.71536575085714
            ],
            [
              -113.13740905314286,
              53.71536575085714
            ],
            [
              -113.13740905314286,
              53.70536860828571
            ],
            [
              -113.18740190885714,
              53.70536860828571
            ],
            [
              -113.18740190885714,
              53.71536575085714
            ]
          ]
        ]
      },
      "properties": {
        "hail_size_bin": "0.5\"",
        "min_size_inches": 0.5
      }
    },
    {
      "type": "Feature",
      "geometry": {
        "type": "Polygon",
        "coordinates": [
          [
            [
              -115.42708184485714,
              53.71536575085714
            ],
            [
              -115.44707898714286,
              53.71536575085714
            ],
            [
              -115.44707898714286,
              53.745357178571425
            ],
            [
              -115.437080416,
              53.745357178571425
            ],
            [
              -115.437080416,
              53.75535432114285
            ],
            [
              -115.40708470257144,
              53.75535432114285
            ],
            [
              -115.40708470257144,
              53.745357178571425
            ],
            [
              -115.35709184685714,
              53.745357178571425
            ],
            [
              -115.35709184685714,
              53.71536575085714
            ],
            [
              -115.39708613142858,
              53.71536575085714
            ],
            [
              -115.39708613142858,
              53.70536860828571
            ],
            [
              -115.42708184485714,
              53.70536860828571
            ],
            [
              -115.42708184485714,
              53.71536575085714
            ]
          ]
        ]
      },
      "properties": {
        "hail_size_bin": "0.5\"",
        "min_size_inches": 0.5
      }
    },
    {
      "type": "Feature",
      "geometry": {
        "type": "Polygon",
        "coordinates": [
          [
            [
              -116.766890378,
              53.815337176571425
            ],
            [
              -116.766890378,
              53.805340034
            ],
            [
              -116.78688752028572,
              53.805340034
            ],
            [
              -116.78688752028572,
              53.815337176571425
            ],
            [
              -116.83688037600001,
              53.815337176571425
            ],
            [
              -116.83688037600001,
              53.84532860428571
            ],
            [
              -116.82688180485715,
              53.84532860428571
            ],
            [
              -116.82688180485715,
              53.86532288942857
            ],
            [
              -116.80688466257143,
              53.86532288942857
            ],
            [
              -116.80688466257143,
              53.875320032
            ],
            [
              -116.79688609142858,
              53.875320032
            ],
            [
              -116.79688609142858,
              53.885317174571426
            ],
            [
              -116.74689323571428,
              53.885317174571426
            ],
            [
              -116.74689323571428,
              53.895314317142855
            ],
            [
              -116.72689609342858,
              53.895314317142855
            ],
            [
              -116.72689609342858,
              53.905311459714284
            ],
            [
              -116.69690038,
              53.905311459714284
            ],
            [
              -116.69690038,
              53.885317174571426
            ],
            [
              -116.70689895114286,
              53.885317174571426
            ],
            [
              -116.70689895114286,
              53.875320032
            ],
            [
              -116.71689752228572,
              53.875320032
            ],
            [
              -116.71689752228572,
              53.86532288942857
            ],
            [
              -116.74689323571428,
              53.86532288942857
            ],
            [
              -116.74689323571428,
              53.85532574685714
            ],
            [
              -116.75689180685714,
              53.85532574685714
            ],
            [
              -116.75689180685714,
              53.84532860428571
            ],
            [
              -116.766890378,
              53.84532860428571
            ],
            [
              -116.766890378,
              53.825334319142854
            ],
            [
              -116.75689180685714,
              53.825334319142854
            ],
            [
              -116.75689180685714,
              53.815337176571425
            ],
            [
              -116.766890378,
              53.815337176571425
            ]
          ],
          [
            [
              -116.74689323571428,
              53.875320032
            ],
            [
              -116.75689180685714,
              53.875320032
            ],
            [
              -116.75689180685714,
              53.86532288942857
            ],
            [
              -116.74689323571428,
              53.86532288942857
            ],
            [
              -116.74689323571428,
              53.875320032
            ]
          ]
        ]
      },
      "properties": {
        "hail_size_bin": "0.5\"",
        "min_size_inches": 0.5
      }
    },
    {
      "type": "Feature",
      "geometry": {
        "type": "Polygon",
        "coordinates": [
          [
            [
              -116.42693895914286,
              53.895314317142855
            ],
            [
              -116.416940388,
              53.895314317142855
            ],
            [
              -116.416940388,
              53.885317174571426
            ],
            [
              -116.42693895914286,
              53.885317174571426
            ],
            [
              -116.42693895914286,
              53.86532288942857
            ],
            [
              -116.416940388,
              53.86532288942857
            ],
            [
              -116.416940388,
              53.84532860428571
            ],
            [
              -116.4669332437143,
              53.84532860428571
            ],
            [
              -116.4669332437143,
              53.83533146171428
            ],
            [
              -116.486930386,
              53.83533146171428
            ],
            [
              -116.486930386,
              53.84532860428571
            ],
            [
              -116.47693181485715,
              53.84532860428571
            ],
            [
              -116.47693181485715,
              53.85532574685714
            ],
            [
              -116.50692752828571,
              53.85532574685714
            ],
            [
              -116.50692752828571,
              53.86532288942857
            ],
            [
              -116.51692609942857,
              53.86532288942857
            ],
            [
              -116.51692609942857,
              53.85532574685714
            ],
            [
              -116.52692467057143,
              53.85532574685714
            ],
            [
              -116.52692467057143,
              53.905311459714284
            ],
            [
              -116.51692609942857,
              53.905311459714284
            ],
            [
              -116.51692609942857,
              53.91530860228571
            ],
            [
              -116.50692752828571,
              53.91530860228571
            ],
            [
              -116.50692752828571,
              53.93530288742857
            ],
            [
              -116.49692895714286,
              53.93530288742857
            ],
            [
              -116.49692895714286,
              53.92530574485714
            ],
            [
              -116.47693181485715,
              53.92530574485714
            ],
            [
              -116.47693181485715,
              53.91530860228571
            ],
            [
              -116.44693610142858,
              53.91530860228571
            ],
            [
              -116.44693610142858,
              53.905311459714284
            ],
            [
              -116.42693895914286,
              53.905311459714284
            ],
            [
              -116.42693895914286,
              53.895314317142855
            ]
          ]
        ]
      },
      "properties": {
        "hail_size_bin": "0.5\"",
        "min_size_inches": 0.5
      }
    },
    {
      "type": "Feature",
      "geometry": {
        "type": "Polygon",
        "coordinates": [
          [
            [
              -118.026710342,
              54.00528288542857
            ],
            [
              -118.06670462657144,
              54.00528288542857
            ],
            [
              -118.06670462657144,
              54.02527717057143
            ],
            [
              -118.05670605542858,
              54.02527717057143
            ],
            [
              -118.05670605542858,
              54.045271455714285
            ],
            [
              -118.026710342,
              54.045271455714285
            ],
            [
              -118.026710342,
              54.00528288542857
            ]
          ]
        ]
      },
      "properties": {
        "hail_size_bin": "0.5\"",
        "min_size_inches": 0.5
      }
    },
    {
      "type": "Feature",
      "geometry": {
        "type": "Polygon",
        "coordinates": [
          [
            [
              -116.70689895114286,
              54.09525716857143
            ],
            [
              -116.71689752228572,
              54.09525716857143
            ],
            [
              -116.71689752228572,
              54.085260026
            ],
            [
              -116.73689466457144,
              54.085260026
            ],
            [
              -116.73689466457144,
              54.07526288342857
            ],
            [
              -116.74689323571428,
              54.07526288342857
            ],
            [
              -116.74689323571428,
              54.085260026
            ],
            [
              -116.75689180685714,
              54.085260026
            ],
            [
              -116.75689180685714,
              54.07526288342857
            ],
            [
              -116.77688894914286,
              54.07526288342857
            ],
            [
              -116.77688894914286,
              54.06526574085714
            ],
            [
              -116.79688609142858,
              54.06526574085714
            ],
            [
              -116.79688609142858,
              54.07526288342857
            ],
            [
              -116.78688752028572,
              54.07526288342857
            ],
            [
              -116.78688752028572,
              54.09525716857143
            ],
            [
              -116.77688894914286,
              54.09525716857143
            ],
            [
              -116.77688894914286,
              54.10525431114286
            ],
            [
              -116.74689323571428,
              54.10525431114286
            ],
            [
              -116.74689323571428,
              54.125248596285715
            ],
            [
              -116.72689609342858,
              54.125248596285715
            ],
            [
              -116.72689609342858,
              54.135245738857144
            ],
            [
              -116.67690323771428,
              54.135245738857144
            ],
            [
              -116.67690323771428,
              54.125248596285715
            ],
            [
              -116.68690180885714,
              54.125248596285715
            ],
            [
              -116.68690180885714,
              54.115251453714286
            ],
            [
              -116.69690038,
              54.115251453714286
            ],
            [
              -116.69690038,
              54.10525431114286
            ],
            [
              -116.70689895114286,
              54.10525431114286
            ],
            [
              -116.70689895114286,
              54.09525716857143
            ]
          ]
        ]
      },
      "properties": {
        "hail_size_bin": "0.5\"",
        "min_size_inches": 0.5
      }
    },
    {
      "type": "Feature",
      "geometry": {
        "type": "Polygon",
        "coordinates": [
          [
            [
              -117.40679893114286,
              54.17523430914285
            ],
            [
              -117.42679607342858,
              54.17523430914285
            ],
            [
              -117.42679607342858,
              54.20522573685714
            ],
            [
              -117.37680321771428,
              54.20522573685714
            ],
            [
              -117.37680321771428,
              54.18523145171428
            ],
            [
              -117.38680178885714,
              54.18523145171428
            ],
            [
              -117.38680178885714,
              54.17523430914285
            ],
            [
              -117.39680036,
              54.17523430914285
            ],
            [
              -117.39680036,
              54.16523716657142
            ],
            [
              -117.40679893114286,
              54.16523716657142
            ],
            [
              -117.40679893114286,
              54.17523430914285
            ]
          ]
        ]
      },
      "properties": {
        "hail_size_bin": "0.5\"",
        "min_size_inches": 0.5
      }
    },
    {
      "type": "Feature",
      "geometry": {
        "type": "Polygon",
        "coordinates": [
          [
            [
              -116.37694610342858,
              54.385174303142854
            ],
            [
              -116.40694181685714,
              54.385174303142854
            ],
            [
              -116.40694181685714,
              54.39517144571428
            ],
            [
              -116.416940388,
              54.39517144571428
            ],
            [
              -116.416940388,
              54.41516573085714
            ],
            [
              -116.40694181685714,
              54.41516573085714
            ],
            [
              -116.40694181685714,
              54.42516287342857
            ],
            [
              -116.38694467457142,
              54.42516287342857
            ],
            [
              -116.38694467457142,
              54.435160016
            ],
            [
              -116.37694610342858,
              54.435160016
            ],
            [
              -116.37694610342858,
              54.42516287342857
            ],
            [
              -116.35694896114286,
              54.42516287342857
            ],
            [
              -116.35694896114286,
              54.40516858828571
            ],
            [
              -116.34695039,
              54.40516858828571
            ],
            [
              -116.34695039,
              54.39517144571428
            ],
            [
              -116.37694610342858,
              54.39517144571428
            ],
            [
              -116.37694610342858,
              54.385174303142854
            ]
          ]
        ]
      },
      "properties": {
        "hail_size_bin": "0.5\"",
        "min_size_inches": 0.5
      }
    },
    {
      "type": "Feature",
      "geometry": {
        "type": "Polygon",
        "coordinates": [
          [
            [
              -116.16697610942857,
              54.87503428914285
            ],
            [
              -116.15697753828572,
              54.87503428914285
            ],
            [
              -116.15697753828572,
              54.855040003999996
            ],
            [
              -116.17697468057143,
              54.855040003999996
            ],
            [
              -116.17697468057143,
              54.84504286142857
            ],
            [
              -116.19697182285715,
              54.84504286142857
            ],
            [
              -116.19697182285715,
              54.855040003999996
            ],
            [
              -116.206970394,
              54.855040003999996
            ],
            [
              -116.206970394,
              54.865037146571424
            ],
            [
              -116.23696610742857,
              54.865037146571424
            ],
            [
              -116.23696610742857,
              54.855040003999996
            ],
            [
              -116.24696467857143,
              54.855040003999996
            ],
            [
              -116.24696467857143,
              54.84504286142857
            ],
            [
              -116.26696182085715,
              54.84504286142857
            ],
            [
              -116.26696182085715,
              54.83504571885714
            ],
            [
              -116.28695896314287,
              54.83504571885714
            ],
            [
              -116.28695896314287,
              54.84504286142857
            ],
            [
              -116.29695753428572,
              54.84504286142857
            ],
            [
              -116.29695753428572,
              54.83504571885714
            ],
            [
              -116.32695324771429,
              54.83504571885714
            ],
            [
              -116.32695324771429,
              54.84504286142857
            ],
            [
              -116.33695181885714,
              54.84504286142857
            ],
            [
              -116.33695181885714,
              54.855040003999996
            ],
            [
              -116.32695324771429,
              54.855040003999996
            ],
            [
              -116.32695324771429,
              54.865037146571424
            ],
            [
              -116.30695610542857,
              54.865037146571424
            ],
            [
              -116.30695610542857,
              54.87503428914285
            ],
            [
              -116.29695753428572,
              54.87503428914285
            ],
            [
              -116.29695753428572,
              54.88503143171428
            ],
            [
              -116.28695896314287,
              54.88503143171428
            ],
            [
              -116.28695896314287,
              54.89502857428571
            ],
            [
              -116.25696324971429,
              54.89502857428571
            ],
            [
              -116.25696324971429,
              54.88503143171428
            ],
            [
              -116.24696467857143,
              54.88503143171428
            ],
            [
              -116.24696467857143,
              54.87503428914285
            ],
            [
              -116.19697182285715,
              54.87503428914285
            ],
            [
              -116.19697182285715,
              54.88503143171428
            ],
            [
              -116.16697610942857,
              54.88503143171428
            ],
            [
              -116.16697610942857,
              54.87503428914285
            ]
          ]
        ]
      },
      "properties": {
        "hail_size_bin": "0.5\"",
        "min_size_inches": 0.5
      }
    },
    {
      "type": "Feature",
      "geometry": {
        "type": "Polygon",
        "coordinates": [
          [
            [
              -115.10712756828572,
              54.865037146571424
            ],
            [
              -115.09712899714286,
              54.865037146571424
            ],
            [
              -115.09712899714286,
              54.90502571685714
            ],
            [
              -115.087130426,
              54.90502571685714
            ],
            [
              -115.087130426,
              54.88503143171428
            ],
            [
              -115.07713185485714,
              54.88503143171428
            ],
            [
              -115.07713185485714,
              54.855040003999996
            ],
            [
              -115.09712899714286,
              54.855040003999996
            ],
            [
              -115.09712899714286,
              54.83504571885714
            ],
            [
              -115.10712756828572,
              54.83504571885714
            ],
            [
              -115.10712756828572,
              54.865037146571424
            ]
          ]
        ]
      },
      "properties": {
        "hail_size_bin": "0.5\"",
        "min_size_inches": 0.5
      }
    },
    {
      "type": "Feature",
      "geometry": {
        "type": "Polygon",
        "coordinates": [
          [
            [
              -110.19782913714286,
              29.562269298285717
            ],
            [
              -110.20782770828572,
              29.562269298285717
            ],
            [
              -110.20782770828572,
              29.572266440857145
            ],
            [
              -110.22782485057144,
              29.572266440857145
            ],
            [
              -110.22782485057144,
              29.562269298285717
            ],
            [
              -110.27781770628572,
              29.562269298285717
            ],
            [
              -110.27781770628572,
              29.572266440857145
            ],
            [
              -110.257820564,
              29.572266440857145
            ],
            [
              -110.257820564,
              29.582263583428574
            ],
            [
              -110.22782485057144,
              29.582263583428574
            ],
            [
              -110.22782485057144,
              29.592260726000003
            ],
            [
              -110.21782627942858,
              29.592260726000003
            ],
            [
              -110.21782627942858,
              29.60225786857143
            ],
            [
              -110.20782770828572,
              29.60225786857143
            ],
            [
              -110.20782770828572,
              29.592260726000003
            ],
            [
              -110.19782913714286,
              29.592260726000003
            ],
            [
              -110.19782913714286,
              29.582263583428574
            ],
            [
              -110.17783199485714,
              29.582263583428574
            ],
            [
              -110.17783199485714,
              29.572266440857145
            ],
            [
              -110.19782913714286,
              29.572266440857145
            ],
            [
              -110.19782913714286,
              29.562269298285717
            ]
          ]
        ]
      },
      "properties": {
        "hail_size_bin": "0.5\"",
        "min_size_inches": 0.5
      }
    },
    {
      "type": "Feature",
      "geometry": {
        "type": "Polygon",
        "coordinates": [
          [
            [
              -110.2378234217143,
              29.60225786857143
            ],
            [
              -110.257820564,
              29.60225786857143
            ],
            [
              -110.257820564,
              29.592260726000003
            ],
            [
              -110.3078134197143,
              29.592260726000003
            ],
            [
              -110.3078134197143,
              29.61225501114286
            ],
            [
              -110.2378234217143,
              29.61225501114286
            ],
            [
              -110.2378234217143,
              29.60225786857143
            ]
          ]
        ]
      },
      "properties": {
        "hail_size_bin": "0.5\"",
        "min_size_inches": 0.5
      }
    },
    {
      "type": "Feature",
      "geometry": {
        "type": "Polygon",
        "coordinates": [
          [
            [
              -111.06770482657143,
              30.082120712000002
            ],
            [
              -111.10769911114286,
              30.082120712000002
            ],
            [
              -111.10769911114286,
              30.072123569428573
            ],
            [
              -111.11769768228572,
              30.072123569428573
            ],
            [
              -111.11769768228572,
              30.082120712000002
            ],
            [
              -111.12769625342858,
              30.082120712000002
            ],
            [
              -111.12769625342858,
              30.072123569428573
            ],
            [
              -111.167690538,
              30.072123569428573
            ],
            [
              -111.167690538,
              30.10211499714286
            ],
            [
              -111.17768910914286,
              30.10211499714286
            ],
            [
              -111.17768910914286,
              30.132106424857145
            ],
            [
              -111.167690538,
              30.132106424857145
            ],
            [
              -111.167690538,
              30.142103567428574
            ],
            [
              -111.14769339571428,
              30.142103567428574
            ],
            [
              -111.14769339571428,
              30.132106424857145
            ],
            [
              -111.11769768228572,
              30.132106424857145
            ],
            [
              -111.11769768228572,
              30.122109282285717
            ],
            [
              -111.08770196885715,
              30.122109282285717
            ],
            [
              -111.08770196885715,
              30.10211499714286
            ],
            [
              -111.06770482657143,
              30.10211499714286
            ],
            [
              -111.06770482657143,
              30.082120712000002
            ]
          ]
        ]
      },
      "properties": {
        "hail_size_bin": "0.5\"",
        "min_size_inches": 0.5
      }
    },
    {
      "type": "Feature",
      "geometry": {
        "type": "Polygon",
        "coordinates": [
          [
            [
              -110.957720544,
              30.44201784457143
            ],
            [
              -110.98771625742857,
              30.44201784457143
            ],
            [
              -110.98771625742857,
              30.432020702000003
            ],
            [
              -110.99771482857143,
              30.432020702000003
            ],
            [
              -110.99771482857143,
              30.422023559428574
            ],
            [
              -110.97771768628571,
              30.422023559428574
            ],
            [
              -110.97771768628571,
              30.402029274285717
            ],
            [
              -110.99771482857143,
              30.402029274285717
            ],
            [
              -110.99771482857143,
              30.392032131714288
            ],
            [
              -111.01771197085715,
              30.392032131714288
            ],
            [
              -111.01771197085715,
              30.402029274285717
            ],
            [
              -111.027710542,
              30.402029274285717
            ],
            [
              -111.027710542,
              30.422023559428574
            ],
            [
              -111.01771197085715,
              30.422023559428574
            ],
            [
              -111.01771197085715,
              30.462012129714285
            ],
            [
              -111.00771339971429,
              30.462012129714285
            ],
            [
              -111.00771339971429,
              30.482006414857143
            ],
            [
              -110.99771482857143,
              30.482006414857143
            ],
            [
              -110.99771482857143,
              30.472009272285714
            ],
            [
              -110.96771911514286,
              30.472009272285714
            ],
            [
              -110.96771911514286,
              30.462012129714285
            ],
            [
              -110.94772197285715,
              30.462012129714285
            ],
            [
              -110.94772197285715,
              30.45201498714286
            ],
            [
              -110.957720544,
              30.45201498714286
            ],
            [
              -110.957720544,
              30.44201784457143
            ]
          ]
        ]
      },
      "properties": {
        "hail_size_bin": "0.5\"",
        "min_size_inches": 0.5
      }
    },
    {
      "type": "Feature",
      "geometry": {
        "type": "Polygon",
        "coordinates": [
          [
            [
              -110.9377234017143,
              30.521994985142857
            ],
            [
              -110.96771911514286,
              30.521994985142857
            ],
            [
              -110.96771911514286,
              30.5020007
            ],
            [
              -110.98771625742857,
              30.5020007
            ],
            [
              -110.98771625742857,
              30.51199784257143
            ],
            [
              -110.99771482857143,
              30.51199784257143
            ],
            [
              -110.99771482857143,
              30.531992127714286
            ],
            [
              -110.98771625742857,
              30.531992127714286
            ],
            [
              -110.98771625742857,
              30.541989270285715
            ],
            [
              -111.01771197085715,
              30.541989270285715
            ],
            [
              -111.01771197085715,
              30.561983555428572
            ],
            [
              -110.9377234017143,
              30.561983555428572
            ],
            [
              -110.9377234017143,
              30.551986412857143
            ],
            [
              -110.92772483057144,
              30.551986412857143
            ],
            [
              -110.92772483057144,
              30.541989270285715
            ],
            [
              -110.91772625942858,
              30.541989270285715
            ],
            [
              -110.91772625942858,
              30.531992127714286
            ],
            [
              -110.9377234017143,
              30.531992127714286
            ],
            [
              -110.9377234017143,
              30.521994985142857
            ]
          ]
        ]
      },
      "properties": {
        "hail_size_bin": "0.5\"",
        "min_size_inches": 0.5
      }
    },
    {
      "type": "Feature",
      "geometry": {
        "type": "Polygon",
        "coordinates": [
          [
            [
              -111.18768768028572,
              30.631963553428573
            ],
            [
              -111.19768625142858,
              30.631963553428573
            ],
            [
              -111.19768625142858,
              30.621966410857144
            ],
            [
              -111.237680536,
              30.621966410857144
            ],
            [
              -111.237680536,
              30.631963553428573
            ],
            [
              -111.24767910714286,
              30.631963553428573
            ],
            [
              -111.24767910714286,
              30.66195498114286
            ],
            [
              -111.237680536,
              30.66195498114286
            ],
            [
              -111.237680536,
              30.671952123714288
            ],
            [
              -111.22768196485714,
              30.671952123714288
            ],
            [
              -111.22768196485714,
              30.66195498114286
            ],
            [
              -111.20768482257142,
              30.66195498114286
            ],
            [
              -111.20768482257142,
              30.65195783857143
            ],
            [
              -111.19768625142858,
              30.65195783857143
            ],
            [
              -111.19768625142858,
              30.641960696
            ],
            [
              -111.18768768028572,
              30.641960696
            ],
            [
              -111.18768768028572,
              30.631963553428573
            ]
          ]
        ]
      },
      "properties": {
        "hail_size_bin": "0.5\"",
        "min_size_inches": 0.5
      }
    },
    {
      "type": "Feature",
      "geometry": {
        "type": "Polygon",
        "coordinates": [
          [
            [
              -110.98771625742857,
              30.631963553428573
            ],
            [
              -111.03770911314285,
              30.631963553428573
            ],
            [
              -111.03770911314285,
              30.641960696
            ],
            [
              -111.04770768428571,
              30.641960696
            ],
            [
              -111.04770768428571,
              30.65195783857143
            ],
            [
              -111.03770911314285,
              30.65195783857143
            ],
            [
              -111.03770911314285,
              30.66195498114286
            ],
            [
              -111.07770339771429,
              30.66195498114286
            ],
            [
              -111.07770339771429,
              30.671952123714288
            ],
            [
              -111.05770625542857,
              30.671952123714288
            ],
            [
              -111.05770625542857,
              30.681949266285717
            ],
            [
              -111.04770768428571,
              30.681949266285717
            ],
            [
              -111.04770768428571,
              30.671952123714288
            ],
            [
              -111.00771339971429,
              30.671952123714288
            ],
            [
              -111.00771339971429,
              30.66195498114286
            ],
            [
              -111.01771197085715,
              30.66195498114286
            ],
            [
              -111.01771197085715,
              30.65195783857143
            ],
            [
              -110.98771625742857,
              30.65195783857143
            ],
            [
              -110.98771625742857,
              30.631963553428573
            ]
          ]
        ]
      },
      "properties": {
        "hail_size_bin": "0.5\"",
        "min_size_inches": 0.5
      }
    },
    {
      "type": "Feature",
      "geometry": {
        "type": "Polygon",
        "coordinates": [
          [
            [
              -111.63762338171429,
              31.021852113714285
            ],
            [
              -111.63762338171429,
              31.031849256285714
            ],
            [
              -111.64762195285715,
              31.031849256285714
            ],
            [
              -111.64762195285715,
              31.041846398857142
            ],
            [
              -111.61762623942857,
              31.041846398857142
            ],
            [
              -111.61762623942857,
              31.05184354142857
            ],
            [
              -111.59762909714286,
              31.05184354142857
            ],
            [
              -111.59762909714286,
              31.07183782657143
            ],
            [
              -111.587630526,
              31.07183782657143
            ],
            [
              -111.587630526,
              31.081834969142857
            ],
            [
              -111.56763338371428,
              31.081834969142857
            ],
            [
              -111.56763338371428,
              31.091832111714286
            ],
            [
              -111.55763481257144,
              31.091832111714286
            ],
            [
              -111.55763481257144,
              31.07183782657143
            ],
            [
              -111.54763624142858,
              31.07183782657143
            ],
            [
              -111.54763624142858,
              31.081834969142857
            ],
            [
              -111.53763767028572,
              31.081834969142857
            ],
            [
              -111.53763767028572,
              31.05184354142857
            ],
            [
              -111.54763624142858,
              31.05184354142857
            ],
            [
              -111.54763624142858,
              31.041846398857142
            ],
            [
              -111.55763481257144,
              31.041846398857142
            ],
            [
              -111.55763481257144,
              31.031849256285714
            ],
            [
              -111.57763195485714,
              31.031849256285714
            ],
            [
              -111.57763195485714,
              31.021852113714285
            ],
            [
              -111.60762766828572,
              31.021852113714285
            ],
            [
              -111.60762766828572,
              31.01185497114286
            ],
            [
              -111.61762623942857,
              31.01185497114286
            ],
            [
              -111.61762623942857,
              31.021852113714285
            ],
            [
              -111.63762338171429,
              31.021852113714285
            ]
          ],
          [
            [
              -111.55763481257144,
              31.05184354142857
            ],
            [
              -111.56763338371428,
              31.05184354142857
            ],
            [
              -111.56763338371428,
              31.041846398857142
            ],
            [
              -111.55763481257144,
              31.041846398857142
            ],
            [
              -111.55763481257144,
              31.05184354142857
            ]
          ]
        ]
      },
      "properties": {
        "hail_size_bin": "0.5\"",
        "min_size_inches": 0.5
      }
    },
    {
      "type": "Feature",
      "geometry": {
        "type": "Polygon",
        "coordinates": [
          [
            [
              -110.03785199885715,
              32.321480648000005
            ],
            [
              -110.04785057000001,
              32.321480648000005
            ],
            [
              -110.04785057000001,
              32.34147493314286
            ],
            [
              -110.03785199885715,
              32.34147493314286
            ],
            [
              -110.03785199885715,
              32.351472075714284
            ],
            [
              -110.04785057000001,
              32.351472075714284
            ],
            [
              -110.04785057000001,
              32.36146921828572
            ],
            [
              -110.05784914114287,
              32.36146921828572
            ],
            [
              -110.05784914114287,
              32.38146350342858
            ],
            [
              -110.04785057000001,
              32.38146350342858
            ],
            [
              -110.04785057000001,
              32.391460646
            ],
            [
              -110.03785199885715,
              32.391460646
            ],
            [
              -110.03785199885715,
              32.38146350342858
            ],
            [
              -110.01785485657143,
              32.38146350342858
            ],
            [
              -110.01785485657143,
              32.37146636085714
            ],
            [
              -110.02785342771429,
              32.37146636085714
            ],
            [
              -110.02785342771429,
              32.33147779057143
            ],
            [
              -110.03785199885715,
              32.33147779057143
            ],
            [
              -110.03785199885715,
              32.321480648000005
            ]
          ]
        ]
      },
      "properties": {
        "hail_size_bin": "0.5\"",
        "min_size_inches": 0.5
      }
    },
    {
      "type": "Feature",
      "geometry": {
        "type": "Polygon",
        "coordinates": [
          [
            [
              -112.09755765428571,
              36.90017194571429
            ],
            [
              -112.10755622542857,
              36.90017194571429
            ],
            [
              -112.10755622542857,
              36.93016337342857
            ],
            [
              -112.11755479657143,
              36.93016337342857
            ],
            [
              -112.11755479657143,
              36.940160516
            ],
            [
              -112.08755908314286,
              36.940160516
            ],
            [
              -112.08755908314286,
              36.95015765857143
            ],
            [
              -112.05756336971429,
              36.95015765857143
            ],
            [
              -112.05756336971429,
              36.91016908828571
            ],
            [
              -112.06756194085715,
              36.91016908828571
            ],
            [
              -112.06756194085715,
              36.90017194571429
            ],
            [
              -112.077560512,
              36.90017194571429
            ],
            [
              -112.077560512,
              36.91016908828571
            ],
            [
              -112.09755765428571,
              36.91016908828571
            ],
            [
              -112.09755765428571,
              36.90017194571429
            ]
          ]
        ]
      },
      "properties": {
        "hail_size_bin": "0.5\"",
        "min_size_inches": 0.5
      }
    },
    {
      "type": "Feature",
      "geometry": {
        "type": "Polygon",
        "coordinates": [
          [
            [
              -109.57791772628572,
              44.62796315342857
            ],
            [
              -109.61791201085714,
              44.62796315342857
            ],
            [
              -109.61791201085714,
              44.647957438571424
            ],
            [
              -109.627910582,
              44.647957438571424
            ],
            [
              -109.627910582,
              44.66795172371428
            ],
            [
              -109.63790915314286,
              44.66795172371428
            ],
            [
              -109.63790915314286,
              44.67794886628572
            ],
            [
              -109.60791343971428,
              44.67794886628572
            ],
            [
              -109.60791343971428,
              44.66795172371428
            ],
            [
              -109.59791486857142,
              44.66795172371428
            ],
            [
              -109.59791486857142,
              44.65795458114286
            ],
            [
              -109.58791629742858,
              44.65795458114286
            ],
            [
              -109.58791629742858,
              44.647957438571424
            ],
            [
              -109.57791772628572,
              44.647957438571424
            ],
            [
              -109.57791772628572,
              44.62796315342857
            ]
          ]
        ]
      },
      "properties": {
        "hail_size_bin": "0.5\"",
        "min_size_inches": 0.5
      }
    },
    {
      "type": "Feature",
      "geometry": {
        "type": "Polygon",
        "coordinates": [
          [
            [
              -109.61791201085714,
              44.74792886428571
            ],
            [
              -109.61791201085714,
              44.73793172171428
            ],
            [
              -109.59791486857142,
              44.73793172171428
            ],
            [
              -109.59791486857142,
              44.727934579142854
            ],
            [
              -109.58791629742858,
              44.727934579142854
            ],
            [
              -109.58791629742858,
              44.707940294
            ],
            [
              -109.57791772628572,
              44.707940294
            ],
            [
              -109.57791772628572,
              44.68794600885714
            ],
            [
              -109.64790772428572,
              44.68794600885714
            ],
            [
              -109.64790772428572,
              44.69794315142857
            ],
            [
              -109.66790486657143,
              44.69794315142857
            ],
            [
              -109.66790486657143,
              44.707940294
            ],
            [
              -109.67790343771429,
              44.707940294
            ],
            [
              -109.67790343771429,
              44.717937436571425
            ],
            [
              -109.66790486657143,
              44.717937436571425
            ],
            [
              -109.66790486657143,
              44.727934579142854
            ],
            [
              -109.67790343771429,
              44.727934579142854
            ],
            [
              -109.67790343771429,
              44.73793172171428
            ],
            [
              -109.66790486657143,
              44.73793172171428
            ],
            [
              -109.66790486657143,
              44.74792886428571
            ],
            [
              -109.67790343771429,
              44.74792886428571
            ],
            [
              -109.67790343771429,
              44.76792314942857
            ],
            [
              -109.66790486657143,
              44.76792314942857
            ],
            [
              -109.66790486657143,
              44.777920292
            ],
            [
              -109.627910582,
              44.777920292
            ],
            [
              -109.627910582,
              44.76792314942857
            ],
            [
              -109.59791486857142,
              44.76792314942857
            ],
            [
              -109.59791486857142,
              44.75792600685714
            ],
            [
              -109.60791343971428,
              44.75792600685714
            ],
            [
              -109.60791343971428,
              44.74792886428571
            ],
            [
              -109.61791201085714,
              44.74792886428571
            ]
          ],
          [
            [
              -109.64790772428572,
              44.74792886428571
            ],
            [
              -109.65790629542857,
              44.74792886428571
            ],
            [
              -109.65790629542857,
              44.73793172171428
            ],
            [
              -109.64790772428572,
              44.73793172171428
            ],
            [
              -109.64790772428572,
              44.74792886428571
            ]
          ]
        ]
      },
      "properties": {
        "hail_size_bin": "0.5\"",
        "min_size_inches": 0.5
      }
    },
    {
      "type": "Feature",
      "geometry": {
        "type": "Polygon",
        "coordinates": [
          [
            [
              -110.43779484457143,
              45.247785992857146
            ],
            [
              -110.42779627342857,
              45.247785992857146
            ],
            [
              -110.42779627342857,
              45.23778885028571
            ],
            [
              -110.40779913114287,
              45.23778885028571
            ],
            [
              -110.40779913114287,
              45.197800279999996
            ],
            [
              -110.39780056000001,
              45.197800279999996
            ],
            [
              -110.39780056000001,
              45.187803137428574
            ],
            [
              -110.42779627342857,
              45.187803137428574
            ],
            [
              -110.42779627342857,
              45.17780599485714
            ],
            [
              -110.44779341571429,
              45.17780599485714
            ],
            [
              -110.44779341571429,
              45.16780885228572
            ],
            [
              -110.467790558,
              45.16780885228572
            ],
            [
              -110.467790558,
              45.17780599485714
            ],
            [
              -110.47778912914286,
              45.17780599485714
            ],
            [
              -110.47778912914286,
              45.187803137428574
            ],
            [
              -110.48778770028572,
              45.187803137428574
            ],
            [
              -110.48778770028572,
              45.197800279999996
            ],
            [
              -110.49778627142857,
              45.197800279999996
            ],
            [
              -110.49778627142857,
              45.20779742257143
            ],
            [
              -110.51778341371428,
              45.20779742257143
            ],
            [
              -110.51778341371428,
              45.21779456514285
            ],
            [
              -110.52778198485714,
              45.21779456514285
            ],
            [
              -110.52778198485714,
              45.23778885028571
            ],
            [
              -110.51778341371428,
              45.23778885028571
            ],
            [
              -110.51778341371428,
              45.247785992857146
            ],
            [
              -110.537780556,
              45.247785992857146
            ],
            [
              -110.537780556,
              45.25778313542857
            ],
            [
              -110.56777626942858,
              45.25778313542857
            ],
            [
              -110.56777626942858,
              45.267780278
            ],
            [
              -110.537780556,
              45.267780278
            ],
            [
              -110.537780556,
              45.277777420571425
            ],
            [
              -110.50778484257143,
              45.277777420571425
            ],
            [
              -110.50778484257143,
              45.267780278
            ],
            [
              -110.48778770028572,
              45.267780278
            ],
            [
              -110.48778770028572,
              45.277777420571425
            ],
            [
              -110.467790558,
              45.277777420571425
            ],
            [
              -110.467790558,
              45.25778313542857
            ],
            [
              -110.43779484457143,
              45.25778313542857
            ],
            [
              -110.43779484457143,
              45.247785992857146
            ]
          ],
          [
            [
              -110.52778198485714,
              45.267780278
            ],
            [
              -110.52778198485714,
              45.25778313542857
            ],
            [
              -110.51778341371428,
              45.25778313542857
            ],
            [
              -110.51778341371428,
              45.267780278
            ],
            [
              -110.52778198485714,
              45.267780278
            ]
          ]
        ]
      },
      "properties": {
        "hail_size_bin": "0.5\"",
        "min_size_inches": 0.5
      }
    },
    {
      "type": "Feature",
      "geometry": {
        "type": "Polygon",
        "coordinates": [
          [
            [
              -110.33780913314285,
              45.55769741257143
            ],
            [
              -110.29781484857143,
              45.55769741257143
            ],
            [
              -110.29781484857143,
              45.52770598485714
            ],
            [
              -110.31781199085714,
              45.52770598485714
            ],
            [
              -110.31781199085714,
              45.517708842285714
            ],
            [
              -110.327810562,
              45.517708842285714
            ],
            [
              -110.327810562,
              45.53770312742857
            ],
            [
              -110.33780913314285,
              45.53770312742857
            ],
            [
              -110.33780913314285,
              45.55769741257143
            ]
          ]
        ]
      },
      "properties": {
        "hail_size_bin": "0.5\"",
        "min_size_inches": 0.5
      }
    },
    {
      "type": "Feature",
      "geometry": {
        "type": "Polygon",
        "coordinates": [
          [
            [
              -108.03813777028572,
              45.71765169371429
            ],
            [
              -108.03813777028572,
              45.72764883628571
            ],
            [
              -108.04813634142857,
              45.72764883628571
            ],
            [
              -108.04813634142857,
              45.71765169371429
            ],
            [
              -108.05813491257143,
              45.71765169371429
            ],
            [
              -108.05813491257143,
              45.69765740857143
            ],
            [
              -108.07813205485715,
              45.69765740857143
            ],
            [
              -108.07813205485715,
              45.70765455114285
            ],
            [
              -108.10812776828571,
              45.70765455114285
            ],
            [
              -108.10812776828571,
              45.72764883628571
            ],
            [
              -108.11812633942857,
              45.72764883628571
            ],
            [
              -108.11812633942857,
              45.74764312142857
            ],
            [
              -108.10812776828571,
              45.74764312142857
            ],
            [
              -108.10812776828571,
              45.757640264
            ],
            [
              -108.09812919714287,
              45.757640264
            ],
            [
              -108.09812919714287,
              45.77763454914286
            ],
            [
              -108.08813062600001,
              45.77763454914286
            ],
            [
              -108.08813062600001,
              45.78763169171428
            ],
            [
              -108.07813205485715,
              45.78763169171428
            ],
            [
              -108.07813205485715,
              45.77763454914286
            ],
            [
              -108.06813348371429,
              45.77763454914286
            ],
            [
              -108.06813348371429,
              45.78763169171428
            ],
            [
              -108.05813491257143,
              45.78763169171428
            ],
            [
              -108.05813491257143,
              45.79762883428572
            ],
            [
              -108.06813348371429,
              45.79762883428572
            ],
            [
              -108.06813348371429,
              45.80762597685714
            ],
            [
              -108.05813491257143,
              45.80762597685714
            ],
            [
              -108.05813491257143,
              45.81762311942857
            ],
            [
              -108.06813348371429,
              45.81762311942857
            ],
            [
              -108.06813348371429,
              45.827620261999996
            ],
            [
              -108.04813634142857,
              45.827620261999996
            ],
            [
              -108.04813634142857,
              45.81762311942857
            ],
            [
              -107.99814348571428,
              45.81762311942857
            ],
            [
              -107.99814348571428,
              45.837617404571425
            ],
            [
              -108.00814205685714,
              45.837617404571425
            ],
            [
              -108.00814205685714,
              45.847614547142854
            ],
            [
              -107.94815063,
              45.847614547142854
            ],
            [
              -107.94815063,
              45.85761168971428
            ],
            [
              -107.97814634342858,
              45.85761168971428
            ],
            [
              -107.97814634342858,
              45.86760883228571
            ],
            [
              -107.96814777228572,
              45.86760883228571
            ],
            [
              -107.96814777228572,
              45.87760597485714
            ],
            [
              -107.95814920114286,
              45.87760597485714
            ],
            [
              -107.95814920114286,
              45.88760311742857
            ],
            [
              -107.94815063,
              45.88760311742857
            ],
            [
              -107.94815063,
              45.89760026
            ],
            [
              -107.91815491657144,
              45.89760026
            ],
            [
              -107.91815491657144,
              45.907597402571426
            ],
            [
              -107.93815205885714,
              45.907597402571426
            ],
            [
              -107.93815205885714,
              45.92759168771428
            ],
            [
              -107.90815634542858,
              45.92759168771428
            ],
            [
              -107.90815634542858,
              45.93758883028571
            ],
            [
              -107.89815777428572,
              45.93758883028571
            ],
            [
              -107.89815777428572,
              45.94758597285714
            ],
            [
              -107.88815920314286,
              45.94758597285714
            ],
            [
              -107.88815920314286,
              45.93758883028571
            ],
            [
              -107.878160632,
              45.93758883028571
            ],
            [
              -107.878160632,
              45.92759168771428
            ],
            [
              -107.86816206085714,
              45.92759168771428
            ],
            [
              -107.86816206085714,
              45.93758883028571
            ],
            [
              -107.85816348971429,
              45.93758883028571
            ],
            [
              -107.85816348971429,
              45.92759168771428
            ],
            [
              -107.84816491857143,
              45.92759168771428
            ],
            [
              -107.84816491857143,
              45.94758597285714
            ],
            [
              -107.85816348971429,
              45.94758597285714
            ],
            [
              -107.85816348971429,
              45.95758311542857
            ],
            [
              -107.86816206085714,
              45.95758311542857
            ],
            [
              -107.86816206085714,
              45.97757740057143
            ],
            [
              -107.85816348971429,
              45.97757740057143
            ],
            [
              -107.85816348971429,
              45.987574543142856
            ],
            [
              -107.83816634742857,
              45.987574543142856
            ],
            [
              -107.83816634742857,
              45.97757740057143
            ],
            [
              -107.79817206285715,
              45.97757740057143
            ],
            [
              -107.79817206285715,
              45.987574543142856
            ],
            [
              -107.78817349171429,
              45.987574543142856
            ],
            [
              -107.78817349171429,
              45.997571685714284
            ],
            [
              -107.79817206285715,
              45.997571685714284
            ],
            [
              -107.79817206285715,
              46.01756597085714
            ],
            [
              -107.78817349171429,
              46.01756597085714
            ],
            [
              -107.78817349171429,
              46.00756882828571
            ],
            [
              -107.73818063600001,
              46.00756882828571
            ],
            [
              -107.73818063600001,
              46.01756597085714
            ],
            [
              -107.71818349371429,
              46.01756597085714
            ],
            [
              -107.71818349371429,
              46.02756311342857
            ],
            [
              -107.70818492257143,
              46.02756311342857
            ],
            [
              -107.70818492257143,
              46.01756597085714
            ],
            [
              -107.67818920914286,
              46.01756597085714
            ],
            [
              -107.67818920914286,
              46.00756882828571
            ],
            [
              -107.64819349571428,
              46.00756882828571
            ],
            [
              -107.64819349571428,
              46.01756597085714
            ],
            [
              -107.65819206685714,
              46.01756597085714
            ],
            [
              -107.65819206685714,
              46.02756311342857
            ],
            [
              -107.67818920914286,
              46.02756311342857
            ],
            [
              -107.67818920914286,
              46.037560256
            ],
            [
              -107.668190638,
              46.037560256
            ],
            [
              -107.668190638,
              46.04755739857143
            ],
            [
              -107.62819635342858,
              46.04755739857143
            ],
            [
              -107.62819635342858,
              46.057554541142856
            ],
            [
              -107.60819921114286,
              46.057554541142856
            ],
            [
              -107.60819921114286,
              46.04755739857143
            ],
            [
              -107.55820635542858,
              46.04755739857143
            ],
            [
              -107.55820635542858,
              46.037560256
            ],
            [
              -107.54820778428572,
              46.037560256
            ],
            [
              -107.54820778428572,
              46.04755739857143
            ],
            [
              -107.53820921314286,
              46.04755739857143
            ],
            [
              -107.53820921314286,
              46.037560256
            ],
            [
              -107.528210642,
              46.037560256
            ],
            [
              -107.528210642,
              46.02756311342857
            ],
            [
              -107.51821207085715,
              46.02756311342857
            ],
            [
              -107.51821207085715,
              46.01756597085714
            ],
            [
              -107.528210642,
              46.01756597085714
            ],
            [
              -107.528210642,
              45.997571685714284
            ],
            [
              -107.53820921314286,
              45.997571685714284
            ],
            [
              -107.53820921314286,
              45.987574543142856
            ],
            [
              -107.54820778428572,
              45.987574543142856
            ],
            [
              -107.54820778428572,
              45.997571685714284
            ],
            [
              -107.55820635542858,
              45.997571685714284
            ],
            [
              -107.55820635542858,
              46.00756882828571
            ],
            [
              -107.57820349771428,
              46.00756882828571
            ],
            [
              -107.57820349771428,
              45.997571685714284
            ],
            [
              -107.56820492657143,
              45.997571685714284
            ],
            [
              -107.56820492657143,
              45.987574543142856
            ],
            [
              -107.55820635542858,
              45.987574543142856
            ],
            [
              -107.55820635542858,
              45.97757740057143
            ],
            [
              -107.54820778428572,
              45.97757740057143
            ],
            [
              -107.54820778428572,
              45.93758883028571
            ],
            [
              -107.55820635542858,
              45.93758883028571
            ],
            [
              -107.55820635542858,
              45.92759168771428
            ],
            [
              -107.56820492657143,
              45.92759168771428
            ],
            [
              -107.56820492657143,
              45.917594545142855
            ],
            [
              -107.59820064,
              45.917594545142855
            ],
            [
              -107.59820064,
              45.907597402571426
            ],
            [
              -107.61819778228572,
              45.907597402571426
            ],
            [
              -107.61819778228572,
              45.89760026
            ],
            [
              -107.62819635342858,
              45.89760026
            ],
            [
              -107.62819635342858,
              45.88760311742857
            ],
            [
              -107.63819492457142,
              45.88760311742857
            ],
            [
              -107.63819492457142,
              45.87760597485714
            ],
            [
              -107.668190638,
              45.87760597485714
            ],
            [
              -107.668190638,
              45.86760883228571
            ],
            [
              -107.65819206685714,
              45.86760883228571
            ],
            [
              -107.65819206685714,
              45.85761168971428
            ],
            [
              -107.71818349371429,
              45.85761168971428
            ],
            [
              -107.71818349371429,
              45.86760883228571
            ],
            [
              -107.72818206485715,
              45.86760883228571
            ],
            [
              -107.72818206485715,
              45.837617404571425
            ],
            [
              -107.73818063600001,
              45.837617404571425
            ],
            [
              -107.73818063600001,
              45.827620261999996
            ],
            [
              -107.75817777828571,
              45.827620261999996
            ],
            [
              -107.75817777828571,
              45.837617404571425
            ],
            [
              -107.77817492057143,
              45.837617404571425
            ],
            [
              -107.77817492057143,
              45.847614547142854
            ],
            [
              -107.808170634,
              45.847614547142854
            ],
            [
              -107.808170634,
              45.81762311942857
            ],
            [
              -107.83816634742857,
              45.81762311942857
            ],
            [
              -107.83816634742857,
              45.80762597685714
            ],
            [
              -107.85816348971429,
              45.80762597685714
            ],
            [
              -107.85816348971429,
              45.81762311942857
            ],
            [
              -107.86816206085714,
              45.81762311942857
            ],
            [
              -107.86816206085714,
              45.78763169171428
            ],
            [
              -107.88815920314286,
              45.78763169171428
            ],
            [
              -107.88815920314286,
              45.77763454914286
            ],
            [
              -107.90815634542858,
              45.77763454914286
            ],
            [
              -107.90815634542858,
              45.79762883428572
            ],
            [
              -107.92815348771428,
              45.79762883428572
            ],
            [
              -107.92815348771428,
              45.757640264
            ],
            [
              -107.91815491657144,
              45.757640264
            ],
            [
              -107.91815491657144,
              45.74764312142857
            ],
            [
              -107.90815634542858,
              45.74764312142857
            ],
            [
              -107.90815634542858,
              45.72764883628571
            ],
            [
              -107.91815491657144,
              45.72764883628571
            ],
            [
              -107.91815491657144,
              45.71765169371429
            ],
            [
              -107.92815348771428,
              45.71765169371429
            ],
            [
              -107.92815348771428,
              45.72764883628571
            ],
            [
              -107.95814920114286,
              45.72764883628571
            ],
            [
              -107.95814920114286,
              45.74764312142857
            ],
            [
              -107.97814634342858,
              45.74764312142857
            ],
            [
              -107.97814634342858,
              45.757640264
            ],
            [
              -107.98814491457144,
              45.757640264
            ],
            [
              -107.98814491457144,
              45.74764312142857
            ],
            [
              -107.99814348571428,
              45.74764312142857
            ],
            [
              -107.99814348571428,
              45.757640264
            ],
            [
              -108.018140628,
              45.757640264
            ],
            [
              -108.018140628,
              45.74764312142857
            ],
            [
              -108.00814205685714,
              45.74764312142857
            ],
            [
              -108.00814205685714,
              45.737645978857145
            ],
            [
              -107.97814634342858,
              45.737645978857145
            ],
            [
              -107.97814634342858,
              45.70765455114285
            ],
            [
              -107.99814348571428,
              45.70765455114285
            ],
            [
              -107.99814348571428,
              45.71765169371429
            ],
            [
              -108.03813777028572,
              45.71765169371429
            ]
          ],
          [
            [
              -108.018140628,
              45.767637406571424
            ],
            [
              -108.02813919914286,
              45.767637406571424
            ],
            [
              -108.02813919914286,
              45.757640264
            ],
            [
              -108.018140628,
              45.757640264
            ],
            [
              -108.018140628,
              45.767637406571424
            ]
          ],
          [
            [
              -107.63819492457142,
              46.02756311342857
            ],
            [
              -107.63819492457142,
              46.01756597085714
            ],
            [
              -107.61819778228572,
              46.01756597085714
            ],
            [
              -107.61819778228572,
              46.02756311342857
            ],
            [
              -107.63819492457142,
              46.02756311342857
            ]
          ],
          [
            [
              -107.59820064,
              46.01756597085714
            ],
            [
              -107.59820064,
              46.00756882828571
            ],
            [
              -107.58820206885714,
              46.00756882828571
            ],
            [
              -107.58820206885714,
              46.01756597085714
            ],
            [
              -107.59820064,
              46.01756597085714
            ]
          ],
          [
            [
              -107.90815634542858,
              45.907597402571426
            ],
            [
              -107.90815634542858,
              45.89760026
            ],
            [
              -107.89815777428572,
              45.89760026
            ],
            [
              -107.89815777428572,
              45.907597402571426
            ],
            [
              -107.90815634542858,
              45.907597402571426
            ]
          ],
          [
            [
              -107.90815634542858,
              45.837617404571425
            ],
            [
              -107.90815634542858,
              45.827620261999996
            ],
            [
              -107.89815777428572,
              45.827620261999996
            ],
            [
              -107.89815777428572,
              45.837617404571425
            ],
            [
              -107.90815634542858,
              45.837617404571425
            ]
          ]
        ]
      },
      "properties": {
        "hail_size_bin": "0.5\"",
        "min_size_inches": 0.5
      }
    },
    {
      "type": "Feature",
      "geometry": {
        "type": "Polygon",
        "coordinates": [
          [
            [
              -109.91786914514286,
              45.97757740057143
            ],
            [
              -109.95786342971428,
              45.97757740057143
            ],
            [
              -109.95786342971428,
              45.997571685714284
            ],
            [
              -109.96786200085714,
              45.997571685714284
            ],
            [
              -109.96786200085714,
              46.02756311342857
            ],
            [
              -109.977860572,
              46.02756311342857
            ],
            [
              -109.977860572,
              46.037560256
            ],
            [
              -109.96786200085714,
              46.037560256
            ],
            [
              -109.96786200085714,
              46.04755739857143
            ],
            [
              -109.92786771628572,
              46.04755739857143
            ],
            [
              -109.92786771628572,
              46.037560256
            ],
            [
              -109.907870574,
              46.037560256
            ],
            [
              -109.907870574,
              46.01756597085714
            ],
            [
              -109.89787200285714,
              46.01756597085714
            ],
            [
              -109.89787200285714,
              45.987574543142856
            ],
            [
              -109.91786914514286,
              45.987574543142856
            ],
            [
              -109.91786914514286,
              45.97757740057143
            ]
          ]
        ]
      },
      "properties": {
        "hail_size_bin": "0.5\"",
        "min_size_inches": 0.5
      }
    },
    {
      "type": "Feature",
      "geometry": {
        "type": "Polygon",
        "coordinates": [
          [
            [
              -108.06813348371429,
              46.08754596885714
            ],
            [
              -108.07813205485715,
              46.08754596885714
            ],
            [
              -108.07813205485715,
              46.067551683714285
            ],
            [
              -108.10812776828571,
              46.067551683714285
            ],
            [
              -108.10812776828571,
              46.04755739857143
            ],
            [
              -108.13812348171429,
              46.04755739857143
            ],
            [
              -108.13812348171429,
              46.02756311342857
            ],
            [
              -108.17811776628571,
              46.02756311342857
            ],
            [
              -108.17811776628571,
              46.01756597085714
            ],
            [
              -108.24810776428572,
              46.01756597085714
            ],
            [
              -108.24810776428572,
              46.00756882828571
            ],
            [
              -108.25810633542858,
              46.00756882828571
            ],
            [
              -108.25810633542858,
              46.01756597085714
            ],
            [
              -108.2781034777143,
              46.01756597085714
            ],
            [
              -108.2781034777143,
              46.02756311342857
            ],
            [
              -108.28810204885714,
              46.02756311342857
            ],
            [
              -108.28810204885714,
              46.04755739857143
            ],
            [
              -108.29810062,
              46.04755739857143
            ],
            [
              -108.29810062,
              46.067551683714285
            ],
            [
              -108.28810204885714,
              46.067551683714285
            ],
            [
              -108.28810204885714,
              46.077548826285714
            ],
            [
              -108.2781034777143,
              46.077548826285714
            ],
            [
              -108.2781034777143,
              46.09754311142857
            ],
            [
              -108.26810490657144,
              46.09754311142857
            ],
            [
              -108.26810490657144,
              46.107540254
            ],
            [
              -108.25810633542858,
              46.107540254
            ],
            [
              -108.25810633542858,
              46.11753739657143
            ],
            [
              -108.16811919514286,
              46.11753739657143
            ],
            [
              -108.16811919514286,
              46.107540254
            ],
            [
              -108.14812205285715,
              46.107540254
            ],
            [
              -108.14812205285715,
              46.11753739657143
            ],
            [
              -108.12812491057143,
              46.11753739657143
            ],
            [
              -108.12812491057143,
              46.12753453914286
            ],
            [
              -108.10812776828571,
              46.12753453914286
            ],
            [
              -108.10812776828571,
              46.11753739657143
            ],
            [
              -108.09812919714287,
              46.11753739657143
            ],
            [
              -108.09812919714287,
              46.107540254
            ],
            [
              -108.08813062600001,
              46.107540254
            ],
            [
              -108.08813062600001,
              46.09754311142857
            ],
            [
              -108.06813348371429,
              46.09754311142857
            ],
            [
              -108.06813348371429,
              46.08754596885714
            ]
          ]
        ]
      },
      "properties": {
        "hail_size_bin": "0.5\"",
        "min_size_inches": 0.5
      }
    },
    {
      "type": "Feature",
      "geometry": {
        "type": "Polygon",
        "coordinates": [
          [
            [
              -110.22782485057144,
              46.11753739657143
            ],
            [
              -110.2378234217143,
              46.11753739657143
            ],
            [
              -110.2378234217143,
              46.107540254
            ],
            [
              -110.28781627742858,
              46.107540254
            ],
            [
              -110.28781627742858,
              46.11753739657143
            ],
            [
              -110.27781770628572,
              46.11753739657143
            ],
            [
              -110.27781770628572,
              46.137531681714286
            ],
            [
              -110.26781913514286,
              46.137531681714286
            ],
            [
              -110.26781913514286,
              46.12753453914286
            ],
            [
              -110.257820564,
              46.12753453914286
            ],
            [
              -110.257820564,
              46.137531681714286
            ],
            [
              -110.2378234217143,
              46.137531681714286
            ],
            [
              -110.2378234217143,
              46.12753453914286
            ],
            [
              -110.22782485057144,
              46.12753453914286
            ],
            [
              -110.22782485057144,
              46.11753739657143
            ]
          ]
        ]
      },
      "properties": {
        "hail_size_bin": "0.5\"",
        "min_size_inches": 0.5
      }
    },
    {
      "type": "Feature",
      "geometry": {
        "type": "Polygon",
        "coordinates": [
          [
            [
              -110.03785199885715,
              46.18751739457143
            ],
            [
              -110.05784914114287,
              46.18751739457143
            ],
            [
              -110.05784914114287,
              46.177520252
            ],
            [
              -110.06784771228571,
              46.177520252
            ],
            [
              -110.06784771228571,
              46.16752310942857
            ],
            [
              -110.07784628342857,
              46.16752310942857
            ],
            [
              -110.07784628342857,
              46.177520252
            ],
            [
              -110.09784342571429,
              46.177520252
            ],
            [
              -110.09784342571429,
              46.18751739457143
            ],
            [
              -110.08784485457143,
              46.18751739457143
            ],
            [
              -110.08784485457143,
              46.19751453714286
            ],
            [
              -110.09784342571429,
              46.19751453714286
            ],
            [
              -110.09784342571429,
              46.20751167971429
            ],
            [
              -110.08784485457143,
              46.20751167971429
            ],
            [
              -110.08784485457143,
              46.217508822285716
            ],
            [
              -110.06784771228571,
              46.217508822285716
            ],
            [
              -110.06784771228571,
              46.20751167971429
            ],
            [
              -110.05784914114287,
              46.20751167971429
            ],
            [
              -110.05784914114287,
              46.217508822285716
            ],
            [
              -110.04785057000001,
              46.217508822285716
            ],
            [
              -110.04785057000001,
              46.20751167971429
            ],
            [
              -110.03785199885715,
              46.20751167971429
            ],
            [
              -110.03785199885715,
              46.18751739457143
            ]
          ]
        ]
      },
      "properties": {
        "hail_size_bin": "0.5\"",
        "min_size_inches": 0.5
      }
    },
    {
      "type": "Feature",
      "geometry": {
        "type": "Polygon",
        "coordinates": [
          [
            [
              -109.93786628742858,
              46.237503107428566
            ],
            [
              -109.92786771628572,
              46.237503107428566
            ],
            [
              -109.92786771628572,
              46.227505964857144
            ],
            [
              -109.91786914514286,
              46.227505964857144
            ],
            [
              -109.91786914514286,
              46.237503107428566
            ],
            [
              -109.86787628942858,
              46.237503107428566
            ],
            [
              -109.86787628942858,
              46.227505964857144
            ],
            [
              -109.84787914714286,
              46.227505964857144
            ],
            [
              -109.84787914714286,
              46.217508822285716
            ],
            [
              -109.82788200485714,
              46.217508822285716
            ],
            [
              -109.82788200485714,
              46.20751167971429
            ],
            [
              -109.81788343371429,
              46.20751167971429
            ],
            [
              -109.81788343371429,
              46.19751453714286
            ],
            [
              -109.82788200485714,
              46.19751453714286
            ],
            [
              -109.82788200485714,
              46.177520252
            ],
            [
              -109.837880576,
              46.177520252
            ],
            [
              -109.837880576,
              46.16752310942857
            ],
            [
              -109.84787914714286,
              46.16752310942857
            ],
            [
              -109.84787914714286,
              46.15752596685714
            ],
            [
              -109.88787343171428,
              46.15752596685714
            ],
            [
              -109.88787343171428,
              46.147528824285715
            ],
            [
              -109.89787200285714,
              46.147528824285715
            ],
            [
              -109.89787200285714,
              46.15752596685714
            ],
            [
              -109.93786628742858,
              46.15752596685714
            ],
            [
              -109.93786628742858,
              46.16752310942857
            ],
            [
              -109.96786200085714,
              46.16752310942857
            ],
            [
              -109.96786200085714,
              46.177520252
            ],
            [
              -109.95786342971428,
              46.177520252
            ],
            [
              -109.95786342971428,
              46.18751739457143
            ],
            [
              -109.96786200085714,
              46.18751739457143
            ],
            [
              -109.96786200085714,
              46.19751453714286
            ],
            [
              -109.977860572,
              46.19751453714286
            ],
            [
              -109.977860572,
              46.20751167971429
            ],
            [
              -109.99785771428571,
              46.20751167971429
            ],
            [
              -109.99785771428571,
              46.217508822285716
            ],
            [
              -110.01785485657143,
              46.217508822285716
            ],
            [
              -110.01785485657143,
              46.227505964857144
            ],
            [
              -110.00785628542857,
              46.227505964857144
            ],
            [
              -110.00785628542857,
              46.237503107428566
            ],
            [
              -110.01785485657143,
              46.237503107428566
            ],
            [
              -110.01785485657143,
              46.24750025
            ],
            [
              -110.02785342771429,
              46.24750025
            ],
            [
              -110.02785342771429,
              46.25749739257142
            ],
            [
              -109.99785771428571,
              46.25749739257142
            ],
            [
              -109.99785771428571,
              46.24750025
            ],
            [
              -109.96786200085714,
              46.24750025
            ],
            [
              -109.96786200085714,
              46.237503107428566
            ],
            [
              -109.95786342971428,
              46.237503107428566
            ],
            [
              -109.95786342971428,
              46.227505964857144
            ],
            [
              -109.93786628742858,
              46.227505964857144
            ],
            [
              -109.93786628742858,
              46.237503107428566
            ]
          ],
          [
            [
              -109.94786485857144,
              46.217508822285716
            ],
            [
              -109.94786485857144,
              46.20751167971429
            ],
            [
              -109.93786628742858,
              46.20751167971429
            ],
            [
              -109.93786628742858,
              46.217508822285716
            ],
            [
              -109.94786485857144,
              46.217508822285716
            ]
          ]
        ]
      },
      "properties": {
        "hail_size_bin": "0.5\"",
        "min_size_inches": 0.5
      }
    },
    {
      "type": "Feature",
      "geometry": {
        "type": "Polygon",
        "coordinates": [
          [
            [
              -109.57791772628572,
              46.227505964857144
            ],
            [
              -109.52792487057144,
              46.227505964857144
            ],
            [
              -109.52792487057144,
              46.217508822285716
            ],
            [
              -109.53792344171428,
              46.217508822285716
            ],
            [
              -109.53792344171428,
              46.20751167971429
            ],
            [
              -109.59791486857142,
              46.20751167971429
            ],
            [
              -109.59791486857142,
              46.217508822285716
            ],
            [
              -109.57791772628572,
              46.217508822285716
            ],
            [
              -109.57791772628572,
              46.227505964857144
            ]
          ]
        ]
      },
      "properties": {
        "hail_size_bin": "0.5\"",
        "min_size_inches": 0.5
      }
    },
    {
      "type": "Feature",
      "geometry": {
        "type": "Polygon",
        "coordinates": [
          [
            [
              -109.70789915114285,
              46.25749739257142
            ],
            [
              -109.68790200885715,
              46.25749739257142
            ],
            [
              -109.68790200885715,
              46.26749453514286
            ],
            [
              -109.67790343771429,
              46.26749453514286
            ],
            [
              -109.67790343771429,
              46.27749167771428
            ],
            [
              -109.63790915314286,
              46.27749167771428
            ],
            [
              -109.63790915314286,
              46.26749453514286
            ],
            [
              -109.64790772428572,
              46.26749453514286
            ],
            [
              -109.64790772428572,
              46.24750025
            ],
            [
              -109.66790486657143,
              46.24750025
            ],
            [
              -109.66790486657143,
              46.237503107428566
            ],
            [
              -109.70789915114285,
              46.237503107428566
            ],
            [
              -109.70789915114285,
              46.25749739257142
            ]
          ]
        ]
      },
      "properties": {
        "hail_size_bin": "0.5\"",
        "min_size_inches": 0.5
      }
    },
    {
      "type": "Feature",
      "geometry": {
        "type": "Polygon",
        "coordinates": [
          [
            [
              -107.95814920114286,
              46.29748596285714
            ],
            [
              -108.018140628,
              46.29748596285714
            ],
            [
              -108.018140628,
              46.307483105428574
            ],
            [
              -108.00814205685714,
              46.307483105428574
            ],
            [
              -108.00814205685714,
              46.32747739057143
            ],
            [
              -107.99814348571428,
              46.32747739057143
            ],
            [
              -107.99814348571428,
              46.33747453314285
            ],
            [
              -107.98814491457144,
              46.33747453314285
            ],
            [
              -107.98814491457144,
              46.32747739057143
            ],
            [
              -107.97814634342858,
              46.32747739057143
            ],
            [
              -107.97814634342858,
              46.317480247999995
            ],
            [
              -107.96814777228572,
              46.317480247999995
            ],
            [
              -107.96814777228572,
              46.307483105428574
            ],
            [
              -107.95814920114286,
              46.307483105428574
            ],
            [
              -107.95814920114286,
              46.29748596285714
            ]
          ]
        ]
      },
      "properties": {
        "hail_size_bin": "0.5\"",
        "min_size_inches": 0.5
      }
    },
    {
      "type": "Feature",
      "geometry": {
        "type": "Polygon",
        "coordinates": [
          [
            [
              -111.03770911314285,
              46.387460245999996
            ],
            [
              -111.04770768428571,
              46.387460245999996
            ],
            [
              -111.04770768428571,
              46.397457388571425
            ],
            [
              -111.05770625542857,
              46.397457388571425
            ],
            [
              -111.05770625542857,
              46.407454531142854
            ],
            [
              -111.04770768428571,
              46.407454531142854
            ],
            [
              -111.04770768428571,
              46.41745167371428
            ],
            [
              -111.027710542,
              46.41745167371428
            ],
            [
              -111.027710542,
              46.42744881628571
            ],
            [
              -110.99771482857143,
              46.42744881628571
            ],
            [
              -110.99771482857143,
              46.41745167371428
            ],
            [
              -111.00771339971429,
              46.41745167371428
            ],
            [
              -111.00771339971429,
              46.407454531142854
            ],
            [
              -111.01771197085715,
              46.407454531142854
            ],
            [
              -111.01771197085715,
              46.397457388571425
            ],
            [
              -111.03770911314285,
              46.397457388571425
            ],
            [
              -111.03770911314285,
              46.387460245999996
            ]
          ]
        ]
      },
      "properties": {
        "hail_size_bin": "0.5\"",
        "min_size_inches": 0.5
      }
    },
    {
      "type": "Feature",
      "geometry": {
        "type": "Polygon",
        "coordinates": [
          [
            [
              -109.93786628742858,
              46.41745167371428
            ],
            [
              -109.94786485857144,
              46.41745167371428
            ],
            [
              -109.94786485857144,
              46.42744881628571
            ],
            [
              -109.95786342971428,
              46.42744881628571
            ],
            [
              -109.95786342971428,
              46.43744595885714
            ],
            [
              -109.94786485857144,
              46.43744595885714
            ],
            [
              -109.94786485857144,
              46.44744310142857
            ],
            [
              -109.93786628742858,
              46.44744310142857
            ],
            [
              -109.93786628742858,
              46.457440244
            ],
            [
              -109.94786485857144,
              46.457440244
            ],
            [
              -109.94786485857144,
              46.467437386571426
            ],
            [
              -109.92786771628572,
              46.467437386571426
            ],
            [
              -109.92786771628572,
              46.477434529142855
            ],
            [
              -109.907870574,
              46.477434529142855
            ],
            [
              -109.907870574,
              46.457440244
            ],
            [
              -109.91786914514286,
              46.457440244
            ],
            [
              -109.91786914514286,
              46.44744310142857
            ],
            [
              -109.92786771628572,
              46.44744310142857
            ],
            [
              -109.92786771628572,
              46.42744881628571
            ],
            [
              -109.93786628742858,
              46.42744881628571
            ],
            [
              -109.93786628742858,
              46.41745167371428
            ]
          ]
        ]
      },
      "properties": {
        "hail_size_bin": "0.5\"",
        "min_size_inches": 0.5
      }
    },
    {
      "type": "Feature",
      "geometry": {
        "type": "Polygon",
        "coordinates": [
          [
            [
              -109.69790058000001,
              46.43744595885714
            ],
            [
              -109.70789915114285,
              46.43744595885714
            ],
            [
              -109.70789915114285,
              46.44744310142857
            ],
            [
              -109.69790058000001,
              46.44744310142857
            ],
            [
              -109.69790058000001,
              46.467437386571426
            ],
            [
              -109.67790343771429,
              46.467437386571426
            ],
            [
              -109.67790343771429,
              46.477434529142855
            ],
            [
              -109.64790772428572,
              46.477434529142855
            ],
            [
              -109.64790772428572,
              46.457440244
            ],
            [
              -109.66790486657143,
              46.457440244
            ],
            [
              -109.66790486657143,
              46.44744310142857
            ],
            [
              -109.67790343771429,
              46.44744310142857
            ],
            [
              -109.67790343771429,
              46.42744881628571
            ],
            [
              -109.69790058000001,
              46.42744881628571
            ],
            [
              -109.69790058000001,
              46.43744595885714
            ]
          ]
        ]
      },
      "properties": {
        "hail_size_bin": "0.5\"",
        "min_size_inches": 0.5
      }
    },
    {
      "type": "Feature",
      "geometry": {
        "type": "Polygon",
        "coordinates": [
          [
            [
              -107.63819492457142,
              46.51742309942857
            ],
            [
              -107.63819492457142,
              46.50742595685714
            ],
            [
              -107.64819349571428,
              46.50742595685714
            ],
            [
              -107.64819349571428,
              46.51742309942857
            ],
            [
              -107.668190638,
              46.51742309942857
            ],
            [
              -107.668190638,
              46.50742595685714
            ],
            [
              -107.68818778028572,
              46.50742595685714
            ],
            [
              -107.68818778028572,
              46.49742881428571
            ],
            [
              -107.69818635142857,
              46.49742881428571
            ],
            [
              -107.69818635142857,
              46.50742595685714
            ],
            [
              -107.71818349371429,
              46.50742595685714
            ],
            [
              -107.71818349371429,
              46.49742881428571
            ],
            [
              -107.72818206485715,
              46.49742881428571
            ],
            [
              -107.72818206485715,
              46.477434529142855
            ],
            [
              -107.73818063600001,
              46.477434529142855
            ],
            [
              -107.73818063600001,
              46.467437386571426
            ],
            [
              -107.77817492057143,
              46.467437386571426
            ],
            [
              -107.77817492057143,
              46.457440244
            ],
            [
              -107.78817349171429,
              46.457440244
            ],
            [
              -107.78817349171429,
              46.467437386571426
            ],
            [
              -107.79817206285715,
              46.467437386571426
            ],
            [
              -107.79817206285715,
              46.477434529142855
            ],
            [
              -107.808170634,
              46.477434529142855
            ],
            [
              -107.808170634,
              46.50742595685714
            ],
            [
              -107.79817206285715,
              46.50742595685714
            ],
            [
              -107.79817206285715,
              46.51742309942857
            ],
            [
              -107.808170634,
              46.51742309942857
            ],
            [
              -107.808170634,
              46.53741738457143
            ],
            [
              -107.81816920514285,
              46.53741738457143
            ],
            [
              -107.81816920514285,
              46.56740881228571
            ],
            [
              -107.808170634,
              46.56740881228571
            ],
            [
              -107.808170634,
              46.57740595485714
            ],
            [
              -107.79817206285715,
              46.57740595485714
            ],
            [
              -107.79817206285715,
              46.56740881228571
            ],
            [
              -107.77817492057143,
              46.56740881228571
            ],
            [
              -107.77817492057143,
              46.57740595485714
            ],
            [
              -107.76817634942857,
              46.57740595485714
            ],
            [
              -107.76817634942857,
              46.58740309742857
            ],
            [
              -107.75817777828571,
              46.58740309742857
            ],
            [
              -107.75817777828571,
              46.59740024
            ],
            [
              -107.72818206485715,
              46.59740024
            ],
            [
              -107.72818206485715,
              46.60739738257143
            ],
            [
              -107.73818063600001,
              46.60739738257143
            ],
            [
              -107.73818063600001,
              46.617394525142856
            ],
            [
              -107.72818206485715,
              46.617394525142856
            ],
            [
              -107.72818206485715,
              46.627391667714285
            ],
            [
              -107.70818492257143,
              46.627391667714285
            ],
            [
              -107.70818492257143,
              46.637388810285714
            ],
            [
              -107.69818635142857,
              46.637388810285714
            ],
            [
              -107.69818635142857,
              46.617394525142856
            ],
            [
              -107.68818778028572,
              46.617394525142856
            ],
            [
              -107.68818778028572,
              46.627391667714285
            ],
            [
              -107.67818920914286,
              46.627391667714285
            ],
            [
              -107.67818920914286,
              46.617394525142856
            ],
            [
              -107.668190638,
              46.617394525142856
            ],
            [
              -107.668190638,
              46.627391667714285
            ],
            [
              -107.65819206685714,
              46.627391667714285
            ],
            [
              -107.65819206685714,
              46.617394525142856
            ],
            [
              -107.64819349571428,
              46.617394525142856
            ],
            [
              -107.64819349571428,
              46.637388810285714
            ],
            [
              -107.62819635342858,
              46.637388810285714
            ],
            [
              -107.62819635342858,
              46.627391667714285
            ],
            [
              -107.60819921114286,
              46.627391667714285
            ],
            [
              -107.60819921114286,
              46.617394525142856
            ],
            [
              -107.59820064,
              46.617394525142856
            ],
            [
              -107.59820064,
              46.60739738257143
            ],
            [
              -107.62819635342858,
              46.60739738257143
            ],
            [
              -107.62819635342858,
              46.59740024
            ],
            [
              -107.61819778228572,
              46.59740024
            ],
            [
              -107.61819778228572,
              46.56740881228571
            ],
            [
              -107.59820064,
              46.56740881228571
            ],
            [
              -107.59820064,
              46.557411669714284
            ],
            [
              -107.58820206885714,
              46.557411669714284
            ],
            [
              -107.58820206885714,
              46.547414527142855
            ],
            [
              -107.59820064,
              46.547414527142855
            ],
            [
              -107.59820064,
              46.53741738457143
            ],
            [
              -107.60819921114286,
              46.53741738457143
            ],
            [
              -107.60819921114286,
              46.527420242
            ],
            [
              -107.61819778228572,
              46.527420242
            ],
            [
              -107.61819778228572,
              46.51742309942857
            ],
            [
              -107.60819921114286,
              46.51742309942857
            ],
            [
              -107.60819921114286,
              46.50742595685714
            ],
            [
              -107.62819635342858,
              46.50742595685714
            ],
            [
              -107.62819635342858,
              46.51742309942857
            ],
            [
              -107.63819492457142,
              46.51742309942857
            ]
          ],
          [
            [
              -107.60819921114286,
              46.547414527142855
            ],
            [
              -107.61819778228572,
              46.547414527142855
            ],
            [
              -107.61819778228572,
              46.53741738457143
            ],
            [
              -107.60819921114286,
              46.53741738457143
            ],
            [
              -107.60819921114286,
              46.547414527142855
            ]
          ]
        ]
      },
      "properties": {
        "hail_size_bin": "0.5\"",
        "min_size_inches": 0.5
      }
    },
    {
      "type": "Feature",
      "geometry": {
        "type": "Polygon",
        "coordinates": [
          [
            [
              -109.37794630342857,
              46.557411669714284
            ],
            [
              -109.417940588,
              46.557411669714284
            ],
            [
              -109.417940588,
              46.56740881228571
            ],
            [
              -109.45793487257143,
              46.56740881228571
            ],
            [
              -109.45793487257143,
              46.57740595485714
            ],
            [
              -109.46793344371429,
              46.57740595485714
            ],
            [
              -109.46793344371429,
              46.56740881228571
            ],
            [
              -109.52792487057144,
              46.56740881228571
            ],
            [
              -109.52792487057144,
              46.57740595485714
            ],
            [
              -109.53792344171428,
              46.57740595485714
            ],
            [
              -109.53792344171428,
              46.58740309742857
            ],
            [
              -109.54792201285714,
              46.58740309742857
            ],
            [
              -109.54792201285714,
              46.617394525142856
            ],
            [
              -109.56791915514286,
              46.617394525142856
            ],
            [
              -109.56791915514286,
              46.60739738257143
            ],
            [
              -109.58791629742858,
              46.60739738257143
            ],
            [
              -109.58791629742858,
              46.617394525142856
            ],
            [
              -109.61791201085714,
              46.617394525142856
            ],
            [
              -109.61791201085714,
              46.60739738257143
            ],
            [
              -109.627910582,
              46.60739738257143
            ],
            [
              -109.627910582,
              46.59740024
            ],
            [
              -109.64790772428572,
              46.59740024
            ],
            [
              -109.64790772428572,
              46.58740309742857
            ],
            [
              -109.67790343771429,
              46.58740309742857
            ],
            [
              -109.67790343771429,
              46.59740024
            ],
            [
              -109.69790058000001,
              46.59740024
            ],
            [
              -109.69790058000001,
              46.617394525142856
            ],
            [
              -109.68790200885715,
              46.617394525142856
            ],
            [
              -109.68790200885715,
              46.627391667714285
            ],
            [
              -109.69790058000001,
              46.627391667714285
            ],
            [
              -109.69790058000001,
              46.637388810285714
            ],
            [
              -109.70789915114285,
              46.637388810285714
            ],
            [
              -109.70789915114285,
              46.65738309542857
            ],
            [
              -109.69790058000001,
              46.65738309542857
            ],
            [
              -109.69790058000001,
              46.667380238
            ],
            [
              -109.71789772228571,
              46.667380238
            ],
            [
              -109.71789772228571,
              46.67737738057143
            ],
            [
              -109.70789915114285,
              46.67737738057143
            ],
            [
              -109.70789915114285,
              46.68737452314286
            ],
            [
              -109.69790058000001,
              46.68737452314286
            ],
            [
              -109.69790058000001,
              46.707368808285715
            ],
            [
              -109.68790200885715,
              46.707368808285715
            ],
            [
              -109.68790200885715,
              46.72736309342857
            ],
            [
              -109.66790486657143,
              46.72736309342857
            ],
            [
              -109.66790486657143,
              46.737360236
            ],
            [
              -109.65790629542857,
              46.737360236
            ],
            [
              -109.65790629542857,
              46.72736309342857
            ],
            [
              -109.64790772428572,
              46.72736309342857
            ],
            [
              -109.64790772428572,
              46.707368808285715
            ],
            [
              -109.66790486657143,
              46.707368808285715
            ],
            [
              -109.66790486657143,
              46.67737738057143
            ],
            [
              -109.67790343771429,
              46.67737738057143
            ],
            [
              -109.67790343771429,
              46.667380238
            ],
            [
              -109.63790915314286,
              46.667380238
            ],
            [
              -109.63790915314286,
              46.65738309542857
            ],
            [
              -109.60791343971428,
              46.65738309542857
            ],
            [
              -109.60791343971428,
              46.64738595285714
            ],
            [
              -109.59791486857142,
              46.64738595285714
            ],
            [
              -109.59791486857142,
              46.65738309542857
            ],
            [
              -109.57791772628572,
              46.65738309542857
            ],
            [
              -109.57791772628572,
              46.667380238
            ],
            [
              -109.56791915514286,
              46.667380238
            ],
            [
              -109.56791915514286,
              46.68737452314286
            ],
            [
              -109.557920584,
              46.68737452314286
            ],
            [
              -109.557920584,
              46.707368808285715
            ],
            [
              -109.54792201285714,
              46.707368808285715
            ],
            [
              -109.54792201285714,
              46.71736595085714
            ],
            [
              -109.51792629942858,
              46.71736595085714
            ],
            [
              -109.51792629942858,
              46.707368808285715
            ],
            [
              -109.50792772828572,
              46.707368808285715
            ],
            [
              -109.50792772828572,
              46.697371665714286
            ],
            [
              -109.47793201485715,
              46.697371665714286
            ],
            [
              -109.47793201485715,
              46.707368808285715
            ],
            [
              -109.46793344371429,
              46.707368808285715
            ],
            [
              -109.46793344371429,
              46.71736595085714
            ],
            [
              -109.44793630142857,
              46.71736595085714
            ],
            [
              -109.44793630142857,
              46.72736309342857
            ],
            [
              -109.43793773028571,
              46.72736309342857
            ],
            [
              -109.43793773028571,
              46.71736595085714
            ],
            [
              -109.38794487457143,
              46.71736595085714
            ],
            [
              -109.38794487457143,
              46.697371665714286
            ],
            [
              -109.37794630342857,
              46.697371665714286
            ],
            [
              -109.37794630342857,
              46.68737452314286
            ],
            [
              -109.36794773228571,
              46.68737452314286
            ],
            [
              -109.36794773228571,
              46.697371665714286
            ],
            [
              -109.35794916114286,
              46.697371665714286
            ],
            [
              -109.35794916114286,
              46.707368808285715
            ],
            [
              -109.34795059000001,
              46.707368808285715
            ],
            [
              -109.34795059000001,
              46.71736595085714
            ],
            [
              -109.3279534477143,
              46.71736595085714
            ],
            [
              -109.3279534477143,
              46.68737452314286
            ],
            [
              -109.30795630542858,
              46.68737452314286
            ],
            [
              -109.30795630542858,
              46.67737738057143
            ],
            [
              -109.29795773428572,
              46.67737738057143
            ],
            [
              -109.29795773428572,
              46.68737452314286
            ],
            [
              -109.28795916314286,
              46.68737452314286
            ],
            [
              -109.28795916314286,
              46.697371665714286
            ],
            [
              -109.25796344971428,
              46.697371665714286
            ],
            [
              -109.25796344971428,
              46.68737452314286
            ],
            [
              -109.24796487857142,
              46.68737452314286
            ],
            [
              -109.24796487857142,
              46.67737738057143
            ],
            [
              -109.21796916514286,
              46.67737738057143
            ],
            [
              -109.21796916514286,
              46.667380238
            ],
            [
              -109.207970594,
              46.667380238
            ],
            [
              -109.207970594,
              46.65738309542857
            ],
            [
              -109.17797488057143,
              46.65738309542857
            ],
            [
              -109.17797488057143,
              46.64738595285714
            ],
            [
              -109.16797630942858,
              46.64738595285714
            ],
            [
              -109.16797630942858,
              46.637388810285714
            ],
            [
              -109.14797916714286,
              46.637388810285714
            ],
            [
              -109.14797916714286,
              46.64738595285714
            ],
            [
              -109.09798631142857,
              46.64738595285714
            ],
            [
              -109.09798631142857,
              46.637388810285714
            ],
            [
              -109.07798916914285,
              46.637388810285714
            ],
            [
              -109.07798916914285,
              46.627391667714285
            ],
            [
              -109.067990598,
              46.627391667714285
            ],
            [
              -109.067990598,
              46.617394525142856
            ],
            [
              -109.05799202685715,
              46.617394525142856
            ],
            [
              -109.05799202685715,
              46.57740595485714
            ],
            [
              -109.03799488457143,
              46.57740595485714
            ],
            [
              -109.03799488457143,
              46.547414527142855
            ],
            [
              -109.02799631342857,
              46.547414527142855
            ],
            [
              -109.02799631342857,
              46.557411669714284
            ],
            [
              -108.9980006,
              46.557411669714284
            ],
            [
              -108.9980006,
              46.547414527142855
            ],
            [
              -108.98800202885715,
              46.547414527142855
            ],
            [
              -108.98800202885715,
              46.557411669714284
            ],
            [
              -108.95800631542858,
              46.557411669714284
            ],
            [
              -108.95800631542858,
              46.547414527142855
            ],
            [
              -108.94800774428572,
              46.547414527142855
            ],
            [
              -108.94800774428572,
              46.53741738457143
            ],
            [
              -108.928010602,
              46.53741738457143
            ],
            [
              -108.928010602,
              46.527420242
            ],
            [
              -108.89801488857142,
              46.527420242
            ],
            [
              -108.89801488857142,
              46.50742595685714
            ],
            [
              -108.87801774628572,
              46.50742595685714
            ],
            [
              -108.87801774628572,
              46.49742881428571
            ],
            [
              -108.89801488857142,
              46.49742881428571
            ],
            [
              -108.89801488857142,
              46.467437386571426
            ],
            [
              -108.87801774628572,
              46.467437386571426
            ],
            [
              -108.87801774628572,
              46.477434529142855
            ],
            [
              -108.82802489057143,
              46.477434529142855
            ],
            [
              -108.82802489057143,
              46.467437386571426
            ],
            [
              -108.81802631942857,
              46.467437386571426
            ],
            [
              -108.81802631942857,
              46.457440244
            ],
            [
              -108.79802917714287,
              46.457440244
            ],
            [
              -108.79802917714287,
              46.467437386571426
            ],
            [
              -108.788030606,
              46.467437386571426
            ],
            [
              -108.788030606,
              46.457440244
            ],
            [
              -108.73803775028571,
              46.457440244
            ],
            [
              -108.73803775028571,
              46.44744310142857
            ],
            [
              -108.72803917914285,
              46.44744310142857
            ],
            [
              -108.72803917914285,
              46.457440244
            ],
            [
              -108.718040608,
              46.457440244
            ],
            [
              -108.718040608,
              46.477434529142855
            ],
            [
              -108.64805061,
              46.477434529142855
            ],
            [
              -108.64805061,
              46.48743167171428
            ],
            [
              -108.59805775428572,
              46.48743167171428
            ],
            [
              -108.59805775428572,
              46.477434529142855
            ],
            [
              -108.578060612,
              46.477434529142855
            ],
            [
              -108.578060612,
              46.44744310142857
            ],
            [
              -108.56806204085714,
              46.44744310142857
            ],
            [
              -108.56806204085714,
              46.43744595885714
            ],
            [
              -108.578060612,
              46.43744595885714
            ],
            [
              -108.578060612,
              46.42744881628571
            ],
            [
              -108.56806204085714,
              46.42744881628571
            ],
            [
              -108.56806204085714,
              46.41745167371428
            ],
            [
              -108.55806346971428,
              46.41745167371428
            ],
            [
              -108.55806346971428,
              46.407454531142854
            ],
            [
              -108.56806204085714,
              46.407454531142854
            ],
            [
              -108.56806204085714,
              46.397457388571425
            ],
            [
              -108.59805775428572,
              46.397457388571425
            ],
            [
              -108.59805775428572,
              46.407454531142854
            ],
            [
              -108.6280534677143,
              46.407454531142854
            ],
            [
              -108.6280534677143,
              46.397457388571425
            ],
            [
              -108.63805203885714,
              46.397457388571425
            ],
            [
              -108.63805203885714,
              46.387460245999996
            ],
            [
              -108.64805061,
              46.387460245999996
            ],
            [
              -108.64805061,
              46.37746310342857
            ],
            [
              -108.65804918114286,
              46.37746310342857
            ],
            [
              -108.65804918114286,
              46.387460245999996
            ],
            [
              -108.66804775228572,
              46.387460245999996
            ],
            [
              -108.66804775228572,
              46.37746310342857
            ],
            [
              -108.718040608,
              46.37746310342857
            ],
            [
              -108.718040608,
              46.367465960857146
            ],
            [
              -108.74803632142857,
              46.367465960857146
            ],
            [
              -108.74803632142857,
              46.37746310342857
            ],
            [
              -108.80802774828572,
              46.37746310342857
            ],
            [
              -108.80802774828572,
              46.387460245999996
            ],
            [
              -108.81802631942857,
              46.387460245999996
            ],
            [
              -108.81802631942857,
              46.37746310342857
            ],
            [
              -108.858020604,
              46.37746310342857
            ],
            [
              -108.858020604,
              46.387460245999996
            ],
            [
              -108.88801631742857,
              46.387460245999996
            ],
            [
              -108.88801631742857,
              46.397457388571425
            ],
            [
              -108.93800917314286,
              46.397457388571425
            ],
            [
              -108.93800917314286,
              46.387460245999996
            ],
            [
              -108.9980006,
              46.387460245999996
            ],
            [
              -108.9980006,
              46.397457388571425
            ],
            [
              -109.01799774228571,
              46.397457388571425
            ],
            [
              -109.01799774228571,
              46.407454531142854
            ],
            [
              -109.09798631142857,
              46.407454531142854
            ],
            [
              -109.09798631142857,
              46.41745167371428
            ],
            [
              -109.10798488257143,
              46.41745167371428
            ],
            [
              -109.10798488257143,
              46.407454531142854
            ],
            [
              -109.11798345371429,
              46.407454531142854
            ],
            [
              -109.11798345371429,
              46.41745167371428
            ],
            [
              -109.12798202485715,
              46.41745167371428
            ],
            [
              -109.12798202485715,
              46.42744881628571
            ],
            [
              -109.137980596,
              46.42744881628571
            ],
            [
              -109.137980596,
              46.43744595885714
            ],
            [
              -109.14797916714286,
              46.43744595885714
            ],
            [
              -109.14797916714286,
              46.42744881628571
            ],
            [
              -109.16797630942858,
              46.42744881628571
            ],
            [
              -109.16797630942858,
              46.41745167371428
            ],
            [
              -109.19797202285714,
              46.41745167371428
            ],
            [
              -109.19797202285714,
              46.42744881628571
            ],
            [
              -109.24796487857142,
              46.42744881628571
            ],
            [
              -109.24796487857142,
              46.41745167371428
            ],
            [
              -109.277960592,
              46.41745167371428
            ],
            [
              -109.277960592,
              46.42744881628571
            ],
            [
              -109.31795487657143,
              46.42744881628571
            ],
            [
              -109.31795487657143,
              46.41745167371428
            ],
            [
              -109.3279534477143,
              46.41745167371428
            ],
            [
              -109.3279534477143,
              46.42744881628571
            ],
            [
              -109.33795201885715,
              46.42744881628571
            ],
            [
              -109.33795201885715,
              46.43744595885714
            ],
            [
              -109.3279534477143,
              46.43744595885714
            ],
            [
              -109.3279534477143,
              46.44744310142857
            ],
            [
              -109.33795201885715,
              46.44744310142857
            ],
            [
              -109.33795201885715,
              46.457440244
            ],
            [
              -109.3279534477143,
              46.457440244
            ],
            [
              -109.3279534477143,
              46.467437386571426
            ],
            [
              -109.33795201885715,
              46.467437386571426
            ],
            [
              -109.33795201885715,
              46.48743167171428
            ],
            [
              -109.3279534477143,
              46.48743167171428
            ],
            [
              -109.3279534477143,
              46.50742595685714
            ],
            [
              -109.30795630542858,
              46.50742595685714
            ],
            [
              -109.30795630542858,
              46.51742309942857
            ],
            [
              -109.29795773428572,
              46.51742309942857
            ],
            [
              -109.29795773428572,
              46.527420242
            ],
            [
              -109.277960592,
              46.527420242
            ],
            [
              -109.277960592,
              46.557411669714284
            ],
            [
              -109.25796344971428,
              46.557411669714284
            ],
            [
              -109.25796344971428,
              46.57740595485714
            ],
            [
              -109.24796487857142,
              46.57740595485714
            ],
            [
              -109.24796487857142,
              46.56740881228571
            ],
            [
              -109.21796916514286,
              46.56740881228571
            ],
            [
              -109.21796916514286,
              46.58740309742857
            ],
            [
              -109.207970594,
              46.58740309742857
            ],
            [
              -109.207970594,
              46.60739738257143
            ],
            [
              -109.24796487857142,
              46.60739738257143
            ],
            [
              -109.24796487857142,
              46.59740024
            ],
            [
              -109.28795916314286,
              46.59740024
            ],
            [
              -109.28795916314286,
              46.60739738257143
            ],
            [
              -109.277960592,
              46.60739738257143
            ],
            [
              -109.277960592,
              46.627391667714285
            ],
            [
              -109.30795630542858,
              46.627391667714285
            ],
            [
              -109.30795630542858,
              46.637388810285714
            ],
            [
              -109.31795487657143,
              46.637388810285714
            ],
            [
              -109.31795487657143,
              46.58740309742857
            ],
            [
              -109.33795201885715,
              46.58740309742857
            ],
            [
              -109.33795201885715,
              46.57740595485714
            ],
            [
              -109.34795059000001,
              46.57740595485714
            ],
            [
              -109.34795059000001,
              46.56740881228571
            ],
            [
              -109.37794630342857,
              46.56740881228571
            ],
            [
              -109.37794630342857,
              46.557411669714284
            ]
          ],
          [
            [
              -109.557920584,
              46.667380238
            ],
            [
              -109.53792344171428,
              46.667380238
            ],
            [
              -109.53792344171428,
              46.68737452314286
            ],
            [
              -109.557920584,
              46.68737452314286
            ],
            [
              -109.557920584,
              46.667380238
            ]
          ],
          [
            [
              -109.29795773428572,
              46.637388810285714
            ],
            [
              -109.29795773428572,
              46.64738595285714
            ],
            [
              -109.30795630542858,
              46.64738595285714
            ],
            [
              -109.30795630542858,
              46.637388810285714
            ],
            [
              -109.29795773428572,
              46.637388810285714
            ]
          ],
          [
            [
              -109.34795059000001,
              46.697371665714286
            ],
            [
              -109.34795059000001,
              46.68737452314286
            ],
            [
              -109.33795201885715,
              46.68737452314286
            ],
            [
              -109.33795201885715,
              46.697371665714286
            ],
            [
              -109.34795059000001,
              46.697371665714286
            ]
          ],
          [
            [
              -108.91801203085714,
              46.49742881428571
            ],
            [
              -108.91801203085714,
              46.48743167171428
            ],
            [
              -108.90801345971428,
              46.48743167171428
            ],
            [
              -108.90801345971428,
              46.49742881428571
            ],
            [
              -108.91801203085714,
              46.49742881428571
            ]
          ]
        ]
      },
      "properties": {
        "hail_size_bin": "0.5\"",
        "min_size_inches": 0.5
      }
    },
    {
      "type": "Feature",
      "geometry": {
        "type": "Polygon",
        "coordinates": [
          [
            [
              -110.257820564,
              46.58740309742857
            ],
            [
              -110.27781770628572,
              46.58740309742857
            ],
            [
              -110.27781770628572,
              46.57740595485714
            ],
            [
              -110.28781627742858,
              46.57740595485714
            ],
            [
              -110.28781627742858,
              46.58740309742857
            ],
            [
              -110.29781484857143,
              46.58740309742857
            ],
            [
              -110.29781484857143,
              46.57740595485714
            ],
            [
              -110.31781199085714,
              46.57740595485714
            ],
            [
              -110.31781199085714,
              46.58740309742857
            ],
            [
              -110.3078134197143,
              46.58740309742857
            ],
            [
              -110.3078134197143,
              46.60739738257143
            ],
            [
              -110.29781484857143,
              46.60739738257143
            ],
            [
              -110.29781484857143,
              46.617394525142856
            ],
            [
              -110.26781913514286,
              46.617394525142856
            ],
            [
              -110.26781913514286,
              46.637388810285714
            ],
            [
              -110.257820564,
              46.637388810285714
            ],
            [
              -110.257820564,
              46.627391667714285
            ],
            [
              -110.2378234217143,
              46.627391667714285
            ],
            [
              -110.2378234217143,
              46.617394525142856
            ],
            [
              -110.24782199285714,
              46.617394525142856
            ],
            [
              -110.24782199285714,
              46.59740024
            ],
            [
              -110.257820564,
              46.59740024
            ],
            [
              -110.257820564,
              46.58740309742857
            ]
          ]
        ]
      },
      "properties": {
        "hail_size_bin": "0.5\"",
        "min_size_inches": 0.5
      }
    },
    {
      "type": "Feature",
      "geometry": {
        "type": "Polygon",
        "coordinates": [
          [
            [
              -107.92815348771428,
              46.93730308742857
            ],
            [
              -107.94815063,
              46.93730308742857
            ],
            [
              -107.94815063,
              46.967294515142854
            ],
            [
              -107.92815348771428,
              46.967294515142854
            ],
            [
              -107.92815348771428,
              46.97729165771428
            ],
            [
              -107.91815491657144,
              46.97729165771428
            ],
            [
              -107.91815491657144,
              46.967294515142854
            ],
            [
              -107.88815920314286,
              46.967294515142854
            ],
            [
              -107.88815920314286,
              46.93730308742857
            ],
            [
              -107.89815777428572,
              46.93730308742857
            ],
            [
              -107.89815777428572,
              46.92730594485714
            ],
            [
              -107.92815348771428,
              46.92730594485714
            ],
            [
              -107.92815348771428,
              46.93730308742857
            ]
          ]
        ]
      },
      "properties": {
        "hail_size_bin": "0.5\"",
        "min_size_inches": 0.5
      }
    },
    {
      "type": "Feature",
      "geometry": {
        "type": "Polygon",
        "coordinates": [
          [
            [
              -108.54806489857143,
              46.98728880028571
            ],
            [
              -108.578060612,
              46.98728880028571
            ],
            [
              -108.578060612,
              46.97729165771428
            ],
            [
              -108.56806204085714,
              46.97729165771428
            ],
            [
              -108.56806204085714,
              46.967294515142854
            ],
            [
              -108.54806489857143,
              46.967294515142854
            ],
            [
              -108.54806489857143,
              46.957297372571425
            ],
            [
              -108.578060612,
              46.957297372571425
            ],
            [
              -108.578060612,
              46.947300229999996
            ],
            [
              -108.58805918314286,
              46.947300229999996
            ],
            [
              -108.58805918314286,
              46.967294515142854
            ],
            [
              -108.6280534677143,
              46.967294515142854
            ],
            [
              -108.6280534677143,
              46.957297372571425
            ],
            [
              -108.66804775228572,
              46.957297372571425
            ],
            [
              -108.66804775228572,
              46.967294515142854
            ],
            [
              -108.718040608,
              46.967294515142854
            ],
            [
              -108.718040608,
              46.98728880028571
            ],
            [
              -108.70804203685714,
              46.98728880028571
            ],
            [
              -108.70804203685714,
              46.99728594285714
            ],
            [
              -108.65804918114286,
              46.99728594285714
            ],
            [
              -108.65804918114286,
              46.98728880028571
            ],
            [
              -108.64805061,
              46.98728880028571
            ],
            [
              -108.64805061,
              46.99728594285714
            ],
            [
              -108.6280534677143,
              46.99728594285714
            ],
            [
              -108.6280534677143,
              47.00728308542857
            ],
            [
              -108.60805632542858,
              47.00728308542857
            ],
            [
              -108.60805632542858,
              46.99728594285714
            ],
            [
              -108.578060612,
              46.99728594285714
            ],
            [
              -108.578060612,
              47.00728308542857
            ],
            [
              -108.56806204085714,
              47.00728308542857
            ],
            [
              -108.56806204085714,
              46.99728594285714
            ],
            [
              -108.54806489857143,
              46.99728594285714
            ],
            [
              -108.54806489857143,
              46.98728880028571
            ]
          ]
        ]
      },
      "properties": {
        "hail_size_bin": "0.5\"",
        "min_size_inches": 0.5
      }
    },
    {
      "type": "Feature",
      "geometry": {
        "type": "Polygon",
        "coordinates": [
          [
            [
              -109.65790629542857,
              47.157240224
            ],
            [
              -109.63790915314286,
              47.157240224
            ],
            [
              -109.63790915314286,
              47.16723736657143
            ],
            [
              -109.61791201085714,
              47.16723736657143
            ],
            [
              -109.61791201085714,
              47.14724308142857
            ],
            [
              -109.627910582,
              47.14724308142857
            ],
            [
              -109.627910582,
              47.12724879628571
            ],
            [
              -109.66790486657143,
              47.12724879628571
            ],
            [
              -109.66790486657143,
              47.14724308142857
            ],
            [
              -109.65790629542857,
              47.14724308142857
            ],
            [
              -109.65790629542857,
              47.157240224
            ]
          ]
        ]
      },
      "properties": {
        "hail_size_bin": "0.5\"",
        "min_size_inches": 0.5
      }
    },
    {
      "type": "Feature",
      "geometry": {
        "type": "Polygon",
        "coordinates": [
          [
            [
              -112.69747192285715,
              53.525420042
            ],
            [
              -112.71746906514286,
              53.525420042
            ],
            [
              -112.71746906514286,
              53.54541432714286
            ],
            [
              -112.67747478057143,
              53.54541432714286
            ],
            [
              -112.67747478057143,
              53.53541718457143
            ],
            [
              -112.66747620942857,
              53.53541718457143
            ],
            [
              -112.66747620942857,
              53.525420042
            ],
            [
              -112.67747478057143,
              53.525420042
            ],
            [
              -112.67747478057143,
              53.51542289942857
            ],
            [
              -112.69747192285715,
              53.51542289942857
            ],
            [
              -112.69747192285715,
              53.525420042
            ]
          ]
        ]
      },
      "properties": {
        "hail_size_bin": "0.5\"",
        "min_size_inches": 0.5
      }
    },
    {
      "type": "Feature",
      "geometry": {
        "type": "Polygon",
        "coordinates": [
          [
            [
              -112.09755765428571,
              53.565408612285715
            ],
            [
              -112.14755051,
              53.565408612285715
            ],
            [
              -112.14755051,
              53.575405754857144
            ],
            [
              -112.15754908114286,
              53.575405754857144
            ],
            [
              -112.15754908114286,
              53.585402897428565
            ],
            [
              -112.11755479657143,
              53.585402897428565
            ],
            [
              -112.11755479657143,
              53.575405754857144
            ],
            [
              -112.10755622542857,
              53.575405754857144
            ],
            [
              -112.10755622542857,
              53.585402897428565
            ],
            [
              -112.077560512,
              53.585402897428565
            ],
            [
              -112.077560512,
              53.575405754857144
            ],
            [
              -112.09755765428571,
              53.575405754857144
            ],
            [
              -112.09755765428571,
              53.565408612285715
            ]
          ]
        ]
      },
      "properties": {
        "hail_size_bin": "0.5\"",
        "min_size_inches": 0.5
      }
    },
    {
      "type": "Feature",
      "geometry": {
        "type": "Polygon",
        "coordinates": [
          [
            [
              -112.43750907314286,
              53.575405754857144
            ],
            [
              -112.46750478657142,
              53.575405754857144
            ],
            [
              -112.46750478657142,
              53.59540004
            ],
            [
              -112.41751193085715,
              53.59540004
            ],
            [
              -112.41751193085715,
              53.585402897428565
            ],
            [
              -112.40751335971429,
              53.585402897428565
            ],
            [
              -112.40751335971429,
              53.575405754857144
            ],
            [
              -112.427510502,
              53.575405754857144
            ],
            [
              -112.427510502,
              53.565408612285715
            ],
            [
              -112.43750907314286,
              53.565408612285715
            ],
            [
              -112.43750907314286,
              53.575405754857144
            ]
          ]
        ]
      },
      "properties": {
        "hail_size_bin": "0.5\"",
        "min_size_inches": 0.5
      }
    },
    {
      "type": "Feature",
      "geometry": {
        "type": "Polygon",
        "coordinates": [
          [
            [
              -112.25753479257143,
              53.59540004
            ],
            [
              -112.287530506,
              53.59540004
            ],
            [
              -112.287530506,
              53.60539718257142
            ],
            [
              -112.27753193485714,
              53.60539718257142
            ],
            [
              -112.27753193485714,
              53.62539146771428
            ],
            [
              -112.287530506,
              53.62539146771428
            ],
            [
              -112.287530506,
              53.63538861028571
            ],
            [
              -112.27753193485714,
              53.63538861028571
            ],
            [
              -112.27753193485714,
              53.64538575285714
            ],
            [
              -112.25753479257143,
              53.64538575285714
            ],
            [
              -112.25753479257143,
              53.63538861028571
            ],
            [
              -112.24753622142858,
              53.63538861028571
            ],
            [
              -112.24753622142858,
              53.61539432514285
            ],
            [
              -112.26753336371429,
              53.61539432514285
            ],
            [
              -112.26753336371429,
              53.60539718257142
            ],
            [
              -112.25753479257143,
              53.60539718257142
            ],
            [
              -112.25753479257143,
              53.59540004
            ]
          ]
        ]
      },
      "properties": {
        "hail_size_bin": "0.5\"",
        "min_size_inches": 0.5
      }
    },
    {
      "type": "Feature",
      "geometry": {
        "type": "Polygon",
        "coordinates": [
          [
            [
              -111.52763909914286,
              53.655382895428566
            ],
            [
              -111.517640528,
              53.655382895428566
            ],
            [
              -111.517640528,
              53.64538575285714
            ],
            [
              -111.61762623942857,
              53.64538575285714
            ],
            [
              -111.61762623942857,
              53.655382895428566
            ],
            [
              -111.64762195285715,
              53.655382895428566
            ],
            [
              -111.64762195285715,
              53.665380037999995
            ],
            [
              -111.65762052400001,
              53.665380037999995
            ],
            [
              -111.65762052400001,
              53.675377180571424
            ],
            [
              -111.64762195285715,
              53.675377180571424
            ],
            [
              -111.64762195285715,
              53.68537432314285
            ],
            [
              -111.62762481057143,
              53.68537432314285
            ],
            [
              -111.62762481057143,
              53.69537146571428
            ],
            [
              -111.60762766828572,
              53.69537146571428
            ],
            [
              -111.60762766828572,
              53.68537432314285
            ],
            [
              -111.55763481257144,
              53.68537432314285
            ],
            [
              -111.55763481257144,
              53.675377180571424
            ],
            [
              -111.53763767028572,
              53.675377180571424
            ],
            [
              -111.53763767028572,
              53.665380037999995
            ],
            [
              -111.52763909914286,
              53.665380037999995
            ],
            [
              -111.52763909914286,
              53.655382895428566
            ]
          ]
        ]
      },
      "properties": {
        "hail_size_bin": "0.5\"",
        "min_size_inches": 0.5
      }
    },
    {
      "type": "Feature",
      "geometry": {
        "type": "Polygon",
        "coordinates": [
          [
            [
              -111.68761623742857,
              53.655382895428566
            ],
            [
              -111.80759909114286,
              53.655382895428566
            ],
            [
              -111.80759909114286,
              53.665380037999995
            ],
            [
              -111.81759766228572,
              53.665380037999995
            ],
            [
              -111.81759766228572,
              53.68537432314285
            ],
            [
              -111.82759623342858,
              53.68537432314285
            ],
            [
              -111.82759623342858,
              53.69537146571428
            ],
            [
              -111.80759909114286,
              53.69537146571428
            ],
            [
              -111.80759909114286,
              53.70536860828571
            ],
            [
              -111.73760909314285,
              53.70536860828571
            ],
            [
              -111.73760909314285,
              53.69537146571428
            ],
            [
              -111.71761195085715,
              53.69537146571428
            ],
            [
              -111.71761195085715,
              53.68537432314285
            ],
            [
              -111.69761480857143,
              53.68537432314285
            ],
            [
              -111.69761480857143,
              53.675377180571424
            ],
            [
              -111.68761623742857,
              53.675377180571424
            ],
            [
              -111.68761623742857,
              53.655382895428566
            ]
          ]
        ]
      },
      "properties": {
        "hail_size_bin": "0.5\"",
        "min_size_inches": 0.5
      }
    },
    {
      "type": "Feature",
      "geometry": {
        "type": "Polygon",
        "coordinates": [
          [
            [
              -112.34752193285715,
              53.655382895428566
            ],
            [
              -112.37751764628572,
              53.655382895428566
            ],
            [
              -112.37751764628572,
              53.64538575285714
            ],
            [
              -112.39751478857143,
              53.64538575285714
            ],
            [
              -112.39751478857143,
              53.655382895428566
            ],
            [
              -112.40751335971429,
              53.655382895428566
            ],
            [
              -112.40751335971429,
              53.665380037999995
            ],
            [
              -112.41751193085715,
              53.665380037999995
            ],
            [
              -112.41751193085715,
              53.675377180571424
            ],
            [
              -112.40751335971429,
              53.675377180571424
            ],
            [
              -112.40751335971429,
              53.70536860828571
            ],
            [
              -112.39751478857143,
              53.70536860828571
            ],
            [
              -112.39751478857143,
              53.71536575085714
            ],
            [
              -112.38751621742857,
              53.71536575085714
            ],
            [
              -112.38751621742857,
              53.70536860828571
            ],
            [
              -112.37751764628572,
              53.70536860828571
            ],
            [
              -112.37751764628572,
              53.69537146571428
            ],
            [
              -112.35752050400001,
              53.69537146571428
            ],
            [
              -112.35752050400001,
              53.68537432314285
            ],
            [
              -112.34752193285715,
              53.68537432314285
            ],
            [
              -112.34752193285715,
              53.655382895428566
            ]
          ]
        ]
      },
      "properties": {
        "hail_size_bin": "0.5\"",
        "min_size_inches": 0.5
      }
    },
    {
      "type": "Feature",
      "geometry": {
        "type": "Polygon",
        "coordinates": [
          [
            [
              -112.48750192885714,
              53.71536575085714
            ],
            [
              -112.47750335771428,
              53.71536575085714
            ],
            [
              -112.47750335771428,
              53.70536860828571
            ],
            [
              -112.46750478657142,
              53.70536860828571
            ],
            [
              -112.46750478657142,
              53.69537146571428
            ],
            [
              -112.45750621542857,
              53.69537146571428
            ],
            [
              -112.45750621542857,
              53.675377180571424
            ],
            [
              -112.46750478657142,
              53.675377180571424
            ],
            [
              -112.46750478657142,
              53.665380037999995
            ],
            [
              -112.48750192885714,
              53.665380037999995
            ],
            [
              -112.48750192885714,
              53.64538575285714
            ],
            [
              -112.51749764228572,
              53.64538575285714
            ],
            [
              -112.51749764228572,
              53.63538861028571
            ],
            [
              -112.53749478457144,
              53.63538861028571
            ],
            [
              -112.53749478457144,
              53.62539146771428
            ],
            [
              -112.55749192685715,
              53.62539146771428
            ],
            [
              -112.55749192685715,
              53.63538861028571
            ],
            [
              -112.61748335371429,
              53.63538861028571
            ],
            [
              -112.61748335371429,
              53.64538575285714
            ],
            [
              -112.62748192485715,
              53.64538575285714
            ],
            [
              -112.62748192485715,
              53.675377180571424
            ],
            [
              -112.61748335371429,
              53.675377180571424
            ],
            [
              -112.61748335371429,
              53.69537146571428
            ],
            [
              -112.62748192485715,
              53.69537146571428
            ],
            [
              -112.62748192485715,
              53.72536289342857
            ],
            [
              -112.61748335371429,
              53.72536289342857
            ],
            [
              -112.61748335371429,
              53.735360035999996
            ],
            [
              -112.567490498,
              53.735360035999996
            ],
            [
              -112.567490498,
              53.72536289342857
            ],
            [
              -112.51749764228572,
              53.72536289342857
            ],
            [
              -112.51749764228572,
              53.735360035999996
            ],
            [
              -112.50749907114286,
              53.735360035999996
            ],
            [
              -112.50749907114286,
              53.72536289342857
            ],
            [
              -112.48750192885714,
              53.72536289342857
            ],
            [
              -112.48750192885714,
              53.71536575085714
            ]
          ],
          [
            [
              -112.53749478457144,
              53.70536860828571
            ],
            [
              -112.53749478457144,
              53.68537432314285
            ],
            [
              -112.52749621342858,
              53.68537432314285
            ],
            [
              -112.52749621342858,
              53.70536860828571
            ],
            [
              -112.53749478457144,
              53.70536860828571
            ]
          ]
        ]
      },
      "properties": {
        "hail_size_bin": "0.5\"",
        "min_size_inches": 0.5
      }
    },
    {
      "type": "Feature",
      "geometry": {
        "type": "Polygon",
        "coordinates": [
          [
            [
              -110.63776626742857,
              53.68537432314285
            ],
            [
              -110.65776340971429,
              53.68537432314285
            ],
            [
              -110.65776340971429,
              53.675377180571424
            ],
            [
              -110.66776198085714,
              53.675377180571424
            ],
            [
              -110.66776198085714,
              53.655382895428566
            ],
            [
              -110.677760552,
              53.655382895428566
            ],
            [
              -110.677760552,
              53.64538575285714
            ],
            [
              -110.69775769428571,
              53.64538575285714
            ],
            [
              -110.69775769428571,
              53.655382895428566
            ],
            [
              -110.70775626542857,
              53.655382895428566
            ],
            [
              -110.70775626542857,
              53.68537432314285
            ],
            [
              -110.71775483657143,
              53.68537432314285
            ],
            [
              -110.71775483657143,
              53.70536860828571
            ],
            [
              -110.69775769428571,
              53.70536860828571
            ],
            [
              -110.69775769428571,
              53.69537146571428
            ],
            [
              -110.677760552,
              53.69537146571428
            ],
            [
              -110.677760552,
              53.71536575085714
            ],
            [
              -110.66776198085714,
              53.71536575085714
            ],
            [
              -110.66776198085714,
              53.72536289342857
            ],
            [
              -110.64776483857143,
              53.72536289342857
            ],
            [
              -110.64776483857143,
              53.71536575085714
            ],
            [
              -110.63776626742857,
              53.71536575085714
            ],
            [
              -110.63776626742857,
              53.70536860828571
            ],
            [
              -110.62776769628572,
              53.70536860828571
            ],
            [
              -110.62776769628572,
              53.69537146571428
            ],
            [
              -110.63776626742857,
              53.69537146571428
            ],
            [
              -110.63776626742857,
              53.68537432314285
            ]
          ]
        ]
      },
      "properties": {
        "hail_size_bin": "0.5\"",
        "min_size_inches": 0.5
      }
    },
    {
      "type": "Feature",
      "geometry": {
        "type": "Polygon",
        "coordinates": [
          [
            [
              -108.98800202885715,
              53.69537146571428
            ],
            [
              -108.95800631542858,
              53.69537146571428
            ],
            [
              -108.95800631542858,
              53.70536860828571
            ],
            [
              -108.928010602,
              53.70536860828571
            ],
            [
              -108.928010602,
              53.71536575085714
            ],
            [
              -108.91801203085714,
              53.71536575085714
            ],
            [
              -108.91801203085714,
              53.70536860828571
            ],
            [
              -108.90801345971428,
              53.70536860828571
            ],
            [
              -108.90801345971428,
              53.69537146571428
            ],
            [
              -108.89801488857142,
              53.69537146571428
            ],
            [
              -108.89801488857142,
              53.68537432314285
            ],
            [
              -108.98800202885715,
              53.68537432314285
            ],
            [
              -108.98800202885715,
              53.69537146571428
            ]
          ]
        ]
      },
      "properties": {
        "hail_size_bin": "0.5\"",
        "min_size_inches": 0.5
      }
    },
    {
      "type": "Feature",
      "geometry": {
        "type": "Polygon",
        "coordinates": [
          [
            [
              -111.40765624542857,
              53.72536289342857
            ],
            [
              -111.40765624542857,
              53.735360035999996
            ],
            [
              -111.38765910314285,
              53.735360035999996
            ],
            [
              -111.38765910314285,
              53.70536860828571
            ],
            [
              -111.36766196085715,
              53.70536860828571
            ],
            [
              -111.36766196085715,
              53.69537146571428
            ],
            [
              -111.39765767428571,
              53.69537146571428
            ],
            [
              -111.39765767428571,
              53.675377180571424
            ],
            [
              -111.46764767228572,
              53.675377180571424
            ],
            [
              -111.46764767228572,
              53.68537432314285
            ],
            [
              -111.47764624342858,
              53.68537432314285
            ],
            [
              -111.47764624342858,
              53.69537146571428
            ],
            [
              -111.517640528,
              53.69537146571428
            ],
            [
              -111.517640528,
              53.70536860828571
            ],
            [
              -111.52763909914286,
              53.70536860828571
            ],
            [
              -111.52763909914286,
              53.72536289342857
            ],
            [
              -111.517640528,
              53.72536289342857
            ],
            [
              -111.517640528,
              53.735360035999996
            ],
            [
              -111.47764624342858,
              53.735360035999996
            ],
            [
              -111.47764624342858,
              53.72536289342857
            ],
            [
              -111.45764910114286,
              53.72536289342857
            ],
            [
              -111.45764910114286,
              53.71536575085714
            ],
            [
              -111.44765053,
              53.71536575085714
            ],
            [
              -111.44765053,
              53.72536289342857
            ],
            [
              -111.40765624542857,
              53.72536289342857
            ]
          ],
          [
            [
              -111.42765338771429,
              53.70536860828571
            ],
            [
              -111.43765195885715,
              53.70536860828571
            ],
            [
              -111.43765195885715,
              53.69537146571428
            ],
            [
              -111.42765338771429,
              53.69537146571428
            ],
            [
              -111.42765338771429,
              53.70536860828571
            ]
          ]
        ]
      },
      "properties": {
        "hail_size_bin": "0.5\"",
        "min_size_inches": 0.5
      }
    },
    {
      "type": "Feature",
      "geometry": {
        "type": "Polygon",
        "coordinates": [
          [
            [
              -111.22768196485714,
              53.69537146571428
            ],
            [
              -111.24767910714286,
              53.69537146571428
            ],
            [
              -111.24767910714286,
              53.68537432314285
            ],
            [
              -111.25767767828572,
              53.68537432314285
            ],
            [
              -111.25767767828572,
              53.675377180571424
            ],
            [
              -111.26767624942858,
              53.675377180571424
            ],
            [
              -111.26767624942858,
              53.69537146571428
            ],
            [
              -111.30767053400001,
              53.69537146571428
            ],
            [
              -111.30767053400001,
              53.71536575085714
            ],
            [
              -111.29767196285715,
              53.71536575085714
            ],
            [
              -111.29767196285715,
              53.735360035999996
            ],
            [
              -111.24767910714286,
              53.735360035999996
            ],
            [
              -111.24767910714286,
              53.72536289342857
            ],
            [
              -111.22768196485714,
              53.72536289342857
            ],
            [
              -111.22768196485714,
              53.71536575085714
            ],
            [
              -111.20768482257142,
              53.71536575085714
            ],
            [
              -111.20768482257142,
              53.70536860828571
            ],
            [
              -111.22768196485714,
              53.70536860828571
            ],
            [
              -111.22768196485714,
              53.69537146571428
            ]
          ]
        ]
      },
      "properties": {
        "hail_size_bin": "0.5\"",
        "min_size_inches": 0.5
      }
    },
    {
      "type": "Feature",
      "geometry": {
        "type": "Polygon",
        "coordinates": [
          [
            [
              -112.02756765628571,
              53.72536289342857
            ],
            [
              -112.00757051400001,
              53.72536289342857
            ],
            [
              -112.00757051400001,
              53.735360035999996
            ],
            [
              -111.98757337171429,
              53.735360035999996
            ],
            [
              -111.98757337171429,
              53.71536575085714
            ],
            [
              -111.96757622942857,
              53.71536575085714
            ],
            [
              -111.96757622942857,
              53.70536860828571
            ],
            [
              -111.98757337171429,
              53.70536860828571
            ],
            [
              -111.98757337171429,
              53.69537146571428
            ],
            [
              -112.02756765628571,
              53.69537146571428
            ],
            [
              -112.02756765628571,
              53.72536289342857
            ]
          ]
        ]
      },
      "properties": {
        "hail_size_bin": "0.5\"",
        "min_size_inches": 0.5
      }
    },
    {
      "type": "Feature",
      "geometry": {
        "type": "Polygon",
        "coordinates": [
          [
            [
              -112.69747192285715,
              53.72536289342857
            ],
            [
              -112.73746620742858,
              53.72536289342857
            ],
            [
              -112.73746620742858,
              53.735360035999996
            ],
            [
              -112.74746477857143,
              53.735360035999996
            ],
            [
              -112.74746477857143,
              53.76535146371428
            ],
            [
              -112.72746763628572,
              53.76535146371428
            ],
            [
              -112.72746763628572,
              53.77534860628571
            ],
            [
              -112.68747335171429,
              53.77534860628571
            ],
            [
              -112.68747335171429,
              53.76535146371428
            ],
            [
              -112.67747478057143,
              53.76535146371428
            ],
            [
              -112.67747478057143,
              53.745357178571425
            ],
            [
              -112.66747620942857,
              53.745357178571425
            ],
            [
              -112.66747620942857,
              53.735360035999996
            ],
            [
              -112.69747192285715,
              53.735360035999996
            ],
            [
              -112.69747192285715,
              53.72536289342857
            ]
          ]
        ]
      },
      "properties": {
        "hail_size_bin": "0.5\"",
        "min_size_inches": 0.5
      }
    },
    {
      "type": "Feature",
      "geometry": {
        "type": "Polygon",
        "coordinates": [
          [
            [
              -110.257820564,
              53.84532860428571
            ],
            [
              -110.24782199285714,
              53.84532860428571
            ],
            [
              -110.24782199285714,
              53.85532574685714
            ],
            [
              -110.20782770828572,
              53.85532574685714
            ],
            [
              -110.20782770828572,
              53.86532288942857
            ],
            [
              -110.17783199485714,
              53.86532288942857
            ],
            [
              -110.17783199485714,
              53.85532574685714
            ],
            [
              -110.187830566,
              53.85532574685714
            ],
            [
              -110.187830566,
              53.84532860428571
            ],
            [
              -110.21782627942858,
              53.84532860428571
            ],
            [
              -110.21782627942858,
              53.83533146171428
            ],
            [
              -110.257820564,
              53.83533146171428
            ],
            [
              -110.257820564,
              53.84532860428571
            ]
          ]
        ]
      },
      "properties": {
        "hail_size_bin": "0.5\"",
        "min_size_inches": 0.5
      }
    },
    {
      "type": "Feature",
      "geometry": {
        "type": "Polygon",
        "coordinates": [
          [
            [
              -110.15783485257143,
              53.91530860228571
            ],
            [
              -110.19782913714286,
              53.91530860228571
            ],
            [
              -110.19782913714286,
              53.905311459714284
            ],
            [
              -110.21782627942858,
              53.905311459714284
            ],
            [
              -110.21782627942858,
              53.895314317142855
            ],
            [
              -110.22782485057144,
              53.895314317142855
            ],
            [
              -110.22782485057144,
              53.92530574485714
            ],
            [
              -110.20782770828572,
              53.92530574485714
            ],
            [
              -110.20782770828572,
              53.93530288742857
            ],
            [
              -110.187830566,
              53.93530288742857
            ],
            [
              -110.187830566,
              53.95529717257143
            ],
            [
              -110.17783199485714,
              53.95529717257143
            ],
            [
              -110.17783199485714,
              53.94530003
            ],
            [
              -110.15783485257143,
              53.94530003
            ],
            [
              -110.15783485257143,
              53.93530288742857
            ],
            [
              -110.14783628142857,
              53.93530288742857
            ],
            [
              -110.14783628142857,
              53.92530574485714
            ],
            [
              -110.15783485257143,
              53.92530574485714
            ],
            [
              -110.15783485257143,
              53.91530860228571
            ]
          ]
        ]
      },
      "properties": {
        "hail_size_bin": "0.5\"",
        "min_size_inches": 0.5
      }
    },
    {
      "type": "Feature",
      "geometry": {
        "type": "Polygon",
        "coordinates": [
          [
            [
              -108.51806918514286,
              53.93530288742857
            ],
            [
              -108.53806632742857,
              53.93530288742857
            ],
            [
              -108.53806632742857,
              53.92530574485714
            ],
            [
              -108.58805918314286,
              53.92530574485714
            ],
            [
              -108.58805918314286,
              53.94530003
            ],
            [
              -108.51806918514286,
              53.94530003
            ],
            [
              -108.51806918514286,
              53.93530288742857
            ]
          ]
        ]
      },
      "properties": {
        "hail_size_bin": "0.5\"",
        "min_size_inches": 0.5
      }
    },
    {
      "type": "Feature",
      "geometry": {
        "type": "Polygon",
        "coordinates": [
          [
            [
              -108.508070614,
              53.975291457714285
            ],
            [
              -108.49807204285715,
              53.975291457714285
            ],
            [
              -108.49807204285715,
              53.98528860028571
            ],
            [
              -108.47807490057143,
              53.98528860028571
            ],
            [
              -108.47807490057143,
              54.00528288542857
            ],
            [
              -108.46807632942857,
              54.00528288542857
            ],
            [
              -108.46807632942857,
              53.99528574285714
            ],
            [
              -108.45807775828573,
              53.99528574285714
            ],
            [
              -108.45807775828573,
              53.975291457714285
            ],
            [
              -108.46807632942857,
              53.975291457714285
            ],
            [
              -108.46807632942857,
              53.965294315142856
            ],
            [
              -108.508070614,
              53.965294315142856
            ],
            [
              -108.508070614,
              53.975291457714285
            ]
          ]
        ]
      },
      "properties": {
        "hail_size_bin": "0.5\"",
        "min_size_inches": 0.5
      }
    },
    {
      "type": "Feature",
      "geometry": {
        "type": "Polygon",
        "coordinates": [
          [
            [
              -80.89201711742857,
              25.793346548857144
            ],
            [
              -80.86202140399999,
              25.793346548857144
            ],
            [
              -80.86202140399999,
              25.763355121142858
            ],
            [
              -80.85202283285714,
              25.763355121142858
            ],
            [
              -80.85202283285714,
              25.75335797857143
            ],
            [
              -80.90201568857142,
              25.75335797857143
            ],
            [
              -80.90201568857142,
              25.763355121142858
            ],
            [
              -80.89201711742857,
              25.763355121142858
            ],
            [
              -80.89201711742857,
              25.793346548857144
            ]
          ]
        ]
      },
      "properties": {
        "hail_size_bin": "0.5\"",
        "min_size_inches": 0.5
      }
    },
    {
      "type": "Feature",
      "geometry": {
        "type": "Polygon",
        "coordinates": [
          [
            [
              -82.29181707742856,
              26.18323510914286
            ],
            [
              -82.31181421971428,
              26.18323510914286
            ],
            [
              -82.31181421971428,
              26.17323796657143
            ],
            [
              -82.34180993314286,
              26.17323796657143
            ],
            [
              -82.34180993314286,
              26.223223679428575
            ],
            [
              -82.30181564857142,
              26.223223679428575
            ],
            [
              -82.30181564857142,
              26.233220822000003
            ],
            [
              -82.28181850628572,
              26.233220822000003
            ],
            [
              -82.28181850628572,
              26.223223679428575
            ],
            [
              -82.29181707742856,
              26.223223679428575
            ],
            [
              -82.29181707742856,
              26.213226536857146
            ],
            [
              -82.27181993514286,
              26.213226536857146
            ],
            [
              -82.27181993514286,
              26.19323225171429
            ],
            [
              -82.29181707742856,
              26.19323225171429
            ],
            [
              -82.29181707742856,
              26.18323510914286
            ]
          ]
        ]
      },
      "properties": {
        "hail_size_bin": "0.5\"",
        "min_size_inches": 0.5
      }
    },
    {
      "type": "Feature",
      "geometry": {
        "type": "Polygon",
        "coordinates": [
          [
            [
              -80.46207855828571,
              26.213226536857146
            ],
            [
              -80.47207712942857,
              26.213226536857146
            ],
            [
              -80.47207712942857,
              26.203229394285717
            ],
            [
              -80.45207998714287,
              26.203229394285717
            ],
            [
              -80.45207998714287,
              26.19323225171429
            ],
            [
              -80.46207855828571,
              26.19323225171429
            ],
            [
              -80.46207855828571,
              26.18323510914286
            ],
            [
              -80.50207284285713,
              26.18323510914286
            ],
            [
              -80.50207284285713,
              26.17323796657143
            ],
            [
              -80.52206998514285,
              26.17323796657143
            ],
            [
              -80.52206998514285,
              26.18323510914286
            ],
            [
              -80.54206712742857,
              26.18323510914286
            ],
            [
              -80.54206712742857,
              26.19323225171429
            ],
            [
              -80.53206855628571,
              26.19323225171429
            ],
            [
              -80.53206855628571,
              26.233220822000003
            ],
            [
              -80.51207141399999,
              26.233220822000003
            ],
            [
              -80.51207141399999,
              26.253215107142857
            ],
            [
              -80.48207570057143,
              26.253215107142857
            ],
            [
              -80.48207570057143,
              26.243217964571432
            ],
            [
              -80.46207855828571,
              26.243217964571432
            ],
            [
              -80.46207855828571,
              26.233220822000003
            ],
            [
              -80.45207998714287,
              26.233220822000003
            ],
            [
              -80.45207998714287,
              26.223223679428575
            ],
            [
              -80.46207855828571,
              26.223223679428575
            ],
            [
              -80.46207855828571,
              26.213226536857146
            ]
          ]
        ]
      },
      "properties": {
        "hail_size_bin": "0.5\"",
        "min_size_inches": 0.5
      }
    },
    {
      "type": "Feature",
      "geometry": {
        "type": "Polygon",
        "coordinates": [
          [
            [
              -82.191831366,
              26.213226536857146
            ],
            [
              -82.20182993714286,
              26.213226536857146
            ],
            [
              -82.20182993714286,
              26.223223679428575
            ],
            [
              -82.21182850828572,
              26.223223679428575
            ],
            [
              -82.21182850828572,
              26.213226536857146
            ],
            [
              -82.25182279285714,
              26.213226536857146
            ],
            [
              -82.25182279285714,
              26.203229394285717
            ],
            [
              -82.261821364,
              26.203229394285717
            ],
            [
              -82.261821364,
              26.233220822000003
            ],
            [
              -82.25182279285714,
              26.233220822000003
            ],
            [
              -82.25182279285714,
              26.243217964571432
            ],
            [
              -82.23182565057144,
              26.243217964571432
            ],
            [
              -82.23182565057144,
              26.233220822000003
            ],
            [
              -82.22182707942858,
              26.233220822000003
            ],
            [
              -82.22182707942858,
              26.243217964571432
            ],
            [
              -82.191831366,
              26.243217964571432
            ],
            [
              -82.191831366,
              26.253215107142857
            ],
            [
              -82.17183422371428,
              26.253215107142857
            ],
            [
              -82.17183422371428,
              26.263212249714286
            ],
            [
              -82.16183565257143,
              26.263212249714286
            ],
            [
              -82.16183565257143,
              26.253215107142857
            ],
            [
              -82.15183708142857,
              26.253215107142857
            ],
            [
              -82.15183708142857,
              26.243217964571432
            ],
            [
              -82.16183565257143,
              26.243217964571432
            ],
            [
              -82.16183565257143,
              26.223223679428575
            ],
            [
              -82.191831366,
              26.223223679428575
            ],
            [
              -82.191831366,
              26.213226536857146
            ]
          ]
        ]
      },
      "properties": {
        "hail_size_bin": "0.5\"",
        "min_size_inches": 0.5
      }
    },
    {
      "type": "Feature",
      "geometry": {
        "type": "Polygon",
        "coordinates": [
          [
            [
              -81.911871374,
              26.283206534857143
            ],
            [
              -81.94186708742856,
              26.283206534857143
            ],
            [
              -81.94186708742856,
              26.30320082
            ],
            [
              -81.9318685162857,
              26.30320082
            ],
            [
              -81.9318685162857,
              26.323195105142858
            ],
            [
              -81.911871374,
              26.323195105142858
            ],
            [
              -81.911871374,
              26.31319796257143
            ],
            [
              -81.89187423171428,
              26.31319796257143
            ],
            [
              -81.89187423171428,
              26.30320082
            ],
            [
              -81.90187280285714,
              26.30320082
            ],
            [
              -81.90187280285714,
              26.293203677428572
            ],
            [
              -81.911871374,
              26.293203677428572
            ],
            [
              -81.911871374,
              26.283206534857143
            ]
          ]
        ]
      },
      "properties": {
        "hail_size_bin": "0.5\"",
        "min_size_inches": 0.5
      }
    },
    {
      "type": "Feature",
      "geometry": {
        "type": "Polygon",
        "coordinates": [
          [
            [
              -82.11184279685713,
              26.66309795257143
            ],
            [
              -82.12184136799999,
              26.66309795257143
            ],
            [
              -82.12184136799999,
              26.65310081
            ],
            [
              -82.14183851028571,
              26.65310081
            ],
            [
              -82.14183851028571,
              26.643103667428573
            ],
            [
              -82.15183708142857,
              26.643103667428573
            ],
            [
              -82.15183708142857,
              26.633106524857144
            ],
            [
              -82.16183565257143,
              26.633106524857144
            ],
            [
              -82.16183565257143,
              26.65310081
            ],
            [
              -82.17183422371428,
              26.65310081
            ],
            [
              -82.17183422371428,
              26.66309795257143
            ],
            [
              -82.18183279485714,
              26.66309795257143
            ],
            [
              -82.18183279485714,
              26.67309509514286
            ],
            [
              -82.191831366,
              26.67309509514286
            ],
            [
              -82.191831366,
              26.693089380285716
            ],
            [
              -82.18183279485714,
              26.693089380285716
            ],
            [
              -82.18183279485714,
              26.683092237714288
            ],
            [
              -82.16183565257143,
              26.683092237714288
            ],
            [
              -82.16183565257143,
              26.693089380285716
            ],
            [
              -82.15183708142857,
              26.693089380285716
            ],
            [
              -82.15183708142857,
              26.703086522857145
            ],
            [
              -82.14183851028571,
              26.703086522857145
            ],
            [
              -82.14183851028571,
              26.713083665428574
            ],
            [
              -82.12184136799999,
              26.713083665428574
            ],
            [
              -82.12184136799999,
              26.723080808000002
            ],
            [
              -82.10184422571429,
              26.723080808000002
            ],
            [
              -82.10184422571429,
              26.693089380285716
            ],
            [
              -82.08184708342857,
              26.693089380285716
            ],
            [
              -82.08184708342857,
              26.683092237714288
            ],
            [
              -82.10184422571429,
              26.683092237714288
            ],
            [
              -82.10184422571429,
              26.67309509514286
            ],
            [
              -82.11184279685713,
              26.67309509514286
            ],
            [
              -82.11184279685713,
              26.66309795257143
            ]
          ]
        ]
      },
      "properties": {
        "hail_size_bin": "0.5\"",
        "min_size_inches": 0.5
      }
    },
    {
      "type": "Feature",
      "geometry": {
        "type": "Polygon",
        "coordinates": [
          [
            [
              -81.13198282485715,
              27.182949366285715
            ],
            [
              -81.141981396,
              27.182949366285715
            ],
            [
              -81.141981396,
              27.172952223714287
            ],
            [
              -81.19197425171429,
              27.172952223714287
            ],
            [
              -81.19197425171429,
              27.192946508857144
            ],
            [
              -81.18197568057143,
              27.192946508857144
            ],
            [
              -81.18197568057143,
              27.202943651428573
            ],
            [
              -81.17197710942857,
              27.202943651428573
            ],
            [
              -81.17197710942857,
              27.192946508857144
            ],
            [
              -81.15197996714286,
              27.192946508857144
            ],
            [
              -81.15197996714286,
              27.212940794
            ],
            [
              -81.17197710942857,
              27.212940794
            ],
            [
              -81.17197710942857,
              27.22293793657143
            ],
            [
              -81.141981396,
              27.22293793657143
            ],
            [
              -81.141981396,
              27.212940794
            ],
            [
              -81.13198282485715,
              27.212940794
            ],
            [
              -81.13198282485715,
              27.202943651428573
            ],
            [
              -81.12198425371429,
              27.202943651428573
            ],
            [
              -81.12198425371429,
              27.192946508857144
            ],
            [
              -81.13198282485715,
              27.192946508857144
            ],
            [
              -81.13198282485715,
              27.182949366285715
            ]
          ]
        ]
      },
      "properties": {
        "hail_size_bin": "0.5\"",
        "min_size_inches": 0.5
      }
    },
    {
      "type": "Feature",
      "geometry": {
        "type": "Polygon",
        "coordinates": [
          [
            [
              -95.40994241685715,
              28.932449316285716
            ],
            [
              -95.37994670342857,
              28.932449316285716
            ],
            [
              -95.37994670342857,
              28.91245503114286
            ],
            [
              -95.36994813228571,
              28.91245503114286
            ],
            [
              -95.36994813228571,
              28.892460746
            ],
            [
              -95.37994670342857,
              28.892460746
            ],
            [
              -95.37994670342857,
              28.90245788857143
            ],
            [
              -95.40994241685715,
              28.90245788857143
            ],
            [
              -95.40994241685715,
              28.932449316285716
            ]
          ]
        ]
      },
      "properties": {
        "hail_size_bin": "0.5\"",
        "min_size_inches": 0.5
      }
    },
    {
      "type": "Feature",
      "geometry": {
        "type": "Polygon",
        "coordinates": [
          [
            [
              -95.47993241485715,
              28.942446458857145
            ],
            [
              -95.48993098599999,
              28.942446458857145
            ],
            [
              -95.48993098599999,
              28.962440744000002
            ],
            [
              -95.47993241485715,
              28.962440744000002
            ],
            [
              -95.47993241485715,
              28.98243502914286
            ],
            [
              -95.48993098599999,
              28.98243502914286
            ],
            [
              -95.48993098599999,
              29.002429314285717
            ],
            [
              -95.47993241485715,
              29.002429314285717
            ],
            [
              -95.47993241485715,
              29.012426456857145
            ],
            [
              -95.45993527257143,
              29.012426456857145
            ],
            [
              -95.45993527257143,
              28.98243502914286
            ],
            [
              -95.46993384371429,
              28.98243502914286
            ],
            [
              -95.46993384371429,
              28.962440744000002
            ],
            [
              -95.45993527257143,
              28.962440744000002
            ],
            [
              -95.45993527257143,
              28.952443601428573
            ],
            [
              -95.47993241485715,
              28.952443601428573
            ],
            [
              -95.47993241485715,
              28.942446458857145
            ]
          ]
        ]
      },
      "properties": {
        "hail_size_bin": "0.5\"",
        "min_size_inches": 0.5
      }
    },
    {
      "type": "Feature",
      "geometry": {
        "type": "Polygon",
        "coordinates": [
          [
            [
              -106.21839782228571,
              33.07126634085714
            ],
            [
              -106.22839639342857,
              33.07126634085714
            ],
            [
              -106.22839639342857,
              33.091260626
            ],
            [
              -106.21839782228571,
              33.091260626
            ],
            [
              -106.21839782228571,
              33.10125776857143
            ],
            [
              -106.16840496657143,
              33.10125776857143
            ],
            [
              -106.16840496657143,
              33.08126348342857
            ],
            [
              -106.17840353771429,
              33.08126348342857
            ],
            [
              -106.17840353771429,
              33.07126634085714
            ],
            [
              -106.20839925114285,
              33.07126634085714
            ],
            [
              -106.20839925114285,
              33.08126348342857
            ],
            [
              -106.21839782228571,
              33.08126348342857
            ],
            [
              -106.21839782228571,
              33.07126634085714
            ]
          ]
        ]
      },
      "properties": {
        "hail_size_bin": "0.5\"",
        "min_size_inches": 0.5
      }
    },
    {
      "type": "Feature",
      "geometry": {
        "type": "Polygon",
        "coordinates": [
          [
            [
              -92.47036250085714,
              34.54084629885715
            ],
            [
              -92.49035964314285,
              34.54084629885715
            ],
            [
              -92.49035964314285,
              34.55084344142857
            ],
            [
              -92.480361072,
              34.55084344142857
            ],
            [
              -92.480361072,
              34.560840584000005
            ],
            [
              -92.47036250085714,
              34.560840584000005
            ],
            [
              -92.47036250085714,
              34.570837726571426
            ],
            [
              -92.44036678742857,
              34.570837726571426
            ],
            [
              -92.44036678742857,
              34.560840584000005
            ],
            [
              -92.45036535857143,
              34.560840584000005
            ],
            [
              -92.45036535857143,
              34.54084629885715
            ],
            [
              -92.46036392971428,
              34.54084629885715
            ],
            [
              -92.46036392971428,
              34.53084915628571
            ],
            [
              -92.47036250085714,
              34.53084915628571
            ],
            [
              -92.47036250085714,
              34.54084629885715
            ]
          ]
        ]
      },
      "properties": {
        "hail_size_bin": "0.5\"",
        "min_size_inches": 0.5
      }
    },
    {
      "type": "Feature",
      "geometry": {
        "type": "Polygon",
        "coordinates": [
          [
            [
              -92.37037678942858,
              34.55084344142857
            ],
            [
              -92.40037250285715,
              34.55084344142857
            ],
            [
              -92.40037250285715,
              34.560840584000005
            ],
            [
              -92.43036821628571,
              34.560840584000005
            ],
            [
              -92.43036821628571,
              34.570837726571426
            ],
            [
              -92.40037250285715,
              34.570837726571426
            ],
            [
              -92.40037250285715,
              34.58083486914286
            ],
            [
              -92.38037536057143,
              34.58083486914286
            ],
            [
              -92.38037536057143,
              34.570837726571426
            ],
            [
              -92.36037821828572,
              34.570837726571426
            ],
            [
              -92.36037821828572,
              34.560840584000005
            ],
            [
              -92.35037964714286,
              34.560840584000005
            ],
            [
              -92.35037964714286,
              34.54084629885715
            ],
            [
              -92.37037678942858,
              34.54084629885715
            ],
            [
              -92.37037678942858,
              34.55084344142857
            ]
          ]
        ]
      },
      "properties": {
        "hail_size_bin": "0.5\"",
        "min_size_inches": 0.5
      }
    },
    {
      "type": "Feature",
      "geometry": {
        "type": "Polygon",
        "coordinates": [
          [
            [
              -92.340381076,
              34.590832011714284
            ],
            [
              -92.33038250485714,
              34.590832011714284
            ],
            [
              -92.33038250485714,
              34.60082915428572
            ],
            [
              -92.31038536257142,
              34.60082915428572
            ],
            [
              -92.31038536257142,
              34.58083486914286
            ],
            [
              -92.30038679142856,
              34.58083486914286
            ],
            [
              -92.30038679142856,
              34.570837726571426
            ],
            [
              -92.31038536257142,
              34.570837726571426
            ],
            [
              -92.31038536257142,
              34.560840584000005
            ],
            [
              -92.340381076,
              34.560840584000005
            ],
            [
              -92.340381076,
              34.590832011714284
            ]
          ]
        ]
      },
      "properties": {
        "hail_size_bin": "0.5\"",
        "min_size_inches": 0.5
      }
    },
    {
      "type": "Feature",
      "geometry": {
        "type": "Polygon",
        "coordinates": [
          [
            [
              -107.67818920914286,
              37.430020502000005
            ],
            [
              -107.668190638,
              37.430020502000005
            ],
            [
              -107.668190638,
              37.45001478714286
            ],
            [
              -107.62819635342858,
              37.45001478714286
            ],
            [
              -107.62819635342858,
              37.44001764457143
            ],
            [
              -107.61819778228572,
              37.44001764457143
            ],
            [
              -107.61819778228572,
              37.42002335942857
            ],
            [
              -107.63819492457142,
              37.42002335942857
            ],
            [
              -107.63819492457142,
              37.41002621685715
            ],
            [
              -107.67818920914286,
              37.41002621685715
            ],
            [
              -107.67818920914286,
              37.430020502000005
            ]
          ]
        ]
      },
      "properties": {
        "hail_size_bin": "0.5\"",
        "min_size_inches": 0.5
      }
    },
    {
      "type": "Feature",
      "geometry": {
        "type": "Polygon",
        "coordinates": [
          [
            [
              -105.93843783028572,
              40.019280428
            ],
            [
              -105.94843640142858,
              40.019280428
            ],
            [
              -105.94843640142858,
              40.02927757057143
            ],
            [
              -105.96843354371428,
              40.02927757057143
            ],
            [
              -105.96843354371428,
              40.04927185571429
            ],
            [
              -105.94843640142858,
              40.04927185571429
            ],
            [
              -105.94843640142858,
              40.05926899828572
            ],
            [
              -105.90844211685715,
              40.05926899828572
            ],
            [
              -105.90844211685715,
              40.04927185571429
            ],
            [
              -105.918440688,
              40.04927185571429
            ],
            [
              -105.918440688,
              40.019280428
            ],
            [
              -105.92843925914286,
              40.019280428
            ],
            [
              -105.92843925914286,
              40.00928328542857
            ],
            [
              -105.93843783028572,
              40.00928328542857
            ],
            [
              -105.93843783028572,
              40.019280428
            ]
          ]
        ]
      },
      "properties": {
        "hail_size_bin": "0.5\"",
        "min_size_inches": 0.5
      }
    },
    {
      "type": "Feature",
      "geometry": {
        "type": "Polygon",
        "coordinates": [
          [
            [
              -84.44150987314285,
              42.958440343999996
            ],
            [
              -84.41151415971429,
              42.958440343999996
            ],
            [
              -84.41151415971429,
              42.948443201428574
            ],
            [
              -84.39151701742857,
              42.948443201428574
            ],
            [
              -84.39151701742857,
              42.92844891628572
            ],
            [
              -84.36152130400001,
              42.92844891628572
            ],
            [
              -84.36152130400001,
              42.91845177371428
            ],
            [
              -84.34152416171429,
              42.91845177371428
            ],
            [
              -84.34152416171429,
              42.90845463114286
            ],
            [
              -84.33152559057143,
              42.90845463114286
            ],
            [
              -84.33152559057143,
              42.898457488571424
            ],
            [
              -84.30152987714285,
              42.898457488571424
            ],
            [
              -84.30152987714285,
              42.878463203428566
            ],
            [
              -84.32152701942857,
              42.878463203428566
            ],
            [
              -84.32152701942857,
              42.868466060857145
            ],
            [
              -84.28153273485714,
              42.868466060857145
            ],
            [
              -84.28153273485714,
              42.858468918285716
            ],
            [
              -84.291531306,
              42.858468918285716
            ],
            [
              -84.291531306,
              42.84847177571429
            ],
            [
              -84.28153273485714,
              42.84847177571429
            ],
            [
              -84.28153273485714,
              42.82847749057143
            ],
            [
              -84.291531306,
              42.82847749057143
            ],
            [
              -84.291531306,
              42.818480348
            ],
            [
              -84.35152273285715,
              42.818480348
            ],
            [
              -84.35152273285715,
              42.82847749057143
            ],
            [
              -84.37151987514287,
              42.82847749057143
            ],
            [
              -84.37151987514287,
              42.83847463314286
            ],
            [
              -84.38151844628571,
              42.83847463314286
            ],
            [
              -84.38151844628571,
              42.858468918285716
            ],
            [
              -84.37151987514287,
              42.858468918285716
            ],
            [
              -84.37151987514287,
              42.868466060857145
            ],
            [
              -84.40151558857143,
              42.868466060857145
            ],
            [
              -84.40151558857143,
              42.878463203428566
            ],
            [
              -84.42151273085715,
              42.878463203428566
            ],
            [
              -84.42151273085715,
              42.888460346
            ],
            [
              -84.43151130199999,
              42.888460346
            ],
            [
              -84.43151130199999,
              42.91845177371428
            ],
            [
              -84.42151273085715,
              42.91845177371428
            ],
            [
              -84.42151273085715,
              42.92844891628572
            ],
            [
              -84.46150701542857,
              42.92844891628572
            ],
            [
              -84.46150701542857,
              42.93844605885714
            ],
            [
              -84.48150415771428,
              42.93844605885714
            ],
            [
              -84.48150415771428,
              42.948443201428574
            ],
            [
              -84.5015013,
              42.948443201428574
            ],
            [
              -84.5015013,
              42.958440343999996
            ],
            [
              -84.51149987114286,
              42.958440343999996
            ],
            [
              -84.51149987114286,
              42.96843748657143
            ],
            [
              -84.52149844228572,
              42.96843748657143
            ],
            [
              -84.52149844228572,
              42.98843177171429
            ],
            [
              -84.51149987114286,
              42.98843177171429
            ],
            [
              -84.51149987114286,
              42.99842891428571
            ],
            [
              -84.54149558457144,
              42.99842891428571
            ],
            [
              -84.54149558457144,
              43.01842319942857
            ],
            [
              -84.49150272885714,
              43.01842319942857
            ],
            [
              -84.49150272885714,
              42.98843177171429
            ],
            [
              -84.48150415771428,
              42.98843177171429
            ],
            [
              -84.48150415771428,
              42.97843462914285
            ],
            [
              -84.47150558657142,
              42.97843462914285
            ],
            [
              -84.47150558657142,
              42.96843748657143
            ],
            [
              -84.44150987314285,
              42.96843748657143
            ],
            [
              -84.44150987314285,
              42.958440343999996
            ]
          ]
        ]
      },
      "properties": {
        "hail_size_bin": "0.5\"",
        "min_size_inches": 0.5
      }
    },
    {
      "type": "Feature",
      "geometry": {
        "type": "Polygon",
        "coordinates": [
          [
            [
              -84.62148415371428,
              43.06840891228571
            ],
            [
              -84.641481296,
              43.06840891228571
            ],
            [
              -84.641481296,
              43.08840319742857
            ],
            [
              -84.59148844028572,
              43.08840319742857
            ],
            [
              -84.59148844028572,
              43.07840605485714
            ],
            [
              -84.571491298,
              43.07840605485714
            ],
            [
              -84.571491298,
              43.048414627142854
            ],
            [
              -84.61148558257142,
              43.048414627142854
            ],
            [
              -84.61148558257142,
              43.05841176971428
            ],
            [
              -84.62148415371428,
              43.05841176971428
            ],
            [
              -84.62148415371428,
              43.06840891228571
            ]
          ]
        ]
      },
      "properties": {
        "hail_size_bin": "0.5\"",
        "min_size_inches": 0.5
      }
    },
    {
      "type": "Feature",
      "geometry": {
        "type": "Polygon",
        "coordinates": [
          [
            [
              -83.521641328,
              43.898171745714286
            ],
            [
              -83.51164275685714,
              43.898171745714286
            ],
            [
              -83.51164275685714,
              43.88817460314286
            ],
            [
              -83.521641328,
              43.88817460314286
            ],
            [
              -83.521641328,
              43.87817746057143
            ],
            [
              -83.53163989914285,
              43.87817746057143
            ],
            [
              -83.53163989914285,
              43.868180318
            ],
            [
              -83.55163704142856,
              43.868180318
            ],
            [
              -83.55163704142856,
              43.85818317542857
            ],
            [
              -83.56163561257142,
              43.85818317542857
            ],
            [
              -83.56163561257142,
              43.84818603285714
            ],
            [
              -83.57163418371428,
              43.84818603285714
            ],
            [
              -83.57163418371428,
              43.85818317542857
            ],
            [
              -83.58163275485714,
              43.85818317542857
            ],
            [
              -83.58163275485714,
              43.868180318
            ],
            [
              -83.60162989714286,
              43.868180318
            ],
            [
              -83.60162989714286,
              43.87817746057143
            ],
            [
              -83.61162846828572,
              43.87817746057143
            ],
            [
              -83.61162846828572,
              43.88817460314286
            ],
            [
              -83.62162703942857,
              43.88817460314286
            ],
            [
              -83.62162703942857,
              43.898171745714286
            ],
            [
              -83.63162561057143,
              43.898171745714286
            ],
            [
              -83.63162561057143,
              43.908168888285715
            ],
            [
              -83.62162703942857,
              43.908168888285715
            ],
            [
              -83.62162703942857,
              43.918166030857144
            ],
            [
              -83.61162846828572,
              43.918166030857144
            ],
            [
              -83.61162846828572,
              43.92816317342857
            ],
            [
              -83.591631326,
              43.92816317342857
            ],
            [
              -83.591631326,
              43.938160316
            ],
            [
              -83.58163275485714,
              43.938160316
            ],
            [
              -83.58163275485714,
              43.94815745857143
            ],
            [
              -83.57163418371428,
              43.94815745857143
            ],
            [
              -83.57163418371428,
              43.938160316
            ],
            [
              -83.56163561257142,
              43.938160316
            ],
            [
              -83.56163561257142,
              43.92816317342857
            ],
            [
              -83.53163989914285,
              43.92816317342857
            ],
            [
              -83.53163989914285,
              43.918166030857144
            ],
            [
              -83.521641328,
              43.918166030857144
            ],
            [
              -83.521641328,
              43.898171745714286
            ]
          ]
        ]
      },
      "properties": {
        "hail_size_bin": "0.5\"",
        "min_size_inches": 0.5
      }
    },
    {
      "type": "Feature",
      "geometry": {
        "type": "Polygon",
        "coordinates": [
          [
            [
              -82.62176992514286,
              44.797914577142855
            ],
            [
              -82.65176563857142,
              44.797914577142855
            ],
            [
              -82.65176563857142,
              44.80791171971428
            ],
            [
              -82.66176420971428,
              44.80791171971428
            ],
            [
              -82.66176420971428,
              44.81790886228571
            ],
            [
              -82.65176563857142,
              44.81790886228571
            ],
            [
              -82.65176563857142,
              44.82790600485714
            ],
            [
              -82.67176278085714,
              44.82790600485714
            ],
            [
              -82.67176278085714,
              44.83790314742857
            ],
            [
              -82.66176420971428,
              44.83790314742857
            ],
            [
              -82.66176420971428,
              44.84790029
            ],
            [
              -82.64176706742856,
              44.84790029
            ],
            [
              -82.64176706742856,
              44.85789743257143
            ],
            [
              -82.5917742117143,
              44.85789743257143
            ],
            [
              -82.5917742117143,
              44.84790029
            ],
            [
              -82.60177278285714,
              44.84790029
            ],
            [
              -82.60177278285714,
              44.81790886228571
            ],
            [
              -82.611771354,
              44.81790886228571
            ],
            [
              -82.611771354,
              44.80791171971428
            ],
            [
              -82.62176992514286,
              44.80791171971428
            ],
            [
              -82.62176992514286,
              44.797914577142855
            ]
          ]
        ]
      },
      "properties": {
        "hail_size_bin": "0.5\"",
        "min_size_inches": 0.5
      }
    },
    {
      "type": "Feature",
      "geometry": {
        "type": "Polygon",
        "coordinates": [
          [
            [
              -83.29167419171429,
              44.80791171971428
            ],
            [
              -83.311671334,
              44.80791171971428
            ],
            [
              -83.311671334,
              44.83790314742857
            ],
            [
              -83.32166990514285,
              44.83790314742857
            ],
            [
              -83.32166990514285,
              44.84790029
            ],
            [
              -83.311671334,
              44.84790029
            ],
            [
              -83.311671334,
              44.867894575142856
            ],
            [
              -83.30167276285715,
              44.867894575142856
            ],
            [
              -83.30167276285715,
              44.85789743257143
            ],
            [
              -83.29167419171429,
              44.85789743257143
            ],
            [
              -83.29167419171429,
              44.877891717714284
            ],
            [
              -83.28167562057143,
              44.877891717714284
            ],
            [
              -83.28167562057143,
              44.85789743257143
            ],
            [
              -83.27167704942858,
              44.85789743257143
            ],
            [
              -83.27167704942858,
              44.84790029
            ],
            [
              -83.28167562057143,
              44.84790029
            ],
            [
              -83.28167562057143,
              44.81790886228571
            ],
            [
              -83.29167419171429,
              44.81790886228571
            ],
            [
              -83.29167419171429,
              44.80791171971428
            ]
          ]
        ]
      },
      "properties": {
        "hail_size_bin": "0.5\"",
        "min_size_inches": 0.5
      }
    },
    {
      "type": "Feature",
      "geometry": {
        "type": "Polygon",
        "coordinates": [
          [
            [
              -82.97171991514286,
              44.88788886028571
            ],
            [
              -83.01171419971428,
              44.88788886028571
            ],
            [
              -83.01171419971428,
              44.89788600285714
            ],
            [
              -83.031711342,
              44.89788600285714
            ],
            [
              -83.031711342,
              44.92787743057143
            ],
            [
              -83.02171277085714,
              44.92787743057143
            ],
            [
              -83.02171277085714,
              44.947871715714285
            ],
            [
              -83.01171419971428,
              44.947871715714285
            ],
            [
              -83.01171419971428,
              44.93787457314286
            ],
            [
              -82.99171705742857,
              44.93787457314286
            ],
            [
              -82.99171705742857,
              44.947871715714285
            ],
            [
              -82.98171848628571,
              44.947871715714285
            ],
            [
              -82.98171848628571,
              44.957868858285714
            ],
            [
              -82.97171991514286,
              44.957868858285714
            ],
            [
              -82.97171991514286,
              44.92787743057143
            ],
            [
              -82.9417242017143,
              44.92787743057143
            ],
            [
              -82.9417242017143,
              44.89788600285714
            ],
            [
              -82.961721344,
              44.89788600285714
            ],
            [
              -82.961721344,
              44.877891717714284
            ],
            [
              -82.97171991514286,
              44.877891717714284
            ],
            [
              -82.97171991514286,
              44.88788886028571
            ]
          ]
        ]
      },
      "properties": {
        "hail_size_bin": "0.5\"",
        "min_size_inches": 0.5
      }
    },
    {
      "type": "Feature",
      "geometry": {
        "type": "Polygon",
        "coordinates": [
          [
            [
              -83.12169848228572,
              44.957868858285714
            ],
            [
              -83.11169991114286,
              44.957868858285714
            ],
            [
              -83.11169991114286,
              44.96786600085714
            ],
            [
              -83.10170134,
              44.96786600085714
            ],
            [
              -83.10170134,
              44.97786314342857
            ],
            [
              -83.08170419771429,
              44.97786314342857
            ],
            [
              -83.08170419771429,
              44.96786600085714
            ],
            [
              -83.07170562657143,
              44.96786600085714
            ],
            [
              -83.07170562657143,
              44.957868858285714
            ],
            [
              -83.06170705542857,
              44.957868858285714
            ],
            [
              -83.06170705542857,
              44.93787457314286
            ],
            [
              -83.12169848228572,
              44.93787457314286
            ],
            [
              -83.12169848228572,
              44.957868858285714
            ]
          ]
        ]
      },
      "properties": {
        "hail_size_bin": "0.5\"",
        "min_size_inches": 0.5
      }
    },
    {
      "type": "Feature",
      "geometry": {
        "type": "Polygon",
        "coordinates": [
          [
            [
              -78.692331466,
              45.69765740857143
            ],
            [
              -78.63234003914286,
              45.69765740857143
            ],
            [
              -78.63234003914286,
              45.687660265999995
            ],
            [
              -78.61234289685714,
              45.687660265999995
            ],
            [
              -78.61234289685714,
              45.67766312342857
            ],
            [
              -78.59234575457143,
              45.67766312342857
            ],
            [
              -78.59234575457143,
              45.657668838285716
            ],
            [
              -78.58234718342857,
              45.657668838285716
            ],
            [
              -78.58234718342857,
              45.64767169571429
            ],
            [
              -78.59234575457143,
              45.64767169571429
            ],
            [
              -78.59234575457143,
              45.63767455314286
            ],
            [
              -78.61234289685714,
              45.63767455314286
            ],
            [
              -78.61234289685714,
              45.617680268
            ],
            [
              -78.63234003914286,
              45.617680268
            ],
            [
              -78.63234003914286,
              45.60768312542857
            ],
            [
              -78.66233575257144,
              45.60768312542857
            ],
            [
              -78.66233575257144,
              45.617680268
            ],
            [
              -78.67233432371428,
              45.617680268
            ],
            [
              -78.67233432371428,
              45.60768312542857
            ],
            [
              -78.692331466,
              45.60768312542857
            ],
            [
              -78.692331466,
              45.62767741057143
            ],
            [
              -78.70233003714286,
              45.62767741057143
            ],
            [
              -78.70233003714286,
              45.63767455314286
            ],
            [
              -78.72232717942856,
              45.63767455314286
            ],
            [
              -78.72232717942856,
              45.62767741057143
            ],
            [
              -78.73232575057142,
              45.62767741057143
            ],
            [
              -78.73232575057142,
              45.63767455314286
            ],
            [
              -78.74232432171428,
              45.63767455314286
            ],
            [
              -78.74232432171428,
              45.62767741057143
            ],
            [
              -78.75232289285714,
              45.62767741057143
            ],
            [
              -78.75232289285714,
              45.63767455314286
            ],
            [
              -78.77232003514285,
              45.63767455314286
            ],
            [
              -78.77232003514285,
              45.657668838285716
            ],
            [
              -78.78231860628571,
              45.657668838285716
            ],
            [
              -78.78231860628571,
              45.667665980857144
            ],
            [
              -78.80231574857143,
              45.667665980857144
            ],
            [
              -78.80231574857143,
              45.687660265999995
            ],
            [
              -78.81231431971429,
              45.687660265999995
            ],
            [
              -78.81231431971429,
              45.71765169371429
            ],
            [
              -78.80231574857143,
              45.71765169371429
            ],
            [
              -78.80231574857143,
              45.72764883628571
            ],
            [
              -78.77232003514285,
              45.72764883628571
            ],
            [
              -78.77232003514285,
              45.737645978857145
            ],
            [
              -78.762321464,
              45.737645978857145
            ],
            [
              -78.762321464,
              45.72764883628571
            ],
            [
              -78.73232575057142,
              45.72764883628571
            ],
            [
              -78.73232575057142,
              45.71765169371429
            ],
            [
              -78.71232860828572,
              45.71765169371429
            ],
            [
              -78.71232860828572,
              45.70765455114285
            ],
            [
              -78.692331466,
              45.70765455114285
            ],
            [
              -78.692331466,
              45.69765740857143
            ]
          ]
        ]
      },
      "properties": {
        "hail_size_bin": "0.5\"",
        "min_size_inches": 0.5
      }
    },
    {
      "type": "Feature",
      "geometry": {
        "type": "Polygon",
        "coordinates": [
          [
            [
              -78.87230574657143,
              45.767637406571424
            ],
            [
              -78.87230574657143,
              45.757640264
            ],
            [
              -78.85230860428571,
              45.757640264
            ],
            [
              -78.85230860428571,
              45.72764883628571
            ],
            [
              -78.91230003114285,
              45.72764883628571
            ],
            [
              -78.91230003114285,
              45.737645978857145
            ],
            [
              -78.93229717342857,
              45.737645978857145
            ],
            [
              -78.93229717342857,
              45.74764312142857
            ],
            [
              -78.94229574457142,
              45.74764312142857
            ],
            [
              -78.94229574457142,
              45.757640264
            ],
            [
              -78.95229431571428,
              45.757640264
            ],
            [
              -78.95229431571428,
              45.767637406571424
            ],
            [
              -78.93229717342857,
              45.767637406571424
            ],
            [
              -78.93229717342857,
              45.77763454914286
            ],
            [
              -78.91230003114285,
              45.77763454914286
            ],
            [
              -78.91230003114285,
              45.767637406571424
            ],
            [
              -78.90230145999999,
              45.767637406571424
            ],
            [
              -78.90230145999999,
              45.77763454914286
            ],
            [
              -78.88230431771429,
              45.77763454914286
            ],
            [
              -78.88230431771429,
              45.767637406571424
            ],
            [
              -78.87230574657143,
              45.767637406571424
            ]
          ]
        ]
      },
      "properties": {
        "hail_size_bin": "0.5\"",
        "min_size_inches": 0.5
      }
    },
    {
      "type": "Feature",
      "geometry": {
        "type": "Polygon",
        "coordinates": [
          [
            [
              -78.95229431571428,
              45.77763454914286
            ],
            [
              -78.972291458,
              45.77763454914286
            ],
            [
              -78.972291458,
              45.767637406571424
            ],
            [
              -78.99228860028572,
              45.767637406571424
            ],
            [
              -78.99228860028572,
              45.77763454914286
            ],
            [
              -79.01228574257144,
              45.77763454914286
            ],
            [
              -79.01228574257144,
              45.80762597685714
            ],
            [
              -79.00228717142858,
              45.80762597685714
            ],
            [
              -79.00228717142858,
              45.81762311942857
            ],
            [
              -78.99228860028572,
              45.81762311942857
            ],
            [
              -78.99228860028572,
              45.827620261999996
            ],
            [
              -78.96229288685714,
              45.827620261999996
            ],
            [
              -78.96229288685714,
              45.81762311942857
            ],
            [
              -78.95229431571428,
              45.81762311942857
            ],
            [
              -78.95229431571428,
              45.80762597685714
            ],
            [
              -78.94229574457142,
              45.80762597685714
            ],
            [
              -78.94229574457142,
              45.78763169171428
            ],
            [
              -78.95229431571428,
              45.78763169171428
            ],
            [
              -78.95229431571428,
              45.77763454914286
            ]
          ]
        ]
      },
      "properties": {
        "hail_size_bin": "0.5\"",
        "min_size_inches": 0.5
      }
    },
    {
      "type": "Feature",
      "geometry": {
        "type": "Polygon",
        "coordinates": [
          [
            [
              -80.67204855228572,
              45.80762597685714
            ],
            [
              -80.68204712342856,
              45.80762597685714
            ],
            [
              -80.68204712342856,
              45.81762311942857
            ],
            [
              -80.67204855228572,
              45.81762311942857
            ],
            [
              -80.67204855228572,
              45.827620261999996
            ],
            [
              -80.63205426771428,
              45.827620261999996
            ],
            [
              -80.63205426771428,
              45.81762311942857
            ],
            [
              -80.62205569657144,
              45.81762311942857
            ],
            [
              -80.62205569657144,
              45.80762597685714
            ],
            [
              -80.66204998114286,
              45.80762597685714
            ],
            [
              -80.66204998114286,
              45.79762883428572
            ],
            [
              -80.67204855228572,
              45.79762883428572
            ],
            [
              -80.67204855228572,
              45.80762597685714
            ]
          ]
        ]
      },
      "properties": {
        "hail_size_bin": "0.5\"",
        "min_size_inches": 0.5
      }
    },
    {
      "type": "Feature",
      "geometry": {
        "type": "Polygon",
        "coordinates": [
          [
            [
              -79.10227288285714,
              45.86760883228571
            ],
            [
              -79.16226430971429,
              45.86760883228571
            ],
            [
              -79.16226430971429,
              45.88760311742857
            ],
            [
              -79.17226288085715,
              45.88760311742857
            ],
            [
              -79.17226288085715,
              45.89760026
            ],
            [
              -79.182261452,
              45.89760026
            ],
            [
              -79.182261452,
              45.907597402571426
            ],
            [
              -79.17226288085715,
              45.907597402571426
            ],
            [
              -79.17226288085715,
              45.917594545142855
            ],
            [
              -79.182261452,
              45.917594545142855
            ],
            [
              -79.182261452,
              45.92759168771428
            ],
            [
              -79.15226573857143,
              45.92759168771428
            ],
            [
              -79.15226573857143,
              45.93758883028571
            ],
            [
              -79.10227288285714,
              45.93758883028571
            ],
            [
              -79.10227288285714,
              45.917594545142855
            ],
            [
              -79.13226859628571,
              45.917594545142855
            ],
            [
              -79.13226859628571,
              45.89760026
            ],
            [
              -79.112271454,
              45.89760026
            ],
            [
              -79.112271454,
              45.88760311742857
            ],
            [
              -79.10227288285714,
              45.88760311742857
            ],
            [
              -79.10227288285714,
              45.86760883228571
            ]
          ]
        ]
      },
      "properties": {
        "hail_size_bin": "0.5\"",
        "min_size_inches": 0.5
      }
    },
    {
      "type": "Feature",
      "geometry": {
        "type": "Polygon",
        "coordinates": [
          [
            [
              -78.13241148200001,
              45.87760597485714
            ],
            [
              -78.20240147999999,
              45.87760597485714
            ],
            [
              -78.20240147999999,
              45.88760311742857
            ],
            [
              -78.21240005114285,
              45.88760311742857
            ],
            [
              -78.21240005114285,
              45.89760026
            ],
            [
              -78.22239862228571,
              45.89760026
            ],
            [
              -78.22239862228571,
              45.917594545142855
            ],
            [
              -78.21240005114285,
              45.917594545142855
            ],
            [
              -78.21240005114285,
              45.92759168771428
            ],
            [
              -78.19240290885713,
              45.92759168771428
            ],
            [
              -78.19240290885713,
              45.917594545142855
            ],
            [
              -78.17240576657143,
              45.917594545142855
            ],
            [
              -78.17240576657143,
              45.907597402571426
            ],
            [
              -78.14241005314285,
              45.907597402571426
            ],
            [
              -78.14241005314285,
              45.89760026
            ],
            [
              -78.13241148200001,
              45.89760026
            ],
            [
              -78.13241148200001,
              45.87760597485714
            ]
          ]
        ]
      },
      "properties": {
        "hail_size_bin": "0.5\"",
        "min_size_inches": 0.5
      }
    },
    {
      "type": "Feature",
      "geometry": {
        "type": "Polygon",
        "coordinates": [
          [
            [
              -79.2722485922857,
              45.97757740057143
            ],
            [
              -79.28224716342856,
              45.97757740057143
            ],
            [
              -79.28224716342856,
              45.93758883028571
            ],
            [
              -79.30224430571428,
              45.93758883028571
            ],
            [
              -79.30224430571428,
              45.94758597285714
            ],
            [
              -79.31224287685714,
              45.94758597285714
            ],
            [
              -79.31224287685714,
              45.93758883028571
            ],
            [
              -79.322241448,
              45.93758883028571
            ],
            [
              -79.322241448,
              45.94758597285714
            ],
            [
              -79.35223716142858,
              45.94758597285714
            ],
            [
              -79.35223716142858,
              45.967580258
            ],
            [
              -79.36223573257143,
              45.967580258
            ],
            [
              -79.36223573257143,
              45.97757740057143
            ],
            [
              -79.3722343037143,
              45.97757740057143
            ],
            [
              -79.3722343037143,
              45.997571685714284
            ],
            [
              -79.36223573257143,
              45.997571685714284
            ],
            [
              -79.36223573257143,
              46.01756597085714
            ],
            [
              -79.34223859028572,
              46.01756597085714
            ],
            [
              -79.34223859028572,
              46.02756311342857
            ],
            [
              -79.322241448,
              46.02756311342857
            ],
            [
              -79.322241448,
              46.01756597085714
            ],
            [
              -79.31224287685714,
              46.01756597085714
            ],
            [
              -79.31224287685714,
              46.02756311342857
            ],
            [
              -79.30224430571428,
              46.02756311342857
            ],
            [
              -79.30224430571428,
              46.01756597085714
            ],
            [
              -79.2722485922857,
              46.01756597085714
            ],
            [
              -79.2722485922857,
              45.97757740057143
            ]
          ]
        ]
      },
      "properties": {
        "hail_size_bin": "0.5\"",
        "min_size_inches": 0.5
      }
    },
    {
      "type": "Feature",
      "geometry": {
        "type": "Polygon",
        "coordinates": [
          [
            [
              -78.762321464,
              46.02756311342857
            ],
            [
              -78.70233003714286,
              46.02756311342857
            ],
            [
              -78.70233003714286,
              46.00756882828571
            ],
            [
              -78.692331466,
              46.00756882828571
            ],
            [
              -78.692331466,
              45.997571685714284
            ],
            [
              -78.75232289285714,
              45.997571685714284
            ],
            [
              -78.75232289285714,
              46.01756597085714
            ],
            [
              -78.762321464,
              46.01756597085714
            ],
            [
              -78.762321464,
              46.02756311342857
            ]
          ]
        ]
      },
      "properties": {
        "hail_size_bin": "0.5\"",
        "min_size_inches": 0.5
      }
    },
    {
      "type": "Feature",
      "geometry": {
        "type": "Polygon",
        "coordinates": [
          [
            [
              -79.532211442,
              46.037560256
            ],
            [
              -79.55220858428572,
              46.037560256
            ],
            [
              -79.55220858428572,
              46.057554541142856
            ],
            [
              -79.48221858628571,
              46.057554541142856
            ],
            [
              -79.48221858628571,
              46.04755739857143
            ],
            [
              -79.51221429971429,
              46.04755739857143
            ],
            [
              -79.51221429971429,
              46.037560256
            ],
            [
              -79.52221287085715,
              46.037560256
            ],
            [
              -79.52221287085715,
              46.02756311342857
            ],
            [
              -79.532211442,
              46.02756311342857
            ],
            [
              -79.532211442,
              46.037560256
            ]
          ]
        ]
      },
      "properties": {
        "hail_size_bin": "0.5\"",
        "min_size_inches": 0.5
      }
    },
    {
      "type": "Feature",
      "geometry": {
        "type": "Polygon",
        "coordinates": [
          [
            [
              -79.68219000914286,
              46.09754311142857
            ],
            [
              -79.71218572257143,
              46.09754311142857
            ],
            [
              -79.71218572257143,
              46.107540254
            ],
            [
              -79.73218286485715,
              46.107540254
            ],
            [
              -79.73218286485715,
              46.137531681714286
            ],
            [
              -79.69218858028572,
              46.137531681714286
            ],
            [
              -79.69218858028572,
              46.12753453914286
            ],
            [
              -79.68219000914286,
              46.12753453914286
            ],
            [
              -79.68219000914286,
              46.11753739657143
            ],
            [
              -79.66219286685714,
              46.11753739657143
            ],
            [
              -79.66219286685714,
              46.107540254
            ],
            [
              -79.68219000914286,
              46.107540254
            ],
            [
              -79.68219000914286,
              46.09754311142857
            ]
          ]
        ]
      },
      "properties": {
        "hail_size_bin": "0.5\"",
        "min_size_inches": 0.5
      }
    },
    {
      "type": "Feature",
      "geometry": {
        "type": "Polygon",
        "coordinates": [
          [
            [
              -78.04242434171428,
              46.137531681714286
            ],
            [
              -78.05242291285714,
              46.137531681714286
            ],
            [
              -78.05242291285714,
              46.147528824285715
            ],
            [
              -78.062421484,
              46.147528824285715
            ],
            [
              -78.062421484,
              46.15752596685714
            ],
            [
              -78.05242291285714,
              46.15752596685714
            ],
            [
              -78.05242291285714,
              46.16752310942857
            ],
            [
              -78.02242719942856,
              46.16752310942857
            ],
            [
              -78.02242719942856,
              46.147528824285715
            ],
            [
              -78.0124286282857,
              46.147528824285715
            ],
            [
              -78.0124286282857,
              46.137531681714286
            ],
            [
              -78.03242577057142,
              46.137531681714286
            ],
            [
              -78.03242577057142,
              46.12753453914286
            ],
            [
              -78.04242434171428,
              46.12753453914286
            ],
            [
              -78.04242434171428,
              46.137531681714286
            ]
          ]
        ]
      },
      "properties": {
        "hail_size_bin": "0.5\"",
        "min_size_inches": 0.5
      }
    },
    {
      "type": "Feature",
      "geometry": {
        "type": "Polygon",
        "coordinates": [
          [
            [
              -78.14241005314285,
              46.137531681714286
            ],
            [
              -78.15240862428571,
              46.137531681714286
            ],
            [
              -78.15240862428571,
              46.12753453914286
            ],
            [
              -78.16240719542857,
              46.12753453914286
            ],
            [
              -78.16240719542857,
              46.137531681714286
            ],
            [
              -78.17240576657143,
              46.137531681714286
            ],
            [
              -78.17240576657143,
              46.15752596685714
            ],
            [
              -78.19240290885713,
              46.15752596685714
            ],
            [
              -78.19240290885713,
              46.177520252
            ],
            [
              -78.18240433771427,
              46.177520252
            ],
            [
              -78.18240433771427,
              46.18751739457143
            ],
            [
              -78.16240719542857,
              46.18751739457143
            ],
            [
              -78.16240719542857,
              46.177520252
            ],
            [
              -78.14241005314285,
              46.177520252
            ],
            [
              -78.14241005314285,
              46.16752310942857
            ],
            [
              -78.13241148200001,
              46.16752310942857
            ],
            [
              -78.13241148200001,
              46.147528824285715
            ],
            [
              -78.14241005314285,
              46.147528824285715
            ],
            [
              -78.14241005314285,
              46.137531681714286
            ]
          ]
        ]
      },
      "properties": {
        "hail_size_bin": "0.5\"",
        "min_size_inches": 0.5
      }
    },
    {
      "type": "Feature",
      "geometry": {
        "type": "Polygon",
        "coordinates": [
          [
            [
              -78.30238719142858,
              46.177520252
            ],
            [
              -78.26239290685714,
              46.177520252
            ],
            [
              -78.26239290685714,
              46.15752596685714
            ],
            [
              -78.25239433571429,
              46.15752596685714
            ],
            [
              -78.25239433571429,
              46.147528824285715
            ],
            [
              -78.29238862028572,
              46.147528824285715
            ],
            [
              -78.29238862028572,
              46.15752596685714
            ],
            [
              -78.30238719142858,
              46.15752596685714
            ],
            [
              -78.30238719142858,
              46.177520252
            ]
          ]
        ]
      },
      "properties": {
        "hail_size_bin": "0.5\"",
        "min_size_inches": 0.5
      }
    },
    {
      "type": "Feature",
      "geometry": {
        "type": "Polygon",
        "coordinates": [
          [
            [
              -78.31238576257142,
              46.15752596685714
            ],
            [
              -78.33238290485714,
              46.15752596685714
            ],
            [
              -78.33238290485714,
              46.16752310942857
            ],
            [
              -78.342381476,
              46.16752310942857
            ],
            [
              -78.342381476,
              46.15752596685714
            ],
            [
              -78.35238004714286,
              46.15752596685714
            ],
            [
              -78.35238004714286,
              46.16752310942857
            ],
            [
              -78.39237433171428,
              46.16752310942857
            ],
            [
              -78.39237433171428,
              46.15752596685714
            ],
            [
              -78.412371474,
              46.15752596685714
            ],
            [
              -78.412371474,
              46.16752310942857
            ],
            [
              -78.42237004514286,
              46.16752310942857
            ],
            [
              -78.42237004514286,
              46.19751453714286
            ],
            [
              -78.412371474,
              46.19751453714286
            ],
            [
              -78.412371474,
              46.20751167971429
            ],
            [
              -78.39237433171428,
              46.20751167971429
            ],
            [
              -78.39237433171428,
              46.19751453714286
            ],
            [
              -78.342381476,
              46.19751453714286
            ],
            [
              -78.342381476,
              46.18751739457143
            ],
            [
              -78.32238433371428,
              46.18751739457143
            ],
            [
              -78.32238433371428,
              46.16752310942857
            ],
            [
              -78.31238576257142,
              46.16752310942857
            ],
            [
              -78.31238576257142,
              46.15752596685714
            ]
          ]
        ]
      },
      "properties": {
        "hail_size_bin": "0.5\"",
        "min_size_inches": 0.5
      }
    },
    {
      "type": "Feature",
      "geometry": {
        "type": "Polygon",
        "coordinates": [
          [
            [
              -78.44236718742857,
              46.18751739457143
            ],
            [
              -78.47236290085715,
              46.18751739457143
            ],
            [
              -78.47236290085715,
              46.177520252
            ],
            [
              -78.49236004314285,
              46.177520252
            ],
            [
              -78.49236004314285,
              46.16752310942857
            ],
            [
              -78.51235718542857,
              46.16752310942857
            ],
            [
              -78.51235718542857,
              46.177520252
            ],
            [
              -78.52235575657143,
              46.177520252
            ],
            [
              -78.52235575657143,
              46.217508822285716
            ],
            [
              -78.50235861428571,
              46.217508822285716
            ],
            [
              -78.50235861428571,
              46.227505964857144
            ],
            [
              -78.49236004314285,
              46.227505964857144
            ],
            [
              -78.49236004314285,
              46.217508822285716
            ],
            [
              -78.46236432971429,
              46.217508822285716
            ],
            [
              -78.46236432971429,
              46.20751167971429
            ],
            [
              -78.45236575857143,
              46.20751167971429
            ],
            [
              -78.45236575857143,
              46.19751453714286
            ],
            [
              -78.44236718742857,
              46.19751453714286
            ],
            [
              -78.44236718742857,
              46.18751739457143
            ]
          ]
        ]
      },
      "properties": {
        "hail_size_bin": "0.5\"",
        "min_size_inches": 0.5
      }
    },
    {
      "type": "Feature",
      "geometry": {
        "type": "Polygon",
        "coordinates": [
          [
            [
              -78.63234003914286,
              46.217508822285716
            ],
            [
              -78.622341468,
              46.217508822285716
            ],
            [
              -78.622341468,
              46.20751167971429
            ],
            [
              -78.61234289685714,
              46.20751167971429
            ],
            [
              -78.61234289685714,
              46.19751453714286
            ],
            [
              -78.59234575457143,
              46.19751453714286
            ],
            [
              -78.59234575457143,
              46.18751739457143
            ],
            [
              -78.60234432571428,
              46.18751739457143
            ],
            [
              -78.60234432571428,
              46.177520252
            ],
            [
              -78.66233575257144,
              46.177520252
            ],
            [
              -78.66233575257144,
              46.16752310942857
            ],
            [
              -78.71232860828572,
              46.16752310942857
            ],
            [
              -78.71232860828572,
              46.15752596685714
            ],
            [
              -78.72232717942856,
              46.15752596685714
            ],
            [
              -78.72232717942856,
              46.18751739457143
            ],
            [
              -78.71232860828572,
              46.18751739457143
            ],
            [
              -78.71232860828572,
              46.19751453714286
            ],
            [
              -78.72232717942856,
              46.19751453714286
            ],
            [
              -78.72232717942856,
              46.20751167971429
            ],
            [
              -78.74232432171428,
              46.20751167971429
            ],
            [
              -78.74232432171428,
              46.217508822285716
            ],
            [
              -78.75232289285714,
              46.217508822285716
            ],
            [
              -78.75232289285714,
              46.24750025
            ],
            [
              -78.74232432171428,
              46.24750025
            ],
            [
              -78.74232432171428,
              46.25749739257142
            ],
            [
              -78.67233432371428,
              46.25749739257142
            ],
            [
              -78.67233432371428,
              46.24750025
            ],
            [
              -78.65233718142858,
              46.24750025
            ],
            [
              -78.65233718142858,
              46.237503107428566
            ],
            [
              -78.64233861028572,
              46.237503107428566
            ],
            [
              -78.64233861028572,
              46.227505964857144
            ],
            [
              -78.63234003914286,
              46.227505964857144
            ],
            [
              -78.63234003914286,
              46.217508822285716
            ]
          ]
        ]
      },
      "properties": {
        "hail_size_bin": "0.5\"",
        "min_size_inches": 0.5
      }
    },
    {
      "type": "Feature",
      "geometry": {
        "type": "Polygon",
        "coordinates": [
          [
            [
              -79.14226716742857,
              46.24750025
            ],
            [
              -79.12227002514285,
              46.24750025
            ],
            [
              -79.12227002514285,
              46.237503107428566
            ],
            [
              -79.14226716742857,
              46.237503107428566
            ],
            [
              -79.14226716742857,
              46.20751167971429
            ],
            [
              -79.19226002314286,
              46.20751167971429
            ],
            [
              -79.19226002314286,
              46.217508822285716
            ],
            [
              -79.20225859428572,
              46.217508822285716
            ],
            [
              -79.20225859428572,
              46.20751167971429
            ],
            [
              -79.21225716542857,
              46.20751167971429
            ],
            [
              -79.21225716542857,
              46.217508822285716
            ],
            [
              -79.26225002114285,
              46.217508822285716
            ],
            [
              -79.26225002114285,
              46.20751167971429
            ],
            [
              -79.29224573457142,
              46.20751167971429
            ],
            [
              -79.29224573457142,
              46.227505964857144
            ],
            [
              -79.31224287685714,
              46.227505964857144
            ],
            [
              -79.31224287685714,
              46.27749167771428
            ],
            [
              -79.30224430571428,
              46.27749167771428
            ],
            [
              -79.30224430571428,
              46.287488820285716
            ],
            [
              -79.182261452,
              46.287488820285716
            ],
            [
              -79.182261452,
              46.29748596285714
            ],
            [
              -79.17226288085715,
              46.29748596285714
            ],
            [
              -79.17226288085715,
              46.287488820285716
            ],
            [
              -79.15226573857143,
              46.287488820285716
            ],
            [
              -79.15226573857143,
              46.27749167771428
            ],
            [
              -79.13226859628571,
              46.27749167771428
            ],
            [
              -79.13226859628571,
              46.25749739257142
            ],
            [
              -79.14226716742857,
              46.25749739257142
            ],
            [
              -79.14226716742857,
              46.24750025
            ]
          ]
        ]
      },
      "properties": {
        "hail_size_bin": "0.5\"",
        "min_size_inches": 0.5
      }
    },
    {
      "type": "Feature",
      "geometry": {
        "type": "Polygon",
        "coordinates": [
          [
            [
              -80.10212999714285,
              46.287488820285716
            ],
            [
              -80.11212856828571,
              46.287488820285716
            ],
            [
              -80.11212856828571,
              46.27749167771428
            ],
            [
              -80.10212999714285,
              46.27749167771428
            ],
            [
              -80.10212999714285,
              46.26749453514286
            ],
            [
              -80.11212856828571,
              46.26749453514286
            ],
            [
              -80.11212856828571,
              46.25749739257142
            ],
            [
              -80.14212428171427,
              46.25749739257142
            ],
            [
              -80.14212428171427,
              46.26749453514286
            ],
            [
              -80.15212285285713,
              46.26749453514286
            ],
            [
              -80.15212285285713,
              46.27749167771428
            ],
            [
              -80.14212428171427,
              46.27749167771428
            ],
            [
              -80.14212428171427,
              46.287488820285716
            ],
            [
              -80.15212285285713,
              46.287488820285716
            ],
            [
              -80.15212285285713,
              46.29748596285714
            ],
            [
              -80.14212428171427,
              46.29748596285714
            ],
            [
              -80.14212428171427,
              46.307483105428574
            ],
            [
              -80.13212571057143,
              46.307483105428574
            ],
            [
              -80.13212571057143,
              46.29748596285714
            ],
            [
              -80.12212713942857,
              46.29748596285714
            ],
            [
              -80.12212713942857,
              46.307483105428574
            ],
            [
              -80.11212856828571,
              46.307483105428574
            ],
            [
              -80.11212856828571,
              46.29748596285714
            ],
            [
              -80.10212999714285,
              46.29748596285714
            ],
            [
              -80.10212999714285,
              46.287488820285716
            ]
          ]
        ]
      },
      "properties": {
        "hail_size_bin": "0.5\"",
        "min_size_inches": 0.5
      }
    },
    {
      "type": "Feature",
      "geometry": {
        "type": "Polygon",
        "coordinates": [
          [
            [
              -79.6221985822857,
              46.27749167771428
            ],
            [
              -79.66219286685714,
              46.27749167771428
            ],
            [
              -79.66219286685714,
              46.287488820285716
            ],
            [
              -79.672191438,
              46.287488820285716
            ],
            [
              -79.672191438,
              46.307483105428574
            ],
            [
              -79.68219000914286,
              46.307483105428574
            ],
            [
              -79.68219000914286,
              46.317480247999995
            ],
            [
              -79.65219429571428,
              46.317480247999995
            ],
            [
              -79.65219429571428,
              46.307483105428574
            ],
            [
              -79.64219572457142,
              46.307483105428574
            ],
            [
              -79.64219572457142,
              46.29748596285714
            ],
            [
              -79.63219715342856,
              46.29748596285714
            ],
            [
              -79.63219715342856,
              46.287488820285716
            ],
            [
              -79.6221985822857,
              46.287488820285716
            ],
            [
              -79.6221985822857,
              46.27749167771428
            ]
          ]
        ]
      },
      "properties": {
        "hail_size_bin": "0.5\"",
        "min_size_inches": 0.5
      }
    },
    {
      "type": "Feature",
      "geometry": {
        "type": "Polygon",
        "coordinates": [
          [
            [
              -79.77217714942857,
              46.29748596285714
            ],
            [
              -79.78217572057143,
              46.29748596285714
            ],
            [
              -79.78217572057143,
              46.287488820285716
            ],
            [
              -79.79217429171428,
              46.287488820285716
            ],
            [
              -79.79217429171428,
              46.29748596285714
            ],
            [
              -79.81217143399999,
              46.29748596285714
            ],
            [
              -79.81217143399999,
              46.317480247999995
            ],
            [
              -79.83216857628571,
              46.317480247999995
            ],
            [
              -79.83216857628571,
              46.32747739057143
            ],
            [
              -79.82217000514285,
              46.32747739057143
            ],
            [
              -79.82217000514285,
              46.33747453314285
            ],
            [
              -79.75218000714285,
              46.33747453314285
            ],
            [
              -79.75218000714285,
              46.32747739057143
            ],
            [
              -79.73218286485715,
              46.32747739057143
            ],
            [
              -79.73218286485715,
              46.317480247999995
            ],
            [
              -79.75218000714285,
              46.317480247999995
            ],
            [
              -79.75218000714285,
              46.307483105428574
            ],
            [
              -79.77217714942857,
              46.307483105428574
            ],
            [
              -79.77217714942857,
              46.29748596285714
            ]
          ]
        ]
      },
      "properties": {
        "hail_size_bin": "0.5\"",
        "min_size_inches": 0.5
      }
    },
    {
      "type": "Feature",
      "geometry": {
        "type": "Polygon",
        "coordinates": [
          [
            [
              -107.50821349971429,
              46.68737452314286
            ],
            [
              -107.54820778428572,
              46.68737452314286
            ],
            [
              -107.54820778428572,
              46.667380238
            ],
            [
              -107.50821349971429,
              46.667380238
            ],
            [
              -107.50821349971429,
              46.64738595285714
            ],
            [
              -107.49821492857143,
              46.64738595285714
            ],
            [
              -107.49821492857143,
              46.627391667714285
            ],
            [
              -107.51821207085715,
              46.627391667714285
            ],
            [
              -107.51821207085715,
              46.617394525142856
            ],
            [
              -107.528210642,
              46.617394525142856
            ],
            [
              -107.528210642,
              46.59740024
            ],
            [
              -107.51821207085715,
              46.59740024
            ],
            [
              -107.51821207085715,
              46.58740309742857
            ],
            [
              -107.56820492657143,
              46.58740309742857
            ],
            [
              -107.56820492657143,
              46.59740024
            ],
            [
              -107.55820635542858,
              46.59740024
            ],
            [
              -107.55820635542858,
              46.617394525142856
            ],
            [
              -107.57820349771428,
              46.617394525142856
            ],
            [
              -107.57820349771428,
              46.637388810285714
            ],
            [
              -107.58820206885714,
              46.637388810285714
            ],
            [
              -107.58820206885714,
              46.65738309542857
            ],
            [
              -107.59820064,
              46.65738309542857
            ],
            [
              -107.59820064,
              46.667380238
            ],
            [
              -107.60819921114286,
              46.667380238
            ],
            [
              -107.60819921114286,
              46.68737452314286
            ],
            [
              -107.58820206885714,
              46.68737452314286
            ],
            [
              -107.58820206885714,
              46.67737738057143
            ],
            [
              -107.55820635542858,
              46.67737738057143
            ],
            [
              -107.55820635542858,
              46.697371665714286
            ],
            [
              -107.54820778428572,
              46.697371665714286
            ],
            [
              -107.54820778428572,
              46.707368808285715
            ],
            [
              -107.46821921514285,
              46.707368808285715
            ],
            [
              -107.46821921514285,
              46.697371665714286
            ],
            [
              -107.458220644,
              46.697371665714286
            ],
            [
              -107.458220644,
              46.68737452314286
            ],
            [
              -107.43822350171429,
              46.68737452314286
            ],
            [
              -107.43822350171429,
              46.67737738057143
            ],
            [
              -107.50821349971429,
              46.67737738057143
            ],
            [
              -107.50821349971429,
              46.68737452314286
            ]
          ]
        ]
      },
      "properties": {
        "hail_size_bin": "0.5\"",
        "min_size_inches": 0.5
      }
    },
    {
      "type": "Feature",
      "geometry": {
        "type": "Polygon",
        "coordinates": [
          [
            [
              -106.92829637342857,
              47.35718307542857
            ],
            [
              -106.91829780228572,
              47.35718307542857
            ],
            [
              -106.91829780228572,
              47.347185932857144
            ],
            [
              -106.93829494457142,
              47.347185932857144
            ],
            [
              -106.93829494457142,
              47.337188790285715
            ],
            [
              -106.94829351571428,
              47.337188790285715
            ],
            [
              -106.94829351571428,
              47.347185932857144
            ],
            [
              -106.97828922914286,
              47.347185932857144
            ],
            [
              -106.97828922914286,
              47.367180218
            ],
            [
              -106.98828780028572,
              47.367180218
            ],
            [
              -106.98828780028572,
              47.37717736057143
            ],
            [
              -106.968290658,
              47.37717736057143
            ],
            [
              -106.968290658,
              47.39717164571428
            ],
            [
              -106.94829351571428,
              47.39717164571428
            ],
            [
              -106.94829351571428,
              47.38717450314286
            ],
            [
              -106.91829780228572,
              47.38717450314286
            ],
            [
              -106.91829780228572,
              47.37717736057143
            ],
            [
              -106.90829923114286,
              47.37717736057143
            ],
            [
              -106.90829923114286,
              47.367180218
            ],
            [
              -106.92829637342857,
              47.367180218
            ],
            [
              -106.92829637342857,
              47.35718307542857
            ]
          ]
        ]
      },
      "properties": {
        "hail_size_bin": "0.5\"",
        "min_size_inches": 0.5
      }
    },
    {
      "type": "Feature",
      "geometry": {
        "type": "Polygon",
        "coordinates": [
          [
            [
              -103.08884505457144,
              48.706797322571425
            ],
            [
              -103.06884791228572,
              48.706797322571425
            ],
            [
              -103.06884791228572,
              48.716794465142854
            ],
            [
              -103.04885077,
              48.716794465142854
            ],
            [
              -103.04885077,
              48.706797322571425
            ],
            [
              -103.03885219885714,
              48.706797322571425
            ],
            [
              -103.03885219885714,
              48.69680018
            ],
            [
              -102.98885934314286,
              48.69680018
            ],
            [
              -102.98885934314286,
              48.68680303742857
            ],
            [
              -102.96886220085715,
              48.68680303742857
            ],
            [
              -102.96886220085715,
              48.67680589485714
            ],
            [
              -102.94886505857143,
              48.67680589485714
            ],
            [
              -102.94886505857143,
              48.65681160971428
            ],
            [
              -102.96886220085715,
              48.65681160971428
            ],
            [
              -102.96886220085715,
              48.64681446714285
            ],
            [
              -102.978860772,
              48.64681446714285
            ],
            [
              -102.978860772,
              48.65681160971428
            ],
            [
              -102.99885791428571,
              48.65681160971428
            ],
            [
              -102.99885791428571,
              48.64681446714285
            ],
            [
              -103.00885648542857,
              48.64681446714285
            ],
            [
              -103.00885648542857,
              48.636817324571425
            ],
            [
              -103.01885505657143,
              48.636817324571425
            ],
            [
              -103.01885505657143,
              48.64681446714285
            ],
            [
              -103.10884219685714,
              48.64681446714285
            ],
            [
              -103.10884219685714,
              48.65681160971428
            ],
            [
              -103.118840768,
              48.65681160971428
            ],
            [
              -103.118840768,
              48.64681446714285
            ],
            [
              -103.12883933914286,
              48.64681446714285
            ],
            [
              -103.12883933914286,
              48.65681160971428
            ],
            [
              -103.16883362371429,
              48.65681160971428
            ],
            [
              -103.16883362371429,
              48.66680875228571
            ],
            [
              -103.17883219485714,
              48.66680875228571
            ],
            [
              -103.17883219485714,
              48.68680303742857
            ],
            [
              -103.16883362371429,
              48.68680303742857
            ],
            [
              -103.16883362371429,
              48.69680018
            ],
            [
              -103.188830766,
              48.69680018
            ],
            [
              -103.188830766,
              48.706797322571425
            ],
            [
              -103.15883505257143,
              48.706797322571425
            ],
            [
              -103.15883505257143,
              48.716794465142854
            ],
            [
              -103.13883791028572,
              48.716794465142854
            ],
            [
              -103.13883791028572,
              48.72679160771428
            ],
            [
              -103.12883933914286,
              48.72679160771428
            ],
            [
              -103.12883933914286,
              48.716794465142854
            ],
            [
              -103.118840768,
              48.716794465142854
            ],
            [
              -103.118840768,
              48.706797322571425
            ],
            [
              -103.10884219685714,
              48.706797322571425
            ],
            [
              -103.10884219685714,
              48.69680018
            ],
            [
              -103.08884505457144,
              48.69680018
            ],
            [
              -103.08884505457144,
              48.706797322571425
            ]
          ]
        ]
      },
      "properties": {
        "hail_size_bin": "0.5\"",
        "min_size_inches": 0.5
      }
    },
    {
      "type": "Feature",
      "geometry": {
        "type": "Polygon",
        "coordinates": [
          [
            [
              -105.14855071,
              48.68680303742857
            ],
            [
              -105.18854499457143,
              48.68680303742857
            ],
            [
              -105.18854499457143,
              48.69680018
            ],
            [
              -105.19854356571429,
              48.69680018
            ],
            [
              -105.19854356571429,
              48.706797322571425
            ],
            [
              -105.20854213685715,
              48.706797322571425
            ],
            [
              -105.20854213685715,
              48.716794465142854
            ],
            [
              -105.19854356571429,
              48.716794465142854
            ],
            [
              -105.19854356571429,
              48.72679160771428
            ],
            [
              -105.20854213685715,
              48.72679160771428
            ],
            [
              -105.20854213685715,
              48.73678875028571
            ],
            [
              -105.18854499457143,
              48.73678875028571
            ],
            [
              -105.18854499457143,
              48.74678589285714
            ],
            [
              -105.15854928114285,
              48.74678589285714
            ],
            [
              -105.15854928114285,
              48.73678875028571
            ],
            [
              -105.14855071,
              48.73678875028571
            ],
            [
              -105.14855071,
              48.72679160771428
            ],
            [
              -105.13855213885714,
              48.72679160771428
            ],
            [
              -105.13855213885714,
              48.716794465142854
            ],
            [
              -105.14855071,
              48.716794465142854
            ],
            [
              -105.14855071,
              48.68680303742857
            ]
          ]
        ]
      },
      "properties": {
        "hail_size_bin": "0.5\"",
        "min_size_inches": 0.5
      }
    },
    {
      "type": "Feature",
      "geometry": {
        "type": "Polygon",
        "coordinates": [
          [
            [
              -102.40894221685714,
              48.74678589285714
            ],
            [
              -102.39894364571428,
              48.74678589285714
            ],
            [
              -102.39894364571428,
              48.73678875028571
            ],
            [
              -102.32895364771429,
              48.73678875028571
            ],
            [
              -102.32895364771429,
              48.716794465142854
            ],
            [
              -102.37894650342858,
              48.716794465142854
            ],
            [
              -102.37894650342858,
              48.72679160771428
            ],
            [
              -102.40894221685714,
              48.72679160771428
            ],
            [
              -102.40894221685714,
              48.74678589285714
            ]
          ]
        ]
      },
      "properties": {
        "hail_size_bin": "0.5\"",
        "min_size_inches": 0.5
      }
    },
    {
      "type": "Feature",
      "geometry": {
        "type": "Polygon",
        "coordinates": [
          [
            [
              -100.36923370371429,
              48.766780178
            ],
            [
              -100.34923656142857,
              48.766780178
            ],
            [
              -100.34923656142857,
              48.776777320571426
            ],
            [
              -100.32923941914285,
              48.776777320571426
            ],
            [
              -100.32923941914285,
              48.766780178
            ],
            [
              -100.29924370571429,
              48.766780178
            ],
            [
              -100.29924370571429,
              48.75678303542857
            ],
            [
              -100.27924656342857,
              48.75678303542857
            ],
            [
              -100.27924656342857,
              48.766780178
            ],
            [
              -100.25924942114285,
              48.766780178
            ],
            [
              -100.25924942114285,
              48.74678589285714
            ],
            [
              -100.20925656542857,
              48.74678589285714
            ],
            [
              -100.20925656542857,
              48.73678875028571
            ],
            [
              -100.21925513657143,
              48.73678875028571
            ],
            [
              -100.21925513657143,
              48.72679160771428
            ],
            [
              -100.23925227885715,
              48.72679160771428
            ],
            [
              -100.23925227885715,
              48.716794465142854
            ],
            [
              -100.28924513457143,
              48.716794465142854
            ],
            [
              -100.28924513457143,
              48.706797322571425
            ],
            [
              -100.29924370571429,
              48.706797322571425
            ],
            [
              -100.29924370571429,
              48.68680303742857
            ],
            [
              -100.32923941914285,
              48.68680303742857
            ],
            [
              -100.32923941914285,
              48.69680018
            ],
            [
              -100.35923513257143,
              48.69680018
            ],
            [
              -100.35923513257143,
              48.68680303742857
            ],
            [
              -100.36923370371429,
              48.68680303742857
            ],
            [
              -100.36923370371429,
              48.69680018
            ],
            [
              -100.39922941714286,
              48.69680018
            ],
            [
              -100.39922941714286,
              48.706797322571425
            ],
            [
              -100.42922513057142,
              48.706797322571425
            ],
            [
              -100.42922513057142,
              48.69680018
            ],
            [
              -100.49921512857142,
              48.69680018
            ],
            [
              -100.49921512857142,
              48.706797322571425
            ],
            [
              -100.54920798428572,
              48.706797322571425
            ],
            [
              -100.54920798428572,
              48.716794465142854
            ],
            [
              -100.57920369771429,
              48.716794465142854
            ],
            [
              -100.57920369771429,
              48.72679160771428
            ],
            [
              -100.64919369571429,
              48.72679160771428
            ],
            [
              -100.64919369571429,
              48.766780178
            ],
            [
              -100.63919512457143,
              48.766780178
            ],
            [
              -100.63919512457143,
              48.776777320571426
            ],
            [
              -100.61919798228571,
              48.776777320571426
            ],
            [
              -100.61919798228571,
              48.786774463142855
            ],
            [
              -100.59920084000001,
              48.786774463142855
            ],
            [
              -100.59920084000001,
              48.796771605714284
            ],
            [
              -100.53920941314286,
              48.796771605714284
            ],
            [
              -100.53920941314286,
              48.80676874828571
            ],
            [
              -100.51921227085714,
              48.80676874828571
            ],
            [
              -100.51921227085714,
              48.796771605714284
            ],
            [
              -100.50921369971428,
              48.796771605714284
            ],
            [
              -100.50921369971428,
              48.786774463142855
            ],
            [
              -100.49921512857142,
              48.786774463142855
            ],
            [
              -100.49921512857142,
              48.796771605714284
            ],
            [
              -100.48921655742858,
              48.796771605714284
            ],
            [
              -100.48921655742858,
              48.80676874828571
            ],
            [
              -100.46921941514286,
              48.80676874828571
            ],
            [
              -100.46921941514286,
              48.81676589085714
            ],
            [
              -100.44922227285714,
              48.81676589085714
            ],
            [
              -100.44922227285714,
              48.786774463142855
            ],
            [
              -100.43922370171428,
              48.786774463142855
            ],
            [
              -100.43922370171428,
              48.766780178
            ],
            [
              -100.389230846,
              48.766780178
            ],
            [
              -100.389230846,
              48.75678303542857
            ],
            [
              -100.36923370371429,
              48.75678303542857
            ],
            [
              -100.36923370371429,
              48.766780178
            ]
          ]
        ]
      },
      "properties": {
        "hail_size_bin": "0.5\"",
        "min_size_inches": 0.5
      }
    },
    {
      "type": "Feature",
      "geometry": {
        "type": "Polygon",
        "coordinates": [
          [
            [
              -102.84887934714286,
              49.126677310571424
            ],
            [
              -102.86887648942857,
              49.126677310571424
            ],
            [
              -102.86887648942857,
              49.116680168
            ],
            [
              -102.95886362971429,
              49.116680168
            ],
            [
              -102.95886362971429,
              49.106683025428566
            ],
            [
              -102.94886505857143,
              49.106683025428566
            ],
            [
              -102.94886505857143,
              49.096685882857145
            ],
            [
              -102.96886220085715,
              49.096685882857145
            ],
            [
              -102.96886220085715,
              49.106683025428566
            ],
            [
              -102.98885934314286,
              49.106683025428566
            ],
            [
              -102.98885934314286,
              49.116680168
            ],
            [
              -102.96886220085715,
              49.116680168
            ],
            [
              -102.96886220085715,
              49.126677310571424
            ],
            [
              -102.94886505857143,
              49.126677310571424
            ],
            [
              -102.94886505857143,
              49.13667445314286
            ],
            [
              -102.92886791628571,
              49.13667445314286
            ],
            [
              -102.92886791628571,
              49.14667159571428
            ],
            [
              -102.90887077400001,
              49.14667159571428
            ],
            [
              -102.90887077400001,
              49.15666873828571
            ],
            [
              -102.87887506057143,
              49.15666873828571
            ],
            [
              -102.87887506057143,
              49.16666588085714
            ],
            [
              -102.86887648942857,
              49.16666588085714
            ],
            [
              -102.86887648942857,
              49.17666302342857
            ],
            [
              -102.85887791828571,
              49.17666302342857
            ],
            [
              -102.85887791828571,
              49.16666588085714
            ],
            [
              -102.81888363371428,
              49.16666588085714
            ],
            [
              -102.81888363371428,
              49.15666873828571
            ],
            [
              -102.82888220485714,
              49.15666873828571
            ],
            [
              -102.82888220485714,
              49.13667445314286
            ],
            [
              -102.84887934714286,
              49.13667445314286
            ],
            [
              -102.84887934714286,
              49.126677310571424
            ]
          ]
        ]
      },
      "properties": {
        "hail_size_bin": "0.5\"",
        "min_size_inches": 0.5
      }
    },
    {
      "type": "Feature",
      "geometry": {
        "type": "Polygon",
        "coordinates": [
          [
            [
              -101.68904509457143,
              49.15666873828571
            ],
            [
              -101.69904366571429,
              49.15666873828571
            ],
            [
              -101.69904366571429,
              49.14667159571428
            ],
            [
              -101.719040808,
              49.14667159571428
            ],
            [
              -101.719040808,
              49.13667445314286
            ],
            [
              -101.73903795028572,
              49.13667445314286
            ],
            [
              -101.73903795028572,
              49.14667159571428
            ],
            [
              -101.74903652142856,
              49.14667159571428
            ],
            [
              -101.74903652142856,
              49.15666873828571
            ],
            [
              -101.75903509257142,
              49.15666873828571
            ],
            [
              -101.75903509257142,
              49.16666588085714
            ],
            [
              -101.74903652142856,
              49.16666588085714
            ],
            [
              -101.74903652142856,
              49.17666302342857
            ],
            [
              -101.719040808,
              49.17666302342857
            ],
            [
              -101.719040808,
              49.196657308571424
            ],
            [
              -101.69904366571429,
              49.196657308571424
            ],
            [
              -101.69904366571429,
              49.20665445114285
            ],
            [
              -101.67904652342857,
              49.20665445114285
            ],
            [
              -101.67904652342857,
              49.196657308571424
            ],
            [
              -101.65904938114286,
              49.196657308571424
            ],
            [
              -101.65904938114286,
              49.186660165999996
            ],
            [
              -101.67904652342857,
              49.186660165999996
            ],
            [
              -101.67904652342857,
              49.17666302342857
            ],
            [
              -101.68904509457143,
              49.17666302342857
            ],
            [
              -101.68904509457143,
              49.15666873828571
            ]
          ]
        ]
      },
      "properties": {
        "hail_size_bin": "0.5\"",
        "min_size_inches": 0.5
      }
    },
    {
      "type": "Feature",
      "geometry": {
        "type": "Polygon",
        "coordinates": [
          [
            [
              -74.15298016714286,
              40.629106124857145
            ],
            [
              -74.18297588057143,
              40.629106124857145
            ],
            [
              -74.18297588057143,
              40.63910326742857
            ],
            [
              -74.19297445171429,
              40.63910326742857
            ],
            [
              -74.19297445171429,
              40.64910041
            ],
            [
              -74.20297302285715,
              40.64910041
            ],
            [
              -74.20297302285715,
              40.659097552571424
            ],
            [
              -74.19297445171429,
              40.659097552571424
            ],
            [
              -74.19297445171429,
              40.66909469514286
            ],
            [
              -74.15298016714286,
              40.66909469514286
            ],
            [
              -74.15298016714286,
              40.63910326742857
            ],
            [
              -74.142981596,
              40.63910326742857
            ],
            [
              -74.142981596,
              40.629106124857145
            ],
            [
              -74.12298445371428,
              40.629106124857145
            ],
            [
              -74.12298445371428,
              40.61910898228572
            ],
            [
              -74.15298016714286,
              40.61910898228572
            ],
            [
              -74.15298016714286,
              40.629106124857145
            ]
          ]
        ]
      },
      "properties": {
        "hail_size_bin": "0.5\"",
        "min_size_inches": 0.5
      }
    },
    {
      "type": "Feature",
      "geometry": {
        "type": "Polygon",
        "coordinates": [
          [
            [
              -74.29296016314285,
              40.709083265428575
            ],
            [
              -74.25296587857142,
              40.709083265428575
            ],
            [
              -74.25296587857142,
              40.69908612285714
            ],
            [
              -74.24296730742857,
              40.69908612285714
            ],
            [
              -74.24296730742857,
              40.67909183771428
            ],
            [
              -74.28296159199999,
              40.67909183771428
            ],
            [
              -74.28296159199999,
              40.68908898028572
            ],
            [
              -74.29296016314285,
              40.68908898028572
            ],
            [
              -74.29296016314285,
              40.709083265428575
            ]
          ]
        ]
      },
      "properties": {
        "hail_size_bin": "0.5\"",
        "min_size_inches": 0.5
      }
    },
    {
      "type": "Feature",
      "geometry": {
        "type": "Polygon",
        "coordinates": [
          [
            [
              -75.472791558,
              40.789060406
            ],
            [
              -75.46279298685714,
              40.789060406
            ],
            [
              -75.46279298685714,
              40.77906326342857
            ],
            [
              -75.472791558,
              40.77906326342857
            ],
            [
              -75.472791558,
              40.76906612085714
            ],
            [
              -75.46279298685714,
              40.76906612085714
            ],
            [
              -75.46279298685714,
              40.75906897828571
            ],
            [
              -75.44279584457144,
              40.75906897828571
            ],
            [
              -75.44279584457144,
              40.719080407999996
            ],
            [
              -75.48279012914286,
              40.719080407999996
            ],
            [
              -75.48279012914286,
              40.72907755057143
            ],
            [
              -75.50278727142856,
              40.72907755057143
            ],
            [
              -75.50278727142856,
              40.74907183571429
            ],
            [
              -75.56277869828571,
              40.74907183571429
            ],
            [
              -75.56277869828571,
              40.75906897828571
            ],
            [
              -75.58277584057143,
              40.75906897828571
            ],
            [
              -75.58277584057143,
              40.76906612085714
            ],
            [
              -75.59277441171429,
              40.76906612085714
            ],
            [
              -75.59277441171429,
              40.77906326342857
            ],
            [
              -75.60277298285715,
              40.77906326342857
            ],
            [
              -75.60277298285715,
              40.789060406
            ],
            [
              -75.59277441171429,
              40.789060406
            ],
            [
              -75.59277441171429,
              40.809054691142855
            ],
            [
              -75.58277584057143,
              40.809054691142855
            ],
            [
              -75.58277584057143,
              40.81905183371428
            ],
            [
              -75.57277726942857,
              40.81905183371428
            ],
            [
              -75.57277726942857,
              40.82904897628571
            ],
            [
              -75.542781556,
              40.82904897628571
            ],
            [
              -75.542781556,
              40.81905183371428
            ],
            [
              -75.51278584257142,
              40.81905183371428
            ],
            [
              -75.51278584257142,
              40.809054691142855
            ],
            [
              -75.50278727142856,
              40.809054691142855
            ],
            [
              -75.50278727142856,
              40.799057548571426
            ],
            [
              -75.472791558,
              40.799057548571426
            ],
            [
              -75.472791558,
              40.789060406
            ]
          ]
        ]
      },
      "properties": {
        "hail_size_bin": "0.5\"",
        "min_size_inches": 0.5
      }
    },
    {
      "type": "Feature",
      "geometry": {
        "type": "Polygon",
        "coordinates": [
          [
            [
              -75.59277441171429,
              40.879034689142856
            ],
            [
              -75.58277584057143,
              40.879034689142856
            ],
            [
              -75.58277584057143,
              40.82904897628571
            ],
            [
              -75.612771554,
              40.82904897628571
            ],
            [
              -75.612771554,
              40.81905183371428
            ],
            [
              -75.63276869628572,
              40.81905183371428
            ],
            [
              -75.63276869628572,
              40.809054691142855
            ],
            [
              -75.66276440971428,
              40.809054691142855
            ],
            [
              -75.66276440971428,
              40.81905183371428
            ],
            [
              -75.7027586942857,
              40.81905183371428
            ],
            [
              -75.7027586942857,
              40.84904326142857
            ],
            [
              -75.71275726542856,
              40.84904326142857
            ],
            [
              -75.71275726542856,
              40.86903754657143
            ],
            [
              -75.72275583657142,
              40.86903754657143
            ],
            [
              -75.72275583657142,
              40.889031831714284
            ],
            [
              -75.71275726542856,
              40.889031831714284
            ],
            [
              -75.71275726542856,
              40.90902611685714
            ],
            [
              -75.69276012314285,
              40.90902611685714
            ],
            [
              -75.69276012314285,
              40.91902325942857
            ],
            [
              -75.66276440971428,
              40.91902325942857
            ],
            [
              -75.66276440971428,
              40.90902611685714
            ],
            [
              -75.62277012514286,
              40.90902611685714
            ],
            [
              -75.62277012514286,
              40.89902897428571
            ],
            [
              -75.60277298285715,
              40.89902897428571
            ],
            [
              -75.60277298285715,
              40.889031831714284
            ],
            [
              -75.59277441171429,
              40.889031831714284
            ],
            [
              -75.59277441171429,
              40.879034689142856
            ]
          ]
        ]
      },
      "properties": {
        "hail_size_bin": "0.5\"",
        "min_size_inches": 0.5
      }
    },
    {
      "type": "Feature",
      "geometry": {
        "type": "Polygon",
        "coordinates": [
          [
            [
              -74.18297588057143,
              40.89902897428571
            ],
            [
              -74.18297588057143,
              40.889031831714284
            ],
            [
              -74.25296587857142,
              40.889031831714284
            ],
            [
              -74.25296587857142,
              40.89902897428571
            ],
            [
              -74.26296444971427,
              40.89902897428571
            ],
            [
              -74.26296444971427,
              40.929020402
            ],
            [
              -74.23296873628571,
              40.929020402
            ],
            [
              -74.23296873628571,
              40.91902325942857
            ],
            [
              -74.212971594,
              40.91902325942857
            ],
            [
              -74.212971594,
              40.90902611685714
            ],
            [
              -74.19297445171429,
              40.90902611685714
            ],
            [
              -74.19297445171429,
              40.89902897428571
            ],
            [
              -74.18297588057143,
              40.89902897428571
            ]
          ]
        ]
      },
      "properties": {
        "hail_size_bin": "0.5\"",
        "min_size_inches": 0.5
      }
    },
    {
      "type": "Feature",
      "geometry": {
        "type": "Polygon",
        "coordinates": [
          [
            [
              -74.492931586,
              40.93901754457143
            ],
            [
              -74.52292729942857,
              40.93901754457143
            ],
            [
              -74.52292729942857,
              40.969008972285714
            ],
            [
              -74.51292872828571,
              40.969008972285714
            ],
            [
              -74.51292872828571,
              40.97900611485714
            ],
            [
              -74.4429387302857,
              40.97900611485714
            ],
            [
              -74.4429387302857,
              40.959011829714285
            ],
            [
              -74.46293587257142,
              40.959011829714285
            ],
            [
              -74.46293587257142,
              40.93901754457143
            ],
            [
              -74.48293301485714,
              40.93901754457143
            ],
            [
              -74.48293301485714,
              40.929020402
            ],
            [
              -74.492931586,
              40.929020402
            ],
            [
              -74.492931586,
              40.93901754457143
            ]
          ]
        ]
      },
      "properties": {
        "hail_size_bin": "0.5\"",
        "min_size_inches": 0.5
      }
    },
    {
      "type": "Feature",
      "geometry": {
        "type": "Polygon",
        "coordinates": [
          [
            [
              -75.73275440771428,
              40.949014687142856
            ],
            [
              -75.72275583657142,
              40.949014687142856
            ],
            [
              -75.72275583657142,
              40.929020402
            ],
            [
              -75.73275440771428,
              40.929020402
            ],
            [
              -75.73275440771428,
              40.91902325942857
            ],
            [
              -75.74275297885714,
              40.91902325942857
            ],
            [
              -75.74275297885714,
              40.90902611685714
            ],
            [
              -75.75275155,
              40.90902611685714
            ],
            [
              -75.75275155,
              40.89902897428571
            ],
            [
              -75.83274011914285,
              40.89902897428571
            ],
            [
              -75.83274011914285,
              40.90902611685714
            ],
            [
              -75.84273869028571,
              40.90902611685714
            ],
            [
              -75.84273869028571,
              40.93901754457143
            ],
            [
              -75.83274011914285,
              40.93901754457143
            ],
            [
              -75.83274011914285,
              40.98900325742857
            ],
            [
              -75.84273869028571,
              40.98900325742857
            ],
            [
              -75.84273869028571,
              40.9990004
            ],
            [
              -75.83274011914285,
              40.9990004
            ],
            [
              -75.83274011914285,
              41.00899754257143
            ],
            [
              -75.822741548,
              41.00899754257143
            ],
            [
              -75.822741548,
              41.01899468514286
            ],
            [
              -75.8027444057143,
              41.01899468514286
            ],
            [
              -75.8027444057143,
              40.9990004
            ],
            [
              -75.78274726342858,
              40.9990004
            ],
            [
              -75.78274726342858,
              40.97900611485714
            ],
            [
              -75.76275012114286,
              40.97900611485714
            ],
            [
              -75.76275012114286,
              40.969008972285714
            ],
            [
              -75.73275440771428,
              40.969008972285714
            ],
            [
              -75.73275440771428,
              40.949014687142856
            ]
          ]
        ]
      },
      "properties": {
        "hail_size_bin": "0.5\"",
        "min_size_inches": 0.5
      }
    },
    {
      "type": "Feature",
      "geometry": {
        "type": "Polygon",
        "coordinates": [
          [
            [
              -74.55292301285715,
              41.00899754257143
            ],
            [
              -74.57292015514285,
              41.00899754257143
            ],
            [
              -74.57292015514285,
              41.01899468514286
            ],
            [
              -74.59291729742857,
              41.01899468514286
            ],
            [
              -74.59291729742857,
              41.04898611285714
            ],
            [
              -74.56292158400001,
              41.04898611285714
            ],
            [
              -74.56292158400001,
              41.05898325542857
            ],
            [
              -74.54292444171429,
              41.05898325542857
            ],
            [
              -74.54292444171429,
              41.04898611285714
            ],
            [
              -74.52292729942857,
              41.04898611285714
            ],
            [
              -74.52292729942857,
              41.038988970285715
            ],
            [
              -74.54292444171429,
              41.038988970285715
            ],
            [
              -74.54292444171429,
              41.01899468514286
            ],
            [
              -74.55292301285715,
              41.01899468514286
            ],
            [
              -74.55292301285715,
              41.00899754257143
            ]
          ]
        ]
      },
      "properties": {
        "hail_size_bin": "0.5\"",
        "min_size_inches": 0.5
      }
    },
    {
      "type": "Feature",
      "geometry": {
        "type": "Polygon",
        "coordinates": [
          [
            [
              -76.11270011114286,
              41.138960396
            ],
            [
              -76.13269725342857,
              41.138960396
            ],
            [
              -76.13269725342857,
              41.14895753857143
            ],
            [
              -76.15269439571429,
              41.14895753857143
            ],
            [
              -76.15269439571429,
              41.16895182371429
            ],
            [
              -76.11270011114286,
              41.16895182371429
            ],
            [
              -76.11270011114286,
              41.14895753857143
            ],
            [
              -76.09270296885714,
              41.14895753857143
            ],
            [
              -76.09270296885714,
              41.138960396
            ],
            [
              -76.10270154,
              41.138960396
            ],
            [
              -76.10270154,
              41.12896325342857
            ],
            [
              -76.11270011114286,
              41.12896325342857
            ],
            [
              -76.11270011114286,
              41.138960396
            ]
          ]
        ]
      },
      "properties": {
        "hail_size_bin": "0.5\"",
        "min_size_inches": 0.5
      }
    },
    {
      "type": "Feature",
      "geometry": {
        "type": "Polygon",
        "coordinates": [
          [
            [
              -65.044281856,
              42.93844605885714
            ],
            [
              -65.08427614057142,
              42.93844605885714
            ],
            [
              -65.08427614057142,
              42.948443201428574
            ],
            [
              -65.114271854,
              42.948443201428574
            ],
            [
              -65.114271854,
              42.958440343999996
            ],
            [
              -65.13426899628571,
              42.958440343999996
            ],
            [
              -65.13426899628571,
              42.96843748657143
            ],
            [
              -65.14426756742857,
              42.96843748657143
            ],
            [
              -65.14426756742857,
              42.97843462914285
            ],
            [
              -65.12427042514285,
              42.97843462914285
            ],
            [
              -65.12427042514285,
              42.96843748657143
            ],
            [
              -65.08427614057142,
              42.96843748657143
            ],
            [
              -65.08427614057142,
              42.958440343999996
            ],
            [
              -65.06427899828572,
              42.958440343999996
            ],
            [
              -65.06427899828572,
              42.948443201428574
            ],
            [
              -65.044281856,
              42.948443201428574
            ],
            [
              -65.044281856,
              42.93844605885714
            ]
          ]
        ]
      },
      "properties": {
        "hail_size_bin": "0.5\"",
        "min_size_inches": 0.5
      }
    },
    {
      "type": "Feature",
      "geometry": {
        "type": "Polygon",
        "coordinates": [
          [
            [
              -65.05428042714286,
              43.01842319942857
            ],
            [
              -65.06427899828572,
              43.01842319942857
            ],
            [
              -65.06427899828572,
              42.99842891428571
            ],
            [
              -65.07427756942857,
              42.99842891428571
            ],
            [
              -65.07427756942857,
              42.98843177171429
            ],
            [
              -65.08427614057142,
              42.98843177171429
            ],
            [
              -65.08427614057142,
              42.99842891428571
            ],
            [
              -65.10427328285714,
              42.99842891428571
            ],
            [
              -65.10427328285714,
              42.98843177171429
            ],
            [
              -65.15426613857143,
              42.98843177171429
            ],
            [
              -65.15426613857143,
              42.99842891428571
            ],
            [
              -65.18426185199999,
              42.99842891428571
            ],
            [
              -65.18426185199999,
              43.00842605685714
            ],
            [
              -65.20425899428571,
              43.00842605685714
            ],
            [
              -65.20425899428571,
              43.028420342
            ],
            [
              -65.19426042314285,
              43.028420342
            ],
            [
              -65.19426042314285,
              43.01842319942857
            ],
            [
              -65.17426328085713,
              43.01842319942857
            ],
            [
              -65.17426328085713,
              43.038417484571426
            ],
            [
              -65.16426470971429,
              43.038417484571426
            ],
            [
              -65.16426470971429,
              43.048414627142854
            ],
            [
              -65.15426613857143,
              43.048414627142854
            ],
            [
              -65.15426613857143,
              43.05841176971428
            ],
            [
              -65.14426756742857,
              43.05841176971428
            ],
            [
              -65.14426756742857,
              43.048414627142854
            ],
            [
              -65.09427471171428,
              43.048414627142854
            ],
            [
              -65.09427471171428,
              43.038417484571426
            ],
            [
              -65.07427756942857,
              43.038417484571426
            ],
            [
              -65.07427756942857,
              43.048414627142854
            ],
            [
              -65.05428042714286,
              43.048414627142854
            ],
            [
              -65.05428042714286,
              43.01842319942857
            ]
          ]
        ]
      },
      "properties": {
        "hail_size_bin": "0.5\"",
        "min_size_inches": 0.5
      }
    },
    {
      "type": "Feature",
      "geometry": {
        "type": "Polygon",
        "coordinates": [
          [
            [
              -71.71332880828571,
              42.98843177171429
            ],
            [
              -71.72332737942857,
              42.98843177171429
            ],
            [
              -71.72332737942857,
              42.99842891428571
            ],
            [
              -71.74332452171429,
              42.99842891428571
            ],
            [
              -71.74332452171429,
              43.01842319942857
            ],
            [
              -71.75332309285714,
              43.01842319942857
            ],
            [
              -71.75332309285714,
              43.038417484571426
            ],
            [
              -71.76332166399999,
              43.038417484571426
            ],
            [
              -71.76332166399999,
              43.048414627142854
            ],
            [
              -71.75332309285714,
              43.048414627142854
            ],
            [
              -71.75332309285714,
              43.05841176971428
            ],
            [
              -71.73332595057143,
              43.05841176971428
            ],
            [
              -71.73332595057143,
              43.06840891228571
            ],
            [
              -71.71332880828571,
              43.06840891228571
            ],
            [
              -71.71332880828571,
              43.05841176971428
            ],
            [
              -71.693331666,
              43.05841176971428
            ],
            [
              -71.693331666,
              43.038417484571426
            ],
            [
              -71.70333023714286,
              43.038417484571426
            ],
            [
              -71.70333023714286,
              43.00842605685714
            ],
            [
              -71.71332880828571,
              43.00842605685714
            ],
            [
              -71.71332880828571,
              42.98843177171429
            ]
          ]
        ]
      },
      "properties": {
        "hail_size_bin": "0.5\"",
        "min_size_inches": 0.5
      }
    },
    {
      "type": "Feature",
      "geometry": {
        "type": "Polygon",
        "coordinates": [
          [
            [
              -71.81331451971428,
              43.06840891228571
            ],
            [
              -71.82331309085714,
              43.06840891228571
            ],
            [
              -71.82331309085714,
              43.05841176971428
            ],
            [
              -71.85330880428572,
              43.05841176971428
            ],
            [
              -71.85330880428572,
              43.07840605485714
            ],
            [
              -71.86330737542858,
              43.07840605485714
            ],
            [
              -71.86330737542858,
              43.08840319742857
            ],
            [
              -71.87330594657143,
              43.08840319742857
            ],
            [
              -71.87330594657143,
              43.09840034
            ],
            [
              -71.86330737542858,
              43.09840034
            ],
            [
              -71.86330737542858,
              43.10839748257143
            ],
            [
              -71.84331023314286,
              43.10839748257143
            ],
            [
              -71.84331023314286,
              43.118394625142855
            ],
            [
              -71.833311662,
              43.118394625142855
            ],
            [
              -71.833311662,
              43.10839748257143
            ],
            [
              -71.81331451971428,
              43.10839748257143
            ],
            [
              -71.81331451971428,
              43.09840034
            ],
            [
              -71.80331594857142,
              43.09840034
            ],
            [
              -71.80331594857142,
              43.08840319742857
            ],
            [
              -71.81331451971428,
              43.08840319742857
            ],
            [
              -71.81331451971428,
              43.06840891228571
            ]
          ]
        ]
      },
      "properties": {
        "hail_size_bin": "0.5\"",
        "min_size_inches": 0.5
      }
    },
    {
      "type": "Feature",
      "geometry": {
        "type": "Polygon",
        "coordinates": [
          [
            [
              -71.99328880028571,
              43.15838319542857
            ],
            [
              -72.01328594257143,
              43.15838319542857
            ],
            [
              -72.01328594257143,
              43.168380338
            ],
            [
              -72.00328737142857,
              43.168380338
            ],
            [
              -72.00328737142857,
              43.17837748057143
            ],
            [
              -71.973291658,
              43.17837748057143
            ],
            [
              -71.973291658,
              43.188374623142856
            ],
            [
              -71.96329308685713,
              43.188374623142856
            ],
            [
              -71.96329308685713,
              43.168380338
            ],
            [
              -71.95329451571428,
              43.168380338
            ],
            [
              -71.95329451571428,
              43.15838319542857
            ],
            [
              -71.94329594457142,
              43.15838319542857
            ],
            [
              -71.94329594457142,
              43.13838891028571
            ],
            [
              -71.99328880028571,
              43.13838891028571
            ],
            [
              -71.99328880028571,
              43.15838319542857
            ]
          ]
        ]
      },
      "properties": {
        "hail_size_bin": "0.5\"",
        "min_size_inches": 0.5
      }
    },
    {
      "type": "Feature",
      "geometry": {
        "type": "Polygon",
        "coordinates": [
          [
            [
              -72.09327451171428,
              43.20836890828571
            ],
            [
              -72.11327165399999,
              43.20836890828571
            ],
            [
              -72.11327165399999,
              43.188374623142856
            ],
            [
              -72.12327022514285,
              43.188374623142856
            ],
            [
              -72.12327022514285,
              43.198371765714285
            ],
            [
              -72.1332687962857,
              43.198371765714285
            ],
            [
              -72.1332687962857,
              43.21836605085714
            ],
            [
              -72.14326736742856,
              43.21836605085714
            ],
            [
              -72.14326736742856,
              43.22836319342857
            ],
            [
              -72.12327022514285,
              43.22836319342857
            ],
            [
              -72.12327022514285,
              43.238360336
            ],
            [
              -72.09327451171428,
              43.238360336
            ],
            [
              -72.09327451171428,
              43.22836319342857
            ],
            [
              -72.08327594057143,
              43.22836319342857
            ],
            [
              -72.08327594057143,
              43.21836605085714
            ],
            [
              -72.07327736942857,
              43.21836605085714
            ],
            [
              -72.07327736942857,
              43.198371765714285
            ],
            [
              -72.09327451171428,
              43.198371765714285
            ],
            [
              -72.09327451171428,
              43.20836890828571
            ]
          ]
        ]
      },
      "properties": {
        "hail_size_bin": "0.5\"",
        "min_size_inches": 0.5
      }
    },
    {
      "type": "Feature",
      "geometry": {
        "type": "Polygon",
        "coordinates": [
          [
            [
              -72.23325450771429,
              43.25835462114286
            ],
            [
              -72.24325307885715,
              43.25835462114286
            ],
            [
              -72.24325307885715,
              43.278348906285714
            ],
            [
              -72.25325165,
              43.278348906285714
            ],
            [
              -72.25325165,
              43.28834604885714
            ],
            [
              -72.21325736542857,
              43.28834604885714
            ],
            [
              -72.21325736542857,
              43.278348906285714
            ],
            [
              -72.19326022314286,
              43.278348906285714
            ],
            [
              -72.19326022314286,
              43.268351763714286
            ],
            [
              -72.20325879428572,
              43.268351763714286
            ],
            [
              -72.20325879428572,
              43.24835747857143
            ],
            [
              -72.23325450771429,
              43.24835747857143
            ],
            [
              -72.23325450771429,
              43.25835462114286
            ]
          ]
        ]
      },
      "properties": {
        "hail_size_bin": "0.5\"",
        "min_size_inches": 0.5
      }
    },
    {
      "type": "Feature",
      "geometry": {
        "type": "Polygon",
        "coordinates": [
          [
            [
              -72.36323593257143,
              43.31833747657143
            ],
            [
              -72.35323736142857,
              43.31833747657143
            ],
            [
              -72.35323736142857,
              43.32833461914286
            ],
            [
              -72.31324307685713,
              43.32833461914286
            ],
            [
              -72.31324307685713,
              43.31833747657143
            ],
            [
              -72.30324450571428,
              43.31833747657143
            ],
            [
              -72.30324450571428,
              43.29834319142857
            ],
            [
              -72.35323736142857,
              43.29834319142857
            ],
            [
              -72.35323736142857,
              43.308340334
            ],
            [
              -72.36323593257143,
              43.308340334
            ],
            [
              -72.36323593257143,
              43.31833747657143
            ]
          ]
        ]
      },
      "properties": {
        "hail_size_bin": "0.5\"",
        "min_size_inches": 0.5
      }
    },
    {
      "type": "Feature",
      "geometry": {
        "type": "Polygon",
        "coordinates": [
          [
            [
              -72.463221644,
              43.39831461714286
            ],
            [
              -72.47322021514285,
              43.39831461714286
            ],
            [
              -72.47322021514285,
              43.378320332
            ],
            [
              -72.51321449971428,
              43.378320332
            ],
            [
              -72.51321449971428,
              43.38831747457143
            ],
            [
              -72.52321307085714,
              43.38831747457143
            ],
            [
              -72.52321307085714,
              43.39831461714286
            ],
            [
              -72.54321021314286,
              43.39831461714286
            ],
            [
              -72.54321021314286,
              43.40831175971429
            ],
            [
              -72.55320878428572,
              43.40831175971429
            ],
            [
              -72.55320878428572,
              43.418308902285716
            ],
            [
              -72.54321021314286,
              43.418308902285716
            ],
            [
              -72.54321021314286,
              43.42830604485714
            ],
            [
              -72.533211642,
              43.42830604485714
            ],
            [
              -72.533211642,
              43.43830318742857
            ],
            [
              -72.50321592857142,
              43.43830318742857
            ],
            [
              -72.50321592857142,
              43.42830604485714
            ],
            [
              -72.49321735742856,
              43.42830604485714
            ],
            [
              -72.49321735742856,
              43.418308902285716
            ],
            [
              -72.4832187862857,
              43.418308902285716
            ],
            [
              -72.4832187862857,
              43.40831175971429
            ],
            [
              -72.463221644,
              43.40831175971429
            ],
            [
              -72.463221644,
              43.39831461714286
            ]
          ]
        ]
      },
      "properties": {
        "hail_size_bin": "0.5\"",
        "min_size_inches": 0.5
      }
    },
    {
      "type": "Feature",
      "geometry": {
        "type": "Polygon",
        "coordinates": [
          [
            [
              -72.58320449771429,
              43.448300329999995
            ],
            [
              -72.59320306885715,
              43.448300329999995
            ],
            [
              -72.59320306885715,
              43.43830318742857
            ],
            [
              -72.62319878228571,
              43.43830318742857
            ],
            [
              -72.62319878228571,
              43.42830604485714
            ],
            [
              -72.63319735342857,
              43.42830604485714
            ],
            [
              -72.63319735342857,
              43.43830318742857
            ],
            [
              -72.64319592457143,
              43.43830318742857
            ],
            [
              -72.64319592457143,
              43.42830604485714
            ],
            [
              -72.65319449571427,
              43.42830604485714
            ],
            [
              -72.65319449571427,
              43.43830318742857
            ],
            [
              -72.69318878028571,
              43.43830318742857
            ],
            [
              -72.69318878028571,
              43.448300329999995
            ],
            [
              -72.70318735142857,
              43.448300329999995
            ],
            [
              -72.70318735142857,
              43.45829747257143
            ],
            [
              -72.72318449371429,
              43.45829747257143
            ],
            [
              -72.72318449371429,
              43.46829461514285
            ],
            [
              -72.71318592257143,
              43.46829461514285
            ],
            [
              -72.71318592257143,
              43.48828890028571
            ],
            [
              -72.69318878028571,
              43.48828890028571
            ],
            [
              -72.69318878028571,
              43.498286042857146
            ],
            [
              -72.63319735342857,
              43.498286042857146
            ],
            [
              -72.63319735342857,
              43.48828890028571
            ],
            [
              -72.61320021114285,
              43.48828890028571
            ],
            [
              -72.61320021114285,
              43.498286042857146
            ],
            [
              -72.60320164,
              43.498286042857146
            ],
            [
              -72.60320164,
              43.48828890028571
            ],
            [
              -72.58320449771429,
              43.48828890028571
            ],
            [
              -72.58320449771429,
              43.448300329999995
            ]
          ]
        ]
      },
      "properties": {
        "hail_size_bin": "0.5\"",
        "min_size_inches": 0.5
      }
    },
    {
      "type": "Feature",
      "geometry": {
        "type": "Polygon",
        "coordinates": [
          [
            [
              -72.73318306485714,
              43.48828890028571
            ],
            [
              -72.743181636,
              43.48828890028571
            ],
            [
              -72.743181636,
              43.498286042857146
            ],
            [
              -72.76317877828572,
              43.498286042857146
            ],
            [
              -72.76317877828572,
              43.50828318542857
            ],
            [
              -72.80317306285714,
              43.50828318542857
            ],
            [
              -72.80317306285714,
              43.528277470571425
            ],
            [
              -72.79317449171428,
              43.528277470571425
            ],
            [
              -72.79317449171428,
              43.53827461314286
            ],
            [
              -72.73318306485714,
              43.53827461314286
            ],
            [
              -72.73318306485714,
              43.528277470571425
            ],
            [
              -72.743181636,
              43.528277470571425
            ],
            [
              -72.743181636,
              43.50828318542857
            ],
            [
              -72.72318449371429,
              43.50828318542857
            ],
            [
              -72.72318449371429,
              43.498286042857146
            ],
            [
              -72.73318306485714,
              43.498286042857146
            ],
            [
              -72.73318306485714,
              43.48828890028571
            ]
          ]
        ]
      },
      "properties": {
        "hail_size_bin": "0.5\"",
        "min_size_inches": 0.5
      }
    },
    {
      "type": "Feature",
      "geometry": {
        "type": "Polygon",
        "coordinates": [
          [
            [
              -73.05313734142857,
              43.54827175571428
            ],
            [
              -73.07313448371428,
              43.54827175571428
            ],
            [
              -73.07313448371428,
              43.53827461314286
            ],
            [
              -73.08313305485714,
              43.53827461314286
            ],
            [
              -73.08313305485714,
              43.54827175571428
            ],
            [
              -73.10313019714286,
              43.54827175571428
            ],
            [
              -73.10313019714286,
              43.55826889828572
            ],
            [
              -73.11312876828572,
              43.55826889828572
            ],
            [
              -73.11312876828572,
              43.57826318342857
            ],
            [
              -73.10313019714286,
              43.57826318342857
            ],
            [
              -73.10313019714286,
              43.588260326
            ],
            [
              -73.07313448371428,
              43.588260326
            ],
            [
              -73.07313448371428,
              43.57826318342857
            ],
            [
              -73.05313734142857,
              43.57826318342857
            ],
            [
              -73.05313734142857,
              43.56826604085714
            ],
            [
              -73.04313877028571,
              43.56826604085714
            ],
            [
              -73.04313877028571,
              43.55826889828572
            ],
            [
              -73.05313734142857,
              43.55826889828572
            ],
            [
              -73.05313734142857,
              43.54827175571428
            ]
          ]
        ]
      },
      "properties": {
        "hail_size_bin": "0.5\"",
        "min_size_inches": 0.5
      }
    },
    {
      "type": "Feature",
      "geometry": {
        "type": "Polygon",
        "coordinates": [
          [
            [
              -75.60277298285715,
              43.668237466571426
            ],
            [
              -75.62277012514286,
              43.668237466571426
            ],
            [
              -75.62277012514286,
              43.71822317942857
            ],
            [
              -75.612771554,
              43.71822317942857
            ],
            [
              -75.612771554,
              43.73821746457143
            ],
            [
              -75.59277441171429,
              43.73821746457143
            ],
            [
              -75.59277441171429,
              43.728220322
            ],
            [
              -75.60277298285715,
              43.728220322
            ],
            [
              -75.60277298285715,
              43.71822317942857
            ],
            [
              -75.59277441171429,
              43.71822317942857
            ],
            [
              -75.59277441171429,
              43.70822603685714
            ],
            [
              -75.60277298285715,
              43.70822603685714
            ],
            [
              -75.60277298285715,
              43.668237466571426
            ]
          ]
        ]
      },
      "properties": {
        "hail_size_bin": "0.5\"",
        "min_size_inches": 0.5
      }
    },
    {
      "type": "Feature",
      "geometry": {
        "type": "Polygon",
        "coordinates": [
          [
            [
              -75.57277726942857,
              43.81819460514286
            ],
            [
              -75.55278012714285,
              43.81819460514286
            ],
            [
              -75.55278012714285,
              43.73821746457143
            ],
            [
              -75.56277869828571,
              43.73821746457143
            ],
            [
              -75.56277869828571,
              43.71822317942857
            ],
            [
              -75.58277584057143,
              43.71822317942857
            ],
            [
              -75.58277584057143,
              43.78820317742857
            ],
            [
              -75.57277726942857,
              43.78820317742857
            ],
            [
              -75.57277726942857,
              43.81819460514286
            ]
          ]
        ]
      },
      "properties": {
        "hail_size_bin": "0.5\"",
        "min_size_inches": 0.5
      }
    },
    {
      "type": "Feature",
      "geometry": {
        "type": "Polygon",
        "coordinates": [
          [
            [
              -73.05313734142857,
              43.79820032
            ],
            [
              -73.04313877028571,
              43.79820032
            ],
            [
              -73.04313877028571,
              43.77820603485714
            ],
            [
              -73.02314162799999,
              43.77820603485714
            ],
            [
              -73.02314162799999,
              43.73821746457143
            ],
            [
              -73.03314019914285,
              43.73821746457143
            ],
            [
              -73.03314019914285,
              43.728220322
            ],
            [
              -73.04313877028571,
              43.728220322
            ],
            [
              -73.04313877028571,
              43.71822317942857
            ],
            [
              -73.05313734142857,
              43.71822317942857
            ],
            [
              -73.05313734142857,
              43.70822603685714
            ],
            [
              -73.10313019714286,
              43.70822603685714
            ],
            [
              -73.10313019714286,
              43.71822317942857
            ],
            [
              -73.11312876828572,
              43.71822317942857
            ],
            [
              -73.11312876828572,
              43.748214607142856
            ],
            [
              -73.12312733942858,
              43.748214607142856
            ],
            [
              -73.12312733942858,
              43.758211749714285
            ],
            [
              -73.14312448171428,
              43.758211749714285
            ],
            [
              -73.14312448171428,
              43.76820889228571
            ],
            [
              -73.12312733942858,
              43.76820889228571
            ],
            [
              -73.12312733942858,
              43.77820603485714
            ],
            [
              -73.13312591057144,
              43.77820603485714
            ],
            [
              -73.13312591057144,
              43.80819746257143
            ],
            [
              -73.12312733942858,
              43.80819746257143
            ],
            [
              -73.12312733942858,
              43.81819460514286
            ],
            [
              -73.11312876828572,
              43.81819460514286
            ],
            [
              -73.11312876828572,
              43.828191747714285
            ],
            [
              -73.10313019714286,
              43.828191747714285
            ],
            [
              -73.10313019714286,
              43.838188890285714
            ],
            [
              -73.06313591257143,
              43.838188890285714
            ],
            [
              -73.06313591257143,
              43.828191747714285
            ],
            [
              -73.05313734142857,
              43.828191747714285
            ],
            [
              -73.05313734142857,
              43.81819460514286
            ],
            [
              -73.04313877028571,
              43.81819460514286
            ],
            [
              -73.04313877028571,
              43.80819746257143
            ],
            [
              -73.05313734142857,
              43.80819746257143
            ],
            [
              -73.05313734142857,
              43.79820032
            ]
          ]
        ]
      },
      "properties": {
        "hail_size_bin": "0.5\"",
        "min_size_inches": 0.5
      }
    },
    {
      "type": "Feature",
      "geometry": {
        "type": "Polygon",
        "coordinates": [
          [
            [
              -75.60277298285715,
              43.76820889228571
            ],
            [
              -75.62277012514286,
              43.76820889228571
            ],
            [
              -75.62277012514286,
              43.79820032
            ],
            [
              -75.63276869628572,
              43.79820032
            ],
            [
              -75.63276869628572,
              43.868180318
            ],
            [
              -75.62277012514286,
              43.868180318
            ],
            [
              -75.62277012514286,
              43.84818603285714
            ],
            [
              -75.60277298285715,
              43.84818603285714
            ],
            [
              -75.60277298285715,
              43.868180318
            ],
            [
              -75.59277441171429,
              43.868180318
            ],
            [
              -75.59277441171429,
              43.78820317742857
            ],
            [
              -75.60277298285715,
              43.78820317742857
            ],
            [
              -75.60277298285715,
              43.76820889228571
            ]
          ]
        ]
      },
      "properties": {
        "hail_size_bin": "0.5\"",
        "min_size_inches": 0.5
      }
    },
    {
      "type": "Feature",
      "geometry": {
        "type": "Polygon",
        "coordinates": [
          [
            [
              -73.33309733342857,
              43.938160316
            ],
            [
              -73.31310019114287,
              43.938160316
            ],
            [
              -73.31310019114287,
              43.92816317342857
            ],
            [
              -73.29310304885715,
              43.92816317342857
            ],
            [
              -73.29310304885715,
              43.918166030857144
            ],
            [
              -73.28310447771429,
              43.918166030857144
            ],
            [
              -73.28310447771429,
              43.908168888285715
            ],
            [
              -73.27310590657143,
              43.908168888285715
            ],
            [
              -73.27310590657143,
              43.898171745714286
            ],
            [
              -73.25310876428571,
              43.898171745714286
            ],
            [
              -73.25310876428571,
              43.88817460314286
            ],
            [
              -73.22311305085714,
              43.88817460314286
            ],
            [
              -73.22311305085714,
              43.87817746057143
            ],
            [
              -73.21311447971428,
              43.87817746057143
            ],
            [
              -73.21311447971428,
              43.88817460314286
            ],
            [
              -73.20311590857142,
              43.88817460314286
            ],
            [
              -73.20311590857142,
              43.87817746057143
            ],
            [
              -73.19311733742856,
              43.87817746057143
            ],
            [
              -73.19311733742856,
              43.868180318
            ],
            [
              -73.1831187662857,
              43.868180318
            ],
            [
              -73.1831187662857,
              43.828191747714285
            ],
            [
              -73.17312019514286,
              43.828191747714285
            ],
            [
              -73.17312019514286,
              43.81819460514286
            ],
            [
              -73.1831187662857,
              43.81819460514286
            ],
            [
              -73.1831187662857,
              43.80819746257143
            ],
            [
              -73.19311733742856,
              43.80819746257143
            ],
            [
              -73.19311733742856,
              43.78820317742857
            ],
            [
              -73.24311019314285,
              43.78820317742857
            ],
            [
              -73.24311019314285,
              43.79820032
            ],
            [
              -73.26310733542857,
              43.79820032
            ],
            [
              -73.26310733542857,
              43.80819746257143
            ],
            [
              -73.28310447771429,
              43.80819746257143
            ],
            [
              -73.28310447771429,
              43.81819460514286
            ],
            [
              -73.29310304885715,
              43.81819460514286
            ],
            [
              -73.29310304885715,
              43.828191747714285
            ],
            [
              -73.28310447771429,
              43.828191747714285
            ],
            [
              -73.28310447771429,
              43.838188890285714
            ],
            [
              -73.29310304885715,
              43.838188890285714
            ],
            [
              -73.29310304885715,
              43.84818603285714
            ],
            [
              -73.28310447771429,
              43.84818603285714
            ],
            [
              -73.28310447771429,
              43.85818317542857
            ],
            [
              -73.30310162,
              43.85818317542857
            ],
            [
              -73.30310162,
              43.868180318
            ],
            [
              -73.31310019114287,
              43.868180318
            ],
            [
              -73.31310019114287,
              43.85818317542857
            ],
            [
              -73.34309590457143,
              43.85818317542857
            ],
            [
              -73.34309590457143,
              43.868180318
            ],
            [
              -73.35309447571429,
              43.868180318
            ],
            [
              -73.35309447571429,
              43.85818317542857
            ],
            [
              -73.36309304685713,
              43.85818317542857
            ],
            [
              -73.36309304685713,
              43.868180318
            ],
            [
              -73.37309161799999,
              43.868180318
            ],
            [
              -73.37309161799999,
              43.87817746057143
            ],
            [
              -73.41308590257142,
              43.87817746057143
            ],
            [
              -73.41308590257142,
              43.88817460314286
            ],
            [
              -73.40308733142857,
              43.88817460314286
            ],
            [
              -73.40308733142857,
              43.908168888285715
            ],
            [
              -73.38309018914285,
              43.908168888285715
            ],
            [
              -73.38309018914285,
              43.918166030857144
            ],
            [
              -73.3930887602857,
              43.918166030857144
            ],
            [
              -73.3930887602857,
              43.92816317342857
            ],
            [
              -73.40308733142857,
              43.92816317342857
            ],
            [
              -73.40308733142857,
              43.938160316
            ],
            [
              -73.41308590257142,
              43.938160316
            ],
            [
              -73.41308590257142,
              43.94815745857143
            ],
            [
              -73.42308447371428,
              43.94815745857143
            ],
            [
              -73.42308447371428,
              43.978148886285716
            ],
            [
              -73.40308733142857,
              43.978148886285716
            ],
            [
              -73.40308733142857,
              43.96815174371429
            ],
            [
              -73.37309161799999,
              43.96815174371429
            ],
            [
              -73.37309161799999,
              43.95815460114286
            ],
            [
              -73.34309590457143,
              43.95815460114286
            ],
            [
              -73.34309590457143,
              43.94815745857143
            ],
            [
              -73.33309733342857,
              43.94815745857143
            ],
            [
              -73.33309733342857,
              43.938160316
            ]
          ]
        ]
      },
      "properties": {
        "hail_size_bin": "0.5\"",
        "min_size_inches": 0.5
      }
    },
    {
      "type": "Feature",
      "geometry": {
        "type": "Polygon",
        "coordinates": [
          [
            [
              -73.513071614,
              43.988146028857145
            ],
            [
              -73.52307018514286,
              43.988146028857145
            ],
            [
              -73.52307018514286,
              43.998143171428566
            ],
            [
              -73.53306875628572,
              43.998143171428566
            ],
            [
              -73.53306875628572,
              44.008140314
            ],
            [
              -73.54306732742856,
              44.008140314
            ],
            [
              -73.54306732742856,
              44.018137456571424
            ],
            [
              -73.513071614,
              44.018137456571424
            ],
            [
              -73.513071614,
              44.008140314
            ],
            [
              -73.48307590057144,
              44.008140314
            ],
            [
              -73.48307590057144,
              43.998143171428566
            ],
            [
              -73.47307732942858,
              43.998143171428566
            ],
            [
              -73.47307732942858,
              43.978148886285716
            ],
            [
              -73.513071614,
              43.978148886285716
            ],
            [
              -73.513071614,
              43.988146028857145
            ]
          ]
        ]
      },
      "properties": {
        "hail_size_bin": "0.5\"",
        "min_size_inches": 0.5
      }
    },
    {
      "type": "Feature",
      "geometry": {
        "type": "Polygon",
        "coordinates": [
          [
            [
              -74.89287443171429,
              44.19808602285714
            ],
            [
              -74.90287300285715,
              44.19808602285714
            ],
            [
              -74.90287300285715,
              44.20808316542857
            ],
            [
              -74.88287586057143,
              44.20808316542857
            ],
            [
              -74.88287586057143,
              44.218080308
            ],
            [
              -74.87287728942857,
              44.218080308
            ],
            [
              -74.87287728942857,
              44.228077450571426
            ],
            [
              -74.86287871828571,
              44.228077450571426
            ],
            [
              -74.86287871828571,
              44.218080308
            ],
            [
              -74.85288014714286,
              44.218080308
            ],
            [
              -74.85288014714286,
              44.19808602285714
            ],
            [
              -74.86287871828571,
              44.19808602285714
            ],
            [
              -74.86287871828571,
              44.18808888028571
            ],
            [
              -74.89287443171429,
              44.18808888028571
            ],
            [
              -74.89287443171429,
              44.19808602285714
            ]
          ]
        ]
      },
      "properties": {
        "hail_size_bin": "0.5\"",
        "min_size_inches": 0.5
      }
    },
    {
      "type": "Feature",
      "geometry": {
        "type": "Polygon",
        "coordinates": [
          [
            [
              -74.85288014714286,
              44.26806602085714
            ],
            [
              -74.83288300485714,
              44.26806602085714
            ],
            [
              -74.83288300485714,
              44.288060306
            ],
            [
              -74.81288586257142,
              44.288060306
            ],
            [
              -74.81288586257142,
              44.25806887828571
            ],
            [
              -74.80288729142856,
              44.25806887828571
            ],
            [
              -74.80288729142856,
              44.248071735714284
            ],
            [
              -74.842881576,
              44.248071735714284
            ],
            [
              -74.842881576,
              44.25806887828571
            ],
            [
              -74.85288014714286,
              44.25806887828571
            ],
            [
              -74.85288014714286,
              44.26806602085714
            ]
          ]
        ]
      },
      "properties": {
        "hail_size_bin": "0.5\"",
        "min_size_inches": 0.5
      }
    },
    {
      "type": "Feature",
      "geometry": {
        "type": "Polygon",
        "coordinates": [
          [
            [
              -74.90287300285715,
              44.29805744857143
            ],
            [
              -74.89287443171429,
              44.29805744857143
            ],
            [
              -74.89287443171429,
              44.27806316342857
            ],
            [
              -74.92287014514285,
              44.27806316342857
            ],
            [
              -74.92287014514285,
              44.288060306
            ],
            [
              -74.93286871628571,
              44.288060306
            ],
            [
              -74.93286871628571,
              44.29805744857143
            ],
            [
              -74.94286728742857,
              44.29805744857143
            ],
            [
              -74.94286728742857,
              44.318051733714285
            ],
            [
              -74.92287014514285,
              44.318051733714285
            ],
            [
              -74.92287014514285,
              44.308054591142856
            ],
            [
              -74.91287157400001,
              44.308054591142856
            ],
            [
              -74.91287157400001,
              44.318051733714285
            ],
            [
              -74.89287443171429,
              44.318051733714285
            ],
            [
              -74.89287443171429,
              44.308054591142856
            ],
            [
              -74.90287300285715,
              44.308054591142856
            ],
            [
              -74.90287300285715,
              44.29805744857143
            ]
          ]
        ]
      },
      "properties": {
        "hail_size_bin": "0.5\"",
        "min_size_inches": 0.5
      }
    },
    {
      "type": "Feature",
      "geometry": {
        "type": "Polygon",
        "coordinates": [
          [
            [
              -74.7928887202857,
              44.62796315342857
            ],
            [
              -74.80288729142856,
              44.62796315342857
            ],
            [
              -74.80288729142856,
              44.617966010857145
            ],
            [
              -74.83288300485714,
              44.617966010857145
            ],
            [
              -74.83288300485714,
              44.62796315342857
            ],
            [
              -74.842881576,
              44.62796315342857
            ],
            [
              -74.842881576,
              44.647957438571424
            ],
            [
              -74.85288014714286,
              44.647957438571424
            ],
            [
              -74.85288014714286,
              44.66795172371428
            ],
            [
              -74.83288300485714,
              44.66795172371428
            ],
            [
              -74.83288300485714,
              44.65795458114286
            ],
            [
              -74.81288586257142,
              44.65795458114286
            ],
            [
              -74.81288586257142,
              44.647957438571424
            ],
            [
              -74.80288729142856,
              44.647957438571424
            ],
            [
              -74.80288729142856,
              44.637960296
            ],
            [
              -74.7928887202857,
              44.637960296
            ],
            [
              -74.7928887202857,
              44.62796315342857
            ]
          ]
        ]
      },
      "properties": {
        "hail_size_bin": "0.5\"",
        "min_size_inches": 0.5
      }
    },
    {
      "type": "Feature",
      "geometry": {
        "type": "Polygon",
        "coordinates": [
          [
            [
              -76.10270154,
              44.777920292
            ],
            [
              -76.13269725342857,
              44.777920292
            ],
            [
              -76.13269725342857,
              44.787917434571426
            ],
            [
              -76.16269296685715,
              44.787917434571426
            ],
            [
              -76.16269296685715,
              44.80791171971428
            ],
            [
              -76.172691538,
              44.80791171971428
            ],
            [
              -76.172691538,
              44.82790600485714
            ],
            [
              -76.18269010914285,
              44.82790600485714
            ],
            [
              -76.18269010914285,
              44.83790314742857
            ],
            [
              -76.16269296685715,
              44.83790314742857
            ],
            [
              -76.16269296685715,
              44.84790029
            ],
            [
              -76.10270154,
              44.84790029
            ],
            [
              -76.10270154,
              44.81790886228571
            ],
            [
              -76.08270439771428,
              44.81790886228571
            ],
            [
              -76.08270439771428,
              44.797914577142855
            ],
            [
              -76.07270582657142,
              44.797914577142855
            ],
            [
              -76.07270582657142,
              44.787917434571426
            ],
            [
              -76.10270154,
              44.787917434571426
            ],
            [
              -76.10270154,
              44.777920292
            ]
          ]
        ]
      },
      "properties": {
        "hail_size_bin": "0.5\"",
        "min_size_inches": 0.5
      }
    },
    {
      "type": "Feature",
      "geometry": {
        "type": "Polygon",
        "coordinates": [
          [
            [
              -76.12269868228572,
              45.117823139428566
            ],
            [
              -76.13269725342857,
              45.117823139428566
            ],
            [
              -76.13269725342857,
              45.13781742457142
            ],
            [
              -76.12269868228572,
              45.13781742457142
            ],
            [
              -76.12269868228572,
              45.14781456714286
            ],
            [
              -76.08270439771428,
              45.14781456714286
            ],
            [
              -76.08270439771428,
              45.13781742457142
            ],
            [
              -76.07270582657142,
              45.13781742457142
            ],
            [
              -76.07270582657142,
              45.127820282
            ],
            [
              -76.09270296885714,
              45.127820282
            ],
            [
              -76.09270296885714,
              45.107825996857144
            ],
            [
              -76.12269868228572,
              45.107825996857144
            ],
            [
              -76.12269868228572,
              45.117823139428566
            ]
          ]
        ]
      },
      "properties": {
        "hail_size_bin": "0.5\"",
        "min_size_inches": 0.5
      }
    },
    {
      "type": "Feature",
      "geometry": {
        "type": "Polygon",
        "coordinates": [
          [
            [
              -76.16269296685715,
              45.15781170971428
            ],
            [
              -76.172691538,
              45.15781170971428
            ],
            [
              -76.172691538,
              45.14781456714286
            ],
            [
              -76.18269010914285,
              45.14781456714286
            ],
            [
              -76.18269010914285,
              45.15781170971428
            ],
            [
              -76.19268868028571,
              45.15781170971428
            ],
            [
              -76.19268868028571,
              45.14781456714286
            ],
            [
              -76.20268725142857,
              45.14781456714286
            ],
            [
              -76.20268725142857,
              45.15781170971428
            ],
            [
              -76.21268582257143,
              45.15781170971428
            ],
            [
              -76.21268582257143,
              45.16780885228572
            ],
            [
              -76.22268439371427,
              45.16780885228572
            ],
            [
              -76.22268439371427,
              45.187803137428574
            ],
            [
              -76.21268582257143,
              45.187803137428574
            ],
            [
              -76.21268582257143,
              45.197800279999996
            ],
            [
              -76.19268868028571,
              45.197800279999996
            ],
            [
              -76.19268868028571,
              45.187803137428574
            ],
            [
              -76.16269296685715,
              45.187803137428574
            ],
            [
              -76.16269296685715,
              45.15781170971428
            ]
          ],
          [
            [
              -76.20268725142857,
              45.16780885228572
            ],
            [
              -76.20268725142857,
              45.17780599485714
            ],
            [
              -76.21268582257143,
              45.17780599485714
            ],
            [
              -76.21268582257143,
              45.16780885228572
            ],
            [
              -76.20268725142857,
              45.16780885228572
            ]
          ]
        ]
      },
      "properties": {
        "hail_size_bin": "0.5\"",
        "min_size_inches": 0.5
      }
    },
    {
      "type": "Feature",
      "geometry": {
        "type": "Polygon",
        "coordinates": [
          [
            [
              -76.76260723542856,
              45.187803137428574
            ],
            [
              -76.78260437771428,
              45.187803137428574
            ],
            [
              -76.78260437771428,
              45.17780599485714
            ],
            [
              -76.79260294885714,
              45.17780599485714
            ],
            [
              -76.79260294885714,
              45.197800279999996
            ],
            [
              -76.78260437771428,
              45.197800279999996
            ],
            [
              -76.78260437771428,
              45.20779742257143
            ],
            [
              -76.79260294885714,
              45.20779742257143
            ],
            [
              -76.79260294885714,
              45.21779456514285
            ],
            [
              -76.78260437771428,
              45.21779456514285
            ],
            [
              -76.78260437771428,
              45.22779170771429
            ],
            [
              -76.77260580657142,
              45.22779170771429
            ],
            [
              -76.77260580657142,
              45.21779456514285
            ],
            [
              -76.76260723542856,
              45.21779456514285
            ],
            [
              -76.76260723542856,
              45.20779742257143
            ],
            [
              -76.7526086642857,
              45.20779742257143
            ],
            [
              -76.7526086642857,
              45.17780599485714
            ],
            [
              -76.76260723542856,
              45.17780599485714
            ],
            [
              -76.76260723542856,
              45.187803137428574
            ]
          ]
        ]
      },
      "properties": {
        "hail_size_bin": "0.5\"",
        "min_size_inches": 0.5
      }
    },
    {
      "type": "Feature",
      "geometry": {
        "type": "Polygon",
        "coordinates": [
          [
            [
              -76.27267724942857,
              45.20779742257143
            ],
            [
              -76.27267724942857,
              45.21779456514285
            ],
            [
              -76.30267296285714,
              45.21779456514285
            ],
            [
              -76.30267296285714,
              45.22779170771429
            ],
            [
              -76.29267439171429,
              45.22779170771429
            ],
            [
              -76.29267439171429,
              45.23778885028571
            ],
            [
              -76.26267867828571,
              45.23778885028571
            ],
            [
              -76.26267867828571,
              45.22779170771429
            ],
            [
              -76.24268153599999,
              45.22779170771429
            ],
            [
              -76.24268153599999,
              45.21779456514285
            ],
            [
              -76.25268010714285,
              45.21779456514285
            ],
            [
              -76.25268010714285,
              45.20779742257143
            ],
            [
              -76.27267724942857,
              45.20779742257143
            ]
          ]
        ]
      },
      "properties": {
        "hail_size_bin": "0.5\"",
        "min_size_inches": 0.5
      }
    },
    {
      "type": "Feature",
      "geometry": {
        "type": "Polygon",
        "coordinates": [
          [
            [
              -76.87259151800001,
              45.267780278
            ],
            [
              -76.88259008914287,
              45.267780278
            ],
            [
              -76.88259008914287,
              45.25778313542857
            ],
            [
              -76.89258866028571,
              45.25778313542857
            ],
            [
              -76.89258866028571,
              45.247785992857146
            ],
            [
              -76.90258723142857,
              45.247785992857146
            ],
            [
              -76.90258723142857,
              45.25778313542857
            ],
            [
              -76.91258580257143,
              45.25778313542857
            ],
            [
              -76.91258580257143,
              45.267780278
            ],
            [
              -76.93258294485713,
              45.267780278
            ],
            [
              -76.93258294485713,
              45.277777420571425
            ],
            [
              -76.92258437371429,
              45.277777420571425
            ],
            [
              -76.92258437371429,
              45.287774563142854
            ],
            [
              -76.91258580257143,
              45.287774563142854
            ],
            [
              -76.91258580257143,
              45.29777170571428
            ],
            [
              -76.89258866028571,
              45.29777170571428
            ],
            [
              -76.89258866028571,
              45.30776884828571
            ],
            [
              -76.87259151800001,
              45.30776884828571
            ],
            [
              -76.87259151800001,
              45.31776599085714
            ],
            [
              -76.86259294685715,
              45.31776599085714
            ],
            [
              -76.86259294685715,
              45.29777170571428
            ],
            [
              -76.85259437571429,
              45.29777170571428
            ],
            [
              -76.85259437571429,
              45.287774563142854
            ],
            [
              -76.86259294685715,
              45.287774563142854
            ],
            [
              -76.86259294685715,
              45.277777420571425
            ],
            [
              -76.87259151800001,
              45.277777420571425
            ],
            [
              -76.87259151800001,
              45.267780278
            ]
          ]
        ]
      },
      "properties": {
        "hail_size_bin": "0.5\"",
        "min_size_inches": 0.5
      }
    },
    {
      "type": "Feature",
      "geometry": {
        "type": "Polygon",
        "coordinates": [
          [
            [
              -76.35266581857142,
              45.30776884828571
            ],
            [
              -76.36266438971428,
              45.30776884828571
            ],
            [
              -76.36266438971428,
              45.31776599085714
            ],
            [
              -76.32267010514286,
              45.31776599085714
            ],
            [
              -76.32267010514286,
              45.30776884828571
            ],
            [
              -76.33266867628572,
              45.30776884828571
            ],
            [
              -76.33266867628572,
              45.25778313542857
            ],
            [
              -76.37266296085714,
              45.25778313542857
            ],
            [
              -76.37266296085714,
              45.287774563142854
            ],
            [
              -76.35266581857142,
              45.287774563142854
            ],
            [
              -76.35266581857142,
              45.30776884828571
            ]
          ]
        ]
      },
      "properties": {
        "hail_size_bin": "0.5\"",
        "min_size_inches": 0.5
      }
    },
    {
      "type": "Feature",
      "geometry": {
        "type": "Polygon",
        "coordinates": [
          [
            [
              -77.07256294085714,
              45.31776599085714
            ],
            [
              -77.05256579857144,
              45.31776599085714
            ],
            [
              -77.05256579857144,
              45.30776884828571
            ],
            [
              -77.02257008514286,
              45.30776884828571
            ],
            [
              -77.02257008514286,
              45.277777420571425
            ],
            [
              -77.082561512,
              45.277777420571425
            ],
            [
              -77.082561512,
              45.30776884828571
            ],
            [
              -77.07256294085714,
              45.30776884828571
            ],
            [
              -77.07256294085714,
              45.31776599085714
            ]
          ]
        ]
      },
      "properties": {
        "hail_size_bin": "0.5\"",
        "min_size_inches": 0.5
      }
    },
    {
      "type": "Feature",
      "geometry": {
        "type": "Polygon",
        "coordinates": [
          [
            [
              -76.99257437171428,
              45.36775170371428
            ],
            [
              -77.012571514,
              45.36775170371428
            ],
            [
              -77.012571514,
              45.37774884628571
            ],
            [
              -77.00257294285714,
              45.37774884628571
            ],
            [
              -77.00257294285714,
              45.38774598885714
            ],
            [
              -76.98257580057142,
              45.38774598885714
            ],
            [
              -76.98257580057142,
              45.39774313142857
            ],
            [
              -76.96257865828571,
              45.39774313142857
            ],
            [
              -76.96257865828571,
              45.38774598885714
            ],
            [
              -76.94258151599999,
              45.38774598885714
            ],
            [
              -76.94258151599999,
              45.36775170371428
            ],
            [
              -76.93258294485713,
              45.36775170371428
            ],
            [
              -76.93258294485713,
              45.357754561142855
            ],
            [
              -76.99257437171428,
              45.357754561142855
            ],
            [
              -76.99257437171428,
              45.36775170371428
            ]
          ]
        ]
      },
      "properties": {
        "hail_size_bin": "0.5\"",
        "min_size_inches": 0.5
      }
    },
    {
      "type": "Feature",
      "geometry": {
        "type": "Polygon",
        "coordinates": [
          [
            [
              -77.00257294285714,
              45.44772884428571
            ],
            [
              -77.012571514,
              45.44772884428571
            ],
            [
              -77.012571514,
              45.437731701714284
            ],
            [
              -77.00257294285714,
              45.437731701714284
            ],
            [
              -77.00257294285714,
              45.427734559142856
            ],
            [
              -77.012571514,
              45.427734559142856
            ],
            [
              -77.012571514,
              45.41773741657143
            ],
            [
              -77.02257008514286,
              45.41773741657143
            ],
            [
              -77.02257008514286,
              45.407740274
            ],
            [
              -77.09256008314286,
              45.407740274
            ],
            [
              -77.09256008314286,
              45.41773741657143
            ],
            [
              -77.11255722542856,
              45.41773741657143
            ],
            [
              -77.11255722542856,
              45.437731701714284
            ],
            [
              -77.12255579657142,
              45.437731701714284
            ],
            [
              -77.12255579657142,
              45.44772884428571
            ],
            [
              -77.13255436771428,
              45.44772884428571
            ],
            [
              -77.13255436771428,
              45.45772598685714
            ],
            [
              -77.12255579657142,
              45.45772598685714
            ],
            [
              -77.12255579657142,
              45.477720272
            ],
            [
              -77.11255722542856,
              45.477720272
            ],
            [
              -77.11255722542856,
              45.48771741457143
            ],
            [
              -77.10255865428572,
              45.48771741457143
            ],
            [
              -77.10255865428572,
              45.49771455714286
            ],
            [
              -77.09256008314286,
              45.49771455714286
            ],
            [
              -77.09256008314286,
              45.507711699714285
            ],
            [
              -77.082561512,
              45.507711699714285
            ],
            [
              -77.082561512,
              45.517708842285714
            ],
            [
              -77.04256722742858,
              45.517708842285714
            ],
            [
              -77.04256722742858,
              45.507711699714285
            ],
            [
              -77.02257008514286,
              45.507711699714285
            ],
            [
              -77.02257008514286,
              45.477720272
            ],
            [
              -77.012571514,
              45.477720272
            ],
            [
              -77.012571514,
              45.46772312942857
            ],
            [
              -77.00257294285714,
              45.46772312942857
            ],
            [
              -77.00257294285714,
              45.44772884428571
            ]
          ]
        ]
      },
      "properties": {
        "hail_size_bin": "0.5\"",
        "min_size_inches": 0.5
      }
    },
    {
      "type": "Feature",
      "geometry": {
        "type": "Polygon",
        "coordinates": [
          [
            [
              -77.38251864628572,
              45.507711699714285
            ],
            [
              -77.4125143597143,
              45.507711699714285
            ],
            [
              -77.4125143597143,
              45.52770598485714
            ],
            [
              -77.40251578857143,
              45.52770598485714
            ],
            [
              -77.40251578857143,
              45.517708842285714
            ],
            [
              -77.39251721742858,
              45.517708842285714
            ],
            [
              -77.39251721742858,
              45.52770598485714
            ],
            [
              -77.37252007514286,
              45.52770598485714
            ],
            [
              -77.37252007514286,
              45.53770312742857
            ],
            [
              -77.362521504,
              45.53770312742857
            ],
            [
              -77.362521504,
              45.517708842285714
            ],
            [
              -77.35252293285714,
              45.517708842285714
            ],
            [
              -77.35252293285714,
              45.49771455714286
            ],
            [
              -77.37252007514286,
              45.49771455714286
            ],
            [
              -77.37252007514286,
              45.517708842285714
            ],
            [
              -77.38251864628572,
              45.517708842285714
            ],
            [
              -77.38251864628572,
              45.507711699714285
            ]
          ]
        ]
      },
      "properties": {
        "hail_size_bin": "0.5\"",
        "min_size_inches": 0.5
      }
    },
    {
      "type": "Feature",
      "geometry": {
        "type": "Polygon",
        "coordinates": [
          [
            [
              -77.19254579457143,
              45.56769455514286
            ],
            [
              -77.18254722342857,
              45.56769455514286
            ],
            [
              -77.18254722342857,
              45.52770598485714
            ],
            [
              -77.19254579457143,
              45.52770598485714
            ],
            [
              -77.19254579457143,
              45.517708842285714
            ],
            [
              -77.18254722342857,
              45.517708842285714
            ],
            [
              -77.18254722342857,
              45.507711699714285
            ],
            [
              -77.19254579457143,
              45.507711699714285
            ],
            [
              -77.19254579457143,
              45.49771455714286
            ],
            [
              -77.20254436571429,
              45.49771455714286
            ],
            [
              -77.20254436571429,
              45.48771741457143
            ],
            [
              -77.222541508,
              45.48771741457143
            ],
            [
              -77.222541508,
              45.49771455714286
            ],
            [
              -77.23254007914286,
              45.49771455714286
            ],
            [
              -77.23254007914286,
              45.507711699714285
            ],
            [
              -77.24253865028571,
              45.507711699714285
            ],
            [
              -77.24253865028571,
              45.517708842285714
            ],
            [
              -77.25253722142857,
              45.517708842285714
            ],
            [
              -77.25253722142857,
              45.52770598485714
            ],
            [
              -77.28253293485714,
              45.52770598485714
            ],
            [
              -77.28253293485714,
              45.54770027
            ],
            [
              -77.29253150599999,
              45.54770027
            ],
            [
              -77.29253150599999,
              45.55769741257143
            ],
            [
              -77.28253293485714,
              45.55769741257143
            ],
            [
              -77.28253293485714,
              45.56769455514286
            ],
            [
              -77.29253150599999,
              45.56769455514286
            ],
            [
              -77.29253150599999,
              45.59768598285714
            ],
            [
              -77.28253293485714,
              45.59768598285714
            ],
            [
              -77.28253293485714,
              45.60768312542857
            ],
            [
              -77.25253722142857,
              45.60768312542857
            ],
            [
              -77.25253722142857,
              45.59768598285714
            ],
            [
              -77.222541508,
              45.59768598285714
            ],
            [
              -77.222541508,
              45.587688840285715
            ],
            [
              -77.21254293685715,
              45.587688840285715
            ],
            [
              -77.21254293685715,
              45.577691697714286
            ],
            [
              -77.19254579457143,
              45.577691697714286
            ],
            [
              -77.19254579457143,
              45.56769455514286
            ]
          ]
        ]
      },
      "properties": {
        "hail_size_bin": "0.5\"",
        "min_size_inches": 0.5
      }
    },
    {
      "type": "Feature",
      "geometry": {
        "type": "Polygon",
        "coordinates": [
          [
            [
              -77.56249292685715,
              45.64767169571429
            ],
            [
              -77.572491498,
              45.64767169571429
            ],
            [
              -77.572491498,
              45.63767455314286
            ],
            [
              -77.56249292685715,
              45.63767455314286
            ],
            [
              -77.56249292685715,
              45.617680268
            ],
            [
              -77.572491498,
              45.617680268
            ],
            [
              -77.572491498,
              45.60768312542857
            ],
            [
              -77.59248864028572,
              45.60768312542857
            ],
            [
              -77.59248864028572,
              45.617680268
            ],
            [
              -77.62248435371428,
              45.617680268
            ],
            [
              -77.62248435371428,
              45.62767741057143
            ],
            [
              -77.63248292485714,
              45.62767741057143
            ],
            [
              -77.63248292485714,
              45.657668838285716
            ],
            [
              -77.62248435371428,
              45.657668838285716
            ],
            [
              -77.62248435371428,
              45.687660265999995
            ],
            [
              -77.63248292485714,
              45.687660265999995
            ],
            [
              -77.63248292485714,
              45.69765740857143
            ],
            [
              -77.60248721142857,
              45.69765740857143
            ],
            [
              -77.60248721142857,
              45.687660265999995
            ],
            [
              -77.58249006914286,
              45.687660265999995
            ],
            [
              -77.58249006914286,
              45.667665980857144
            ],
            [
              -77.572491498,
              45.667665980857144
            ],
            [
              -77.572491498,
              45.657668838285716
            ],
            [
              -77.56249292685715,
              45.657668838285716
            ],
            [
              -77.56249292685715,
              45.64767169571429
            ]
          ],
          [
            [
              -77.60248721142857,
              45.657668838285716
            ],
            [
              -77.60248721142857,
              45.64767169571429
            ],
            [
              -77.59248864028572,
              45.64767169571429
            ],
            [
              -77.59248864028572,
              45.657668838285716
            ],
            [
              -77.60248721142857,
              45.657668838285716
            ]
          ]
        ]
      },
      "properties": {
        "hail_size_bin": "0.5\"",
        "min_size_inches": 0.5
      }
    },
    {
      "type": "Feature",
      "geometry": {
        "type": "Polygon",
        "coordinates": [
          [
            [
              -77.40251578857143,
              45.69765740857143
            ],
            [
              -77.39251721742858,
              45.69765740857143
            ],
            [
              -77.39251721742858,
              45.687660265999995
            ],
            [
              -77.38251864628572,
              45.687660265999995
            ],
            [
              -77.38251864628572,
              45.667665980857144
            ],
            [
              -77.33252579057142,
              45.667665980857144
            ],
            [
              -77.33252579057142,
              45.657668838285716
            ],
            [
              -77.32252721942857,
              45.657668838285716
            ],
            [
              -77.32252721942857,
              45.64767169571429
            ],
            [
              -77.3125286482857,
              45.64767169571429
            ],
            [
              -77.3125286482857,
              45.63767455314286
            ],
            [
              -77.30253007714285,
              45.63767455314286
            ],
            [
              -77.30253007714285,
              45.60768312542857
            ],
            [
              -77.3125286482857,
              45.60768312542857
            ],
            [
              -77.3125286482857,
              45.59768598285714
            ],
            [
              -77.33252579057142,
              45.59768598285714
            ],
            [
              -77.33252579057142,
              45.587688840285715
            ],
            [
              -77.39251721742858,
              45.587688840285715
            ],
            [
              -77.39251721742858,
              45.59768598285714
            ],
            [
              -77.42251293085714,
              45.59768598285714
            ],
            [
              -77.42251293085714,
              45.60768312542857
            ],
            [
              -77.432511502,
              45.60768312542857
            ],
            [
              -77.432511502,
              45.617680268
            ],
            [
              -77.44251007314286,
              45.617680268
            ],
            [
              -77.44251007314286,
              45.62767741057143
            ],
            [
              -77.49250292885714,
              45.62767741057143
            ],
            [
              -77.49250292885714,
              45.63767455314286
            ],
            [
              -77.5025015,
              45.63767455314286
            ],
            [
              -77.5025015,
              45.64767169571429
            ],
            [
              -77.51250007114285,
              45.64767169571429
            ],
            [
              -77.51250007114285,
              45.667665980857144
            ],
            [
              -77.52249864228571,
              45.667665980857144
            ],
            [
              -77.52249864228571,
              45.69765740857143
            ],
            [
              -77.53249721342857,
              45.69765740857143
            ],
            [
              -77.53249721342857,
              45.71765169371429
            ],
            [
              -77.56249292685715,
              45.71765169371429
            ],
            [
              -77.56249292685715,
              45.70765455114285
            ],
            [
              -77.572491498,
              45.70765455114285
            ],
            [
              -77.572491498,
              45.71765169371429
            ],
            [
              -77.60248721142857,
              45.71765169371429
            ],
            [
              -77.60248721142857,
              45.72764883628571
            ],
            [
              -77.61248578257143,
              45.72764883628571
            ],
            [
              -77.61248578257143,
              45.737645978857145
            ],
            [
              -77.62248435371428,
              45.737645978857145
            ],
            [
              -77.62248435371428,
              45.757640264
            ],
            [
              -77.63248292485714,
              45.757640264
            ],
            [
              -77.63248292485714,
              45.77763454914286
            ],
            [
              -77.62248435371428,
              45.77763454914286
            ],
            [
              -77.62248435371428,
              45.78763169171428
            ],
            [
              -77.60248721142857,
              45.78763169171428
            ],
            [
              -77.60248721142857,
              45.77763454914286
            ],
            [
              -77.59248864028572,
              45.77763454914286
            ],
            [
              -77.59248864028572,
              45.767637406571424
            ],
            [
              -77.56249292685715,
              45.767637406571424
            ],
            [
              -77.56249292685715,
              45.757640264
            ],
            [
              -77.55249435571429,
              45.757640264
            ],
            [
              -77.55249435571429,
              45.737645978857145
            ],
            [
              -77.54249578457143,
              45.737645978857145
            ],
            [
              -77.54249578457143,
              45.72764883628571
            ],
            [
              -77.51250007114285,
              45.72764883628571
            ],
            [
              -77.51250007114285,
              45.71765169371429
            ],
            [
              -77.5025015,
              45.71765169371429
            ],
            [
              -77.5025015,
              45.70765455114285
            ],
            [
              -77.49250292885714,
              45.70765455114285
            ],
            [
              -77.49250292885714,
              45.71765169371429
            ],
            [
              -77.4125143597143,
              45.71765169371429
            ],
            [
              -77.4125143597143,
              45.70765455114285
            ],
            [
              -77.40251578857143,
              45.70765455114285
            ],
            [
              -77.40251578857143,
              45.69765740857143
            ]
          ],
          [
            [
              -77.52249864228571,
              45.71765169371429
            ],
            [
              -77.52249864228571,
              45.70765455114285
            ],
            [
              -77.51250007114285,
              45.70765455114285
            ],
            [
              -77.51250007114285,
              45.71765169371429
            ],
            [
              -77.52249864228571,
              45.71765169371429
            ]
          ]
        ]
      },
      "properties": {
        "hail_size_bin": "0.5\"",
        "min_size_inches": 0.5
      }
    },
    {
      "type": "Feature",
      "geometry": {
        "type": "Polygon",
        "coordinates": [
          [
            [
              -75.962721544,
              45.70765455114285
            ],
            [
              -76.00271582857143,
              45.70765455114285
            ],
            [
              -76.00271582857143,
              45.71765169371429
            ],
            [
              -76.02271297085714,
              45.71765169371429
            ],
            [
              -76.02271297085714,
              45.72764883628571
            ],
            [
              -76.032711542,
              45.72764883628571
            ],
            [
              -76.032711542,
              45.737645978857145
            ],
            [
              -76.0527086842857,
              45.737645978857145
            ],
            [
              -76.0527086842857,
              45.74764312142857
            ],
            [
              -76.00271582857143,
              45.74764312142857
            ],
            [
              -76.00271582857143,
              45.737645978857145
            ],
            [
              -75.99271725742857,
              45.737645978857145
            ],
            [
              -75.99271725742857,
              45.72764883628571
            ],
            [
              -75.97272011514286,
              45.72764883628571
            ],
            [
              -75.97272011514286,
              45.71765169371429
            ],
            [
              -75.962721544,
              45.71765169371429
            ],
            [
              -75.962721544,
              45.70765455114285
            ]
          ]
        ]
      },
      "properties": {
        "hail_size_bin": "0.5\"",
        "min_size_inches": 0.5
      }
    },
    {
      "type": "Feature",
      "geometry": {
        "type": "Polygon",
        "coordinates": [
          [
            [
              -64.57434901228571,
              48.16695162371428
            ],
            [
              -64.55435186999999,
              48.16695162371428
            ],
            [
              -64.55435186999999,
              48.156954481142854
            ],
            [
              -64.56435044114285,
              48.156954481142854
            ],
            [
              -64.56435044114285,
              48.136960196
            ],
            [
              -64.624341868,
              48.136960196
            ],
            [
              -64.624341868,
              48.146957338571426
            ],
            [
              -64.61434329685714,
              48.146957338571426
            ],
            [
              -64.61434329685714,
              48.17694876628571
            ],
            [
              -64.624341868,
              48.17694876628571
            ],
            [
              -64.624341868,
              48.19694305142857
            ],
            [
              -64.61434329685714,
              48.19694305142857
            ],
            [
              -64.61434329685714,
              48.18694590885714
            ],
            [
              -64.60434472571428,
              48.18694590885714
            ],
            [
              -64.60434472571428,
              48.19694305142857
            ],
            [
              -64.58434758342857,
              48.19694305142857
            ],
            [
              -64.58434758342857,
              48.216937336571426
            ],
            [
              -64.56435044114285,
              48.216937336571426
            ],
            [
              -64.56435044114285,
              48.206940194
            ],
            [
              -64.55435186999999,
              48.206940194
            ],
            [
              -64.55435186999999,
              48.19694305142857
            ],
            [
              -64.56435044114285,
              48.19694305142857
            ],
            [
              -64.56435044114285,
              48.18694590885714
            ],
            [
              -64.57434901228571,
              48.18694590885714
            ],
            [
              -64.57434901228571,
              48.16695162371428
            ]
          ]
        ]
      },
      "properties": {
        "hail_size_bin": "0.5\"",
        "min_size_inches": 0.5
      }
    },
    {
      "type": "Feature",
      "geometry": {
        "type": "Polygon",
        "coordinates": [
          [
            [
              -64.61434329685714,
              48.32690590485714
            ],
            [
              -64.60434472571428,
              48.32690590485714
            ],
            [
              -64.60434472571428,
              48.33690304742857
            ],
            [
              -64.56435044114285,
              48.33690304742857
            ],
            [
              -64.56435044114285,
              48.32690590485714
            ],
            [
              -64.55435186999999,
              48.32690590485714
            ],
            [
              -64.55435186999999,
              48.306911619714285
            ],
            [
              -64.59434615457143,
              48.306911619714285
            ],
            [
              -64.59434615457143,
              48.31690876228571
            ],
            [
              -64.61434329685714,
              48.31690876228571
            ],
            [
              -64.61434329685714,
              48.32690590485714
            ]
          ]
        ]
      },
      "properties": {
        "hail_size_bin": "0.5\"",
        "min_size_inches": 0.5
      }
    },
    {
      "type": "Feature",
      "geometry": {
        "type": "Polygon",
        "coordinates": [
          [
            [
              -64.88430471771429,
              48.39688590285714
            ],
            [
              -64.93429757342857,
              48.39688590285714
            ],
            [
              -64.93429757342857,
              48.40688304542857
            ],
            [
              -64.94429614457142,
              48.40688304542857
            ],
            [
              -64.94429614457142,
              48.416880188
            ],
            [
              -64.96429328685714,
              48.416880188
            ],
            [
              -64.96429328685714,
              48.42687733057143
            ],
            [
              -64.974291858,
              48.42687733057143
            ],
            [
              -64.974291858,
              48.43687447314286
            ],
            [
              -64.99428900028572,
              48.43687447314286
            ],
            [
              -64.99428900028572,
              48.44687161571429
            ],
            [
              -64.98429042914286,
              48.44687161571429
            ],
            [
              -64.98429042914286,
              48.466865900857144
            ],
            [
              -64.92429900228571,
              48.466865900857144
            ],
            [
              -64.92429900228571,
              48.456868758285715
            ],
            [
              -64.89430328885715,
              48.456868758285715
            ],
            [
              -64.89430328885715,
              48.466865900857144
            ],
            [
              -64.87430614657143,
              48.466865900857144
            ],
            [
              -64.87430614657143,
              48.40688304542857
            ],
            [
              -64.88430471771429,
              48.40688304542857
            ],
            [
              -64.88430471771429,
              48.39688590285714
            ]
          ]
        ]
      },
      "properties": {
        "hail_size_bin": "0.5\"",
        "min_size_inches": 0.5
      }
    },
    {
      "type": "Feature",
      "geometry": {
        "type": "Polygon",
        "coordinates": [
          [
            [
              -65.37423470371428,
              48.59682875428571
            ],
            [
              -65.36423613257142,
              48.59682875428571
            ],
            [
              -65.36423613257142,
              48.60682589685714
            ],
            [
              -65.35423756142856,
              48.60682589685714
            ],
            [
              -65.35423756142856,
              48.61682303942857
            ],
            [
              -65.34423899028572,
              48.61682303942857
            ],
            [
              -65.34423899028572,
              48.626820181999996
            ],
            [
              -65.33424041914286,
              48.626820181999996
            ],
            [
              -65.33424041914286,
              48.636817324571425
            ],
            [
              -65.31424327685714,
              48.636817324571425
            ],
            [
              -65.31424327685714,
              48.64681446714285
            ],
            [
              -65.30424470571428,
              48.64681446714285
            ],
            [
              -65.30424470571428,
              48.61682303942857
            ],
            [
              -65.31424327685714,
              48.61682303942857
            ],
            [
              -65.31424327685714,
              48.59682875428571
            ],
            [
              -65.33424041914286,
              48.59682875428571
            ],
            [
              -65.33424041914286,
              48.58683161171428
            ],
            [
              -65.37423470371428,
              48.58683161171428
            ],
            [
              -65.37423470371428,
              48.59682875428571
            ]
          ]
        ]
      },
      "properties": {
        "hail_size_bin": "0.5\"",
        "min_size_inches": 0.5
      }
    },
    {
      "type": "Feature",
      "geometry": {
        "type": "Polygon",
        "coordinates": [
          [
            [
              -62.61462906828571,
              42.27863464914286
            ],
            [
              -62.62462763942857,
              42.27863464914286
            ],
            [
              -62.62462763942857,
              42.26863750657143
            ],
            [
              -62.65462335285714,
              42.26863750657143
            ],
            [
              -62.65462335285714,
              42.28863179171429
            ],
            [
              -62.644624781714285,
              42.28863179171429
            ],
            [
              -62.644624781714285,
              42.298628934285716
            ],
            [
              -62.62462763942857,
              42.298628934285716
            ],
            [
              -62.62462763942857,
              42.30862607685714
            ],
            [
              -62.55463764142857,
              42.30862607685714
            ],
            [
              -62.55463764142857,
              42.28863179171429
            ],
            [
              -62.57463478371429,
              42.28863179171429
            ],
            [
              -62.57463478371429,
              42.27863464914286
            ],
            [
              -62.60463049714285,
              42.27863464914286
            ],
            [
              -62.60463049714285,
              42.26863750657143
            ],
            [
              -62.61462906828571,
              42.26863750657143
            ],
            [
              -62.61462906828571,
              42.27863464914286
            ]
          ]
        ]
      },
      "properties": {
        "hail_size_bin": "0.5\"",
        "min_size_inches": 0.5
      }
    },
    {
      "type": "Feature",
      "geometry": {
        "type": "Polygon",
        "coordinates": [
          [
            [
              -62.44465335885714,
              42.298628934285716
            ],
            [
              -62.524641927999994,
              42.298628934285716
            ],
            [
              -62.524641927999994,
              42.318623219428574
            ],
            [
              -62.514643356857135,
              42.318623219428574
            ],
            [
              -62.514643356857135,
              42.328620361999995
            ],
            [
              -62.49464621457143,
              42.328620361999995
            ],
            [
              -62.49464621457143,
              42.33861750457143
            ],
            [
              -62.50464478571428,
              42.33861750457143
            ],
            [
              -62.50464478571428,
              42.34861464714285
            ],
            [
              -62.49464621457143,
              42.34861464714285
            ],
            [
              -62.49464621457143,
              42.35861178971429
            ],
            [
              -62.474649072285715,
              42.35861178971429
            ],
            [
              -62.474649072285715,
              42.34861464714285
            ],
            [
              -62.464650501142856,
              42.34861464714285
            ],
            [
              -62.464650501142856,
              42.328620361999995
            ],
            [
              -62.42465621657142,
              42.328620361999995
            ],
            [
              -62.42465621657142,
              42.318623219428574
            ],
            [
              -62.44465335885714,
              42.318623219428574
            ],
            [
              -62.44465335885714,
              42.298628934285716
            ]
          ]
        ]
      },
      "properties": {
        "hail_size_bin": "0.5\"",
        "min_size_inches": 0.5
      }
    },
    {
      "type": "Feature",
      "geometry": {
        "type": "Polygon",
        "coordinates": [
          [
            [
              -62.75460906428572,
              42.34861464714285
            ],
            [
              -62.78460477771428,
              42.34861464714285
            ],
            [
              -62.78460477771428,
              42.33861750457143
            ],
            [
              -62.77460620657142,
              42.33861750457143
            ],
            [
              -62.77460620657142,
              42.328620361999995
            ],
            [
              -62.814600491142855,
              42.328620361999995
            ],
            [
              -62.814600491142855,
              42.318623219428574
            ],
            [
              -62.89458906028571,
              42.318623219428574
            ],
            [
              -62.89458906028571,
              42.30862607685714
            ],
            [
              -62.91458620257143,
              42.30862607685714
            ],
            [
              -62.91458620257143,
              42.318623219428574
            ],
            [
              -62.934583344857145,
              42.318623219428574
            ],
            [
              -62.934583344857145,
              42.30862607685714
            ],
            [
              -62.94458191599999,
              42.30862607685714
            ],
            [
              -62.94458191599999,
              42.328620361999995
            ],
            [
              -62.95458048714285,
              42.328620361999995
            ],
            [
              -62.95458048714285,
              42.33861750457143
            ],
            [
              -62.94458191599999,
              42.33861750457143
            ],
            [
              -62.94458191599999,
              42.34861464714285
            ],
            [
              -62.90458763142857,
              42.34861464714285
            ],
            [
              -62.90458763142857,
              42.35861178971429
            ],
            [
              -62.864593346857134,
              42.35861178971429
            ],
            [
              -62.864593346857134,
              42.36860893228571
            ],
            [
              -62.854594775714276,
              42.36860893228571
            ],
            [
              -62.854594775714276,
              42.34861464714285
            ],
            [
              -62.84459620457143,
              42.34861464714285
            ],
            [
              -62.84459620457143,
              42.35861178971429
            ],
            [
              -62.76460763542856,
              42.35861178971429
            ],
            [
              -62.76460763542856,
              42.36860893228571
            ],
            [
              -62.75460906428572,
              42.36860893228571
            ],
            [
              -62.75460906428572,
              42.34861464714285
            ]
          ]
        ]
      },
      "properties": {
        "hail_size_bin": "0.5\"",
        "min_size_inches": 0.5
      }
    },
    {
      "type": "Feature",
      "geometry": {
        "type": "Polygon",
        "coordinates": [
          [
            [
              -62.304673362857145,
              42.34861464714285
            ],
            [
              -62.32467050514285,
              42.34861464714285
            ],
            [
              -62.32467050514285,
              42.328620361999995
            ],
            [
              -62.33466907628571,
              42.328620361999995
            ],
            [
              -62.33466907628571,
              42.318623219428574
            ],
            [
              -62.344667647428565,
              42.318623219428574
            ],
            [
              -62.344667647428565,
              42.328620361999995
            ],
            [
              -62.354666218571424,
              42.328620361999995
            ],
            [
              -62.354666218571424,
              42.34861464714285
            ],
            [
              -62.36466478971428,
              42.34861464714285
            ],
            [
              -62.36466478971428,
              42.35861178971429
            ],
            [
              -62.354666218571424,
              42.35861178971429
            ],
            [
              -62.354666218571424,
              42.36860893228571
            ],
            [
              -62.33466907628571,
              42.36860893228571
            ],
            [
              -62.33466907628571,
              42.35861178971429
            ],
            [
              -62.32467050514285,
              42.35861178971429
            ],
            [
              -62.32467050514285,
              42.36860893228571
            ],
            [
              -62.294674791714286,
              42.36860893228571
            ],
            [
              -62.294674791714286,
              42.35861178971429
            ],
            [
              -62.304673362857145,
              42.35861178971429
            ],
            [
              -62.304673362857145,
              42.34861464714285
            ]
          ]
        ]
      },
      "properties": {
        "hail_size_bin": "0.5\"",
        "min_size_inches": 0.5
      }
    },
    {
      "type": "Feature",
      "geometry": {
        "type": "Polygon",
        "coordinates": [
          [
            [
              -63.00457334285714,
              42.42859178771428
            ],
            [
              -62.984576200571425,
              42.42859178771428
            ],
            [
              -62.984576200571425,
              42.43858893028572
            ],
            [
              -62.974577629428566,
              42.43858893028572
            ],
            [
              -62.974577629428566,
              42.42859178771428
            ],
            [
              -62.94458191599999,
              42.42859178771428
            ],
            [
              -62.94458191599999,
              42.41859464514286
            ],
            [
              -62.934583344857145,
              42.41859464514286
            ],
            [
              -62.934583344857145,
              42.38860321742857
            ],
            [
              -62.92458477371429,
              42.38860321742857
            ],
            [
              -62.92458477371429,
              42.36860893228571
            ],
            [
              -62.96457905828571,
              42.36860893228571
            ],
            [
              -62.96457905828571,
              42.35861178971429
            ],
            [
              -63.034569056285704,
              42.35861178971429
            ],
            [
              -63.034569056285704,
              42.34861464714285
            ],
            [
              -63.05456619857142,
              42.34861464714285
            ],
            [
              -63.05456619857142,
              42.35861178971429
            ],
            [
              -63.154551909999995,
              42.35861178971429
            ],
            [
              -63.154551909999995,
              42.378606074857146
            ],
            [
              -63.164550481142854,
              42.378606074857146
            ],
            [
              -63.164550481142854,
              42.42859178771428
            ],
            [
              -63.17454905228571,
              42.42859178771428
            ],
            [
              -63.17454905228571,
              42.43858893028572
            ],
            [
              -63.12455619657142,
              42.43858893028572
            ],
            [
              -63.12455619657142,
              42.44858607285714
            ],
            [
              -63.05456619857142,
              42.44858607285714
            ],
            [
              -63.05456619857142,
              42.43858893028572
            ],
            [
              -63.07456334085714,
              42.43858893028572
            ],
            [
              -63.07456334085714,
              42.42859178771428
            ],
            [
              -63.014571914,
              42.42859178771428
            ],
            [
              -63.014571914,
              42.43858893028572
            ],
            [
              -63.00457334285714,
              42.43858893028572
            ],
            [
              -63.00457334285714,
              42.42859178771428
            ]
          ]
        ]
      },
      "properties": {
        "hail_size_bin": "0.5\"",
        "min_size_inches": 0.5
      }
    },
    {
      "type": "Feature",
      "geometry": {
        "type": "Polygon",
        "coordinates": [
          [
            [
              -64.20440187999999,
              42.43858893028572
            ],
            [
              -64.24439616457143,
              42.43858893028572
            ],
            [
              -64.24439616457143,
              42.45858321542857
            ],
            [
              -64.17440616657143,
              42.45858321542857
            ],
            [
              -64.17440616657143,
              42.44858607285714
            ],
            [
              -64.11441473971428,
              42.44858607285714
            ],
            [
              -64.11441473971428,
              42.43858893028572
            ],
            [
              -64.12441331085714,
              42.43858893028572
            ],
            [
              -64.12441331085714,
              42.42859178771428
            ],
            [
              -64.20440187999999,
              42.42859178771428
            ],
            [
              -64.20440187999999,
              42.43858893028572
            ]
          ]
        ]
      },
      "properties": {
        "hail_size_bin": "0.5\"",
        "min_size_inches": 0.5
      }
    },
    {
      "type": "Feature",
      "geometry": {
        "type": "Polygon",
        "coordinates": [
          [
            [
              -63.034569056285704,
              42.54855749857143
            ],
            [
              -63.06456476971428,
              42.54855749857143
            ],
            [
              -63.06456476971428,
              42.538560356
            ],
            [
              -63.09456048314286,
              42.538560356
            ],
            [
              -63.09456048314286,
              42.54855749857143
            ],
            [
              -63.114557625428574,
              42.54855749857143
            ],
            [
              -63.114557625428574,
              42.538560356
            ],
            [
              -63.13455476771428,
              42.538560356
            ],
            [
              -63.13455476771428,
              42.558554641142855
            ],
            [
              -63.104559054285716,
              42.558554641142855
            ],
            [
              -63.104559054285716,
              42.568551783714284
            ],
            [
              -63.06456476971428,
              42.568551783714284
            ],
            [
              -63.06456476971428,
              42.57854892628571
            ],
            [
              -63.04456762742856,
              42.57854892628571
            ],
            [
              -63.04456762742856,
              42.58854606885714
            ],
            [
              -62.994574771714284,
              42.58854606885714
            ],
            [
              -62.994574771714284,
              42.59854321142857
            ],
            [
              -62.92458477371429,
              42.59854321142857
            ],
            [
              -62.92458477371429,
              42.57854892628571
            ],
            [
              -62.91458620257143,
              42.57854892628571
            ],
            [
              -62.91458620257143,
              42.568551783714284
            ],
            [
              -62.94458191599999,
              42.568551783714284
            ],
            [
              -62.94458191599999,
              42.558554641142855
            ],
            [
              -63.034569056285704,
              42.558554641142855
            ],
            [
              -63.034569056285704,
              42.54855749857143
            ]
          ]
        ]
      },
      "properties": {
        "hail_size_bin": "0.5\"",
        "min_size_inches": 0.5
      }
    },
    {
      "type": "Feature",
      "geometry": {
        "type": "Polygon",
        "coordinates": [
          [
            [
              -63.30453047714285,
              42.69851463714286
            ],
            [
              -63.334526190571424,
              42.69851463714286
            ],
            [
              -63.334526190571424,
              42.68851749457143
            ],
            [
              -63.39451761742856,
              42.68851749457143
            ],
            [
              -63.39451761742856,
              42.708511779714286
            ],
            [
              -63.30453047714285,
              42.708511779714286
            ],
            [
              -63.30453047714285,
              42.69851463714286
            ]
          ]
        ]
      },
      "properties": {
        "hail_size_bin": "0.5\"",
        "min_size_inches": 0.5
      }
    },
    {
      "type": "Feature",
      "geometry": {
        "type": "Polygon",
        "coordinates": [
          [
            [
              -63.76446474971428,
              42.898457488571424
            ],
            [
              -63.73446903628572,
              42.898457488571424
            ],
            [
              -63.73446903628572,
              42.90845463114286
            ],
            [
              -63.70447332285714,
              42.90845463114286
            ],
            [
              -63.70447332285714,
              42.898457488571424
            ],
            [
              -63.68447618057142,
              42.898457488571424
            ],
            [
              -63.68447618057142,
              42.888460346
            ],
            [
              -63.73446903628572,
              42.888460346
            ],
            [
              -63.73446903628572,
              42.878463203428566
            ],
            [
              -63.76446474971428,
              42.878463203428566
            ],
            [
              -63.76446474971428,
              42.898457488571424
            ]
          ]
        ]
      },
      "properties": {
        "hail_size_bin": "0.5\"",
        "min_size_inches": 0.5
      }
    },
    {
      "type": "Feature",
      "geometry": {
        "type": "Polygon",
        "coordinates": [
          [
            [
              -63.90444474571429,
              42.91845177371428
            ],
            [
              -63.914443316857145,
              42.91845177371428
            ],
            [
              -63.914443316857145,
              42.90845463114286
            ],
            [
              -63.94443903028571,
              42.90845463114286
            ],
            [
              -63.94443903028571,
              42.92844891628572
            ],
            [
              -63.914443316857145,
              42.92844891628572
            ],
            [
              -63.914443316857145,
              42.93844605885714
            ],
            [
              -63.994431886,
              42.93844605885714
            ],
            [
              -63.994431886,
              42.92844891628572
            ],
            [
              -64.00443045714286,
              42.92844891628572
            ],
            [
              -64.00443045714286,
              42.93844605885714
            ],
            [
              -64.02442759942856,
              42.93844605885714
            ],
            [
              -64.02442759942856,
              42.91845177371428
            ],
            [
              -64.07442045514286,
              42.91845177371428
            ],
            [
              -64.07442045514286,
              42.92844891628572
            ],
            [
              -64.12441331085714,
              42.92844891628572
            ],
            [
              -64.12441331085714,
              42.958440343999996
            ],
            [
              -64.11441473971428,
              42.958440343999996
            ],
            [
              -64.11441473971428,
              42.948443201428574
            ],
            [
              -64.064421884,
              42.948443201428574
            ],
            [
              -64.064421884,
              42.958440343999996
            ],
            [
              -63.964436172571425,
              42.958440343999996
            ],
            [
              -63.964436172571425,
              42.96843748657143
            ],
            [
              -63.93444045914285,
              42.96843748657143
            ],
            [
              -63.93444045914285,
              42.958440343999996
            ],
            [
              -63.914443316857145,
              42.958440343999996
            ],
            [
              -63.914443316857145,
              42.96843748657143
            ],
            [
              -63.88444760342857,
              42.96843748657143
            ],
            [
              -63.88444760342857,
              42.98843177171429
            ],
            [
              -63.86445046114285,
              42.98843177171429
            ],
            [
              -63.86445046114285,
              42.958440343999996
            ],
            [
              -63.88444760342857,
              42.958440343999996
            ],
            [
              -63.88444760342857,
              42.93844605885714
            ],
            [
              -63.89444617457143,
              42.93844605885714
            ],
            [
              -63.89444617457143,
              42.90845463114286
            ],
            [
              -63.90444474571429,
              42.90845463114286
            ],
            [
              -63.90444474571429,
              42.91845177371428
            ]
          ]
        ]
      },
      "properties": {
        "hail_size_bin": "0.5\"",
        "min_size_inches": 0.5
      }
    },
    {
      "type": "Feature",
      "geometry": {
        "type": "Polygon",
        "coordinates": [
          [
            [
              -60.384947703428566,
              43.48828890028571
            ],
            [
              -60.40494484571428,
              43.48828890028571
            ],
            [
              -60.40494484571428,
              43.47829175771429
            ],
            [
              -60.41494341685714,
              43.47829175771429
            ],
            [
              -60.41494341685714,
              43.48828890028571
            ],
            [
              -60.444939130285704,
              43.48828890028571
            ],
            [
              -60.444939130285704,
              43.498286042857146
            ],
            [
              -60.46493627257142,
              43.498286042857146
            ],
            [
              -60.46493627257142,
              43.50828318542857
            ],
            [
              -60.47493484371428,
              43.50828318542857
            ],
            [
              -60.47493484371428,
              43.518280328
            ],
            [
              -60.444939130285704,
              43.518280328
            ],
            [
              -60.444939130285704,
              43.528277470571425
            ],
            [
              -60.41494341685714,
              43.528277470571425
            ],
            [
              -60.41494341685714,
              43.518280328
            ],
            [
              -60.384947703428566,
              43.518280328
            ],
            [
              -60.384947703428566,
              43.498286042857146
            ],
            [
              -60.35495199,
              43.498286042857146
            ],
            [
              -60.35495199,
              43.47829175771429
            ],
            [
              -60.384947703428566,
              43.47829175771429
            ],
            [
              -60.384947703428566,
              43.48828890028571
            ]
          ]
        ]
      },
      "properties": {
        "hail_size_bin": "0.5\"",
        "min_size_inches": 0.5
      }
    },
    {
      "type": "Feature",
      "geometry": {
        "type": "Polygon",
        "coordinates": [
          [
            [
              -61.93472623057143,
              43.57826318342857
            ],
            [
              -61.94472480171429,
              43.57826318342857
            ],
            [
              -61.94472480171429,
              43.588260326
            ],
            [
              -61.93472623057143,
              43.588260326
            ],
            [
              -61.93472623057143,
              43.598257468571425
            ],
            [
              -61.89473194599999,
              43.598257468571425
            ],
            [
              -61.89473194599999,
              43.588260326
            ],
            [
              -61.874734803714276,
              43.588260326
            ],
            [
              -61.874734803714276,
              43.57826318342857
            ],
            [
              -61.884733374857134,
              43.57826318342857
            ],
            [
              -61.884733374857134,
              43.56826604085714
            ],
            [
              -61.93472623057143,
              43.56826604085714
            ],
            [
              -61.93472623057143,
              43.57826318342857
            ]
          ]
        ]
      },
      "properties": {
        "hail_size_bin": "0.5\"",
        "min_size_inches": 0.5
      }
    },
    {
      "type": "Feature",
      "geometry": {
        "type": "Polygon",
        "coordinates": [
          [
            [
              -61.09484625457142,
              43.748214607142856
            ],
            [
              -61.11484339685714,
              43.748214607142856
            ],
            [
              -61.11484339685714,
              43.758211749714285
            ],
            [
              -61.10484482571428,
              43.758211749714285
            ],
            [
              -61.10484482571428,
              43.76820889228571
            ],
            [
              -61.09484625457142,
              43.76820889228571
            ],
            [
              -61.09484625457142,
              43.77820603485714
            ],
            [
              -61.024856256571425,
              43.77820603485714
            ],
            [
              -61.024856256571425,
              43.76820889228571
            ],
            [
              -61.034854827714284,
              43.76820889228571
            ],
            [
              -61.034854827714284,
              43.748214607142856
            ],
            [
              -61.05485197,
              43.748214607142856
            ],
            [
              -61.05485197,
              43.73821746457143
            ],
            [
              -61.09484625457142,
              43.73821746457143
            ],
            [
              -61.09484625457142,
              43.748214607142856
            ]
          ]
        ]
      },
      "properties": {
        "hail_size_bin": "0.5\"",
        "min_size_inches": 0.5
      }
    },
    {
      "type": "Feature",
      "geometry": {
        "type": "Polygon",
        "coordinates": [
          [
            [
              -60.92487054514285,
              43.758211749714285
            ],
            [
              -60.94486768742857,
              43.758211749714285
            ],
            [
              -60.94486768742857,
              43.748214607142856
            ],
            [
              -60.96486482971429,
              43.748214607142856
            ],
            [
              -60.96486482971429,
              43.758211749714285
            ],
            [
              -60.98486197199999,
              43.758211749714285
            ],
            [
              -60.98486197199999,
              43.79820032
            ],
            [
              -60.94486768742857,
              43.79820032
            ],
            [
              -60.94486768742857,
              43.78820317742857
            ],
            [
              -60.92487054514285,
              43.78820317742857
            ],
            [
              -60.92487054514285,
              43.80819746257143
            ],
            [
              -60.91487197399999,
              43.80819746257143
            ],
            [
              -60.91487197399999,
              43.79820032
            ],
            [
              -60.904873402857135,
              43.79820032
            ],
            [
              -60.904873402857135,
              43.78820317742857
            ],
            [
              -60.91487197399999,
              43.78820317742857
            ],
            [
              -60.91487197399999,
              43.77820603485714
            ],
            [
              -60.92487054514285,
              43.77820603485714
            ],
            [
              -60.92487054514285,
              43.758211749714285
            ]
          ]
        ]
      },
      "properties": {
        "hail_size_bin": "0.5\"",
        "min_size_inches": 0.5
      }
    },
    {
      "type": "Feature",
      "geometry": {
        "type": "Polygon",
        "coordinates": [
          [
            [
              -61.124841968,
              44.96786600085714
            ],
            [
              -61.144839110285716,
              44.96786600085714
            ],
            [
              -61.144839110285716,
              44.957868858285714
            ],
            [
              -61.21482910828571,
              44.957868858285714
            ],
            [
              -61.21482910828571,
              44.97786314342857
            ],
            [
              -61.204830537142854,
              44.97786314342857
            ],
            [
              -61.204830537142854,
              44.987860286
            ],
            [
              -61.22482767942857,
              44.987860286
            ],
            [
              -61.22482767942857,
              44.97786314342857
            ],
            [
              -61.25482339285713,
              44.97786314342857
            ],
            [
              -61.25482339285713,
              44.96786600085714
            ],
            [
              -61.26482196399999,
              44.96786600085714
            ],
            [
              -61.26482196399999,
              44.97786314342857
            ],
            [
              -61.27482053514285,
              44.97786314342857
            ],
            [
              -61.27482053514285,
              44.99785742857143
            ],
            [
              -61.26482196399999,
              44.99785742857143
            ],
            [
              -61.26482196399999,
              45.00785457114286
            ],
            [
              -61.25482339285713,
              45.00785457114286
            ],
            [
              -61.25482339285713,
              45.037845998857144
            ],
            [
              -61.21482910828571,
              45.037845998857144
            ],
            [
              -61.21482910828571,
              45.017851713714286
            ],
            [
              -61.194831965999995,
              45.017851713714286
            ],
            [
              -61.194831965999995,
              45.00785457114286
            ],
            [
              -61.16483625257142,
              45.00785457114286
            ],
            [
              -61.16483625257142,
              44.987860286
            ],
            [
              -61.124841968,
              44.987860286
            ],
            [
              -61.124841968,
              44.96786600085714
            ]
          ]
        ]
      },
      "properties": {
        "hail_size_bin": "0.5\"",
        "min_size_inches": 0.5
      }
    },
    {
      "type": "Feature",
      "geometry": {
        "type": "Polygon",
        "coordinates": [
          [
            [
              -61.35480910428571,
              45.017851713714286
            ],
            [
              -61.41480053114286,
              45.017851713714286
            ],
            [
              -61.41480053114286,
              45.027848856285715
            ],
            [
              -61.42479910228572,
              45.027848856285715
            ],
            [
              -61.42479910228572,
              45.04784314142857
            ],
            [
              -61.41480053114286,
              45.04784314142857
            ],
            [
              -61.41480053114286,
              45.057840284
            ],
            [
              -61.374806246571424,
              45.057840284
            ],
            [
              -61.374806246571424,
              45.04784314142857
            ],
            [
              -61.364807675428565,
              45.04784314142857
            ],
            [
              -61.364807675428565,
              45.057840284
            ],
            [
              -61.35480910428571,
              45.057840284
            ],
            [
              -61.35480910428571,
              45.06783742657143
            ],
            [
              -61.314814819714286,
              45.06783742657143
            ],
            [
              -61.314814819714286,
              45.057840284
            ],
            [
              -61.324813390857145,
              45.057840284
            ],
            [
              -61.324813390857145,
              45.037845998857144
            ],
            [
              -61.34481053314285,
              45.037845998857144
            ],
            [
              -61.34481053314285,
              45.027848856285715
            ],
            [
              -61.35480910428571,
              45.027848856285715
            ],
            [
              -61.35480910428571,
              45.017851713714286
            ]
          ]
        ]
      },
      "properties": {
        "hail_size_bin": "0.5\"",
        "min_size_inches": 0.5
      }
    },
    {
      "type": "Feature",
      "geometry": {
        "type": "Polygon",
        "coordinates": [
          [
            [
              -60.524927699428574,
              45.107825996857144
            ],
            [
              -60.524927699428574,
              45.127820282
            ],
            [
              -60.53492627057142,
              45.127820282
            ],
            [
              -60.53492627057142,
              45.14781456714286
            ],
            [
              -60.514929128285715,
              45.14781456714286
            ],
            [
              -60.514929128285715,
              45.15781170971428
            ],
            [
              -60.524927699428574,
              45.15781170971428
            ],
            [
              -60.524927699428574,
              45.16780885228572
            ],
            [
              -60.494931986,
              45.16780885228572
            ],
            [
              -60.494931986,
              45.14781456714286
            ],
            [
              -60.48493341485714,
              45.14781456714286
            ],
            [
              -60.48493341485714,
              45.127820282
            ],
            [
              -60.494931986,
              45.127820282
            ],
            [
              -60.494931986,
              45.107825996857144
            ],
            [
              -60.524927699428574,
              45.107825996857144
            ]
          ]
        ]
      },
      "properties": {
        "hail_size_bin": "0.5\"",
        "min_size_inches": 0.5
      }
    },
    {
      "type": "Feature",
      "geometry": {
        "type": "Polygon",
        "coordinates": [
          [
            [
              -60.93486911628571,
              45.16780885228572
            ],
            [
              -60.94486768742857,
              45.16780885228572
            ],
            [
              -60.94486768742857,
              45.17780599485714
            ],
            [
              -60.96486482971429,
              45.17780599485714
            ],
            [
              -60.96486482971429,
              45.16780885228572
            ],
            [
              -60.974863400857146,
              45.16780885228572
            ],
            [
              -60.974863400857146,
              45.14781456714286
            ],
            [
              -60.99486054314285,
              45.14781456714286
            ],
            [
              -60.99486054314285,
              45.127820282
            ],
            [
              -61.01485768542857,
              45.127820282
            ],
            [
              -61.01485768542857,
              45.14781456714286
            ],
            [
              -61.024856256571425,
              45.14781456714286
            ],
            [
              -61.024856256571425,
              45.17780599485714
            ],
            [
              -61.00485911428571,
              45.17780599485714
            ],
            [
              -61.00485911428571,
              45.187803137428574
            ],
            [
              -60.99486054314285,
              45.187803137428574
            ],
            [
              -60.99486054314285,
              45.197800279999996
            ],
            [
              -60.974863400857146,
              45.197800279999996
            ],
            [
              -60.974863400857146,
              45.20779742257143
            ],
            [
              -60.96486482971429,
              45.20779742257143
            ],
            [
              -60.96486482971429,
              45.21779456514285
            ],
            [
              -60.88487626057143,
              45.21779456514285
            ],
            [
              -60.88487626057143,
              45.197800279999996
            ],
            [
              -60.864879118285714,
              45.197800279999996
            ],
            [
              -60.864879118285714,
              45.16780885228572
            ],
            [
              -60.88487626057143,
              45.16780885228572
            ],
            [
              -60.88487626057143,
              45.14781456714286
            ],
            [
              -60.93486911628571,
              45.14781456714286
            ],
            [
              -60.93486911628571,
              45.16780885228572
            ]
          ]
        ]
      },
      "properties": {
        "hail_size_bin": "0.5\"",
        "min_size_inches": 0.5
      }
    },
    {
      "type": "Feature",
      "geometry": {
        "type": "Polygon",
        "coordinates": [
          [
            [
              -61.86473623257143,
              45.247785992857146
            ],
            [
              -61.85473766142857,
              45.247785992857146
            ],
            [
              -61.85473766142857,
              45.25778313542857
            ],
            [
              -61.844739090285714,
              45.25778313542857
            ],
            [
              -61.844739090285714,
              45.23778885028571
            ],
            [
              -61.834740519142855,
              45.23778885028571
            ],
            [
              -61.834740519142855,
              45.247785992857146
            ],
            [
              -61.74475337885714,
              45.247785992857146
            ],
            [
              -61.74475337885714,
              45.23778885028571
            ],
            [
              -61.73475480771428,
              45.23778885028571
            ],
            [
              -61.73475480771428,
              45.22779170771429
            ],
            [
              -61.74475337885714,
              45.22779170771429
            ],
            [
              -61.74475337885714,
              45.21779456514285
            ],
            [
              -61.72475623657142,
              45.21779456514285
            ],
            [
              -61.72475623657142,
              45.197800279999996
            ],
            [
              -61.714757665428564,
              45.197800279999996
            ],
            [
              -61.714757665428564,
              45.187803137428574
            ],
            [
              -61.73475480771428,
              45.187803137428574
            ],
            [
              -61.73475480771428,
              45.17780599485714
            ],
            [
              -61.58477624057143,
              45.17780599485714
            ],
            [
              -61.58477624057143,
              45.16780885228572
            ],
            [
              -61.57477766942857,
              45.16780885228572
            ],
            [
              -61.57477766942857,
              45.15781170971428
            ],
            [
              -61.56477909828571,
              45.15781170971428
            ],
            [
              -61.56477909828571,
              45.16780885228572
            ],
            [
              -61.534783384857136,
              45.16780885228572
            ],
            [
              -61.534783384857136,
              45.15781170971428
            ],
            [
              -61.50478767142857,
              45.15781170971428
            ],
            [
              -61.50478767142857,
              45.14781456714286
            ],
            [
              -61.46479338685714,
              45.14781456714286
            ],
            [
              -61.46479338685714,
              45.13781742457142
            ],
            [
              -61.45479481571428,
              45.13781742457142
            ],
            [
              -61.45479481571428,
              45.127820282
            ],
            [
              -61.46479338685714,
              45.127820282
            ],
            [
              -61.46479338685714,
              45.117823139428566
            ],
            [
              -61.484790529142856,
              45.117823139428566
            ],
            [
              -61.484790529142856,
              45.107825996857144
            ],
            [
              -61.50478767142857,
              45.107825996857144
            ],
            [
              -61.50478767142857,
              45.097828854285716
            ],
            [
              -61.51478624257143,
              45.097828854285716
            ],
            [
              -61.51478624257143,
              45.08783171171429
            ],
            [
              -61.534783384857136,
              45.08783171171429
            ],
            [
              -61.534783384857136,
              45.07783456914286
            ],
            [
              -61.57477766942857,
              45.07783456914286
            ],
            [
              -61.57477766942857,
              45.08783171171429
            ],
            [
              -61.58477624057143,
              45.08783171171429
            ],
            [
              -61.58477624057143,
              45.097828854285716
            ],
            [
              -61.60477338285713,
              45.097828854285716
            ],
            [
              -61.60477338285713,
              45.08783171171429
            ],
            [
              -61.62477052514285,
              45.08783171171429
            ],
            [
              -61.62477052514285,
              45.107825996857144
            ],
            [
              -61.63476909628571,
              45.107825996857144
            ],
            [
              -61.63476909628571,
              45.117823139428566
            ],
            [
              -61.62477052514285,
              45.117823139428566
            ],
            [
              -61.62477052514285,
              45.13781742457142
            ],
            [
              -61.714757665428564,
              45.13781742457142
            ],
            [
              -61.714757665428564,
              45.14781456714286
            ],
            [
              -61.75475195,
              45.14781456714286
            ],
            [
              -61.75475195,
              45.16780885228572
            ],
            [
              -61.79474623457142,
              45.16780885228572
            ],
            [
              -61.79474623457142,
              45.15781170971428
            ],
            [
              -61.85473766142857,
              45.15781170971428
            ],
            [
              -61.85473766142857,
              45.16780885228572
            ],
            [
              -61.86473623257143,
              45.16780885228572
            ],
            [
              -61.86473623257143,
              45.187803137428574
            ],
            [
              -61.884733374857134,
              45.187803137428574
            ],
            [
              -61.884733374857134,
              45.17780599485714
            ],
            [
              -61.91472908828571,
              45.17780599485714
            ],
            [
              -61.91472908828571,
              45.187803137428574
            ],
            [
              -61.92472765942857,
              45.187803137428574
            ],
            [
              -61.92472765942857,
              45.21779456514285
            ],
            [
              -61.954723372857146,
              45.21779456514285
            ],
            [
              -61.954723372857146,
              45.20779742257143
            ],
            [
              -62.014714799714284,
              45.20779742257143
            ],
            [
              -62.014714799714284,
              45.21779456514285
            ],
            [
              -62.02471337085714,
              45.21779456514285
            ],
            [
              -62.02471337085714,
              45.22779170771429
            ],
            [
              -62.034711942,
              45.22779170771429
            ],
            [
              -62.034711942,
              45.23778885028571
            ],
            [
              -62.04471051314286,
              45.23778885028571
            ],
            [
              -62.04471051314286,
              45.25778313542857
            ],
            [
              -62.054709084285705,
              45.25778313542857
            ],
            [
              -62.054709084285705,
              45.267780278
            ],
            [
              -62.04471051314286,
              45.267780278
            ],
            [
              -62.04471051314286,
              45.287774563142854
            ],
            [
              -62.02471337085714,
              45.287774563142854
            ],
            [
              -62.02471337085714,
              45.30776884828571
            ],
            [
              -61.97472051514285,
              45.30776884828571
            ],
            [
              -61.97472051514285,
              45.287774563142854
            ],
            [
              -61.92472765942857,
              45.287774563142854
            ],
            [
              -61.92472765942857,
              45.29777170571428
            ],
            [
              -61.884733374857134,
              45.29777170571428
            ],
            [
              -61.884733374857134,
              45.25778313542857
            ],
            [
              -61.86473623257143,
              45.25778313542857
            ],
            [
              -61.86473623257143,
              45.247785992857146
            ]
          ]
        ]
      },
      "properties": {
        "hail_size_bin": "0.5\"",
        "min_size_inches": 0.5
      }
    },
    {
      "type": "Feature",
      "geometry": {
        "type": "Polygon",
        "coordinates": [
          [
            [
              -61.16483625257142,
              45.17780599485714
            ],
            [
              -61.17483482371428,
              45.17780599485714
            ],
            [
              -61.17483482371428,
              45.187803137428574
            ],
            [
              -61.194831965999995,
              45.187803137428574
            ],
            [
              -61.194831965999995,
              45.197800279999996
            ],
            [
              -61.21482910828571,
              45.197800279999996
            ],
            [
              -61.21482910828571,
              45.21779456514285
            ],
            [
              -61.194831965999995,
              45.21779456514285
            ],
            [
              -61.194831965999995,
              45.22779170771429
            ],
            [
              -61.13484053914286,
              45.22779170771429
            ],
            [
              -61.13484053914286,
              45.21779456514285
            ],
            [
              -61.144839110285716,
              45.21779456514285
            ],
            [
              -61.144839110285716,
              45.20779742257143
            ],
            [
              -61.154837681428575,
              45.20779742257143
            ],
            [
              -61.154837681428575,
              45.187803137428574
            ],
            [
              -61.16483625257142,
              45.187803137428574
            ],
            [
              -61.16483625257142,
              45.17780599485714
            ]
          ]
        ]
      },
      "properties": {
        "hail_size_bin": "0.5\"",
        "min_size_inches": 0.5
      }
    },
    {
      "type": "Feature",
      "geometry": {
        "type": "Polygon",
        "coordinates": [
          [
            [
              -61.30481624857143,
              45.23778885028571
            ],
            [
              -61.29481767742857,
              45.23778885028571
            ],
            [
              -61.29481767742857,
              45.247785992857146
            ],
            [
              -61.27482053514285,
              45.247785992857146
            ],
            [
              -61.27482053514285,
              45.25778313542857
            ],
            [
              -61.26482196399999,
              45.25778313542857
            ],
            [
              -61.26482196399999,
              45.23778885028571
            ],
            [
              -61.28481910628571,
              45.23778885028571
            ],
            [
              -61.28481910628571,
              45.21779456514285
            ],
            [
              -61.34481053314285,
              45.21779456514285
            ],
            [
              -61.34481053314285,
              45.22779170771429
            ],
            [
              -61.30481624857143,
              45.22779170771429
            ],
            [
              -61.30481624857143,
              45.23778885028571
            ]
          ]
        ]
      },
      "properties": {
        "hail_size_bin": "0.5\"",
        "min_size_inches": 0.5
      }
    },
    {
      "type": "Feature",
      "geometry": {
        "type": "Polygon",
        "coordinates": [
          [
            [
              -61.39480338885714,
              45.23778885028571
            ],
            [
              -61.40480196,
              45.23778885028571
            ],
            [
              -61.40480196,
              45.22779170771429
            ],
            [
              -61.41480053114286,
              45.22779170771429
            ],
            [
              -61.41480053114286,
              45.23778885028571
            ],
            [
              -61.42479910228572,
              45.23778885028571
            ],
            [
              -61.42479910228572,
              45.277777420571425
            ],
            [
              -61.40480196,
              45.277777420571425
            ],
            [
              -61.40480196,
              45.287774563142854
            ],
            [
              -61.34481053314285,
              45.287774563142854
            ],
            [
              -61.34481053314285,
              45.277777420571425
            ],
            [
              -61.35480910428571,
              45.277777420571425
            ],
            [
              -61.35480910428571,
              45.25778313542857
            ],
            [
              -61.374806246571424,
              45.25778313542857
            ],
            [
              -61.374806246571424,
              45.247785992857146
            ],
            [
              -61.39480338885714,
              45.247785992857146
            ],
            [
              -61.39480338885714,
              45.23778885028571
            ]
          ]
        ]
      },
      "properties": {
        "hail_size_bin": "0.5\"",
        "min_size_inches": 0.5
      }
    },
    {
      "type": "Feature",
      "geometry": {
        "type": "Polygon",
        "coordinates": [
          [
            [
              -61.544781955999994,
              45.287774563142854
            ],
            [
              -61.56477909828571,
              45.287774563142854
            ],
            [
              -61.56477909828571,
              45.29777170571428
            ],
            [
              -61.58477624057143,
              45.29777170571428
            ],
            [
              -61.58477624057143,
              45.30776884828571
            ],
            [
              -61.61477195399999,
              45.30776884828571
            ],
            [
              -61.61477195399999,
              45.32776313342857
            ],
            [
              -61.60477338285713,
              45.32776313342857
            ],
            [
              -61.60477338285713,
              45.337760276
            ],
            [
              -61.56477909828571,
              45.337760276
            ],
            [
              -61.56477909828571,
              45.32776313342857
            ],
            [
              -61.544781955999994,
              45.32776313342857
            ],
            [
              -61.544781955999994,
              45.31776599085714
            ],
            [
              -61.534783384857136,
              45.31776599085714
            ],
            [
              -61.534783384857136,
              45.30776884828571
            ],
            [
              -61.544781955999994,
              45.30776884828571
            ],
            [
              -61.544781955999994,
              45.287774563142854
            ]
          ]
        ]
      },
      "properties": {
        "hail_size_bin": "0.5\"",
        "min_size_inches": 0.5
      }
    },
    {
      "type": "Feature",
      "geometry": {
        "type": "Polygon",
        "coordinates": [
          [
            [
              -61.74475337885714,
              45.30776884828571
            ],
            [
              -61.75475195,
              45.30776884828571
            ],
            [
              -61.75475195,
              45.32776313342857
            ],
            [
              -61.76475052114286,
              45.32776313342857
            ],
            [
              -61.76475052114286,
              45.337760276
            ],
            [
              -61.75475195,
              45.337760276
            ],
            [
              -61.75475195,
              45.347757418571426
            ],
            [
              -61.714757665428564,
              45.347757418571426
            ],
            [
              -61.714757665428564,
              45.337760276
            ],
            [
              -61.704759094285706,
              45.337760276
            ],
            [
              -61.704759094285706,
              45.32776313342857
            ],
            [
              -61.72475623657142,
              45.32776313342857
            ],
            [
              -61.72475623657142,
              45.31776599085714
            ],
            [
              -61.74475337885714,
              45.31776599085714
            ],
            [
              -61.74475337885714,
              45.30776884828571
            ]
          ]
        ]
      },
      "properties": {
        "hail_size_bin": "0.5\"",
        "min_size_inches": 0.5
      }
    },
    {
      "type": "Feature",
      "geometry": {
        "type": "Polygon",
        "coordinates": [
          [
            [
              -60.774891978,
              45.36775170371428
            ],
            [
              -60.74489626457142,
              45.36775170371428
            ],
            [
              -60.74489626457142,
              45.357754561142855
            ],
            [
              -60.734897693428564,
              45.357754561142855
            ],
            [
              -60.734897693428564,
              45.32776313342857
            ],
            [
              -60.76489340685714,
              45.32776313342857
            ],
            [
              -60.76489340685714,
              45.347757418571426
            ],
            [
              -60.774891978,
              45.347757418571426
            ],
            [
              -60.774891978,
              45.36775170371428
            ]
          ]
        ]
      },
      "properties": {
        "hail_size_bin": "0.5\"",
        "min_size_inches": 0.5
      }
    },
    {
      "type": "Feature",
      "geometry": {
        "type": "Polygon",
        "coordinates": [
          [
            [
              -62.24468193599999,
              45.347757418571426
            ],
            [
              -62.294674791714286,
              45.347757418571426
            ],
            [
              -62.294674791714286,
              45.357754561142855
            ],
            [
              -62.314671934,
              45.357754561142855
            ],
            [
              -62.314671934,
              45.37774884628571
            ],
            [
              -62.28467622057143,
              45.37774884628571
            ],
            [
              -62.28467622057143,
              45.38774598885714
            ],
            [
              -62.24468193599999,
              45.38774598885714
            ],
            [
              -62.24468193599999,
              45.37774884628571
            ],
            [
              -62.23468336485713,
              45.37774884628571
            ],
            [
              -62.23468336485713,
              45.38774598885714
            ],
            [
              -62.22468479371429,
              45.38774598885714
            ],
            [
              -62.22468479371429,
              45.36775170371428
            ],
            [
              -62.24468193599999,
              45.36775170371428
            ],
            [
              -62.24468193599999,
              45.347757418571426
            ]
          ]
        ]
      },
      "properties": {
        "hail_size_bin": "0.5\"",
        "min_size_inches": 0.5
      }
    },
    {
      "type": "Feature",
      "geometry": {
        "type": "Polygon",
        "coordinates": [
          [
            [
              -63.17454905228571,
              47.47714878628571
            ],
            [
              -63.21454333685713,
              47.47714878628571
            ],
            [
              -63.21454333685713,
              47.48714592885714
            ],
            [
              -63.23454047914285,
              47.48714592885714
            ],
            [
              -63.23454047914285,
              47.49714307142857
            ],
            [
              -63.24453905028571,
              47.49714307142857
            ],
            [
              -63.24453905028571,
              47.517137356571425
            ],
            [
              -63.23454047914285,
              47.517137356571425
            ],
            [
              -63.23454047914285,
              47.52713449914285
            ],
            [
              -63.22454190799999,
              47.52713449914285
            ],
            [
              -63.22454190799999,
              47.517137356571425
            ],
            [
              -63.20454476571429,
              47.517137356571425
            ],
            [
              -63.20454476571429,
              47.507140213999996
            ],
            [
              -63.18454762342857,
              47.507140213999996
            ],
            [
              -63.18454762342857,
              47.48714592885714
            ],
            [
              -63.17454905228571,
              47.48714592885714
            ],
            [
              -63.17454905228571,
              47.47714878628571
            ]
          ]
        ]
      },
      "properties": {
        "hail_size_bin": "0.5\"",
        "min_size_inches": 0.5
      }
    },
    {
      "type": "Feature",
      "geometry": {
        "type": "Polygon",
        "coordinates": [
          [
            [
              -62.91458620257143,
              47.61710878228571
            ],
            [
              -62.92458477371429,
              47.61710878228571
            ],
            [
              -62.92458477371429,
              47.62710592485714
            ],
            [
              -62.934583344857145,
              47.62710592485714
            ],
            [
              -62.934583344857145,
              47.64710021
            ],
            [
              -62.92458477371429,
              47.64710021
            ],
            [
              -62.92458477371429,
              47.65709735257143
            ],
            [
              -62.88459048914285,
              47.65709735257143
            ],
            [
              -62.88459048914285,
              47.64710021
            ],
            [
              -62.87459191799999,
              47.64710021
            ],
            [
              -62.87459191799999,
              47.61710878228571
            ],
            [
              -62.88459048914285,
              47.61710878228571
            ],
            [
              -62.88459048914285,
              47.60711163971428
            ],
            [
              -62.91458620257143,
              47.60711163971428
            ],
            [
              -62.91458620257143,
              47.61710878228571
            ]
          ]
        ]
      },
      "properties": {
        "hail_size_bin": "0.5\"",
        "min_size_inches": 0.5
      }
    },
    {
      "type": "Feature",
      "geometry": {
        "type": "Polygon",
        "coordinates": [
          [
            [
              -63.314529048285706,
              47.64710021
            ],
            [
              -63.294531906,
              47.64710021
            ],
            [
              -63.294531906,
              47.62710592485714
            ],
            [
              -63.34452476171428,
              47.62710592485714
            ],
            [
              -63.34452476171428,
              47.65709735257143
            ],
            [
              -63.314529048285706,
              47.65709735257143
            ],
            [
              -63.314529048285706,
              47.64710021
            ]
          ]
        ]
      },
      "properties": {
        "hail_size_bin": "0.5\"",
        "min_size_inches": 0.5
      }
    },
    {
      "type": "Feature",
      "geometry": {
        "type": "Polygon",
        "coordinates": [
          [
            [
              -63.09456048314286,
              47.60711163971428
            ],
            [
              -63.104559054285716,
              47.60711163971428
            ],
            [
              -63.104559054285716,
              47.61710878228571
            ],
            [
              -63.13455476771428,
              47.61710878228571
            ],
            [
              -63.13455476771428,
              47.62710592485714
            ],
            [
              -63.144553338857136,
              47.62710592485714
            ],
            [
              -63.144553338857136,
              47.63710306742857
            ],
            [
              -63.154551909999995,
              47.63710306742857
            ],
            [
              -63.154551909999995,
              47.62710592485714
            ],
            [
              -63.17454905228571,
              47.62710592485714
            ],
            [
              -63.17454905228571,
              47.61710878228571
            ],
            [
              -63.21454333685713,
              47.61710878228571
            ],
            [
              -63.21454333685713,
              47.63710306742857
            ],
            [
              -63.22454190799999,
              47.63710306742857
            ],
            [
              -63.22454190799999,
              47.64710021
            ],
            [
              -63.21454333685713,
              47.64710021
            ],
            [
              -63.21454333685713,
              47.65709735257143
            ],
            [
              -63.19454619457143,
              47.65709735257143
            ],
            [
              -63.19454619457143,
              47.667094495142855
            ],
            [
              -63.17454905228571,
              47.667094495142855
            ],
            [
              -63.17454905228571,
              47.677091637714284
            ],
            [
              -63.18454762342857,
              47.677091637714284
            ],
            [
              -63.18454762342857,
              47.69708592285714
            ],
            [
              -63.19454619457143,
              47.69708592285714
            ],
            [
              -63.19454619457143,
              47.717080208
            ],
            [
              -63.13455476771428,
              47.717080208
            ],
            [
              -63.13455476771428,
              47.70708306542857
            ],
            [
              -63.12455619657142,
              47.70708306542857
            ],
            [
              -63.12455619657142,
              47.69708592285714
            ],
            [
              -63.13455476771428,
              47.69708592285714
            ],
            [
              -63.13455476771428,
              47.677091637714284
            ],
            [
              -63.07456334085714,
              47.677091637714284
            ],
            [
              -63.07456334085714,
              47.667094495142855
            ],
            [
              -63.06456476971428,
              47.667094495142855
            ],
            [
              -63.06456476971428,
              47.65709735257143
            ],
            [
              -63.05456619857142,
              47.65709735257143
            ],
            [
              -63.05456619857142,
              47.61710878228571
            ],
            [
              -63.09456048314286,
              47.61710878228571
            ],
            [
              -63.09456048314286,
              47.60711163971428
            ]
          ],
          [
            [
              -63.144553338857136,
              47.677091637714284
            ],
            [
              -63.144553338857136,
              47.667094495142855
            ],
            [
              -63.13455476771428,
              47.667094495142855
            ],
            [
              -63.13455476771428,
              47.677091637714284
            ],
            [
              -63.144553338857136,
              47.677091637714284
            ]
          ],
          [
            [
              -63.164550481142854,
              47.667094495142855
            ],
            [
              -63.164550481142854,
              47.65709735257143
            ],
            [
              -63.154551909999995,
              47.65709735257143
            ],
            [
              -63.154551909999995,
              47.667094495142855
            ],
            [
              -63.164550481142854,
              47.667094495142855
            ]
          ]
        ]
      },
      "properties": {
        "hail_size_bin": "0.5\"",
        "min_size_inches": 0.5
      }
    },
    {
      "type": "Feature",
      "geometry": {
        "type": "Polygon",
        "coordinates": [
          [
            [
              -63.09456048314286,
              47.69708592285714
            ],
            [
              -63.084561912,
              47.69708592285714
            ],
            [
              -63.084561912,
              47.72707735057143
            ],
            [
              -63.06456476971428,
              47.72707735057143
            ],
            [
              -63.06456476971428,
              47.737074493142856
            ],
            [
              -63.05456619857142,
              47.737074493142856
            ],
            [
              -63.05456619857142,
              47.747071635714285
            ],
            [
              -63.04456762742856,
              47.747071635714285
            ],
            [
              -63.04456762742856,
              47.75706877828571
            ],
            [
              -63.014571914,
              47.75706877828571
            ],
            [
              -63.014571914,
              47.72707735057143
            ],
            [
              -63.02457048514286,
              47.72707735057143
            ],
            [
              -63.02457048514286,
              47.69708592285714
            ],
            [
              -63.04456762742856,
              47.69708592285714
            ],
            [
              -63.04456762742856,
              47.68708878028571
            ],
            [
              -63.09456048314286,
              47.68708878028571
            ],
            [
              -63.09456048314286,
              47.69708592285714
            ]
          ]
        ]
      },
      "properties": {
        "hail_size_bin": "0.5\"",
        "min_size_inches": 0.5
      }
    },
    {
      "type": "Feature",
      "geometry": {
        "type": "Polygon",
        "coordinates": [
          [
            [
              -63.274534763714286,
              47.717080208
            ],
            [
              -63.284533334857144,
              47.717080208
            ],
            [
              -63.284533334857144,
              47.70708306542857
            ],
            [
              -63.324527619428565,
              47.70708306542857
            ],
            [
              -63.324527619428565,
              47.717080208
            ],
            [
              -63.334526190571424,
              47.717080208
            ],
            [
              -63.334526190571424,
              47.76706592085714
            ],
            [
              -63.34452476171428,
              47.76706592085714
            ],
            [
              -63.34452476171428,
              47.787060206
            ],
            [
              -63.334526190571424,
              47.787060206
            ],
            [
              -63.334526190571424,
              47.77706306342857
            ],
            [
              -63.294531906,
              47.77706306342857
            ],
            [
              -63.294531906,
              47.76706592085714
            ],
            [
              -63.284533334857144,
              47.76706592085714
            ],
            [
              -63.284533334857144,
              47.737074493142856
            ],
            [
              -63.274534763714286,
              47.737074493142856
            ],
            [
              -63.274534763714286,
              47.717080208
            ]
          ]
        ]
      },
      "properties": {
        "hail_size_bin": "0.5\"",
        "min_size_inches": 0.5
      }
    },
    {
      "type": "Feature",
      "geometry": {
        "type": "Polygon",
        "coordinates": [
          [
            [
              -63.48450475771428,
              47.857040204
            ],
            [
              -63.47450618657143,
              47.857040204
            ],
            [
              -63.47450618657143,
              47.84704306142857
            ],
            [
              -63.46450761542857,
              47.84704306142857
            ],
            [
              -63.46450761542857,
              47.79705734857143
            ],
            [
              -63.47450618657143,
              47.79705734857143
            ],
            [
              -63.47450618657143,
              47.787060206
            ],
            [
              -63.51450047114285,
              47.787060206
            ],
            [
              -63.51450047114285,
              47.79705734857143
            ],
            [
              -63.54449618457143,
              47.79705734857143
            ],
            [
              -63.54449618457143,
              47.80705449114286
            ],
            [
              -63.55449475571429,
              47.80705449114286
            ],
            [
              -63.55449475571429,
              47.817051633714286
            ],
            [
              -63.564493326857146,
              47.817051633714286
            ],
            [
              -63.564493326857146,
              47.80705449114286
            ],
            [
              -63.614486182571426,
              47.80705449114286
            ],
            [
              -63.614486182571426,
              47.817051633714286
            ],
            [
              -63.63448332485714,
              47.817051633714286
            ],
            [
              -63.63448332485714,
              47.857040204
            ],
            [
              -63.624484753714285,
              47.857040204
            ],
            [
              -63.624484753714285,
              47.86703734657143
            ],
            [
              -63.614486182571426,
              47.86703734657143
            ],
            [
              -63.614486182571426,
              47.87703448914286
            ],
            [
              -63.60448761142857,
              47.87703448914286
            ],
            [
              -63.60448761142857,
              47.88703163171429
            ],
            [
              -63.57449189799999,
              47.88703163171429
            ],
            [
              -63.57449189799999,
              47.87703448914286
            ],
            [
              -63.55449475571429,
              47.87703448914286
            ],
            [
              -63.55449475571429,
              47.857040204
            ],
            [
              -63.494503328857135,
              47.857040204
            ],
            [
              -63.494503328857135,
              47.84704306142857
            ],
            [
              -63.48450475771428,
              47.84704306142857
            ],
            [
              -63.48450475771428,
              47.857040204
            ]
          ]
        ]
      },
      "properties": {
        "hail_size_bin": "0.5\"",
        "min_size_inches": 0.5
      }
    },
    {
      "type": "Feature",
      "geometry": {
        "type": "Polygon",
        "coordinates": [
          [
            [
              -63.72447046514286,
              47.927020202
            ],
            [
              -63.714471894,
              47.927020202
            ],
            [
              -63.714471894,
              47.907025916857144
            ],
            [
              -63.72447046514286,
              47.907025916857144
            ],
            [
              -63.72447046514286,
              47.897028774285715
            ],
            [
              -63.73446903628572,
              47.897028774285715
            ],
            [
              -63.73446903628572,
              47.88703163171429
            ],
            [
              -63.744467607428575,
              47.88703163171429
            ],
            [
              -63.744467607428575,
              47.87703448914286
            ],
            [
              -63.76446474971428,
              47.87703448914286
            ],
            [
              -63.76446474971428,
              47.86703734657143
            ],
            [
              -63.77446332085714,
              47.86703734657143
            ],
            [
              -63.77446332085714,
              47.87703448914286
            ],
            [
              -63.784461891999996,
              47.87703448914286
            ],
            [
              -63.784461891999996,
              47.897028774285715
            ],
            [
              -63.794460463142855,
              47.897028774285715
            ],
            [
              -63.794460463142855,
              47.907025916857144
            ],
            [
              -63.80445903428571,
              47.907025916857144
            ],
            [
              -63.80445903428571,
              47.927020202
            ],
            [
              -63.794460463142855,
              47.927020202
            ],
            [
              -63.794460463142855,
              47.93701734457143
            ],
            [
              -63.784461891999996,
              47.93701734457143
            ],
            [
              -63.784461891999996,
              47.94701448714286
            ],
            [
              -63.77446332085714,
              47.94701448714286
            ],
            [
              -63.77446332085714,
              47.95701162971429
            ],
            [
              -63.784461891999996,
              47.95701162971429
            ],
            [
              -63.784461891999996,
              47.96700877228571
            ],
            [
              -63.77446332085714,
              47.96700877228571
            ],
            [
              -63.77446332085714,
              47.977005914857145
            ],
            [
              -63.76446474971428,
              47.977005914857145
            ],
            [
              -63.76446474971428,
              47.96700877228571
            ],
            [
              -63.75446617857142,
              47.96700877228571
            ],
            [
              -63.75446617857142,
              47.95701162971429
            ],
            [
              -63.73446903628572,
              47.95701162971429
            ],
            [
              -63.73446903628572,
              47.93701734457143
            ],
            [
              -63.72447046514286,
              47.93701734457143
            ],
            [
              -63.72447046514286,
              47.927020202
            ]
          ]
        ]
      },
      "properties": {
        "hail_size_bin": "0.5\"",
        "min_size_inches": 0.5
      }
    },
    {
      "type": "Feature",
      "geometry": {
        "type": "Polygon",
        "coordinates": [
          [
            [
              -63.85445188999999,
              47.96700877228571
            ],
            [
              -63.86445046114285,
              47.96700877228571
            ],
            [
              -63.86445046114285,
              47.95701162971429
            ],
            [
              -63.85445188999999,
              47.95701162971429
            ],
            [
              -63.85445188999999,
              47.93701734457143
            ],
            [
              -63.86445046114285,
              47.93701734457143
            ],
            [
              -63.86445046114285,
              47.927020202
            ],
            [
              -63.87444903228571,
              47.927020202
            ],
            [
              -63.87444903228571,
              47.91702305942857
            ],
            [
              -63.88444760342857,
              47.91702305942857
            ],
            [
              -63.88444760342857,
              47.907025916857144
            ],
            [
              -63.90444474571429,
              47.907025916857144
            ],
            [
              -63.90444474571429,
              47.91702305942857
            ],
            [
              -63.92444188799999,
              47.91702305942857
            ],
            [
              -63.92444188799999,
              47.907025916857144
            ],
            [
              -63.93444045914285,
              47.907025916857144
            ],
            [
              -63.93444045914285,
              47.897028774285715
            ],
            [
              -63.954437601428566,
              47.897028774285715
            ],
            [
              -63.954437601428566,
              47.907025916857144
            ],
            [
              -63.97443474371428,
              47.907025916857144
            ],
            [
              -63.97443474371428,
              47.93701734457143
            ],
            [
              -63.994431886,
              47.93701734457143
            ],
            [
              -63.994431886,
              47.91702305942857
            ],
            [
              -63.98443331485714,
              47.91702305942857
            ],
            [
              -63.98443331485714,
              47.907025916857144
            ],
            [
              -64.03442617057142,
              47.907025916857144
            ],
            [
              -64.03442617057142,
              47.91702305942857
            ],
            [
              -64.04442474171428,
              47.91702305942857
            ],
            [
              -64.04442474171428,
              47.93701734457143
            ],
            [
              -64.05442331285714,
              47.93701734457143
            ],
            [
              -64.05442331285714,
              47.94701448714286
            ],
            [
              -64.04442474171428,
              47.94701448714286
            ],
            [
              -64.04442474171428,
              47.95701162971429
            ],
            [
              -64.03442617057142,
              47.95701162971429
            ],
            [
              -64.03442617057142,
              47.96700877228571
            ],
            [
              -64.02442759942856,
              47.96700877228571
            ],
            [
              -64.02442759942856,
              47.977005914857145
            ],
            [
              -64.0144290282857,
              47.977005914857145
            ],
            [
              -64.0144290282857,
              47.987003057428566
            ],
            [
              -64.00443045714286,
              47.987003057428566
            ],
            [
              -64.00443045714286,
              47.9970002
            ],
            [
              -63.994431886,
              47.9970002
            ],
            [
              -63.994431886,
              48.006997342571424
            ],
            [
              -63.97443474371428,
              48.006997342571424
            ],
            [
              -63.97443474371428,
              47.9970002
            ],
            [
              -63.964436172571425,
              47.9970002
            ],
            [
              -63.964436172571425,
              47.987003057428566
            ],
            [
              -63.93444045914285,
              47.987003057428566
            ],
            [
              -63.93444045914285,
              47.9970002
            ],
            [
              -63.92444188799999,
              47.9970002
            ],
            [
              -63.92444188799999,
              48.006997342571424
            ],
            [
              -63.954437601428566,
              48.006997342571424
            ],
            [
              -63.954437601428566,
              48.02699162771428
            ],
            [
              -63.964436172571425,
              48.02699162771428
            ],
            [
              -63.964436172571425,
              48.03698877028571
            ],
            [
              -63.954437601428566,
              48.03698877028571
            ],
            [
              -63.954437601428566,
              48.04698591285714
            ],
            [
              -63.964436172571425,
              48.04698591285714
            ],
            [
              -63.964436172571425,
              48.05698305542857
            ],
            [
              -63.954437601428566,
              48.05698305542857
            ],
            [
              -63.954437601428566,
              48.066980197999996
            ],
            [
              -63.94443903028571,
              48.066980197999996
            ],
            [
              -63.94443903028571,
              48.076977340571425
            ],
            [
              -63.914443316857145,
              48.076977340571425
            ],
            [
              -63.914443316857145,
              48.066980197999996
            ],
            [
              -63.90444474571429,
              48.066980197999996
            ],
            [
              -63.90444474571429,
              48.05698305542857
            ],
            [
              -63.914443316857145,
              48.05698305542857
            ],
            [
              -63.914443316857145,
              48.03698877028571
            ],
            [
              -63.90444474571429,
              48.03698877028571
            ],
            [
              -63.90444474571429,
              48.01699448514286
            ],
            [
              -63.89444617457143,
              48.01699448514286
            ],
            [
              -63.89444617457143,
              48.006997342571424
            ],
            [
              -63.86445046114285,
              48.006997342571424
            ],
            [
              -63.86445046114285,
              47.9970002
            ],
            [
              -63.844453318857134,
              47.9970002
            ],
            [
              -63.844453318857134,
              47.977005914857145
            ],
            [
              -63.85445188999999,
              47.977005914857145
            ],
            [
              -63.85445188999999,
              47.96700877228571
            ]
          ],
          [
            [
              -63.914443316857145,
              48.01699448514286
            ],
            [
              -63.914443316857145,
              48.006997342571424
            ],
            [
              -63.90444474571429,
              48.006997342571424
            ],
            [
              -63.90444474571429,
              48.01699448514286
            ],
            [
              -63.914443316857145,
              48.01699448514286
            ]
          ],
          [
            [
              -63.964436172571425,
              47.96700877228571
            ],
            [
              -63.964436172571425,
              47.94701448714286
            ],
            [
              -63.954437601428566,
              47.94701448714286
            ],
            [
              -63.954437601428566,
              47.96700877228571
            ],
            [
              -63.964436172571425,
              47.96700877228571
            ]
          ]
        ]
      },
      "properties": {
        "hail_size_bin": "0.5\"",
        "min_size_inches": 0.5
      }
    },
    {
      "type": "Feature",
      "geometry": {
        "type": "Polygon",
        "coordinates": [
          [
            [
              -64.07442045514286,
              48.04698591285714
            ],
            [
              -64.05442331285714,
              48.04698591285714
            ],
            [
              -64.05442331285714,
              48.03698877028571
            ],
            [
              -64.064421884,
              48.03698877028571
            ],
            [
              -64.064421884,
              48.02699162771428
            ],
            [
              -64.07442045514286,
              48.02699162771428
            ],
            [
              -64.07442045514286,
              48.01699448514286
            ],
            [
              -64.08441902628572,
              48.01699448514286
            ],
            [
              -64.08441902628572,
              48.006997342571424
            ],
            [
              -64.11441473971428,
              48.006997342571424
            ],
            [
              -64.11441473971428,
              48.01699448514286
            ],
            [
              -64.134411882,
              48.01699448514286
            ],
            [
              -64.134411882,
              48.02699162771428
            ],
            [
              -64.14441045314285,
              48.02699162771428
            ],
            [
              -64.14441045314285,
              48.03698877028571
            ],
            [
              -64.15440902428571,
              48.03698877028571
            ],
            [
              -64.15440902428571,
              48.04698591285714
            ],
            [
              -64.14441045314285,
              48.04698591285714
            ],
            [
              -64.14441045314285,
              48.05698305542857
            ],
            [
              -64.16440759542857,
              48.05698305542857
            ],
            [
              -64.16440759542857,
              48.066980197999996
            ],
            [
              -64.134411882,
              48.066980197999996
            ],
            [
              -64.134411882,
              48.05698305542857
            ],
            [
              -64.10441616857142,
              48.05698305542857
            ],
            [
              -64.10441616857142,
              48.066980197999996
            ],
            [
              -64.09441759742857,
              48.066980197999996
            ],
            [
              -64.09441759742857,
              48.05698305542857
            ],
            [
              -64.07442045514286,
              48.05698305542857
            ],
            [
              -64.07442045514286,
              48.04698591285714
            ]
          ]
        ]
      },
      "properties": {
        "hail_size_bin": "0.5\"",
        "min_size_inches": 0.5
      }
    },
    {
      "type": "Feature",
      "geometry": {
        "type": "Polygon",
        "coordinates": [
          [
            [
              -64.38437616057142,
              48.03698877028571
            ],
            [
              -64.39437473171428,
              48.03698877028571
            ],
            [
              -64.39437473171428,
              48.05698305542857
            ],
            [
              -64.35438044714286,
              48.05698305542857
            ],
            [
              -64.35438044714286,
              48.04698591285714
            ],
            [
              -64.344381876,
              48.04698591285714
            ],
            [
              -64.344381876,
              48.03698877028571
            ],
            [
              -64.36437901828572,
              48.03698877028571
            ],
            [
              -64.36437901828572,
              48.02699162771428
            ],
            [
              -64.38437616057142,
              48.02699162771428
            ],
            [
              -64.38437616057142,
              48.03698877028571
            ]
          ]
        ]
      },
      "properties": {
        "hail_size_bin": "0.5\"",
        "min_size_inches": 0.5
      }
    },
    {
      "type": "Feature",
      "geometry": {
        "type": "Polygon",
        "coordinates": [
          [
            [
              -64.35438044714286,
              48.136960196
            ],
            [
              -64.37437758942856,
              48.136960196
            ],
            [
              -64.37437758942856,
              48.12696305342857
            ],
            [
              -64.38437616057142,
              48.12696305342857
            ],
            [
              -64.38437616057142,
              48.11696591085714
            ],
            [
              -64.414371874,
              48.11696591085714
            ],
            [
              -64.414371874,
              48.156954481142854
            ],
            [
              -64.40437330285714,
              48.156954481142854
            ],
            [
              -64.40437330285714,
              48.16695162371428
            ],
            [
              -64.39437473171428,
              48.16695162371428
            ],
            [
              -64.39437473171428,
              48.17694876628571
            ],
            [
              -64.38437616057142,
              48.17694876628571
            ],
            [
              -64.38437616057142,
              48.19694305142857
            ],
            [
              -64.36437901828572,
              48.19694305142857
            ],
            [
              -64.36437901828572,
              48.18694590885714
            ],
            [
              -64.35438044714286,
              48.18694590885714
            ],
            [
              -64.35438044714286,
              48.16695162371428
            ],
            [
              -64.344381876,
              48.16695162371428
            ],
            [
              -64.344381876,
              48.146957338571426
            ],
            [
              -64.35438044714286,
              48.146957338571426
            ],
            [
              -64.35438044714286,
              48.136960196
            ]
          ]
        ]
      },
      "properties": {
        "hail_size_bin": "0.5\"",
        "min_size_inches": 0.5
      }
    },
    {
      "type": "Feature",
      "geometry": {
        "type": "Polygon",
        "coordinates": [
          [
            [
              -64.26439330685714,
              48.236931621714284
            ],
            [
              -64.23439759342857,
              48.236931621714284
            ],
            [
              -64.23439759342857,
              48.206940194
            ],
            [
              -64.26439330685714,
              48.206940194
            ],
            [
              -64.26439330685714,
              48.216937336571426
            ],
            [
              -64.28439044914285,
              48.216937336571426
            ],
            [
              -64.28439044914285,
              48.226934479142855
            ],
            [
              -64.26439330685714,
              48.226934479142855
            ],
            [
              -64.26439330685714,
              48.236931621714284
            ]
          ]
        ]
      },
      "properties": {
        "hail_size_bin": "0.5\"",
        "min_size_inches": 0.5
      }
    },
    {
      "type": "Feature",
      "geometry": {
        "type": "Polygon",
        "coordinates": [
          [
            [
              -64.17440616657143,
              48.236931621714284
            ],
            [
              -64.18440473771429,
              48.236931621714284
            ],
            [
              -64.18440473771429,
              48.24692876428571
            ],
            [
              -64.11441473971428,
              48.24692876428571
            ],
            [
              -64.11441473971428,
              48.226934479142855
            ],
            [
              -64.10441616857142,
              48.226934479142855
            ],
            [
              -64.10441616857142,
              48.216937336571426
            ],
            [
              -64.14441045314285,
              48.216937336571426
            ],
            [
              -64.14441045314285,
              48.226934479142855
            ],
            [
              -64.17440616657143,
              48.226934479142855
            ],
            [
              -64.17440616657143,
              48.236931621714284
            ]
          ]
        ]
      },
      "properties": {
        "hail_size_bin": "0.5\"",
        "min_size_inches": 0.5
      }
    },
    {
      "type": "Feature",
      "geometry": {
        "type": "Polygon",
        "coordinates": [
          [
            [
              -64.344381876,
              48.33690304742857
            ],
            [
              -64.39437473171428,
              48.33690304742857
            ],
            [
              -64.39437473171428,
              48.32690590485714
            ],
            [
              -64.414371874,
              48.32690590485714
            ],
            [
              -64.414371874,
              48.33690304742857
            ],
            [
              -64.42437044514286,
              48.33690304742857
            ],
            [
              -64.42437044514286,
              48.34690019
            ],
            [
              -64.43436901628571,
              48.34690019
            ],
            [
              -64.43436901628571,
              48.36689447514286
            ],
            [
              -64.42437044514286,
              48.36689447514286
            ],
            [
              -64.42437044514286,
              48.376891617714286
            ],
            [
              -64.414371874,
              48.376891617714286
            ],
            [
              -64.414371874,
              48.39688590285714
            ],
            [
              -64.33438330485714,
              48.39688590285714
            ],
            [
              -64.33438330485714,
              48.376891617714286
            ],
            [
              -64.344381876,
              48.376891617714286
            ],
            [
              -64.344381876,
              48.386888760285714
            ],
            [
              -64.35438044714286,
              48.386888760285714
            ],
            [
              -64.35438044714286,
              48.35689733257143
            ],
            [
              -64.344381876,
              48.35689733257143
            ],
            [
              -64.344381876,
              48.33690304742857
            ]
          ]
        ]
      },
      "properties": {
        "hail_size_bin": "0.5\"",
        "min_size_inches": 0.5
      }
    },
    {
      "type": "Feature",
      "geometry": {
        "type": "Polygon",
        "coordinates": [
          [
            [
              -64.20440187999999,
              48.34690019
            ],
            [
              -64.26439330685714,
              48.34690019
            ],
            [
              -64.26439330685714,
              48.35689733257143
            ],
            [
              -64.274391878,
              48.35689733257143
            ],
            [
              -64.274391878,
              48.386888760285714
            ],
            [
              -64.26439330685714,
              48.386888760285714
            ],
            [
              -64.26439330685714,
              48.39688590285714
            ],
            [
              -64.25439473571429,
              48.39688590285714
            ],
            [
              -64.25439473571429,
              48.40688304542857
            ],
            [
              -64.24439616457143,
              48.40688304542857
            ],
            [
              -64.24439616457143,
              48.39688590285714
            ],
            [
              -64.23439759342857,
              48.39688590285714
            ],
            [
              -64.23439759342857,
              48.386888760285714
            ],
            [
              -64.21440045114285,
              48.386888760285714
            ],
            [
              -64.21440045114285,
              48.36689447514286
            ],
            [
              -64.20440187999999,
              48.36689447514286
            ],
            [
              -64.20440187999999,
              48.34690019
            ]
          ]
        ]
      },
      "properties": {
        "hail_size_bin": "0.5\"",
        "min_size_inches": 0.5
      }
    },
    {
      "type": "Feature",
      "geometry": {
        "type": "Polygon",
        "coordinates": [
          [
            [
              -64.45436615857143,
              48.36689447514286
            ],
            [
              -64.46436472971428,
              48.36689447514286
            ],
            [
              -64.46436472971428,
              48.35689733257143
            ],
            [
              -64.484361872,
              48.35689733257143
            ],
            [
              -64.484361872,
              48.39688590285714
            ],
            [
              -64.45436615857143,
              48.39688590285714
            ],
            [
              -64.45436615857143,
              48.36689447514286
            ]
          ]
        ]
      },
      "properties": {
        "hail_size_bin": "0.5\"",
        "min_size_inches": 0.5
      }
    },
    {
      "type": "Feature",
      "geometry": {
        "type": "Polygon",
        "coordinates": [
          [
            [
              -60.28496199199999,
              48.65681160971428
            ],
            [
              -60.214971993999995,
              48.65681160971428
            ],
            [
              -60.214971993999995,
              48.636817324571425
            ],
            [
              -60.28496199199999,
              48.636817324571425
            ],
            [
              -60.28496199199999,
              48.65681160971428
            ]
          ]
        ]
      },
      "properties": {
        "hail_size_bin": "0.5\"",
        "min_size_inches": 0.5
      }
    },
    {
      "type": "Feature",
      "geometry": {
        "type": "Polygon",
        "coordinates": [
          [
            [
              -60.78489054914286,
              48.636817324571425
            ],
            [
              -60.82488483371428,
              48.636817324571425
            ],
            [
              -60.82488483371428,
              48.65681160971428
            ],
            [
              -60.81488626257142,
              48.65681160971428
            ],
            [
              -60.81488626257142,
              48.66680875228571
            ],
            [
              -60.78489054914286,
              48.66680875228571
            ],
            [
              -60.78489054914286,
              48.636817324571425
            ]
          ]
        ]
      },
      "properties": {
        "hail_size_bin": "0.5\"",
        "min_size_inches": 0.5
      }
    },
    {
      "type": "Feature",
      "geometry": {
        "type": "Polygon",
        "coordinates": [
          [
            [
              -63.324527619428565,
              48.91673731657143
            ],
            [
              -63.30453047714285,
              48.91673731657143
            ],
            [
              -63.30453047714285,
              48.89674303142857
            ],
            [
              -63.314529048285706,
              48.89674303142857
            ],
            [
              -63.314529048285706,
              48.84675731857143
            ],
            [
              -63.334526190571424,
              48.84675731857143
            ],
            [
              -63.334526190571424,
              48.89674303142857
            ],
            [
              -63.324527619428565,
              48.89674303142857
            ],
            [
              -63.324527619428565,
              48.91673731657143
            ]
          ]
        ]
      },
      "properties": {
        "hail_size_bin": "0.5\"",
        "min_size_inches": 0.5
      }
    },
    {
      "type": "Feature",
      "geometry": {
        "type": "Polygon",
        "coordinates": [
          [
            [
              -63.93444045914285,
              49.21665159371428
            ],
            [
              -63.954437601428566,
              49.21665159371428
            ],
            [
              -63.954437601428566,
              49.22664873628571
            ],
            [
              -63.964436172571425,
              49.22664873628571
            ],
            [
              -63.964436172571425,
              49.24664302142857
            ],
            [
              -63.97443474371428,
              49.24664302142857
            ],
            [
              -63.97443474371428,
              49.266637306571425
            ],
            [
              -63.98443331485714,
              49.266637306571425
            ],
            [
              -63.98443331485714,
              49.276634449142854
            ],
            [
              -63.97443474371428,
              49.276634449142854
            ],
            [
              -63.97443474371428,
              49.28663159171428
            ],
            [
              -63.964436172571425,
              49.28663159171428
            ],
            [
              -63.964436172571425,
              49.276634449142854
            ],
            [
              -63.954437601428566,
              49.276634449142854
            ],
            [
              -63.954437601428566,
              49.256640164
            ],
            [
              -63.94443903028571,
              49.256640164
            ],
            [
              -63.94443903028571,
              49.22664873628571
            ],
            [
              -63.93444045914285,
              49.22664873628571
            ],
            [
              -63.93444045914285,
              49.21665159371428
            ]
          ]
        ]
      },
      "properties": {
        "hail_size_bin": "0.5\"",
        "min_size_inches": 0.5
      }
    }
  ]
}