{
  "type": "FeatureCollection",
  "features": [
    {
      "type": "Feature",
      "geometry": {
        "type": "Polygon",
        "coordinates": [
          [
            [
              -95.90983611881478,
              46.87733324794866
            ],
            [
              -95.90950649679084,
              46.87804908226708
            ],
            [
              -95.90023994883624,
              46.89657953021279
            ],
            [
              -95.89985712737555,
              46.89728602511787
            ],
            [
              -95.89905889581999,
              46.8971983184564
            ],
            [
              -95.83067916233355,
              46.88743118080537
            ],
            [
              -95.82991341239995,
              46.887296525452825
            ],
            [
              -95.83007763452375,
              46.88653656748079
            ],
            [
              -95.8396791331154,
              46.84813606046886
            ],
            [
              -95.83989924803592,
              46.84736564033772
            ],
            [
              -95.84064582054157,
              46.84765654796961
            ],
            [
              -95.90912194366318,
              46.87699926486406
            ],
            [
              -95.90983611881478,
              46.87733324794866
            ]
          ]
        ]
      },
      "properties": {
        "hail_size_bin": "1.5\"",
        "min_size_inches": 1.5
      }
    },
    {
      "type": "Feature",
      "geometry": {
        "type": "Polygon",
        "coordinates": [
          [
            [
              -96.76971607986312,
              45.41776267448448
            ],
            [
              -96.76955144224051,
              45.418523904364726
            ],
            [
              -96.7599504864901,
              45.45692224032192
            ],
            [
              -96.75973187726763,
              45.45768780965853
            ],
            [
              -96.75900847604782,
              45.457355517248985
            ],
            [
              -96.68049130546105,
              45.41810254112639
            ],
            [
              -96.67986022853934,
              45.41776084958825
            ],
            [
              -96.68057748866124,
              45.41773741657143
            ],
            [
              -96.76893739240916,
              45.41773741657143
            ],
            [
              -96.76971607986312,
              45.41776267448448
            ]
          ]
        ]
      },
      "properties": {
        "hail_size_bin": "1.5\"",
        "min_size_inches": 1.5
      }
    },
    {
      "type": "Feature",
      "geometry": {
        "type": "Polygon",
        "coordinates": [
          [
            [
              -102.51886670388562,
              42.69853946617234
            ],
            [
              -102.51834788853354,
              42.69909316536738
            ],
            [
              -102.48950932670661,
              42.72792760681102
            ],
            [
              -102.48891971711562,
              42.72847976067932
            ],
            [
              -102.48811266433381,
              42.72850606485714
            ],
            [
              -102.43975976748524,
              42.72850606485714
            ],
            [
              -102.43901173042002,
              42.72848146762432
            ],
            [
              -102.43959543386295,
              42.728013007631105
            ],
            [
              -102.47828869373191,
              42.69899720902823
            ],
            [
              -102.4789407511416,
              42.69854024892381
            ],
            [
              -102.47973657489035,
              42.69851463714286
            ],
            [
              -102.51810827850814,
              42.69851463714286
            ],
            [
              -102.51886670388562,
              42.69853946617234
            ]
          ]
        ]
      },
      "properties": {
        "hail_size_bin": "1.5\"",
        "min_size_inches": 1.5
      }
    },
    {
      "type": "Feature",
      "geometry": {
        "type": "Polygon",
        "coordinates": [
          [
            [
              -94.87997789021703,
              31.801664604454107
            ],
            [
              -94.87971819935849,
              31.802378994464593
            ],
            [
              -94.86032391736497,
              31.85085777192926
            ],
            [
              -94.86000523400207,
              31.8515846800284
            ],
            [
              -94.85922982796414,
              31.85141718139422
            ],
            [
              -94.82082713282811,
              31.84181787933104
            ],
            [
              -94.82006884752722,
              31.841601518341687
            ],
            [
              -94.82048441472462,
              31.840931359718937
            ],
            [
              -94.83955871731547,
              31.812323993767315
            ],
            [
              -94.840041010459,
              31.811650713583084
            ],
            [
              -94.84083730203747,
              31.81142304583194
            ],
            [
              -94.87923471825576,
              31.801825063309636
            ],
            [
              -94.87997789021703,
              31.801664604454107
            ]
          ]
        ]
      },
      "properties": {
        "hail_size_bin": "1.0\"",
        "min_size_inches": 1.0
      }
    },
    {
      "type": "Feature",
      "geometry": {
        "type": "Polygon",
        "coordinates": [
          [
            [
              -95.64987814333398,
              33.191249761173616
            ],
            [
              -95.64974690336857,
              33.19203804112578
            ],
            [
              -95.64006783341094,
              33.24042647630449
            ],
            [
              -95.63989672320004,
              33.24115826179535
            ],
            [
              -95.63944047087509,
              33.240561143226415
            ],
            [
              -95.59039722994854,
              33.17191041597914
            ],
            [
              -95.58998125732481,
              33.17128544336466
            ],
            [
              -95.59070094830044,
              33.1714991461781
            ],
            [
              -95.64912833753367,
              33.190972159934944
            ],
            [
              -95.64987814333398,
              33.191249761173616
            ]
          ]
        ]
      },
      "properties": {
        "hail_size_bin": "1.0\"",
        "min_size_inches": 1.0
      }
    },
    {
      "type": "Feature",
      "geometry": {
        "type": "Polygon",
        "coordinates": [
          [
            [
              -96.10980109169873,
              46.907293388434276
            ],
            [
              -96.10903337764981,
              46.90747344043761
            ],
            [
              -96.01066315978387,
              46.9271446730315
            ],
            [
              -96.00985313468762,
              46.927279115093775
            ],
            [
              -96.00903424425283,
              46.92730594485714
            ],
            [
              -95.82071046504045,
              46.92730594485714
            ],
            [
              -95.81990180759674,
              46.92727919908378
            ],
            [
              -95.81957679272895,
              46.92653845206697
            ],
            [
              -95.78018875451873,
              46.82808242570819
            ],
            [
              -95.7799276968117,
              46.82736354572928
            ],
            [
              -95.7806901595671,
              46.82742346314674
            ],
            [
              -95.81435589241535,
              46.8311635656768
            ],
            [
              -95.81757895632043,
              46.8314164686837
            ],
            [
              -95.82081162668081,
              46.83146055052062
            ],
            [
              -95.8240403882178,
              46.83129562688843
            ],
            [
              -95.8272517419949,
              46.83092238730652
            ],
            [
              -95.83043226185465,
              46.83034239222998
            ],
            [
              -95.83356865055134,
              46.82955806652564
            ],
            [
              -95.83664779534453,
              46.82857268933404
            ],
            [
              -95.83965682282145,
              46.8273903803599
            ],
            [
              -95.84258315271862,
              46.82601608264829
            ],
            [
              -95.84541455051793,
              46.82445554191852
            ],
            [
              -95.84813917859721,
              46.82271528254224
            ],
            [
              -95.85074564572149,
              46.82080258026607
            ],
            [
              -95.85322305466782,
              46.81872543179285
            ],
            [
              -95.85556104778495,
              46.81649252134873
            ],
            [
              -95.8577498502969,
              46.81411318437578
            ],
            [
              -95.85978031116983,
              46.81159736850202
            ],
            [
              -95.861643941371,
              46.80895559195196
            ],
            [
              -95.86333294936007,
              46.80619889957158
            ],
            [
              -95.86484027366429,
              46.80333881665161
            ],
            [
              -95.8661596124014,
              46.80038730074213
            ],
            [
              -95.86728544962678,
              46.79735669165993
            ],
            [
              -95.86821307839472,
              46.794259659897726
            ],
            [
              -95.86893862043746,
              46.791109153650886
            ],
            [
              -95.86945904237953,
              46.78791834468302
            ],
            [
              -95.8697721684199,
              46.78470057325702
            ],
            [
              -95.86987668942857,
              46.78146929236147
            ],
            [
              -95.86987668942857,
              46.75816926829463
            ],
            [
              -95.86990277391547,
              46.75736909486766
            ],
            [
              -95.8705804763561,
              46.756944037425754
            ],
            [
              -95.98915327049271,
              46.68778645665765
            ],
            [
              -95.98984904788924,
              46.68741057785522
            ],
            [
              -95.99022523785854,
              46.68810580807509
            ],
            [
              -96.00949681955755,
              46.726643464520045
            ],
            [
              -96.00982735508877,
              46.727361291786465
            ],
            [
              -96.00928901816808,
              46.728150434162494
            ],
            [
              -96.00851646692878,
              46.72920960750861
            ],
            [
              -96.00677870316156,
              46.73194910413654
            ],
            [
              -96.00522225178146,
              46.73479552711749
            ],
            [
              -96.00385366524003,
              46.737736893392494
            ],
            [
              -96.00267870510305,
              46.74076082020405
            ],
            [
              -96.0017023177951,
              46.743854577225854
            ],
            [
              -96.00092861377578,
              46.747005140155814
            ],
            [
              -96.00036085023525,
              46.750199245546554
            ],
            [
              -96.00000141738187,
              46.7534234466428
            ],
            [
              -95.99985182837972,
              46.75666416999038
            ],
            [
              -95.99991271297844,
              46.75990777257867
            ],
            [
              -96.00018381486205,
              46.76314059927582
            ],
            [
              -96.000663992728,
              46.76634904031505
            ],
            [
              -96.00135122509182,
              46.76951958858991
            ],
            [
              -96.00224261879748,
              46.772638896517414
            ],
            [
              -96.00333442119704,
              46.77569383222958
            ],
            [
              -96.00462203594881,
              46.7786715348568
            ],
            [
              -96.00610004236741,
              46.781559468670395
            ],
            [
              -96.00776221824404,
              46.78434547585636
            ],
            [
              -96.0096015660412,
              46.78701782769812
            ],
            [
              -96.01161034235139,
              46.78956527395285
            ],
            [
              -96.01378009049576,
              46.79197709021351
            ],
            [
              -96.01610167612563,
              46.79424312305711
            ],
            [
              -96.0185653256769,
              46.79635383278932
            ],
            [
              -96.02116066751539,
              46.79830033360527
            ],
            [
              -96.02387677560007,
              46.8000744309976
            ],
            [
              -96.0267022154802,
              46.801668656254236
            ],
            [
              -96.02962509243284,
              46.80307629790068
            ],
            [
              -96.03263310153807,
              46.804291429954404
            ],
            [
              -96.035713579481,
              46.805308936872436
            ],
            [
              -96.03885355786267,
              46.806124535087136
            ],
            [
              -96.04203981779523,
              46.806734791039396
            ],
            [
              -96.04525894555172,
              46.807137135633525
            ],
            [
              -96.04849738903609,
              46.80732987505274
            ],
            [
              -96.04983684625324,
              46.807366047192595
            ],
            [
              -96.05026734157622,
              46.80803408747676
            ],
            [
              -96.10941787452715,
              46.90660422358882
            ],
            [
              -96.10980109169873,
              46.907293388434276
            ]
          ]
        ]
      },
      "properties": {
        "hail_size_bin": "1.0\"",
        "min_size_inches": 1.0
      }
    },
    {
      "type": "Feature",
      "geometry": {
        "type": "Polygon",
        "coordinates": [
          [
            [
              -95.87981401524458,
              32.921306655053975
            ],
            [
              -95.87911331391733,
              32.92161393740132
            ],
            [
              -95.83063637054703,
              32.94100194424253
            ],
            [
              -95.82990121413201,
              32.94126861460635
            ],
            [
              -95.8297231308106,
              32.940507230979335
            ],
            [
              -95.82004478715417,
              32.892122426787665
            ],
            [
              -95.81991865056096,
              32.89136304890302
            ],
            [
              -95.82061781446706,
              32.891684712513126
            ],
            [
              -95.8791412498461,
              32.92094224935988
            ],
            [
              -95.87981401524458,
              32.921306655053975
            ]
          ]
        ]
      },
      "properties": {
        "hail_size_bin": "1.0\"",
        "min_size_inches": 1.0
      }
    },
    {
      "type": "Feature",
      "geometry": {
        "type": "Polygon",
        "coordinates": [
          [
            [
              -96.20977317011881,
              33.16125095334406
            ],
            [
              -96.20917510546882,
              33.16173030613809
            ],
            [
              -96.17046230279311,
              33.19076075975183
            ],
            [
              -96.16982654661925,
              33.191207009135496
            ],
            [
              -96.1690530685953,
              33.19114531354022
            ],
            [
              -96.0806670540765,
              33.18132604841345
            ],
            [
              -96.07986137176702,
              33.18120950512135
            ],
            [
              -96.07927478508996,
              33.18041246983223
            ],
            [
              -96.07719456225058,
              33.17777804154174
            ],
            [
              -96.07494226634732,
              33.175289125584264
            ],
            [
              -96.07252804851339,
              33.17295693954332
            ],
            [
              -96.0699627896667,
              33.17079199461822
            ],
            [
              -96.0672580514694,
              33.16880404824994
            ],
            [
              -96.0644260242192,
              33.167002060144135
            ],
            [
              -96.0614794719077,
              33.16539415188967
            ],
            [
              -96.05843167469267,
              33.16398757035444
            ],
            [
              -96.05529636904429,
              33.16278865502363
            ],
            [
              -96.05208768583462,
              33.16180280942758
            ],
            [
              -96.04882008664958,
              33.16103447678794
            ],
            [
              -96.0006638262156,
              33.15140460079092
            ],
            [
              -95.9998779929083,
              33.15122041109176
            ],
            [
              -95.99959824800759,
              33.150463993981354
            ],
            [
              -95.9901177644076,
              33.12202660682643
            ],
            [
              -95.9898972584501,
              33.12128534575663
            ],
            [
              -95.99066015473058,
              33.12141215315395
            ],
            [
              -96.03904668692725,
              33.13108807692337
            ],
            [
              -96.03983252281651,
              33.13127226722771
            ],
            [
              -96.04039760323982,
              33.132799211687626
            ],
            [
              -96.04040291985898,
              33.1327972428635
            ],
            [
              -96.04119584448007,
              33.13493886089131
            ],
            [
              -96.0425337621217,
              33.13793321434013
            ],
            [
              -96.04406510521248,
              33.14083341511432
            ],
            [
              -96.04578328519393,
              33.143626985185676
            ],
            [
              -96.04768090964744,
              33.146301905301435
            ],
            [
              -96.04974981409981,
              33.14884666669677
            ],
            [
              -96.05198109715073,
              33.15125032061091
            ],
            [
              -96.05436515877072,
              33.15350252539386
            ],
            [
              -96.05689174160506,
              33.15559359100103
            ],
            [
              -96.0595499751057,
              33.157514520684366
            ],
            [
              -96.06232842230148,
              33.159257049700635
            ],
            [
              -96.06521512900535,
              33.160813680870184
            ],
            [
              -96.06819767524698,
              33.162177716833355
            ],
            [
              -96.07126322870919,
              33.1633432888657
            ],
            [
              -96.07439859993872,
              33.16430538212795
            ],
            [
              -96.07759029909343,
              33.16505985724225
            ],
            [
              -96.08082459398192,
              33.1656034681017
            ],
            [
              -96.08408756914594,
              33.16593387583662
            ],
            [
              -96.08736518573114,
              33.1660496588775
            ],
            [
              -96.09064334188898,
              33.1659503190712
            ],
            [
              -96.09390793344934,
              33.16563628382433
            ],
            [
              -96.09714491460342,
              33.165108904264244
            ],
            [
              -96.10034035833537,
              33.164370449425945
            ],
            [
              -96.10348051634287,
              33.16342409648958
            ],
            [
              -96.1065518781888,
              33.162273917110696
            ],
            [
              -96.1095412294295,
              33.16092485990213
            ],
            [
              -96.1124357084695,
              33.159382729142685
            ],
            [
              -96.1152228618982,
              33.15765415980444
            ],
            [
              -96.13914501496372,
              33.14170833638665
            ],
            [
              -96.13984318877185,
              33.1412758304186
            ],
            [
              -96.14063903018676,
              33.1414751404193
            ],
            [
              -96.20904329288273,
              33.16101642306558
            ],
            [
              -96.20977317011881,
              33.16125095334406
            ]
          ]
        ]
      },
      "properties": {
        "hail_size_bin": "1.0\"",
        "min_size_inches": 1.0
      }
    },
    {
      "type": "Feature",
      "geometry": {
        "type": "Polygon",
        "coordinates": [
          [
            [
              -96.37963376935429,
              45.787747327751546
            ],
            [
              -96.37917501857275,
              45.78815561613115
            ],
            [
              -96.20045549784061,
              45.937067270900705
            ],
            [
              -96.1998163847257,
              45.93756542332395
            ],
            [
              -96.19964351037075,
              45.93762571930181
            ],
            [
              -96.19661083233751,
              45.93879751401911
            ],
            [
              -96.19366071980451,
              45.94016392353142
            ],
            [
              -96.19080564612945,
              45.941719170528756
            ],
            [
              -96.18805768283667,
              45.94345667927818
            ],
            [
              -96.18542844857761,
              45.94536910342666
            ],
            [
              -96.18292906000595,
              45.94744835706213
            ],
            [
              -96.18057008477544,
              45.94968564890151
            ],
            [
              -96.17836149685878,
              45.95207151946111
            ],
            [
              -96.17631263437676,
              45.954595881052185
            ],
            [
              -96.17443216011574,
              45.95724806043269
            ],
            [
              -96.17272802490062,
              45.96001684393476
            ],
            [
              -96.14024080045571,
              46.016861363746585
            ],
            [
              -96.1398345745015,
              46.017521462794036
            ],
            [
              -96.13933108824833,
              46.016932283862985
            ],
            [
              -96.1003668796672,
              45.96823398202531
            ],
            [
              -96.0998762417846,
              45.96757682362441
            ],
            [
              -96.10021828553901,
              45.96683144535436
            ],
            [
              -96.12947056138987,
              45.90833525264014
            ],
            [
              -96.1298559030917,
              45.90762432392658
            ],
            [
              -96.13076513667623,
              45.907607740836795
            ],
            [
              -96.1340270549364,
              45.90744155319
            ],
            [
              -96.13727116366421,
              45.907062755576455
            ],
            [
              -96.14048361995049,
              45.90647296436028
            ],
            [
              -96.1436507159499,
              45.90567469623465
            ],
            [
              -96.14675893737363,
              45.90467135748278
            ],
            [
              -96.14979502115607,
              45.90346722944309
            ],
            [
              -96.15274601204949,
              45.90206745024022
            ],
            [
              -96.15559931790541,
              45.90047799286031
            ],
            [
              -96.15834276340627,
              45.89870563966364
            ],
            [
              -96.16096464201873,
              45.89675795344368
            ],
            [
              -96.16345376594654,
              45.89464324515601
            ],
            [
              -96.16579951386981,
              45.89237053845466
            ],
            [
              -96.16799187626722,
              45.889949531187355
            ],
            [
              -96.17002149812754,
              45.88739055401394
            ],
            [
              -96.17187971886833,
              45.884704526324505
            ],
            [
              -96.1735586092914,
              45.88190290964529
            ],
            [
              -96.1750510054175,
              45.87899765873139
            ],
            [
              -96.17635053905562,
              45.87600117055465
            ],
            [
              -96.17745166497663,
              45.87292623140469
            ],
            [
              -96.17834968457535,
              45.8697859623286
            ],
            [
              -96.17904076591986,
              45.866593763142276
            ],
            [
              -96.17952196010275,
              45.86336325525213
            ],
            [
              -96.17979121382434,
              45.86010822353134
            ],
            [
              -96.17982102130749,
              45.858375072165835
            ],
            [
              -96.17985815016124,
              45.85763478665811
            ],
            [
              -96.1806472470928,
              45.857521163513
            ],
            [
              -96.26003940241876,
              45.84870107329426
            ],
            [
              -96.263244480336,
              45.84823950360871
            ],
            [
              -96.26641295994068,
              45.847571440718795
            ],
            [
              -96.26953155190563,
              45.84669968663287
            ],
            [
              -96.27258717614383,
              45.84562789768668
            ],
            [
              -96.27556701666926,
              45.844360569207886
            ],
            [
              -96.27845857535014,
              45.842903016661595
            ],
            [
              -96.37908526726801,
              45.78802357232239
            ],
            [
              -96.37963376935429,
              45.787747327751546
            ]
          ]
        ]
      },
      "properties": {
        "hail_size_bin": "1.0\"",
        "min_size_inches": 1.0
      }
    },
    {
      "type": "Feature",
      "geometry": {
        "type": "Polygon",
        "coordinates": [
          [
            [
              -96.39975385208896,
              46.227511502172895
            ],
            [
              -96.39916601520375,
              46.22803500992122
            ],
            [
              -96.34045412310492,
              46.27695459616043
            ],
            [
              -96.33979524964893,
              46.27746712438552
            ],
            [
              -96.33846872130502,
              46.27801651339978
            ],
            [
              -96.33824894100536,
              46.278098692112394
            ],
            [
              -96.33530486939264,
              46.279421859034684
            ],
            [
              -96.33245230460399,
              46.28093222405398
            ],
            [
              -96.32970313422203,
              46.28262349297878
            ],
            [
              -96.32706881495069,
              46.28448861773109
            ],
            [
              -96.32456032487124,
              46.28651982571807
            ],
            [
              -96.32218811769303,
              46.288708652222994
            ],
            [
              -96.3199620791894,
              46.29104597568056
            ],
            [
              -96.31994340710466,
              46.29106830434269
            ],
            [
              -96.31910133841771,
              46.289084529636256
            ],
            [
              -96.31761326502435,
              46.28613670230227
            ],
            [
              -96.3159338609505,
              46.28329352619592
            ],
            [
              -96.3140704511175,
              46.28056740216915
            ],
            [
              -96.31203116300978,
              46.27797022053732
            ],
            [
              -96.30982489122582,
              46.275513309218134
            ],
            [
              -96.30746125868339,
              46.27320738432358
            ],
            [
              -96.30495057464793,
              46.271062503420325
            ],
            [
              -96.30230378976756,
              46.26908802166247
            ],
            [
              -96.30011584491665,
              46.26767051650178
            ],
            [
              -96.29985651138608,
              46.26749010043603
            ],
            [
              -96.30039851864785,
              46.26691134840265
            ],
            [
              -96.35922558305732,
              46.20809268906048
            ],
            [
              -96.35981215687063,
              46.207543536963655
            ],
            [
              -96.36054167409202,
              46.2078791265386
            ],
            [
              -96.39906172655347,
              46.22713640094382
            ],
            [
              -96.39975385208896,
              46.227511502172895
            ]
          ]
        ]
      },
      "properties": {
        "hail_size_bin": "1.0\"",
        "min_size_inches": 1.0
      }
    },
    {
      "type": "Feature",
      "geometry": {
        "type": "Polygon",
        "coordinates": [
          [
            [
              -96.29979074534886,
              46.897366827757594
            ],
            [
              -96.29981524857143,
              46.898123682175836
            ],
            [
              -96.29981524857143,
              46.956493635838136
            ],
            [
              -96.29979034409669,
              46.95726808219842
            ],
            [
              -96.29902244448022,
              46.95716525743521
            ],
            [
              -96.24062773629305,
              46.94743419661957
            ],
            [
              -96.23988127895245,
              46.94728465121849
            ],
            [
              -96.24044995905204,
              46.94677852343601
            ],
            [
              -96.29919359437433,
              46.897832488290085
            ],
            [
              -96.29979074534886,
              46.897366827757594
            ]
          ]
        ]
      },
      "properties": {
        "hail_size_bin": "1.0\"",
        "min_size_inches": 1.0
      }
    },
    {
      "type": "Feature",
      "geometry": {
        "type": "Polygon",
        "coordinates": [
          [
            [
              -96.67972264921804,
              45.717630657061015
            ],
            [
              -96.6789586962121,
              45.71773190783065
            ],
            [
              -96.58058227091523,
              45.72756814478198
            ],
            [
              -96.57995485594817,
              45.72761038021518
            ],
            [
              -96.58054468524263,
              45.727392391374096
            ],
            [
              -96.66899214422338,
              45.697914117432845
            ],
            [
              -96.66974970703406,
              45.69768868201915
            ],
            [
              -96.67012551020684,
              45.69838356350474
            ],
            [
              -96.67940034216089,
              45.71693057708217
            ],
            [
              -96.67972264921804,
              45.717630657061015
            ]
          ]
        ]
      },
      "properties": {
        "hail_size_bin": "1.0\"",
        "min_size_inches": 1.0
      }
    },
    {
      "type": "Feature",
      "geometry": {
        "type": "Polygon",
        "coordinates": [
          [
            [
              -98.96940802692963,
              45.47776568939885
            ],
            [
              -98.96943374371429,
              45.47854501584548
            ],
            [
              -98.96943374371429,
              45.49689696747362
            ],
            [
              -98.96940759976387,
              45.497696175224476
            ],
            [
              -98.96931259127514,
              45.4977317085851
            ],
            [
              -98.96624247210401,
              45.49900853633562
            ],
            [
              -98.9632640047622,
              45.50048659354805
            ],
            [
              -98.96039036112934,
              45.50215934370896
            ],
            [
              -98.95763424951606,
              45.504019389301035
            ],
            [
              -98.95500785846306,
              45.50605850451754
            ],
            [
              -98.95252280283897,
              45.50826767163992
            ],
            [
              -98.95019007247507,
              45.51063712091746
            ],
            [
              -98.94801998356425,
              45.513156373772695
            ],
            [
              -98.94602213303901,
              45.515814289141595
            ],
            [
              -98.94420535613021,
              45.51859911274339
            ],
            [
              -98.94257768729454,
              45.521498529062384
            ],
            [
              -98.94114632468312,
              45.524499715811665
            ],
            [
              -98.9399175983086,
              45.52758940063799
            ],
            [
              -98.93889694205161,
              45.53075391981704
            ],
            [
              -98.93808886963008,
              45.533979278679396
            ],
            [
              -98.93749695463785,
              45.53725121350018
            ],
            [
              -98.93712381474107,
              45.54055525457845
            ],
            [
              -98.9369711001018,
              45.54387679022757
            ],
            [
              -98.93703948608041,
              45.547201131393486
            ],
            [
              -98.93732867024892,
              45.550513576615096
            ],
            [
              -98.93783737372843,
              45.55379947703954
            ],
            [
              -98.93856334684476,
              45.557044301204854
            ],
            [
              -98.93950337907742,
              45.5602336993034
            ],
            [
              -98.94065331325761,
              45.56335356664204
            ],
            [
              -98.94200806395284,
              45.56639010601824
            ],
            [
              -98.94356163995654,
              45.56932988873644
            ],
            [
              -98.94530717078338,
              45.57215991399463
            ],
            [
              -98.94723693705312,
              45.574867666378736
            ],
            [
              -98.94934240462851,
              45.577441171210374
            ],
            [
              -98.95161426235643,
              45.57986904750326
            ],
            [
              -98.95885054080762,
              45.587104292052665
            ],
            [
              -98.9593688358951,
              45.587657969663574
            ],
            [
              -98.95861183173129,
              45.587614001812696
            ],
            [
              -98.85025783457324,
              45.57776504583055
            ],
            [
              -98.84952050749699,
              45.577673853273126
            ],
            [
              -98.85012510606647,
              45.577242284556874
            ],
            [
              -98.89731812489285,
              45.54578476722147
            ],
            [
              -98.89992259306895,
              45.543925643994164
            ],
            [
              -98.90240280691188,
              45.541903730804115
            ],
            [
              -98.90474860786883,
              45.539727309079126
            ],
            [
              -98.90695038792039,
              45.53740529308882
            ],
            [
              -98.90899912893332,
              45.53494719343327
            ],
            [
              -98.91088643959745,
              45.53236307808915
            ],
            [
              -98.91260458979505,
              45.52966353117287
            ],
            [
              -98.91414654226217,
              45.526859609589835
            ],
            [
              -98.91550598141214,
              45.5239627977471
            ],
            [
              -98.91667733920316,
              45.520984960515136
            ],
            [
              -98.91765581794411,
              45.51793829463123
            ],
            [
              -98.9184374099451,
              45.51483527874363
            ],
            [
              -98.91901891393235,
              45.51168862230107
            ],
            [
              -98.91939794816003,
              45.50851121349689
            ],
            [
              -98.91946614926364,
              45.507726774737606
            ],
            [
              -98.920138587399,
              45.507293139886244
            ],
            [
              -98.96872650495436,
              45.47814455462683
            ],
            [
              -98.96940802692963,
              45.47776568939885
            ]
          ]
        ]
      },
      "properties": {
        "hail_size_bin": "1.0\"",
        "min_size_inches": 1.0
      }
    },
    {
      "type": "Feature",
      "geometry": {
        "type": "Polygon",
        "coordinates": [
          [
            [
              -99.46932244739149,
              45.467736088585845
            ],
            [
              -99.46889386685508,
              45.46837884333125
            ],
            [
              -99.41983652460156,
              45.537049309615625
            ],
            [
              -99.41936147407395,
              45.53767103396378
            ],
            [
              -99.4186507363829,
              45.537343824392266
            ],
            [
              -99.38162759990762,
              45.5188349010423
            ],
            [
              -99.37862118676705,
              45.517454270767985
            ],
            [
              -99.37553005446965,
              45.51627547432835
            ],
            [
              -99.37236773557213,
              45.51530367233388
            ],
            [
              -99.36914807427645,
              45.514543119201484
            ],
            [
              -99.3658851658218,
              45.513997144529334
            ],
            [
              -99.36259329477753,
              45.513668138520266
            ],
            [
              -99.35928687250727,
              45.51355754151785
            ],
            [
              -99.35598037407799,
              45.5136658377007
            ],
            [
              -99.35268827489,
              45.51399255296287
            ],
            [
              -99.34942498730572,
              45.51453625698937
            ],
            [
              -99.34620479755431,
              45.515294569517955
            ],
            [
              -99.34304180318844,
              45.51626417075951
            ],
            [
              -99.33994985136721,
              45.51744081593171
            ],
            [
              -99.3393711387387,
              45.517683255337595
            ],
            [
              -99.338564939366,
              45.517844812294875
            ],
            [
              -99.31080113117784,
              45.52247145252205
            ],
            [
              -99.30758452715946,
              45.5231165881741
            ],
            [
              -99.30441715368832,
              45.52397127332955
            ],
            [
              -99.3013126466131,
              45.52503182848627
            ],
            [
              -99.29828437113652,
              45.52629368785188
            ],
            [
              -99.29534536427697,
              45.52775141899997
            ],
            [
              -99.29250827874279,
              45.52939874625717
            ],
            [
              -99.28978532846116,
              45.53122857772056
            ],
            [
              -99.28718823599601,
              45.53323303578899
            ],
            [
              -99.28472818208121,
              45.5354034910769
            ],
            [
              -99.2824157574864,
              45.53773059956468
            ],
            [
              -99.28026091742278,
              45.54020434282558
            ],
            [
              -99.2782729386849,
              45.54281407115596
            ],
            [
              -99.27646037971324,
              45.545548549423344
            ],
            [
              -99.27483104374916,
              45.54839600543473
            ],
            [
              -99.27339194524137,
              45.551344180617015
            ],
            [
              -99.27214927964788,
              45.554380382791344
            ],
            [
              -99.27110839676409,
              45.55749154081414
            ],
            [
              -99.27027377769134,
              45.56066426084969
            ],
            [
              -99.26964901554533,
              45.56388488403186
            ],
            [
              -99.26923679998743,
              45.567139545266826
            ],
            [
              -99.2690389056454,
              45.57041423292369
            ],
            [
              -99.26905618447353,
              45.57369484915585
            ],
            [
              -99.26928856208477,
              45.57696727059362
            ],
            [
              -99.26936243302858,
              45.57767703727132
            ],
            [
              -99.26865898697628,
              45.578057590940745
            ],
            [
              -99.19013044910493,
              45.617316249893555
            ],
            [
              -99.18940600279126,
              45.61764940049538
            ],
            [
              -99.1887841892907,
              45.617150526927695
            ],
            [
              -99.12002415613217,
              45.558221776448065
            ],
            [
              -99.11945569771073,
              45.55770190430699
            ],
            [
              -99.12011974145497,
              45.55731159646859
            ],
            [
              -99.2286913935069,
              45.49809915668709
            ],
            [
              -99.22939143230488,
              45.49774605915294
            ],
            [
              -99.22942448945304,
              45.49778206861374
            ],
            [
              -99.23173196023198,
              45.50008912362414
            ],
            [
              -99.23418499402726,
              45.50224076239864
            ],
            [
              -99.23677314393291,
              45.50422782160324
            ],
            [
              -99.23948538761456,
              45.50604183881043
            ],
            [
              -99.24231017425106,
              45.507675088538726
            ],
            [
              -99.24523547372668,
              45.509120615153684
            ],
            [
              -99.24824882786471,
              45.510372262490385
            ],
            [
              -99.2513374034839,
              45.51142470007109
            ],
            [
              -99.254488047052,
              45.51227344580653
            ],
            [
              -99.25768734070373,
              45.5129148850841
            ],
            [
              -99.26092165938421,
              45.51334628616164
            ],
            [
              -99.26417722887513,
              45.51356581180133
            ],
            [
              -99.26744018445582,
              45.51357252709403
            ],
            [
              -99.27069662994995,
              45.51336640344084
            ],
            [
              -99.27393269690619,
              45.51294831867494
            ],
            [
              -99.27713460366066,
              45.51232005332305
            ],
            [
              -99.28028871402994,
              45.51148428302261
            ],
            [
              -99.2833815953844,
              45.51044456712684
            ],
            [
              -99.28640007585467,
              45.50920533354628
            ],
            [
              -99.28933130042766,
              45.507771859891335
            ],
            [
              -99.289392529108,
              45.50773939969845
            ],
            [
              -99.29018755048813,
              45.50787158290778
            ],
            [
              -99.32295130746331,
              45.5144233980617
            ],
            [
              -99.32605737942646,
              45.51494337945197
            ],
            [
              -99.32919002540369,
              45.51526678765818
            ],
            [
              -99.33233681748207,
              45.51539233964705
            ],
            [
              -99.33548527162792,
              45.51531953732554
            ],
            [
              -99.33862289721372,
              45.51504866951687
            ],
            [
              -99.34173724657134,
              45.514580810814714
            ],
            [
              -99.34481596437466,
              45.513917817320035
            ],
            [
              -99.34784683665599,
              45.51306231927751
            ],
            [
              -99.3508178392616,
              45.51201771064077
            ],
            [
              -99.35371718555426,
              45.510788135607804
            ],
            [
              -99.35653337317352,
              45.50937847218001
            ],
            [
              -99.3592552296681,
              45.507794312810056
            ],
            [
              -99.43864989767587,
              45.45817390664868
            ],
            [
              -99.43937073674768,
              45.45775669056086
            ],
            [
              -99.44016962909762,
              45.45799362916795
            ],
            [
              -99.46859779531545,
              45.467468330658235
            ],
            [
              -99.46932244739149,
              45.467736088585845
            ]
          ]
        ]
      },
      "properties": {
        "hail_size_bin": "1.0\"",
        "min_size_inches": 1.0
      }
    },
    {
      "type": "Feature",
      "geometry": {
        "type": "Polygon",
        "coordinates": [
          [
            [
              -102.44889547978579,
              42.448611658191595
            ],
            [
              -102.44856954892045,
              42.44931987301486
            ],
            [
              -102.42930348175238,
              42.487846501973706
            ],
            [
              -102.42893917825594,
              42.48851931363154
            ],
            [
              -102.42857523653333,
              42.487846501973706
            ],
            [
              -102.4227499119171,
              42.47619751735754
            ],
            [
              -102.42115727086986,
              42.4732620598341
            ],
            [
              -102.41937222250282,
              42.470439469055286
            ],
            [
              -102.41740273057106,
              42.46774233763319
            ],
            [
              -102.4152575817,
              42.46518269845973
            ],
            [
              -102.41294634618508,
              42.46277197102348
            ],
            [
              -102.41047933529511,
              42.4605209104632
            ],
            [
              -102.40786755526993,
              42.45843955958517
            ],
            [
              -102.40512265821762,
              42.45653720405859
            ],
            [
              -102.40225689013006,
              42.45482233098876
            ],
            [
              -102.39928303624913,
              42.453302591053045
            ],
            [
              -102.39621436402707,
              42.451984764368355
            ],
            [
              -102.3930645639355,
              42.45087473024258
            ],
            [
              -102.38984768838716,
              42.44997744094484
            ],
            [
              -102.38657808904304,
              42.449296899611596
            ],
            [
              -102.3832703527843,
              42.44883614238718
            ],
            [
              -102.37993923663481,
              42.448597224878476
            ],
            [
              -102.37895195098605,
              42.448559494771864
            ],
            [
              -102.37821471893861,
              42.448220232889945
            ],
            [
              -102.33968608569748,
              42.4289586687079
            ],
            [
              -102.33900035736657,
              42.428587247302154
            ],
            [
              -102.33960862431944,
              42.42809955395677
            ],
            [
              -102.37829522240791,
              42.399088750975416
            ],
            [
              -102.37894924715424,
              42.39863079032851
            ],
            [
              -102.37967464110002,
              42.398964376818455
            ],
            [
              -102.39821175469051,
              42.40823160934494
            ],
            [
              -102.39892022742382,
              42.40861526920574
            ],
            [
              -102.39916040834008,
              42.40967161535574
            ],
            [
              -102.39997139645268,
              42.41277451927239
            ],
            [
              -102.40097964249343,
              42.415819047865796
            ],
            [
              -102.40218099824995,
              42.41879267507529
            ],
            [
              -102.40357052100136,
              42.42168316654873
            ],
            [
              -102.40514249385397,
              42.424478629978175
            ],
            [
              -102.40689044926224,
              42.42716756402822
            ],
            [
              -102.40880719563809,
              42.42973890565573
            ],
            [
              -102.41088484693918,
              42.43218207562644
            ],
            [
              -102.41311485511432,
              42.434487022040905
            ],
            [
              -102.4154880452726,
              42.43664426169087
            ],
            [
              -102.4179946534315,
              42.43864491907594
            ],
            [
              -102.42062436668877,
              42.44048076291989
            ],
            [
              -102.42336636565251,
              42.44214424003651
            ],
            [
              -102.42620936895544,
              42.443628506405574
            ],
            [
              -102.42914167966948,
              42.44492745533106
            ],
            [
              -102.4321512334304,
              42.4460357425659
            ],
            [
              -102.43522564807395,
              42.44694880829967
            ],
            [
              -102.43835227457973,
              42.44766289591903
            ],
            [
              -102.44151824911278,
              42.44817506746344
            ],
            [
              -102.44471054594909,
              42.4484832157128
            ],
            [
              -102.44791603106722,
              42.44858607285714
            ],
            [
              -102.4481160644631,
              42.44858607285714
            ],
            [
              -102.44889547978579,
              42.448611658191595
            ]
          ]
        ]
      },
      "properties": {
        "hail_size_bin": "1.0\"",
        "min_size_inches": 1.0
      }
    },
    {
      "type": "Feature",
      "geometry": {
        "type": "Polygon",
        "coordinates": [
          [
            [
              -102.45888964358369,
              41.90871465443516
            ],
            [
              -102.45811027946344,
              41.908740374
            ],
            [
              -102.35975757599381,
              41.908740374
            ],
            [
              -102.35902329078075,
              41.90871662938734
            ],
            [
              -102.35960706436444,
              41.90827065310675
            ],
            [
              -102.4282677339467,
              41.859234324882856
            ],
            [
              -102.42893174837508,
              41.858792444822924
            ],
            [
              -102.4293640288289,
              41.859462342826646
            ],
            [
              -102.45851067543326,
              41.90803314649777
            ],
            [
              -102.45888964358369,
              41.90871465443516
            ]
          ]
        ]
      },
      "properties": {
        "hail_size_bin": "1.0\"",
        "min_size_inches": 1.0
      }
    },
    {
      "type": "Feature",
      "geometry": {
        "type": "Polygon",
        "coordinates": [
          [
            [
              -102.65886545695619,
              42.65855909611857
            ],
            [
              -102.65859938273903,
              42.659293738882205
            ],
            [
              -102.63921348835827,
              42.707751550310974
            ],
            [
              -102.63889102260445,
              42.708486822901456
            ],
            [
              -102.63809295600346,
              42.70857457052156
            ],
            [
              -102.58512995011301,
              42.71264806580352
            ],
            [
              -102.58192914498554,
              42.71299823028907
            ],
            [
              -102.5787575151131,
              42.713553687382976
            ],
            [
              -102.57562821358555,
              42.714312133545
            ],
            [
              -102.57255421795259,
              42.7152704234174
            ],
            [
              -102.56954827640442,
              42.71642458286911
            ],
            [
              -102.56662285490363,
              42.717769825476864
            ],
            [
              -102.56379008548753,
              42.71930057237502
            ],
            [
              -102.56106171595528,
              42.7210104753917
            ],
            [
              -102.55844906114848,
              42.72289244337537
            ],
            [
              -102.55596295602739,
              42.72493867160258
            ],
            [
              -102.55361371073704,
              42.727140674145
            ],
            [
              -102.55141106785011,
              42.72948931906147
            ],
            [
              -102.54936416196334,
              42.73197486626916
            ],
            [
              -102.54748148181535,
              42.73458700793672
            ],
            [
              -102.54577083508305,
              42.73731491123197
            ],
            [
              -102.54423931600222,
              42.740147263246826
            ],
            [
              -102.54289327594708,
              42.74307231791314
            ],
            [
              -102.54173829709036,
              42.74607794471491
            ],
            [
              -102.54077916925348,
              42.74915167899483
            ],
            [
              -102.54001987004266,
              42.75228077364655
            ],
            [
              -102.53946354835328,
              42.755452251978326
            ],
            [
              -102.5391125113112,
              42.75865296152873
            ],
            [
              -102.53896821470475,
              42.76186962861135
            ],
            [
              -102.53903125694744,
              42.76508891336213
            ],
            [
              -102.53930137659634,
              42.76829746506131
            ],
            [
              -102.53977745343622,
              42.77148197750021
            ],
            [
              -102.54045751312528,
              42.77462924416357
            ],
            [
              -102.54872522736669,
              42.80769537604595
            ],
            [
              -102.54889160826332,
              42.8084664049785
            ],
            [
              -102.5481517924932,
              42.80873997552463
            ],
            [
              -102.48970308956874,
              42.82822009283013
            ],
            [
              -102.48893780555979,
              42.82844775333858
            ],
            [
              -102.48835511200724,
              42.82790189882957
            ],
            [
              -102.45950470917438,
              42.79905561807181
            ],
            [
              -102.45896045621743,
              42.79847519780849
            ],
            [
              -102.4589036843073,
              42.79719630166424
            ],
            [
              -102.45864901820794,
              42.79391223540586
            ],
            [
              -102.45817867273212,
              42.79065206345564
            ],
            [
              -102.45749468916908,
              42.78742993488944
            ],
            [
              -102.45660003599272,
              42.784259833675655
            ],
            [
              -102.45549859597847,
              42.7811555179851
            ],
            [
              -102.45419514935224,
              42.77813046048082
            ],
            [
              -102.45269535304422,
              42.77519778984707
            ],
            [
              -102.451005716138,
              42.77237023381106
            ],
            [
              -102.44913357162127,
              42.76966006390492
            ],
            [
              -102.4470870445608,
              42.767079042207534
            ],
            [
              -102.44487501683984,
              42.76463837029731
            ],
            [
              -102.44250708861094,
              42.76234864063765
            ],
            [
              -102.43999353663145,
              42.76021979060581
            ],
            [
              -102.4373452696627,
              42.75826105936497
            ],
            [
              -102.43457378112615,
              42.756480947766406
            ],
            [
              -102.43169109922216,
              42.75488718145602
            ],
            [
              -102.42870973472799,
              42.75348667734518
            ],
            [
              -102.42564262670113,
              42.752285513591474
            ],
            [
              -102.4225030863242,
              42.75128890321967
            ],
            [
              -102.4193047391346,
              42.75050117149725
            ],
            [
              -102.41606146589011,
              42.749925737162876
            ],
            [
              -102.41278734232655,
              42.749565097589134
            ],
            [
              -102.39975934989114,
              42.74856308751008
            ],
            [
              -102.39901033166714,
              42.748480753840155
            ],
            [
              -102.3995981699834,
              42.74800952693578
            ],
            [
              -102.47824881749887,
              42.68902996935852
            ],
            [
              -102.47894477482463,
              42.68854430983683
            ],
            [
              -102.4797747985237,
              42.688377084024715
            ],
            [
              -102.65809091774261,
              42.65866197705018
            ],
            [
              -102.65886545695619,
              42.65855909611857
            ]
          ]
        ]
      },
      "properties": {
        "hail_size_bin": "1.0\"",
        "min_size_inches": 1.0
      }
    },
    {
      "type": "Feature",
      "geometry": {
        "type": "Polygon",
        "coordinates": [
          [
            [
              -104.36861047542266,
              41.378931668056545
            ],
            [
              -104.36824674038078,
              41.3795840862511
            ],
            [
              -104.33908053406817,
              41.42818748477824
            ],
            [
              -104.33865926674042,
              41.42884087385403
            ],
            [
              -104.33802261014873,
              41.42839472160396
            ],
            [
              -104.29932516567412,
              41.399375784995286
            ],
            [
              -104.29872716725605,
              41.39889607349559
            ],
            [
              -104.29945697826025,
              41.39866190192269
            ],
            [
              -104.367885868583,
              41.37911358381697
            ],
            [
              -104.36861047542266,
              41.378931668056545
            ]
          ]
        ]
      },
      "properties": {
        "hail_size_bin": "1.0\"",
        "min_size_inches": 1.0
      }
    },
    {
      "type": "Feature",
      "geometry": {
        "type": "Polygon",
        "coordinates": [
          [
            [
              -104.8185507543747,
              43.958160138458624
            ],
            [
              -104.8179629174892,
              43.95868364620715
            ],
            [
              -104.75923287462543,
              44.007618355922716
            ],
            [
              -104.7586508825966,
              44.00807196239781
            ],
            [
              -104.75883047080063,
              44.00735630223147
            ],
            [
              -104.77838018413863,
              43.938942081802054
            ],
            [
              -104.77861965801522,
              43.938196690087466
            ],
            [
              -104.77933081920875,
              43.938523884793995
            ],
            [
              -104.81785862883918,
              43.95778503722953
            ],
            [
              -104.8185507543747,
              43.958160138458624
            ]
          ]
        ]
      },
      "properties": {
        "hail_size_bin": "1.0\"",
        "min_size_inches": 1.0
      }
    },
    {
      "type": "Feature",
      "geometry": {
        "type": "Polygon",
        "coordinates": [
          [
            [
              -105.04853917431545,
              43.498311982425726
            ],
            [
              -105.04856499857144,
              43.4991042389639
            ],
            [
              -105.04856499857144,
              43.54743496878281
            ],
            [
              -105.04853775073441,
              43.54824880215832
            ],
            [
              -105.04773959383971,
              43.54840930351427
            ],
            [
              -104.92939540207254,
              43.56813051735394
            ],
            [
              -104.9287534965521,
              43.56821584219478
            ],
            [
              -104.92933997090944,
              43.56794130466744
            ],
            [
              -104.9482685879824,
              43.55983019926814
            ],
            [
              -104.95120216840235,
              43.55845904897168
            ],
            [
              -104.9540408419073,
              43.55690088340019
            ],
            [
              -104.95677270202502,
              43.55516223809047
            ],
            [
              -104.95938629029912,
              43.553250405579675
            ],
            [
              -104.96187064435013,
              43.551173404817746
            ],
            [
              -104.96421534385587,
              43.54893994753281
            ],
            [
              -104.96641055425822,
              43.54655940169095
            ],
            [
              -104.96844706801305,
              43.544041752203384
            ],
            [
              -104.97031634321004,
              43.54139755904596
            ],
            [
              -104.97201053940078,
              43.53863791296664
            ],
            [
              -104.97352255048455,
              43.53577438896667
            ],
            [
              -104.97484603451396,
              43.53281899775065
            ],
            [
              -104.97597544029556,
              43.529784135349104
            ],
            [
              -104.97690603067356,
              43.526682531124806
            ],
            [
              -104.97763390239936,
              43.52352719438103
            ],
            [
              -104.97815600250316,
              43.5203313597956
            ],
            [
              -104.97847014109927,
              43.51710843190961
            ],
            [
              -104.97857500057142,
              43.513871928903754
            ],
            [
              -104.97857500057142,
              43.4991042389639
            ],
            [
              -104.97860094014001,
              43.498311867113124
            ],
            [
              -104.97939319667817,
              43.498286042857146
            ],
            [
              -105.04774680246469,
              43.498286042857146
            ],
            [
              -105.04853917431545,
              43.498311982425726
            ]
          ]
        ]
      },
      "properties": {
        "hail_size_bin": "1.0\"",
        "min_size_inches": 1.0
      }
    },
    {
      "type": "Feature",
      "geometry": {
        "type": "Polygon",
        "coordinates": [
          [
            [
              -72.65314507130999,
              36.88020257294263
            ],
            [
              -72.65270594477873,
              36.8808289687482
            ],
            [
              -72.62368727497174,
              36.91951500033528
            ],
            [
              -72.62318828204488,
              36.92013696839944
            ],
            [
              -72.62240900201162,
              36.91996881399909
            ],
            [
              -72.58400468721592,
              36.91036910707884
            ],
            [
              -72.58325481172096,
              36.910155153137225
            ],
            [
              -72.58378776779071,
              36.909585901545505
            ],
            [
              -72.61262167043625,
              36.880756118617555
            ],
            [
              -72.61321128002723,
              36.880203964749256
            ],
            [
              -72.61401833280904,
              36.880177660571434
            ],
            [
              -72.65238031860937,
              36.880177660571434
            ],
            [
              -72.65314507130999,
              36.88020257294263
            ]
          ]
        ]
      },
      "properties": {
        "hail_size_bin": "0.5\"",
        "min_size_inches": 0.5
      }
    },
    {
      "type": "Feature",
      "geometry": {
        "type": "Polygon",
        "coordinates": [
          [
            [
              -76.15265405001279,
              35.57057393177555
            ],
            [
              -76.15232346752276,
              35.57129373410272
            ],
            [
              -76.12306569425598,
              35.62980092007787
            ],
            [
              -76.12269295607565,
              35.63048888475928
            ],
            [
              -76.12216461847912,
              35.62991185372518
            ],
            [
              -76.06323284409329,
              35.56116794030775
            ],
            [
              -76.06276509554887,
              35.56058523639364
            ],
            [
              -76.0635098658079,
              35.56064400733223
            ],
            [
              -76.15187014080718,
              35.570460412920994
            ],
            [
              -76.15265405001279,
              35.57057393177555
            ]
          ]
        ]
      },
      "properties": {
        "hail_size_bin": "0.5\"",
        "min_size_inches": 0.5
      }
    },
    {
      "type": "Feature",
      "geometry": {
        "type": "Polygon",
        "coordinates": [
          [
            [
              -78.6023138224385,
              35.13065747306189
            ],
            [
              -78.60154198593932,
              35.13083815559916
            ],
            [
              -78.55317376786543,
              35.14051041706735
            ],
            [
              -78.55235818095798,
              35.14064524150566
            ],
            [
              -78.55169661411202,
              35.14015104328385
            ],
            [
              -78.50300415535162,
              35.1012026419232
            ],
            [
              -78.50241597775603,
              35.10069939916801
            ],
            [
              -78.50316558458512,
              35.1005069817457
            ],
            [
              -78.59153624706042,
              35.08087186256996
            ],
            [
              -78.59232510693457,
              35.08072385022812
            ],
            [
              -78.59250840601068,
              35.08150513871432
            ],
            [
              -78.60218383659273,
              35.12987537961515
            ],
            [
              -78.6023138224385,
              35.13065747306189
            ]
          ]
        ]
      },
      "properties": {
        "hail_size_bin": "0.5\"",
        "min_size_inches": 0.5
      }
    },
    {
      "type": "Feature",
      "geometry": {
        "type": "Polygon",
        "coordinates": [
          [
            [
              -79.0722435820619,
              35.970446884259275
            ],
            [
              -79.07190952424845,
              35.971172871875154
            ],
            [
              -79.052640009582,
              36.00970639484566
            ],
            [
              -79.05226618099154,
              36.010397408651464
            ],
            [
              -79.05149919828581,
              36.01023107753361
            ],
            [
              -79.0130662517206,
              36.0006242136937
            ],
            [
              -79.01232364889401,
              36.000412986088705
            ],
            [
              -79.0126997100664,
              35.99973926703855
            ],
            [
              -79.04186508442359,
              35.951137254905646
            ],
            [
              -79.04228968434529,
              35.95047895366418
            ],
            [
              -79.04295477725142,
              35.95089221812786
            ],
            [
              -79.07159320595882,
              35.969981776073624
            ],
            [
              -79.0722435820619,
              35.970446884259275
            ]
          ]
        ]
      },
      "properties": {
        "hail_size_bin": "0.5\"",
        "min_size_inches": 0.5
      }
    },
    {
      "type": "Feature",
      "geometry": {
        "type": "Polygon",
        "coordinates": [
          [
            [
              -80.0421034236667,
              33.03125980005519
            ],
            [
              -80.04134259895073,
              33.031476734973566
            ],
            [
              -80.0029212951678,
              33.04108068853378
            ],
            [
              -80.00214812917051,
              33.04124783753366
            ],
            [
              -80.00147785379045,
              33.04083068867241
            ],
            [
              -79.9428390096556,
              33.00174371136575
            ],
            [
              -79.94221453120151,
              33.00129702432838
            ],
            [
              -79.94295285903397,
              33.00108637138845
            ],
            [
              -80.02135025196401,
              32.98148982346296
            ],
            [
              -80.0221261247414,
              32.98132256347325
            ],
            [
              -80.02244434136507,
              32.982049232928155
            ],
            [
              -80.04183382096998,
              33.030516006136686
            ],
            [
              -80.0421034236667,
              33.03125980005519
            ]
          ]
        ]
      },
      "properties": {
        "hail_size_bin": "0.5\"",
        "min_size_inches": 0.5
      }
    },
    {
      "type": "Feature",
      "geometry": {
        "type": "Polygon",
        "coordinates": [
          [
            [
              -80.60200538907787,
              33.33119940624967
            ],
            [
              -80.60110769106188,
              33.330512956737984
            ],
            [
              -80.53274385944077,
              33.28168862533529
            ],
            [
              -80.53211873018432,
              33.281210064078444
            ],
            [
              -80.53281081112736,
              33.2808352604621
            ],
            [
              -80.57132230933557,
              33.26158226257241
            ],
            [
              -80.57207010754831,
              33.26123887490437
            ],
            [
              -80.57289075661078,
              33.26121204971429
            ],
            [
              -80.6112336310834,
              33.26121204971429
            ],
            [
              -80.61202698515288,
              33.26123818970854
            ],
            [
              -80.6119406494325,
              33.2620272651942
            ],
            [
              -80.6021754284687,
              33.33037404532429
            ],
            [
              -80.60203344435396,
              33.33117724100412
            ],
            [
              -80.60200538907787,
              33.33119940624967
            ]
          ]
        ]
      },
      "properties": {
        "hail_size_bin": "0.5\"",
        "min_size_inches": 0.5
      }
    },
    {
      "type": "Feature",
      "geometry": {
        "type": "Polygon",
        "coordinates": [
          [
            [
              -81.47189294828125,
              31.491748023743725
            ],
            [
              -81.47160105879749,
              31.49246737352378
            ],
            [
              -81.4322650828408,
              31.580960673912873
            ],
            [
              -81.431923640855,
              31.581666986296096
            ],
            [
              -81.43113953038514,
              31.581692097714285
            ],
            [
              -81.38276529953538,
              31.581692097714285
            ],
            [
              -81.38195857885607,
              31.581665688413697
            ],
            [
              -81.38102303255356,
              31.580666394310576
            ],
            [
              -81.38069115569532,
              31.580287936409217
            ],
            [
              -81.3783800957129,
              31.57797642459635
            ],
            [
              -81.37592294423968,
              31.575820852342645
            ],
            [
              -81.37333020224182,
              31.573830431775058
            ],
            [
              -81.37061295014978,
              31.572013669222684
            ],
            [
              -81.36778280050463,
              31.570378328863814
            ],
            [
              -81.3648518483302,
              31.568931399544674
            ],
            [
              -81.36183261944349,
              31.567679064911662
            ],
            [
              -81.35873801692387,
              31.566626676984686
            ],
            [
              -81.35558126596997,
              31.565778733284628
            ],
            [
              -81.35237585738017,
              31.56513885761254
            ],
            [
              -81.3491354898977,
              31.56470978456288
            ],
            [
              -81.34587401166736,
              31.56449334783684
            ],
            [
              -81.34260536105354,
              31.56449047240578
            ],
            [
              -81.33934350707277,
              31.56470117055824
            ],
            [
              -81.33610238969526,
              31.56512454184742
            ],
            [
              -81.33289586027055,
              31.565758776939372
            ],
            [
              -81.32973762233198,
              31.566601165345414
            ],
            [
              -81.32664117303267,
              31.567648107005777
            ],
            [
              -81.32361974546379,
              31.568895127674946
            ],
            [
              -81.32068625210103,
              31.57033689804293
            ],
            [
              -81.31785322962149,
              31.571967256510817
            ],
            [
              -81.3151327853265,
              31.573779235523148
            ],
            [
              -81.31253654539937,
              31.575765091344742
            ],
            [
              -81.23259661808443,
              31.641161141457456
            ],
            [
              -81.23202734951748,
              31.641596786424632
            ],
            [
              -81.232288229935,
              31.640929107874296
            ],
            [
              -81.26164028557211,
              31.5724507634711
            ],
            [
              -81.26198351552011,
              31.571717579279603
            ],
            [
              -81.26276201739985,
              31.571495541717244
            ],
            [
              -81.3411538872474,
              31.55190037436509
            ],
            [
              -81.34246824746847,
              31.5516174687749
            ],
            [
              -81.3456068011886,
              31.550834894356477
            ],
            [
              -81.34868818665761,
              31.549851021516194
            ],
            [
              -81.35169950773232,
              31.548669967935908
            ],
            [
              -81.35462816150141,
              31.547296676533737
            ],
            [
              -81.35746189103087,
              31.545736894777104
            ],
            [
              -81.36018883666142,
              31.543997150628527
            ],
            [
              -81.36279758564328,
              31.542084725224985
            ],
            [
              -81.36527721990056,
              31.540007622405042
            ],
            [
              -81.36761736172531,
              31.53777453521137
            ],
            [
              -81.36980821721009,
              31.535394809508844
            ],
            [
              -81.37184061723723,
              31.53287840487043
            ],
            [
              -81.37370605585309,
              31.530235852894616
            ],
            [
              -81.37539672586718,
              31.52747821312881
            ],
            [
              -81.37690555152643,
              31.524617026783172
            ],
            [
              -81.3782262181286,
              31.521664268428616
            ],
            [
              -81.37935319845037,
              31.518632295881112
            ],
            [
              -81.38028177587978,
              31.515533798482036
            ],
            [
              -81.38100806415603,
              31.512381743991032
            ],
            [
              -81.38152902363423,
              31.509189324313645
            ],
            [
              -81.38184247400683,
              31.505969900290875
            ],
            [
              -81.38194710342857,
              31.50273694578167
            ],
            [
              -81.38194710342857,
              31.50254466669061
            ],
            [
              -81.38197386486992,
              31.501738539045856
            ],
            [
              -81.38277173968916,
              31.501623343983017
            ],
            [
              -81.4711189844734,
              31.491808385989057
            ],
            [
              -81.47189294828125,
              31.491748023743725
            ]
          ]
        ]
      },
      "properties": {
        "hail_size_bin": "0.5\"",
        "min_size_inches": 0.5
      }
    },
    {
      "type": "Feature",
      "geometry": {
        "type": "Polygon",
        "coordinates": [
          [
            [
              -81.63188615217446,
              26.82304010655084
            ],
            [
              -81.63128651156839,
              26.8235520586356
            ],
            [
              -81.58257217749677,
              26.86251795774482
            ],
            [
              -81.58191509409026,
              26.863008404627582
            ],
            [
              -81.58116983775045,
              26.862666513217768
            ],
            [
              -81.54265611054194,
              26.843412400987155
            ],
            [
              -81.54198895692711,
              26.84305111756103
            ],
            [
              -81.54270049474015,
              26.842787804818233
            ],
            [
              -81.63113742858846,
              26.81331303875318
            ],
            [
              -81.63188590691294,
              26.81309043434117
            ],
            [
              -81.631911382,
              26.81387089801539
            ],
            [
              -81.631911382,
              26.8222520537291
            ],
            [
              -81.63188615217446,
              26.82304010655084
            ]
          ]
        ]
      },
      "properties": {
        "hail_size_bin": "0.5\"",
        "min_size_inches": 0.5
      }
    },
    {
      "type": "Feature",
      "geometry": {
        "type": "Polygon",
        "coordinates": [
          [
            [
              -81.44924743910214,
              26.827610738579768
            ],
            [
              -81.44872555652766,
              26.828510400391114
            ],
            [
              -81.44727065219249,
              26.83144614230853
            ],
            [
              -81.44601114639003,
              26.834470869133174
            ],
            [
              -81.44495244760304,
              26.837571592292147
            ],
            [
              -81.44409910202269,
              26.840734996874346
            ],
            [
              -81.4434547740266,
              26.843947498806426
            ],
            [
              -81.44207101579042,
              26.852248861975532
            ],
            [
              -81.44191390018551,
              26.85303442311388
            ],
            [
              -81.44177176548662,
              26.85324932881883
            ],
            [
              -81.4404286583134,
              26.85514952560369
            ],
            [
              -81.43823506509682,
              26.85307846320299
            ],
            [
              -81.43572715990258,
              26.851002077750564
            ],
            [
              -81.43308943305918,
              26.849093318438896
            ],
            [
              -81.43033306954659,
              26.84736027914426
            ],
            [
              -81.42746975741008,
              26.845810308622223
            ],
            [
              -81.40266684281035,
              26.83341062321229
            ],
            [
              -81.4019898192854,
              26.833044357797558
            ],
            [
              -81.4025751174918,
              26.83254475097362
            ],
            [
              -81.45130106609547,
              26.793569561566347
            ],
            [
              -81.45190281649943,
              26.793119569412653
            ],
            [
              -81.45180318357878,
              26.79386419829565
            ],
            [
              -81.4490669027781,
              26.81027953738101
            ],
            [
              -81.44863527337735,
              26.813518204889146
            ],
            [
              -81.44841608671985,
              26.81677814789126
            ],
            [
              -81.44841027875638,
              26.820045446077135
            ],
            [
              -81.44861787428762,
              26.823306147729124
            ],
            [
              -81.4490379868581,
              26.82654632929749
            ],
            [
              -81.44924743910214,
              26.827610738579768
            ]
          ]
        ]
      },
      "properties": {
        "hail_size_bin": "0.5\"",
        "min_size_inches": 0.5
      }
    },
    {
      "type": "Feature",
      "geometry": {
        "type": "Polygon",
        "coordinates": [
          [
            [
              -81.44661739573802,
              26.918398839964805
            ],
            [
              -81.44767968767869,
              26.91946580858969
            ],
            [
              -81.45018035255978,
              26.921663487917936
            ],
            [
              -81.4510413176538,
              26.922324001360778
            ],
            [
              -81.45190394590651,
              26.92303139806572
            ],
            [
              -81.45156953273789,
              26.92375869177529
            ],
            [
              -81.4223062530973,
              26.982276888924588
            ],
            [
              -81.42193440996932,
              26.98296351623726
            ],
            [
              -81.42136451035725,
              26.982429719637278
            ],
            [
              -81.39252263063139,
              26.953591960768758
            ],
            [
              -81.39198869190079,
              26.953022067578942
            ],
            [
              -81.3926754413934,
              26.952650255865525
            ],
            [
              -81.4274697574101,
              26.93525558352063
            ],
            [
              -81.4303330695466,
              26.933705612998587
            ],
            [
              -81.4330894330592,
              26.93197257370395
            ],
            [
              -81.4357271599026,
              26.930063814392284
            ],
            [
              -81.43823506509683,
              26.927987428939858
            ],
            [
              -81.4406025141558,
              26.925752222022485
            ],
            [
              -81.44281946818165,
              26.923367671780294
            ],
            [
              -81.44487652643357,
              26.92084388962676
            ],
            [
              -81.44661739573802,
              26.918398839964805
            ]
          ]
        ]
      },
      "properties": {
        "hail_size_bin": "0.5\"",
        "min_size_inches": 0.5
      }
    },
    {
      "type": "Feature",
      "geometry": {
        "type": "Polygon",
        "coordinates": [
          [
            [
              -81.69187675827962,
              27.162974237927198
            ],
            [
              -81.69190280885715,
              27.16377692398313
            ],
            [
              -81.69190280885715,
              27.182130243292647
            ],
            [
              -81.69187642125647,
              27.182935388517286
            ],
            [
              -81.69122122736717,
              27.183403689023905
            ],
            [
              -81.63259516200901,
              27.222482148363298
            ],
            [
              -81.63196583463095,
              27.222872395187125
            ],
            [
              -81.6322351302368,
              27.222182631950414
            ],
            [
              -81.66158856249201,
              27.153701075897263
            ],
            [
              -81.66192123425684,
              27.152989423907886
            ],
            [
              -81.662674142687,
              27.15321358445962
            ],
            [
              -81.69112312914189,
              27.162695225037346
            ],
            [
              -81.69187675827962,
              27.162974237927198
            ]
          ]
        ]
      },
      "properties": {
        "hail_size_bin": "0.5\"",
        "min_size_inches": 0.5
      }
    },
    {
      "type": "Feature",
      "geometry": {
        "type": "Polygon",
        "coordinates": [
          [
            [
              -82.85169520200171,
              30.671932276454893
            ],
            [
              -82.85092464936237,
              30.672068165998677
            ],
            [
              -82.78256068828183,
              30.681833050770784
            ],
            [
              -82.78184675509698,
              30.68191118254153
            ],
            [
              -82.78243094137378,
              30.681493412796126
            ],
            [
              -82.79565747867663,
              30.672676981111124
            ],
            [
              -82.79838371754725,
              30.670724616830558
            ],
            [
              -82.80097296497026,
              30.66859391214753
            ],
            [
              -82.803413575438,
              30.666294450208625
            ],
            [
              -82.80569457195868,
              30.663836573170126
            ],
            [
              -82.80780569542686,
              30.661231335682704
            ],
            [
              -82.80973745076524,
              30.65849045517155
            ],
            [
              -82.81148114963013,
              30.6556262591356
            ],
            [
              -82.81302894948851,
              30.65265162970286
            ],
            [
              -82.81437388889096,
              30.649579945691194
            ],
            [
              -82.81550991878169,
              30.646425022435217
            ],
            [
              -82.81643192970512,
              30.643201049649843
            ],
            [
              -82.82154288775105,
              30.622760138430905
            ],
            [
              -82.82175093328755,
              30.622030421828743
            ],
            [
              -82.82216233337752,
              30.622667952904088
            ],
            [
              -82.85131479212717,
              30.67124844209997
            ],
            [
              -82.85169520200171,
              30.671932276454893
            ]
          ]
        ]
      },
      "properties": {
        "hail_size_bin": "0.5\"",
        "min_size_inches": 0.5
      }
    },
    {
      "type": "Feature",
      "geometry": {
        "type": "Polygon",
        "coordinates": [
          [
            [
              -83.6715675692913,
              23.394007825838255
            ],
            [
              -83.67081067990215,
              23.39403233171429
            ],
            [
              -83.60244574097878,
              23.39403233171429
            ],
            [
              -83.60166524653141,
              23.394006854467857
            ],
            [
              -83.60188792279573,
              23.393258365353915
            ],
            [
              -83.62136448894985,
              23.334837015184167
            ],
            [
              -83.6216369537757,
              23.33410201636722
            ],
            [
              -83.62215853380411,
              23.33468717841002
            ],
            [
              -83.671101804485,
              23.393410711753102
            ],
            [
              -83.6715675692913,
              23.394007825838255
            ]
          ]
        ]
      },
      "properties": {
        "hail_size_bin": "0.5\"",
        "min_size_inches": 0.5
      }
    },
    {
      "type": "Feature",
      "geometry": {
        "type": "Polygon",
        "coordinates": [
          [
            [
              -85.40134745901906,
              33.051313277333044
            ],
            [
              -85.40137270285715,
              33.05209244657469
            ],
            [
              -85.40137270285715,
              33.1104367150361
            ],
            [
              -85.40134676328856,
              33.11122908688688
            ],
            [
              -85.4005545067504,
              33.11125491114286
            ],
            [
              -85.37220568031971,
              33.11125491114286
            ],
            [
              -85.37139790051,
              33.11122812779489
            ],
            [
              -85.37117597533447,
              33.11045096964808
            ],
            [
              -85.36157367633297,
              33.07204726145417
            ],
            [
              -85.36140783060344,
              33.07127977265443
            ],
            [
              -85.36209841812757,
              33.07090639237212
            ],
            [
              -85.4006389019969,
              33.05163890372257
            ],
            [
              -85.40134745901906,
              33.051313277333044
            ]
          ]
        ]
      },
      "properties": {
        "hail_size_bin": "0.5\"",
        "min_size_inches": 0.5
      }
    },
    {
      "type": "Feature",
      "geometry": {
        "type": "Polygon",
        "coordinates": [
          [
            [
              -87.71100475220615,
              30.971804500049156
            ],
            [
              -87.710398090671,
              30.97135083758118
            ],
            [
              -87.66166986173528,
              30.93237382416889
            ],
            [
              -87.66107232354604,
              30.9318639204012
            ],
            [
              -87.66089403444677,
              30.93109920835455
            ],
            [
              -87.65121360512273,
              30.88270397731489
            ],
            [
              -87.65108225352121,
              30.881911763161803
            ],
            [
              -87.6518544386077,
              30.881691339253198
            ],
            [
              -87.69026041974121,
              30.87209121580802
            ],
            [
              -87.69102617129604,
              30.87192593617665
            ],
            [
              -87.69120421940042,
              30.87268848589675
            ],
            [
              -87.71088074509626,
              30.971057057706258
            ],
            [
              -87.71100475220615,
              30.971804500049156
            ]
          ]
        ]
      },
      "properties": {
        "hail_size_bin": "0.5\"",
        "min_size_inches": 0.5
      }
    },
    {
      "type": "Feature",
      "geometry": {
        "type": "Polygon",
        "coordinates": [
          [
            [
              -90.14066388816647,
              29.972135894049035
            ],
            [
              -90.13992016329368,
              29.972442825155646
            ],
            [
              -90.06146231999021,
              30.001860312695058
            ],
            [
              -90.0607210212504,
              30.00211129212535
            ],
            [
              -90.06040717223938,
              30.00139447050059
            ],
            [
              -90.04101916140591,
              29.952931368696024
            ],
            [
              -90.04074620270919,
              29.952177125300782
            ],
            [
              -90.04152299207838,
              29.951977155741158
            ],
            [
              -90.12991154837522,
              29.932338060728767
            ],
            [
              -90.13067873782862,
              29.93219332682016
            ],
            [
              -90.13089198896637,
              29.93294400405782
            ],
            [
              -90.14049458659824,
              29.97134890660251
            ],
            [
              -90.14066388816647,
              29.972135894049035
            ]
          ]
        ]
      },
      "properties": {
        "hail_size_bin": "0.5\"",
        "min_size_inches": 0.5
      }
    },
    {
      "type": "Feature",
      "geometry": {
        "type": "Polygon",
        "coordinates": [
          [
            [
              -90.6705947906681,
              35.570522693341275
            ],
            [
              -90.66982689105163,
              35.570419868578064
            ],
            [
              -90.61142670653525,
              35.5606878951713
            ],
            [
              -90.61063761326105,
              35.56052999029359
            ],
            [
              -90.6103124661547,
              35.560314068426294
            ],
            [
              -90.60831128784366,
              35.55889079615958
            ],
            [
              -90.60554321796646,
              35.55718169832016
            ],
            [
              -90.60266986566901,
              35.55565622369087
            ],
            [
              -90.59970339468634,
              35.55432083004899
            ],
            [
              -90.5966563629519,
              35.553181170503734
            ],
            [
              -90.59354166943619,
              35.55224206956505
            ],
            [
              -90.59037249954173,
              35.55150750272002
            ],
            [
              -90.58716226928533,
              35.550980579603504
            ],
            [
              -90.58392456850427,
              35.55066353083412
            ],
            [
              -90.58067310332655,
              35.550557698571424
            ],
            [
              -90.56145724977095,
              35.550557698571424
            ],
            [
              -90.56070921270575,
              35.5505331013386
            ],
            [
              -90.56129291614891,
              35.550064641345195
            ],
            [
              -90.59997836231405,
              35.521054702182916
            ],
            [
              -90.60062190690266,
              35.52060408252253
            ],
            [
              -90.60094919975022,
              35.52113367377848
            ],
            [
              -90.60198303243632,
              35.52293152375602
            ],
            [
              -90.60383906931415,
              35.52571123443188
            ],
            [
              -90.60587667368402,
              35.528360731132224
            ],
            [
              -90.60808674017314,
              35.53086817414194
            ],
            [
              -90.6104593927331,
              35.53322235853638
            ],
            [
              -90.61298402877271,
              35.535412764252406
            ],
            [
              -90.61564936653741,
              35.53742960309905
            ],
            [
              -90.61844349552368,
              35.53926386249767
            ],
            [
              -90.62135392970305,
              35.540907345756146
            ],
            [
              -90.62436766331801,
              35.542352708697166
            ],
            [
              -90.62747122900048,
              35.543593492476866
            ],
            [
              -90.6306507579528,
              35.5446241524473
            ],
            [
              -90.6338920419229,
              35.545440082933574
            ],
            [
              -90.63718059669618,
              35.546037637815076
            ],
            [
              -90.64050172682062,
              35.54641414681879
            ],
            [
              -90.64384059127582,
              35.54656792745183
            ],
            [
              -90.64718226979261,
              35.546498292519956
            ],
            [
              -90.6505118295267,
              35.5462055531984
            ],
            [
              -90.65381439178861,
              35.545691017641325
            ],
            [
              -90.65707519853153,
              35.54495698513616
            ],
            [
              -90.6602796783001,
              35.544006735828795
            ],
            [
              -90.66984574173112,
              35.54081850361038
            ],
            [
              -90.67059422005579,
              35.540595899198316
            ],
            [
              -90.67061969514285,
              35.54137636287253
            ],
            [
              -90.67061969514285,
              35.56974824698099
            ],
            [
              -90.6705947906681,
              35.570522693341275
            ]
          ]
        ]
      },
      "properties": {
        "hail_size_bin": "0.5\"",
        "min_size_inches": 0.5
      }
    },
    {
      "type": "Feature",
      "geometry": {
        "type": "Polygon",
        "coordinates": [
          [
            [
              -91.79040480449726,
              31.15180318247897
            ],
            [
              -91.78966707356608,
              31.152013086226237
            ],
            [
              -91.75125045340164,
              31.161615869049125
            ],
            [
              -91.7504847018468,
              31.161781148680497
            ],
            [
              -91.75030665374243,
              31.161018598960396
            ],
            [
              -91.74062869918944,
              31.11263574000803
            ],
            [
              -91.74050469207955,
              31.111888297665132
            ],
            [
              -91.7411113536147,
              31.112341960133108
            ],
            [
              -91.78982167667546,
              31.151304650892104
            ],
            [
              -91.79040480449726,
              31.15180318247897
            ]
          ]
        ]
      },
      "properties": {
        "hail_size_bin": "0.5\"",
        "min_size_inches": 0.5
      }
    },
    {
      "type": "Feature",
      "geometry": {
        "type": "Polygon",
        "coordinates": [
          [
            [
              -92.75028904574187,
              33.651148340309824
            ],
            [
              -92.75018689262544,
              33.65191409514487
            ],
            [
              -92.74046065125133,
              33.710263205419864
            ],
            [
              -92.74030170656617,
              33.711053668218774
            ],
            [
              -92.73949876375976,
              33.710980335421326
            ],
            [
              -92.661154781891,
              33.70118873688733
            ],
            [
              -92.66041370657925,
              33.701071144090456
            ],
            [
              -92.66105725989375,
              33.700685320536046
            ],
            [
              -92.74960154288947,
              33.6515010805334
            ],
            [
              -92.75028904574187,
              33.651148340309824
            ]
          ]
        ]
      },
      "properties": {
        "hail_size_bin": "0.5\"",
        "min_size_inches": 0.5
      }
    },
    {
      "type": "Feature",
      "geometry": {
        "type": "Polygon",
        "coordinates": [
          [
            [
              -92.94029534457144,
              30.23124106363996
            ],
            [
              -92.94026809673441,
              30.232054897015473
            ],
            [
              -92.9394699398397,
              30.232215398371416
            ],
            [
              -92.8810967218054,
              30.241942878006657
            ],
            [
              -92.88032871597053,
              30.242045612787194
            ],
            [
              -92.88030391771429,
              30.241271256409565
            ],
            [
              -92.88030391771429,
              30.212905408268842
            ],
            [
              -92.88033032855189,
              30.212102222401306
            ],
            [
              -92.88108359742955,
              30.21182370932306
            ],
            [
              -92.9395213911599,
              30.192347227896036
            ],
            [
              -92.94026986948438,
              30.192124623484027
            ],
            [
              -92.94029534457144,
              30.19290508715825
            ],
            [
              -92.94029534457144,
              30.23124106363996
            ]
          ]
        ]
      },
      "properties": {
        "hail_size_bin": "0.5\"",
        "min_size_inches": 0.5
      }
    },
    {
      "type": "Feature",
      "geometry": {
        "type": "Polygon",
        "coordinates": [
          [
            [
              -93.16023202240093,
              34.520830110414366
            ],
            [
              -93.15944024557555,
              34.52098927145689
            ],
            [
              -93.10108257831249,
              34.530714159667234
            ],
            [
              -93.10033383208174,
              34.53081378390599
            ],
            [
              -93.10079828922089,
              34.530218278800334
            ],
            [
              -93.14973583172474,
              34.4715016182876
            ],
            [
              -93.15025101093723,
              34.47092349286559
            ],
            [
              -93.15042755799985,
              34.47167728211162
            ],
            [
              -93.16010012586007,
              34.52003321144837
            ],
            [
              -93.16023202240093,
              34.520830110414366
            ]
          ]
        ]
      },
      "properties": {
        "hail_size_bin": "0.5\"",
        "min_size_inches": 0.5
      }
    },
    {
      "type": "Feature",
      "geometry": {
        "type": "Polygon",
        "coordinates": [
          [
            [
              -93.20022446903012,
              31.48171199353256
            ],
            [
              -93.19957423081605,
              31.482176582497747
            ],
            [
              -93.17094270480987,
              31.50126153930019
            ],
            [
              -93.1702657002998,
              31.501681510990178
            ],
            [
              -93.1696843857713,
              31.50113694465384
            ],
            [
              -93.13084680718087,
              31.462304915081788
            ],
            [
              -93.13032803666101,
              31.461751107640755
            ],
            [
              -93.131086417206,
              31.461726386857144
            ],
            [
              -93.18944551329946,
              31.461726386857144
            ],
            [
              -93.19024355853011,
              31.46175238160772
            ],
            [
              -93.19062374575239,
              31.46245452802634
            ],
            [
              -93.19989054910538,
              31.48098548669582
            ],
            [
              -93.20022446903012,
              31.48171199353256
            ]
          ]
        ]
      },
      "properties": {
        "hail_size_bin": "0.5\"",
        "min_size_inches": 0.5
      }
    },
    {
      "type": "Feature",
      "geometry": {
        "type": "Polygon",
        "coordinates": [
          [
            [
              -93.47016071555045,
              31.001961946283267
            ],
            [
              -93.4699602998665,
              31.00263566324953
            ],
            [
              -93.4404832847939,
              31.091054073655524
            ],
            [
              -93.4402099874307,
              31.09179222523312
            ],
            [
              -93.4395414774442,
              31.091377227202965
            ],
            [
              -93.41090494123269,
              31.07228893074087
            ],
            [
              -93.41026632367648,
              31.071832565925973
            ],
            [
              -93.41075753356384,
              31.071220345317098
            ],
            [
              -93.46968597337856,
              31.00248032167678
            ],
            [
              -93.47016071555045,
              31.001961946283267
            ]
          ]
        ]
      },
      "properties": {
        "hail_size_bin": "0.5\"",
        "min_size_inches": 0.5
      }
    },
    {
      "type": "Feature",
      "geometry": {
        "type": "Polygon",
        "coordinates": [
          [
            [
              -93.70009731510595,
              30.761926463873557
            ],
            [
              -93.69939000145507,
              30.762154017181658
            ],
            [
              -93.63099054561727,
              30.781693926636116
            ],
            [
              -93.63022253743068,
              30.781886144414646
            ],
            [
              -93.63019675342858,
              30.78109514456367
            ],
            [
              -93.63019675342858,
              30.752031526261923
            ],
            [
              -93.63008945703336,
              30.748757671194124
            ],
            [
              -93.62976802834838,
              30.74549786704021
            ],
            [
              -93.6292338468992,
              30.74226610440958
            ],
            [
              -93.62848920531556,
              30.73907625356145
            ],
            [
              -93.62753729949179,
              30.73594200487571
            ],
            [
              -93.62638221487042,
              30.73287681009579
            ],
            [
              -93.62502890890808,
              30.72989382459571
            ],
            [
              -93.62348318979883,
              30.72700585091911
            ],
            [
              -93.62175169154622,
              30.724225283832595
            ],
            [
              -93.61984184549108,
              30.721564057129164
            ],
            [
              -93.61776184841729,
              30.719033592410106
            ],
            [
              -93.61552062737238,
              30.716644750065118
            ],
            [
              -93.6131278013539,
              30.714407782661095
            ],
            [
              -93.61059364002608,
              30.712332290939585
            ],
            [
              -93.60792901964398,
              30.71042718261179
            ],
            [
              -93.58087945712377,
              30.69239671744862
            ],
            [
              -93.5806295799514,
              30.692218173465204
            ],
            [
              -93.58023052466568,
              30.69195232122249
            ],
            [
              -93.58067673582082,
              30.69109188418629
            ],
            [
              -93.58126288885884,
              30.690047597695095
            ],
            [
              -93.58264266365956,
              30.68717453179869
            ],
            [
              -93.58383658718058,
              30.684219395123044
            ],
            [
              -93.5848398081352,
              30.68119419531774
            ],
            [
              -93.58564825012122,
              30.678111224720894
            ],
            [
              -93.58625862818462,
              30.674983010411495
            ],
            [
              -93.58666846216738,
              30.671822263307984
            ],
            [
              -93.58687608678518,
              30.668641826519764
            ],
            [
              -93.58688065839388,
              30.665454623161615
            ],
            [
              -93.58668215841762,
              30.66227360384303
            ],
            [
              -93.58628139342422,
              30.659111694045798
            ],
            [
              -93.58567999184784,
              30.65598174160371
            ],
            [
              -93.58488039737225,
              30.65289646449778
            ],
            [
              -93.5838858590012,
              30.64986839917908
            ],
            [
              -93.58270041785686,
              30.6469098496292
            ],
            [
              -93.58132889075935,
              30.644032837365305
            ],
            [
              -93.57977685065458,
              30.64124905259292
            ],
            [
              -93.55063115913677,
              30.59267984050527
            ],
            [
              -93.55026378638908,
              30.59201935676966
            ],
            [
              -93.55098804058096,
              30.592234898099953
            ],
            [
              -93.609414073229,
              30.61170745972634
            ],
            [
              -93.6101782784945,
              30.61199060276306
            ],
            [
              -93.61046148704747,
              30.612754783751
            ],
            [
              -93.61994015663285,
              30.641186729639628
            ],
            [
              -93.62039785139199,
              30.6427251942163
            ],
            [
              -93.6208895989599,
              30.644587201053827
            ],
            [
              -93.62199044359673,
              30.647834983976317
            ],
            [
              -93.6233113191017,
              30.650999670489448
            ],
            [
              -93.62484601210139,
              30.654066373967577
            ],
            [
              -93.62658730342885,
              30.657020668695417
            ],
            [
              -93.62852700208256,
              30.659848657726304
            ],
            [
              -93.62968882047355,
              30.661315748766174
            ],
            [
              -93.63017474040628,
              30.661970233385528
            ],
            [
              -93.63061772228389,
              30.6626564956567
            ],
            [
              -93.65976806971896,
              30.71123346649776
            ],
            [
              -93.66016558314405,
              30.711948324868082
            ],
            [
              -93.66017349112326,
              30.712121429258886
            ],
            [
              -93.66020996185775,
              30.715039963540896
            ],
            [
              -93.66046611768198,
              30.71831151215722
            ],
            [
              -93.66093632193734,
              30.721559211976096
            ],
            [
              -93.66161854923854,
              30.72476907366545
            ],
            [
              -93.66250986091978,
              30.727927270879388
            ],
            [
              -93.66360641769306,
              30.731020199814598
            ],
            [
              -93.66490349618562,
              30.734034537808164
            ],
            [
              -93.66639550928569,
              30.736957300724384
            ],
            [
              -93.66807603020887,
              30.739775898883412
            ],
            [
              -93.66993782018105,
              30.742478191290743
            ],
            [
              -93.67197285961929,
              30.745052537934093
            ],
            [
              -93.6741723826757,
              30.74748784992222
            ],
            [
              -93.67652691499613,
              30.749773637249895
            ],
            [
              -93.67902631453038,
              30.751900053983153
            ],
            [
              -93.68165981521878,
              30.75385794067024
            ],
            [
              -93.6844160733665,
              30.755638863795582
            ],
            [
              -93.68728321650607,
              30.757235152106787
            ],
            [
              -93.69024889453752,
              30.758639929658262
            ],
            [
              -93.69330033292589,
              30.759847145429056
            ],
            [
              -93.69642438772708,
              30.760851599387383
            ],
            [
              -93.69939000145507,
              30.761698796532627
            ],
            [
              -93.70009731510595,
              30.761926463873557
            ]
          ]
        ]
      },
      "properties": {
        "hail_size_bin": "0.5\"",
        "min_size_inches": 0.5
      }
    },
    {
      "type": "Feature",
      "geometry": {
        "type": "Polygon",
        "coordinates": [
          [
            [
              -93.50245914559424,
              30.723601674476136
            ],
            [
              -93.50221691066017,
              30.724829023543446
            ],
            [
              -93.50179466023074,
              30.728073777955295
            ],
            [
              -93.50158554437228,
              30.73133920245696
            ],
            [
              -93.5015904586633,
              30.734611312245477
            ],
            [
              -93.50180938205744,
              30.73787609388685
            ],
            [
              -93.510133968608,
              30.821110065426527
            ],
            [
              -93.51018635669934,
              30.82188433655418
            ],
            [
              -93.50941071567478,
              30.821909262285715
            ],
            [
              -93.47918832830005,
              30.821909262285715
            ],
            [
              -93.47595603539467,
              30.822013848843458
            ],
            [
              -93.47273726466483,
              30.822327170982764
            ],
            [
              -93.46954548171658,
              30.82284791793227
            ],
            [
              -93.46639403925356,
              30.82357391116674
            ],
            [
              -93.46329612121653,
              30.824502113520847
            ],
            [
              -93.46026468762886,
              30.82562864189502
            ],
            [
              -93.45731242037871,
              30.826948783500264
            ],
            [
              -93.45445167016484,
              30.828457015573935
            ],
            [
              -93.45169440482795,
              30.830147028483996
            ],
            [
              -93.44905215928364,
              30.832011752125133
            ],
            [
              -93.44653598726656,
              30.83404338549628
            ],
            [
              -93.44415641508753,
              30.8362334293358
            ],
            [
              -93.44192339759707,
              30.83857272167783
            ],
            [
              -93.43984627653965,
              30.841051476181033
            ],
            [
              -93.43793374147299,
              30.843659323069364
            ],
            [
              -93.4361937934154,
              30.846385352513657
            ],
            [
              -93.43463371137403,
              30.849218160272475
            ],
            [
              -93.43326002189329,
              30.852145895401335
            ],
            [
              -93.43207847175135,
              30.855156309830665
            ],
            [
              -93.4310940039187,
              30.85823680960517
            ],
            [
              -93.43031073687942,
              30.861374507570144
            ],
            [
              -93.4300268536814,
              30.8626916267
            ],
            [
              -93.42042322280345,
              30.90110066163845
            ],
            [
              -93.42020907420427,
              30.90185272352202
            ],
            [
              -93.41946838468186,
              30.901602052960154
            ],
            [
              -93.34099821918109,
              30.872179945256967
            ],
            [
              -93.3403051201696,
              30.871894079917542
            ],
            [
              -93.34099184680639,
              30.87159355560683
            ],
            [
              -93.38950513339293,
              30.85219101355618
            ],
            [
              -93.39023869049431,
              30.851923919958217
            ],
            [
              -93.39142101609248,
              30.85180689264353
            ],
            [
              -93.3923365770119,
              30.85174379619993
            ],
            [
              -93.39553937248641,
              30.851313832184008
            ],
            [
              -93.3987077044563,
              30.850677875868552
            ],
            [
              -93.40182833845938,
              30.849838583711236
            ],
            [
              -93.40488823927303,
              30.848799461525346
            ],
            [
              -93.40787462536363,
              30.847564849835607
            ],
            [
              -93.41077502227645,
              30.84613990574735
            ],
            [
              -93.41357731474278,
              30.844530581404737
            ],
            [
              -93.41626979728667,
              30.842743599128
            ],
            [
              -93.41884122312003,
              30.840786423333608
            ],
            [
              -93.42128085112155,
              30.83866722935459
            ],
            [
              -93.42357849070368,
              30.8363948692913
            ],
            [
              -93.42572454437962,
              30.83397883503523
            ],
            [
              -93.42771004785322,
              30.831429218620375
            ],
            [
              -93.4295267074637,
              30.828756670067726
            ],
            [
              -93.43116693482915,
              30.825972352898983
            ],
            [
              -93.43262387854413,
              30.82308789750534
            ],
            [
              -93.4338914527986,
              30.820115352566074
            ],
            [
              -93.43496436279908,
              30.817067134719945
            ],
            [
              -93.4358381268855,
              30.813955976699557
            ],
            [
              -93.43650909525164,
              30.81079487414535
            ],
            [
              -93.43697446519074,
              30.807597031321457
            ],
            [
              -93.43723229280269,
              30.80437580596003
            ],
            [
              -93.43728150111393,
              30.80114465346461
            ],
            [
              -93.43712188457606,
              30.797917070705424
            ],
            [
              -93.43675410992446,
              30.794706539641535
            ],
            [
              -93.43617971339329,
              30.79152647100524
            ],
            [
              -93.43540109429838,
              30.788390148284027
            ],
            [
              -93.43442150501515,
              30.78531067223399
            ],
            [
              -93.43324503739301,
              30.7823009061566
            ],
            [
              -93.42054531257604,
              30.75267244876359
            ],
            [
              -93.42026033827241,
              30.75194335506575
            ],
            [
              -93.42098386845552,
              30.75164538896582
            ],
            [
              -93.4994503675793,
              30.722224655957568
            ],
            [
              -93.50021076929193,
              30.721967552590236
            ],
            [
              -93.50065407817146,
              30.722307943236707
            ],
            [
              -93.50245914559424,
              30.723601674476136
            ]
          ]
        ]
      },
      "properties": {
        "hail_size_bin": "0.5\"",
        "min_size_inches": 0.5
      }
    },
    {
      "type": "Feature",
      "geometry": {
        "type": "Polygon",
        "coordinates": [
          [
            [
              -93.45017541357308,
              33.591092642143764
            ],
            [
              -93.44940464808792,
              33.59111775457143
            ],
            [
              -93.4010478132496,
              33.59111775457143
            ],
            [
              -93.40025544139884,
              33.59109181500285
            ],
            [
              -93.40022961714286,
              33.59029955846467
            ],
            [
              -93.40022961714286,
              33.571945312268845
            ],
            [
              -93.40025602798046,
              33.571142126401334
            ],
            [
              -93.40100929685825,
              33.57086361332302
            ],
            [
              -93.42945181588314,
              33.561384128247276
            ],
            [
              -93.43021473329726,
              33.5611572141591
            ],
            [
              -93.4306776470233,
              33.56180470459614
            ],
            [
              -93.44976878042111,
              33.590437313151064
            ],
            [
              -93.45017541357308,
              33.591092642143764
            ]
          ]
        ]
      },
      "properties": {
        "hail_size_bin": "0.5\"",
        "min_size_inches": 0.5
      }
    },
    {
      "type": "Feature",
      "geometry": {
        "type": "Polygon",
        "coordinates": [
          [
            [
              -94.10975004331931,
              34.22129377567993
            ],
            [
              -94.10813016061974,
              34.22287806360393
            ],
            [
              -94.10593169964561,
              34.22533167975226
            ],
            [
              -94.10389958987493,
              34.22792474603332
            ],
            [
              -94.10204265347885,
              34.23064600494769
            ],
            [
              -94.10036895213346,
              34.23348364246233
            ],
            [
              -94.09888575202092,
              34.23642533929991
            ],
            [
              -94.09759949228415,
              34.239458324421484
            ],
            [
              -94.09651575707208,
              34.242569430470496
            ],
            [
              -94.09563925129663,
              34.245745150937374
            ],
            [
              -94.09497378020698,
              34.24897169879645
            ],
            [
              -94.09452223286944,
              34.2522350663608
            ],
            [
              -94.09428656962487,
              34.25552108609495
            ],
            [
              -94.0942678135782,
              34.25881549212166
            ],
            [
              -94.09446604615667,
              34.26210398215554
            ],
            [
              -94.09488040675629,
              34.265372279594814
            ],
            [
              -94.09550909647811,
              34.26860619550154
            ],
            [
              -94.09634938593791,
              34.27179169020124
            ],
            [
              -94.09739762711553,
              34.27491493423456
            ],
            [
              -94.09864926919228,
              34.277962368396246
            ],
            [
              -94.10009056383676,
              34.28090379424525
            ],
            [
              -94.09932940764115,
              34.281120610793145
            ],
            [
              -94.06091780733611,
              34.29072213883049
            ],
            [
              -94.06013064172656,
              34.29089212808351
            ],
            [
              -94.05861965235268,
              34.29111765656944
            ],
            [
              -94.05844331113921,
              34.29113819596982
            ],
            [
              -94.05526560210863,
              34.29171830915484
            ],
            [
              -94.05213198294041,
              34.292502399008825
            ],
            [
              -94.04905553256629,
              34.29348719293959
            ],
            [
              -94.04604909130991,
              34.294668580667
            ],
            [
              -94.04312520729465,
              34.29604163137829
            ],
            [
              -94.04029608407086,
              34.297600614308
            ],
            [
              -94.03757352968141,
              34.29933902265676
            ],
            [
              -94.03496890737787,
              34.30124960074897
            ],
            [
              -94.03249308819319,
              34.30332437431621
            ],
            [
              -94.03015640556879,
              34.30555468377979
            ],
            [
              -94.02796861222532,
              34.307931220393606
            ],
            [
              -94.0259388394574,
              34.31044406509654
            ],
            [
              -94.02407555902177,
              34.313082729912075
            ],
            [
              -94.02238654777844,
              34.31583620172243
            ],
            [
              -94.02087885523203,
              34.31869298823458
            ],
            [
              -94.01955877410883,
              34.321641165946104
            ],
            [
              -94.0184318140927,
              34.3246684299109
            ],
            [
              -94.01750267882893,
              34.32776214509691
            ],
            [
              -94.0167752462925,
              34.33090939912152
            ],
            [
              -94.01625255260231,
              34.3340970561446
            ],
            [
              -94.01593677934929,
              34.33731181169413
            ],
            [
              -94.01582924449089,
              34.34054024819571
            ],
            [
              -94.01593039685037,
              34.34376889097413
            ],
            [
              -94.0162398142434,
              34.346984264493244
            ],
            [
              -94.01675620524028,
              34.35017294859941
            ],
            [
              -94.01747741455594,
              34.35332163453381
            ],
            [
              -94.01840043204558,
              34.3564171804799
            ],
            [
              -94.0195214052683,
              34.35944666641392
            ],
            [
              -94.02010651500856,
              34.360883541823206
            ],
            [
              -94.01937717979496,
              34.36118413472204
            ],
            [
              -93.9409237839033,
              34.390599954720294
            ],
            [
              -93.940166543661,
              34.39085575982479
            ],
            [
              -93.93959789732969,
              34.38966914721033
            ],
            [
              -93.93938311032825,
              34.38917965941295
            ],
            [
              -93.93788633472761,
              34.38629422573556
            ],
            [
              -93.93620523642566,
              34.38351214500263
            ],
            [
              -93.9343469204598,
              34.38084517547219
            ],
            [
              -93.93231924086471,
              34.37830458889327
            ],
            [
              -93.93013076747792,
              34.375901122866765
            ],
            [
              -93.92779074971997,
              34.37364493546368
            ],
            [
              -93.92530907750252,
              34.37154556229285
            ],
            [
              -93.92269623942921,
              34.36961187619939
            ],
            [
              -93.91996327846654,
              34.36785204976426
            ],
            [
              -93.91712174527144,
              34.36627352076343
            ],
            [
              -93.91418364937336,
              34.36488296073274
            ],
            [
              -93.91181363648128,
              34.36394450891568
            ],
            [
              -93.91501338357067,
              34.363585513049145
            ],
            [
              -93.91824256834562,
              34.36300672794727
            ],
            [
              -93.92142684690009,
              34.36221742661544
            ],
            [
              -93.92455251075378,
              34.36122100703582
            ],
            [
              -93.92760610376563,
              34.36002175884513
            ],
            [
              -93.93057448006321,
              34.358624844867514
            ],
            [
              -93.93344486063636,
              34.35703627888832
            ],
            [
              -93.93620488835144,
              34.35526289976449
            ],
            [
              -93.9388426811495,
              34.35331234198287
            ],
            [
              -93.94134688319906,
              34.35119300279344
            ],
            [
              -93.94370671378357,
              34.34891400605862
            ],
            [
              -93.94591201371296,
              34.346485162974695
            ],
            [
              -93.94795328905944,
              34.343916929834045
            ],
            [
              -93.94982175202935,
              34.34122036301029
            ],
            [
              -93.95150935879506,
              34.338407071360066
            ],
            [
              -93.95300884412406,
              34.335489166246276
            ],
            [
              -93.95431375265609,
              34.332479209398095
            ],
            [
              -93.95541846669393,
              34.32939015883206
            ],
            [
              -93.95631823038774,
              34.32623531306718
            ],
            [
              -93.95995196369068,
              34.311702456571155
            ],
            [
              -93.96016879034269,
              34.31094154890814
            ],
            [
              -93.96098245931677,
              34.31105677128259
            ],
            [
              -93.96424708114861,
              34.31141016701354
            ],
            [
              -93.96752785907992,
              34.311548515895545
            ],
            [
              -93.97081064292615,
              34.31147122122191
            ],
            [
              -93.97408127385117,
              34.311178616369
            ],
            [
              -93.9773256454351,
              34.310671963358445
            ],
            [
              -93.98052976451608,
              34.3099534474139
            ],
            [
              -93.98367981154365,
              34.30902616753611
            ],
            [
              -93.98676220018322,
              34.30789412313667
            ],
            [
              -93.98976363591474,
              34.30656219678841
            ],
            [
              -93.99267117337273,
              34.30503613316651
            ],
            [
              -93.99547227218035,
              34.30332251427143
            ],
            [
              -93.99815485103684,
              34.30142873104033
            ],
            [
              -94.0007073398248,
              34.29936295146957
            ],
            [
              -94.00311872951282,
              34.29713408538562
            ],
            [
              -94.00537861963804,
              34.29475174601651
            ],
            [
              -94.00747726316393,
              34.29222620852939
            ],
            [
              -94.00940560851991,
              34.28956836571317
            ],
            [
              -94.01115533864119,
              34.28678968099727
            ],
            [
              -94.01271890684077,
              34.2839021390092
            ],
            [
              -94.01408956935883,
              34.280918193884155
            ],
            [
              -94.01526141444882,
              34.27785071554963
            ],
            [
              -94.01622938787524,
              34.27471293421669
            ],
            [
              -94.01698931471287,
              34.27151838331725
            ],
            [
              -94.01753791735341,
              34.26828084113367
            ],
            [
              -94.01787282964202,
              34.26501427137219
            ],
            [
              -94.01799260708266,
              34.261732762936674
            ],
            [
              -94.01789673306834,
              34.25845046916234
            ],
            [
              -94.01758562110919,
              34.255181546771624
            ],
            [
              -94.01706061304907,
              34.2519400948154
            ],
            [
              -94.016323973278,
              34.248740093863006
            ],
            [
              -94.01537887896585,
              34.245595345703165
            ],
            [
              -94.01422940635891,
              34.242519413816154
            ],
            [
              -94.01288051319884,
              34.239525564873674
            ],
            [
              -94.01133801733968,
              34.23662671151896
            ],
            [
              -94.0096085716551,
              34.23383535667379
            ],
            [
              -94.00769963534407,
              34.23116353961266
            ],
            [
              -94.00561944175908,
              34.22862278403672
            ],
            [
              -93.99068794828968,
              34.211560658214914
            ],
            [
              -93.99020482802645,
              34.21097043731481
            ],
            [
              -93.99096644186322,
              34.211009011497595
            ],
            [
              -94.10931502483093,
              34.220869984298524
            ],
            [
              -94.11007187325063,
              34.220957994331854
            ],
            [
              -94.10975004331931,
              34.22129377567993
            ]
          ]
        ]
      },
      "properties": {
        "hail_size_bin": "0.5\"",
        "min_size_inches": 0.5
      }
    },
    {
      "type": "Feature",
      "geometry": {
        "type": "Polygon",
        "coordinates": [
          [
            [
              -93.89034234320245,
              34.3609295512125
            ],
            [
              -93.88875358131504,
              34.36105393489797
            ],
            [
              -93.80098280031349,
              34.370804850512044
            ],
            [
              -93.8002558281092,
              34.370861692673074
            ],
            [
              -93.8008247546268,
              34.37040572621402
            ],
            [
              -93.83952672888894,
              34.34138339275008
            ],
            [
              -93.84017084021959,
              34.340931833066
            ],
            [
              -93.8409095267307,
              34.34120051669883
            ],
            [
              -93.88924426660898,
              34.3605316502703
            ],
            [
              -93.89034234320245,
              34.3609295512125
            ]
          ]
        ]
      },
      "properties": {
        "hail_size_bin": "0.5\"",
        "min_size_inches": 0.5
      }
    },
    {
      "type": "Feature",
      "geometry": {
        "type": "Polygon",
        "coordinates": [
          [
            [
              -93.93010911229557,
              31.041867486759294
            ],
            [
              -93.92969567576607,
              31.042533618577163
            ],
            [
              -93.91061701162762,
              31.071147525915404
            ],
            [
              -93.910145036893,
              31.071806891262455
            ],
            [
              -93.90935898481396,
              31.07160992753357
            ],
            [
              -93.84094357514151,
              31.052065460491914
            ],
            [
              -93.84019224100005,
              31.05182431083676
            ],
            [
              -93.84016674742857,
              31.051035637123313
            ],
            [
              -93.84016674742857,
              31.032657710318
            ],
            [
              -93.84019198607832,
              31.031877454101217
            ],
            [
              -93.84097025814152,
              31.03193852249786
            ],
            [
              -93.92933296651591,
              31.041755198423015
            ],
            [
              -93.93010911229557,
              31.041867486759294
            ]
          ]
        ]
      },
      "properties": {
        "hail_size_bin": "0.5\"",
        "min_size_inches": 0.5
      }
    },
    {
      "type": "Feature",
      "geometry": {
        "type": "Polygon",
        "coordinates": [
          [
            [
              -94.07010031756157,
              31.331742872978005
            ],
            [
              -94.0693314420829,
              31.33187815156864
            ],
            [
              -94.02029354916621,
              31.338882563926113
            ],
            [
              -94.01704940734922,
              31.339455576052945
            ],
            [
              -94.0138500407929,
              31.340240975737586
            ],
            [
              -94.01070933833017,
              31.341235353466065
            ],
            [
              -94.00764093412607,
              31.34243439252572
            ],
            [
              -94.00465814849028,
              31.343832887744586
            ],
            [
              -94.00289863590626,
              31.344804011657626
            ],
            [
              -94.00278401393672,
              31.344656818910202
            ],
            [
              -94.00061942119818,
              31.34222239298298
            ],
            [
              -94.00018476923623,
              31.341764509268927
            ],
            [
              -94.00082776365952,
              31.34130482251039
            ],
            [
              -94.05945288830134,
              31.30222699022559
            ],
            [
              -94.06012180698761,
              31.30181213242877
            ],
            [
              -94.06039469565103,
              31.302550143773047
            ],
            [
              -94.06987752090481,
              31.33099455488563
            ],
            [
              -94.07010031756157,
              31.331742872978005
            ]
          ]
        ]
      },
      "properties": {
        "hail_size_bin": "0.5\"",
        "min_size_inches": 0.5
      }
    },
    {
      "type": "Feature",
      "geometry": {
        "type": "Polygon",
        "coordinates": [
          [
            [
              -94.13009698844272,
              32.711397279878845
            ],
            [
              -94.13004432329326,
              32.712178965354724
            ],
            [
              -94.12020885186585,
              32.81051962694739
            ],
            [
              -94.12010365339034,
              32.81130781894179
            ],
            [
              -94.11932626517194,
              32.8111405440283
            ],
            [
              -94.08092640801547,
              32.80154195135863
            ],
            [
              -94.08017086882174,
              32.801326591468374
            ],
            [
              -94.08052993934986,
              32.80062812156657
            ],
            [
              -94.11139558235583,
              32.745077902169704
            ],
            [
              -94.1128870112519,
              32.742174336716474
            ],
            [
              -94.11418580609174,
              32.73917964400149
            ],
            [
              -94.11528643138448,
              32.736106587467965
            ],
            [
              -94.116184196242,
              32.732968264547395
            ],
            [
              -94.11687527437164,
              32.72977805083795
            ],
            [
              -94.1173567203839,
              32.72654954309744
            ],
            [
              -94.11762648234577,
              32.72329650129366
            ],
            [
              -94.11768341052608,
              32.72003278995908
            ],
            [
              -94.11752726229577,
              32.716772319099924
            ],
            [
              -94.11715870316183,
              32.71352898491147
            ],
            [
              -94.11664345390533,
              32.71067227849492
            ],
            [
              -94.11870191106344,
              32.71103971819451
            ],
            [
              -94.12198485556515,
              32.711404192363275
            ],
            [
              -94.1252847011704,
              32.71155111071609
            ],
            [
              -94.12858704660589,
              32.71147983206798
            ],
            [
              -94.13009698844272,
              32.711397279878845
            ]
          ]
        ]
      },
      "properties": {
        "hail_size_bin": "0.5\"",
        "min_size_inches": 0.5
      }
    },
    {
      "type": "Feature",
      "geometry": {
        "type": "Polygon",
        "coordinates": [
          [
            [
              -94.07691591811633,
              32.67165380300826
            ],
            [
              -94.07685597693417,
              32.67164058602098
            ],
            [
              -94.07362927175673,
              32.67114720362255
            ],
            [
              -94.0703772498331,
              32.670865413094994
            ],
            [
              -94.067113771349,
              32.67079641543544
            ],
            [
              -94.06385274531826,
              32.67094050471337
            ],
            [
              -94.06060807030228,
              32.67129706681725
            ],
            [
              -93.9909549692738,
              32.681261946542826
            ],
            [
              -93.99017145340494,
              32.68134764285216
            ],
            [
              -93.99014531457144,
              32.68055430546627
            ],
            [
              -93.99014531457144,
              32.63220052174657
            ],
            [
              -93.99017055322119,
              32.63142026552979
            ],
            [
              -93.99094882528439,
              32.63148133392643
            ],
            [
              -94.07931153365884,
              32.641298009851596
            ],
            [
              -94.08009543387251,
              32.64141142005508
            ],
            [
              -94.07997851817308,
              32.64172484976166
            ],
            [
              -94.07900679703698,
              32.64408981357517
            ],
            [
              -94.07795591008691,
              32.64722129926716
            ],
            [
              -94.077114076527,
              32.6504153378202
            ],
            [
              -94.07648497030948,
              32.6536579897269
            ],
            [
              -94.07607133699634,
              32.65693510332017
            ],
            [
              -94.07587498177699,
              32.660232376534324
            ],
            [
              -94.07589676159007,
              32.66353541932253
            ],
            [
              -94.07613658138355,
              32.666829816458204
            ],
            [
              -94.07659339452955,
              32.670101190446395
            ],
            [
              -94.07691591811633,
              32.67165380300826
            ]
          ]
        ]
      },
      "properties": {
        "hail_size_bin": "0.5\"",
        "min_size_inches": 0.5
      }
    },
    {
      "type": "Feature",
      "geometry": {
        "type": "Polygon",
        "coordinates": [
          [
            [
              -94.59001029936894,
              47.117226068861406
            ],
            [
              -94.58923314826566,
              47.117251653714284
            ],
            [
              -94.55086492936022,
              47.117251653714284
            ],
            [
              -94.55008356149942,
              47.117226655088594
            ],
            [
              -94.5498354962327,
              47.11648575536384
            ],
            [
              -94.5384357084322,
              47.078491891941624
            ],
            [
              -94.53739147057753,
              47.07538534706715
            ],
            [
              -94.5361459603644,
              47.07235388569296
            ],
            [
              -94.53470452902963,
              47.06941053225489
            ],
            [
              -94.53307336956983,
              47.06656793263993
            ],
            [
              -94.53125949013359,
              47.06383829985419
            ],
            [
              -94.52927068391149,
              47.06123336155066
            ],
            [
              -94.52711549565336,
              47.05876430964228
            ],
            [
              -94.52480318495638,
              47.056441752216756
            ],
            [
              -94.52234368648193,
              47.05427566795976
            ],
            [
              -94.51974756727215,
              47.05227536328225
            ],
            [
              -94.51702598134943,
              47.050449432336265
            ],
            [
              -94.51419062179406,
              47.04880572009078
            ],
            [
              -94.51125367050577,
              47.04735128862643
            ],
            [
              -94.50822774586526,
              47.04609238679383
            ],
            [
              -94.50512584852018,
              47.04503442336588
            ],
            [
              -94.50196130552901,
              47.0441819437994
            ],
            [
              -94.49874771310229,
              47.04353861070593
            ],
            [
              -94.49549887818762,
              47.043107188115606
            ],
            [
              -94.49222875914917,
              47.04288952960172
            ],
            [
              -94.48895140579671,
              47.042886570317
            ],
            [
              -94.48568089902165,
              47.043098322975766
            ],
            [
              -94.4824312902996,
              47.04352387779935
            ],
            [
              -94.47921654131937,
              47.04416140642486
            ],
            [
              -94.4760504639976,
              47.0450081697606
            ],
            [
              -94.47294666113694,
              47.046060529754364
            ],
            [
              -94.47021923086136,
              47.04718947270119
            ],
            [
              -94.4700711108666,
              47.047245193285825
            ],
            [
              -94.46925890753064,
              47.04727165571428
            ],
            [
              -94.380918280034,
              47.04727165571428
            ],
            [
              -94.38010496453735,
              47.04724468882096
            ],
            [
              -94.37932945977299,
              47.04595998449443
            ],
            [
              -94.37925899250523,
              47.04583384657569
            ],
            [
              -94.37749704526288,
              47.04311102844955
            ],
            [
              -94.37556228580935,
              47.04050816416384
            ],
            [
              -94.37346285421681,
              47.03803620469389
            ],
            [
              -94.37120758337896,
              47.03570555026202
            ],
            [
              -94.36880596184865,
              47.03352600658087
            ],
            [
              -94.3662680939169,
              47.031506743598044
            ],
            [
              -94.36360465710126,
              47.02965625691558
            ],
            [
              -94.3608268572226,
              47.02798233204659
            ],
            [
              -94.35794638125907,
              47.02649201165946
            ],
            [
              -94.35497534817567,
              47.025191565947324
            ],
            [
              -94.35192625793648,
              47.02408646624767
            ],
            [
              -94.3488119389138,
              47.023181362022875
            ],
            [
              -94.34564549391553,
              47.02248006129863
            ],
            [
              -94.34244024505814,
              47.021985514642495
            ],
            [
              -94.33920967771674,
              47.02169980275006
            ],
            [
              -94.33596738378832,
              47.02162412769086
            ],
            [
              -94.33272700450692,
              47.021758807850986
            ],
            [
              -94.32950217305113,
              47.02210327659344
            ],
            [
              -94.32630645718547,
              47.022656084642264
            ],
            [
              -94.32315330217709,
              47.02341490617994
            ],
            [
              -94.32005597422776,
              47.02437654863281
            ],
            [
              -94.31702750465924,
              47.02553696610311
            ],
            [
              -94.3140806350869,
              47.0268912763912
            ],
            [
              -94.31122776381216,
              47.0284337815363
            ],
            [
              -94.30848089365946,
              47.03015799178945
            ],
            [
              -94.30585158147696,
              47.03205665291766
            ],
            [
              -94.30335088951365,
              47.03412177672449
            ],
            [
              -94.30098933887747,
              47.03634467465863
            ],
            [
              -94.30011969334133,
              47.037218159505635
            ],
            [
              -94.3000110647109,
              47.03646503121428
            ],
            [
              -94.29019166835647,
              46.94810309076678
            ],
            [
              -94.29013141382084,
              46.94733575558697
            ],
            [
              -94.2908688089281,
              46.94755564685843
            ],
            [
              -94.34256455755492,
              46.96478510101326
            ],
            [
              -94.34596103298787,
              46.96578496104853
            ],
            [
              -94.34941975039995,
              46.96654195465493
            ],
            [
              -94.35292336672305,
              46.96705228603474
            ],
            [
              -94.35645431375218,
              46.96731339623018
            ],
            [
              -94.35999488623783,
              46.967323975954784
            ],
            [
              -94.3609031467337,
              46.967294515142854
            ],
            [
              -94.3992675278358,
              46.967294515142854
            ],
            [
              -94.40007521005747,
              46.96732098849641
            ],
            [
              -94.40062622442467,
              46.96791099047388
            ],
            [
              -94.44433715109005,
              47.01785919773666
            ],
            [
              -94.44656471589111,
              47.020242988799524
            ],
            [
              -94.44894300235937,
              47.02247642969848
            ],
            [
              -94.4514618842222,
              47.0245500108846
            ],
            [
              -94.45411063657956,
              47.02645490345996
            ],
            [
              -94.45687798156862,
              47.028182996769296
            ],
            [
              -94.4597521363826,
              47.029726932933634
            ],
            [
              -94.46272086343966,
              47.031080138178616
            ],
            [
              -94.46577152248804,
              47.03223685082437
            ],
            [
              -94.46889112442582,
              47.03319214581757
            ],
            [
              -94.47206638660593,
              47.03394195570139
            ],
            [
              -94.47528378939099,
              47.034483087933864
            ],
            [
              -94.47852963371726,
              47.034813238481135
            ],
            [
              -94.48179009942258,
              47.034931001627584
            ],
            [
              -94.48505130408986,
              47.03483587596106
            ],
            [
              -94.48829936215562,
              47.03452826650779
            ],
            [
              -94.49152044403203,
              47.034009483007914
            ],
            [
              -94.49470083499052,
              47.03328173433879
            ],
            [
              -94.49782699355642,
              47.03234811911011
            ],
            [
              -94.50088560916578,
              47.03121261247056
            ],
            [
              -94.50386365883924,
              47.02988004918249
            ],
            [
              -94.5067484626312,
              47.02835610303641
            ],
            [
              -94.50952773761857,
              47.026647262693125
            ],
            [
              -94.512189650199,
              47.024760804056314
            ],
            [
              -94.51472286647605,
              47.02270475929318
            ],
            [
              -94.51711660051657,
              47.02048788263501
            ],
            [
              -94.51936066027523,
              47.0181196131035
            ],
            [
              -94.52006806249572,
              47.01732250337074
            ],
            [
              -94.52054016095478,
              47.017952383110284
            ],
            [
              -94.58958560841214,
              47.11657464369947
            ],
            [
              -94.59001029936894,
              47.117226068861406
            ]
          ]
        ]
      },
      "properties": {
        "hail_size_bin": "0.5\"",
        "min_size_inches": 0.5
      }
    },
    {
      "type": "Feature",
      "geometry": {
        "type": "Polygon",
        "coordinates": [
          [
            [
              -94.48080798533348,
              32.76118844808254
            ],
            [
              -94.48034671991665,
              32.761818971925244
            ],
            [
              -94.47855083894768,
              32.76465539574764
            ],
            [
              -94.47694934499722,
              32.76760593903347
            ],
            [
              -94.46043794465166,
              32.80062402150745
            ],
            [
              -94.46006128833758,
              32.80132029146316
            ],
            [
              -94.45928182597049,
              32.801457236933885
            ],
            [
              -94.3909062511849,
              32.81122378056967
            ],
            [
              -94.39032530003823,
              32.81128725292655
            ],
            [
              -94.39019975046604,
              32.81130521057483
            ],
            [
              -94.39081058316779,
              32.81093934529775
            ],
            [
              -94.47936312870769,
              32.76175051564861
            ],
            [
              -94.48008665605008,
              32.76137892508615
            ],
            [
              -94.4803359393497,
              32.76130758166394
            ],
            [
              -94.48080798533348,
              32.76118844808254
            ]
          ]
        ]
      },
      "properties": {
        "hail_size_bin": "0.5\"",
        "min_size_inches": 0.5
      }
    },
    {
      "type": "Feature",
      "geometry": {
        "type": "Polygon",
        "coordinates": [
          [
            [
              -94.93998394128434,
              47.79702831377243
            ],
            [
              -94.93920082488629,
              47.79695626948335
            ],
            [
              -94.86082600774296,
              47.78716081709075
            ],
            [
              -94.8600409893262,
              47.787036719286746
            ],
            [
              -94.85979810246008,
              47.786280162076984
            ],
            [
              -94.8587980655154,
              47.782780532860535
            ],
            [
              -94.85779241487889,
              47.77965387184778
            ],
            [
              -94.8565836600399,
              47.776599980227125
            ],
            [
              -94.85517701669933,
              47.77363203534828
            ],
            [
              -94.85357855443446,
              47.77076284370616
            ],
            [
              -94.85179517050912,
              47.7680047856817
            ],
            [
              -94.84983456011246,
              47.76536976212129
            ],
            [
              -94.84770518315463,
              47.762869142985366
            ],
            [
              -94.8454162277629,
              47.76051371828776
            ],
            [
              -94.84297757063538,
              47.75831365153744
            ],
            [
              -94.84039973442374,
              47.756278435883665
            ],
            [
              -94.8376938423286,
              47.75441685315357
            ],
            [
              -94.83487157010369,
              47.75273693595922
            ],
            [
              -94.8319450956756,
              47.75124593303732
            ],
            [
              -94.82892704659686,
              47.74995027797142
            ],
            [
              -94.82583044555886,
              47.74885556143141
            ],
            [
              -94.82266865419976,
              47.74796650705009
            ],
            [
              -94.8194553154498,
              47.74728695104103
            ],
            [
              -94.81620429466298,
              47.746819825645545
            ],
            [
              -94.81292961978892,
              47.74656714648025
            ],
            [
              -94.8096454208431,
              47.7465300038398
            ],
            [
              -94.80636586893681,
              47.74670855799234
            ],
            [
              -94.80310511512964,
              47.74710203848798
            ],
            [
              -94.79987722936856,
              47.74770874748319
            ],
            [
              -94.79669613977701,
              47.74852606706693
            ],
            [
              -94.7935755725559,
              47.74955047055676
            ],
            [
              -94.79052899275594,
              47.75077753771625
            ],
            [
              -94.78756954617677,
              47.75220197382801
            ],
            [
              -94.78471000264368,
              47.75381763254007
            ],
            [
              -94.78196270090665,
              47.75561754238701
            ],
            [
              -94.78075186748029,
              47.75652981727309
            ],
            [
              -94.78002330166368,
              47.75704328625912
            ],
            [
              -94.77922457774412,
              47.75706877828571
            ],
            [
              -94.70086198738048,
              47.75706877828571
            ],
            [
              -94.70005463680556,
              47.7570423507704
            ],
            [
              -94.69946532500768,
              47.75649032023959
            ],
            [
              -94.63063247860931,
              47.687667308510235
            ],
            [
              -94.6301137080896,
              47.68711350106932
            ],
            [
              -94.63087208863472,
              47.68708878028571
            ],
            [
              -94.79920399599754,
              47.68708878028571
            ],
            [
              -94.80001167574875,
              47.687115459766396
            ],
            [
              -94.80022586229123,
              47.6876017681616
            ],
            [
              -94.80167810532082,
              47.69061907155787
            ],
            [
              -94.80332905309807,
              47.69353240316256
            ],
            [
              -94.80517130070643,
              47.69632869594973
            ],
            [
              -94.80719658520144,
              47.69899540784201
            ],
            [
              -94.80939582267207,
              47.70152057796498
            ],
            [
              -94.81175914898441,
              47.70389288029468
            ],
            [
              -94.81427596402476,
              47.70610167445774
            ],
            [
              -94.81693497924384,
              47.70813705345606
            ],
            [
              -94.81972426828875,
              47.70998988810225
            ],
            [
              -94.82263132049565,
              47.7116518679663
            ],
            [
              -94.82564309700328,
              47.71311553864996
            ],
            [
              -94.82874608923551,
              47.714374335221606
            ],
            [
              -94.83192637949074,
              47.7154226116616
            ],
            [
              -94.83516970336623,
              47.71625566618611
            ],
            [
              -94.8384615137376,
              47.71686976233578
            ],
            [
              -94.8400189492711,
              47.71710664398119
            ],
            [
              -94.84078501958288,
              47.71738462764649
            ],
            [
              -94.93924198654288,
              47.75676178751408
            ],
            [
              -94.9399829465057,
              47.75708693931826
            ],
            [
              -94.94000957314286,
              47.75789547806328
            ],
            [
              -94.94000957314286,
              47.79624230825036
            ],
            [
              -94.93998394128434,
              47.79702831377243
            ]
          ]
        ]
      },
      "properties": {
        "hail_size_bin": "0.5\"",
        "min_size_inches": 0.5
      }
    },
    {
      "type": "Feature",
      "geometry": {
        "type": "Polygon",
        "coordinates": [
          [
            [
              -94.88998021113618,
              31.801648522015782
            ],
            [
              -94.88969232721675,
              31.802386036634463
            ],
            [
              -94.86033953831884,
              31.87086609173504
            ],
            [
              -94.86000038701467,
              31.871591604500374
            ],
            [
              -94.85931897802341,
              31.872010332670193
            ],
            [
              -94.72074743438456,
              31.9511827583131
            ],
            [
              -94.72012548127779,
              31.951511744388082
            ],
            [
              -94.72052921189498,
              31.950935527335012
            ],
            [
              -94.83952762637365,
              31.792293644300614
            ],
            [
              -94.84003516875767,
              31.791661688127203
            ],
            [
              -94.84083478998922,
              31.79179425419658
            ],
            [
              -94.88920930807717,
              31.80146777548757
            ],
            [
              -94.88998021113618,
              31.801648522015782
            ]
          ]
        ]
      },
      "properties": {
        "hail_size_bin": "0.5\"",
        "min_size_inches": 0.5
      }
    },
    {
      "type": "Feature",
      "geometry": {
        "type": "Polygon",
        "coordinates": [
          [
            [
              -94.81999129414085,
              32.14153930759201
            ],
            [
              -94.81959754322791,
              32.14224727318264
            ],
            [
              -94.7904452197247,
              32.19082753699999
            ],
            [
              -94.79001638040042,
              32.191492655879934
            ],
            [
              -94.78922600381048,
              32.191517794571425
            ],
            [
              -94.77084892094952,
              32.191517794571425
            ],
            [
              -94.7700629006898,
              32.19149216170008
            ],
            [
              -94.77013497334613,
              32.19070903308708
            ],
            [
              -94.77993115584242,
              32.11235077035369
            ],
            [
              -94.78005209118564,
              32.11158695241217
            ],
            [
              -94.7806856065731,
              32.112030462794294
            ],
            [
              -94.81935942033913,
              32.14103167890375
            ],
            [
              -94.81999129414085,
              32.14153930759201
            ]
          ]
        ]
      },
      "properties": {
        "hail_size_bin": "0.5\"",
        "min_size_inches": 0.5
      }
    },
    {
      "type": "Feature",
      "geometry": {
        "type": "Polygon",
        "coordinates": [
          [
            [
              -95.11995830465169,
              47.04725111536505
            ],
            [
              -95.11919238111243,
              47.0474412327539
            ],
            [
              -94.98080853203236,
              47.07709067785396
            ],
            [
              -94.98002263005293,
              47.07723218616257
            ],
            [
              -94.97956143649326,
              47.07574500556728
            ],
            [
              -94.97952254599048,
              47.07560331984609
            ],
            [
              -94.97844099400383,
              47.07248546223916
            ],
            [
              -94.97715612382461,
              47.06944574195935
            ],
            [
              -94.97567353275372,
              47.06649740098968
            ],
            [
              -94.97399967942681,
              47.063653283235986
            ],
            [
              -94.97347739343563,
              47.06288650572189
            ],
            [
              -94.97422851400732,
              47.06290211145458
            ],
            [
              -94.97744927683195,
              47.06276122794326
            ],
            [
              -94.9806542658713,
              47.06241308056939
            ],
            [
              -94.98383015713809,
              47.061859116673695
            ],
            [
              -94.98696374761221,
              47.06110163923063
            ],
            [
              -94.99004201012912,
              47.0601437972743
            ],
            [
              -94.9930521475372,
              47.0589895728071
            ],
            [
              -94.995981645899,
              47.05764376424548
            ],
            [
              -94.99881832651484,
              47.05611196647164
            ],
            [
              -95.00155039655301,
              47.05440054757414
            ],
            [
              -95.00416649807566,
              47.052516622374064
            ],
            [
              -95.00665575525669,
              47.05046802284683
            ],
            [
              -95.0090078195955,
              47.0482632655626
            ],
            [
              -95.02941817272196,
              47.02785582861755
            ],
            [
              -95.03000778231295,
              47.02730367474925
            ],
            [
              -95.03081483509476,
              47.027277370571426
            ],
            [
              -95.11916565760754,
              47.027277370571426
            ],
            [
              -95.1199580294583,
              47.027303310140006
            ],
            [
              -95.11998385371429,
              47.02809556667818
            ],
            [
              -95.11998385371429,
              47.04646222057055
            ],
            [
              -95.11995830465169,
              47.04725111536505
            ]
          ]
        ]
      },
      "properties": {
        "hail_size_bin": "0.5\"",
        "min_size_inches": 0.5
      }
    },
    {
      "type": "Feature",
      "geometry": {
        "type": "Polygon",
        "coordinates": [
          [
            [
              -95.06995872925901,
              43.978142653382534
            ],
            [
              -95.06936504419751,
              43.97864957777991
            ],
            [
              -95.02065009148976,
              44.01761597172732
            ],
            [
              -95.0199979052861,
              44.01810285185429
            ],
            [
              -95.01933911151887,
              44.01762495032221
            ],
            [
              -94.93064243213192,
              43.94864850072733
            ],
            [
              -94.93003670339814,
              43.94814554224425
            ],
            [
              -94.93005095236907,
              43.94735856535028
            ],
            [
              -94.93996831512467,
              43.7490396496096
            ],
            [
              -94.94002984594881,
              43.74830006633372
            ],
            [
              -94.94041609258282,
              43.748933731082964
            ],
            [
              -95.06959653828076,
              43.97745109572607
            ],
            [
              -95.06995872925901,
              43.978142653382534
            ]
          ]
        ]
      },
      "properties": {
        "hail_size_bin": "0.5\"",
        "min_size_inches": 0.5
      }
    },
    {
      "type": "Feature",
      "geometry": {
        "type": "Polygon",
        "coordinates": [
          [
            [
              -95.04995123382844,
              46.227546149540736
            ],
            [
              -95.0496922945158,
              46.228259760137554
            ],
            [
              -95.0303007999824,
              46.27673156994759
            ],
            [
              -95.0299851625843,
              46.27745128306507
            ],
            [
              -95.0293417379362,
              46.277000516280985
            ],
            [
              -94.99066205360008,
              46.24799489787303
            ],
            [
              -94.99005675395864,
              46.24750900000329
            ],
            [
              -94.9907846185206,
              46.24723955736463
            ],
            [
              -95.04922362926406,
              46.22776267032453
            ],
            [
              -95.04995123382844,
              46.227546149540736
            ]
          ]
        ]
      },
      "properties": {
        "hail_size_bin": "0.5\"",
        "min_size_inches": 0.5
      }
    },
    {
      "type": "Feature",
      "geometry": {
        "type": "Polygon",
        "coordinates": [
          [
            [
              -95.08995070988306,
              32.2115338039322
            ],
            [
              -95.08966248955535,
              32.21227182285269
            ],
            [
              -95.06031095979377,
              32.280748940388335
            ],
            [
              -95.05997828802889,
              32.281460592377826
            ],
            [
              -95.05922537959863,
              32.281236431826066
            ],
            [
              -95.00076339772488,
              32.26175188883655
            ],
            [
              -95.00002933953337,
              32.261480729484894
            ],
            [
              -95.00013313371572,
              32.260705103550755
            ],
            [
              -95.00986284160582,
              32.20233519715157
            ],
            [
              -95.01002178629098,
              32.20154473435266
            ],
            [
              -95.01082472909741,
              32.20161806715011
            ],
            [
              -95.08916792730739,
              32.211409567740745
            ],
            [
              -95.08995070988306,
              32.2115338039322
            ]
          ]
        ]
      },
      "properties": {
        "hail_size_bin": "0.5\"",
        "min_size_inches": 0.5
      }
    },
    {
      "type": "Feature",
      "geometry": {
        "type": "Polygon",
        "coordinates": [
          [
            [
              -95.16995157621803,
              46.5274574806584
            ],
            [
              -95.16997670942857,
              46.528233335927005
            ],
            [
              -95.16997670942857,
              46.5465963310361
            ],
            [
              -95.16995076985998,
              46.54738870288688
            ],
            [
              -95.16915851332182,
              46.547414527142855
            ],
            [
              -95.16577572845054,
              46.547414527142855
            ],
            [
              -95.16255556568623,
              46.54751832937417
            ],
            [
              -95.15934877332514,
              46.547829305072
            ],
            [
              -95.15616866625533,
              46.54834616303748
            ],
            [
              -95.15302844856522,
              46.549066757230214
            ],
            [
              -95.14994115871893,
              46.5499880956788
            ],
            [
              -95.14691961541943,
              46.55110635290376
            ],
            [
              -95.14397636438422,
              46.55241688580129
            ],
            [
              -95.14112362625424,
              46.553914252921835
            ],
            [
              -95.13837324585286,
              46.55559223706347
            ],
            [
              -95.13573664300498,
              46.557443871086264
            ],
            [
              -95.13322476512093,
              46.559461466840496
            ],
            [
              -95.13084804174188,
              46.56163664708852
            ],
            [
              -95.12861634123546,
              46.5639603802878
            ],
            [
              -95.12653892982132,
              46.5664230180907
            ],
            [
              -95.12462443309708,
              46.569014335405264
            ],
            [
              -95.12288080022401,
              46.571723572850715
            ],
            [
              -95.12131527092143,
              46.57453948143137
            ],
            [
              -95.11998536553472,
              46.57734282262555
            ],
            [
              -95.11995971019371,
              46.57739243344262
            ],
            [
              -95.1194848302453,
              46.578071224416796
            ],
            [
              -95.0904822358954,
              46.616735825123506
            ],
            [
              -95.08998531276404,
              46.617354739697326
            ],
            [
              -95.08940585467386,
              46.616812322726545
            ],
            [
              -95.03058037624037,
              46.55799524913377
            ],
            [
              -95.0300733510659,
              46.55745367028293
            ],
            [
              -95.03080242938034,
              46.55759069212163
            ],
            [
              -95.06923647795946,
              46.566130371502986
            ],
            [
              -95.0723965541469,
              46.56672657295993
            ],
            [
              -95.07558842009664,
              46.56711840129801
            ],
            [
              -95.07879887228789,
              46.56730423567422
            ],
            [
              -95.0820146303157,
              46.56728330736329
            ],
            [
              -95.08522239182696,
              46.56705570293758
            ],
            [
              -95.08840888754702,
              46.56662236390899
            ],
            [
              -95.09156093616964,
              46.56598508283427
            ],
            [
              -95.09466549888302,
              46.56514649589993
            ],
            [
              -95.09770973330617,
              46.56411007201732
            ],
            [
              -95.10068104661315,
              46.562880098473094
            ],
            [
              -95.1035671476245,
              46.561461663194365
            ],
            [
              -95.10635609765127,
              46.55986063370189
            ],
            [
              -95.10903635988076,
              46.5580836328384
            ],
            [
              -95.1115968470998,
              46.55613801137244
            ],
            [
              -95.11402696755839,
              46.554031817591124
            ],
            [
              -95.11631666878357,
              46.55177376400738
            ],
            [
              -95.11845647916275,
              46.54937319131971
            ],
            [
              -95.11955460481153,
              46.54796903471279
            ],
            [
              -95.1200004963803,
              46.54743672100338
            ],
            [
              -95.12074692852839,
              46.547109340827724
            ],
            [
              -95.16922175579272,
              46.52772218030797
            ],
            [
              -95.16995157621803,
              46.5274574806584
            ]
          ]
        ]
      },
      "properties": {
        "hail_size_bin": "0.5\"",
        "min_size_inches": 0.5
      }
    },
    {
      "type": "Feature",
      "geometry": {
        "type": "Polygon",
        "coordinates": [
          [
            [
              -95.24993945431545,
              30.65198377814001
            ],
            [
              -95.24996527857144,
              30.652776034678187
            ],
            [
              -95.24996527857144,
              30.69112821275039
            ],
            [
              -95.24993933900285,
              30.691920584601153
            ],
            [
              -95.24914708246463,
              30.691946408857145
            ],
            [
              -95.23893757047952,
              30.691946408857145
            ],
            [
              -95.23570605084333,
              30.692050945327473
            ],
            [
              -95.23248804367341,
              30.69236411762351
            ],
            [
              -95.22929700493418,
              30.692884616228195
            ],
            [
              -95.22614627782274,
              30.693610264698055
            ],
            [
              -95.22304903697469,
              30.6945380287639
            ],
            [
              -95.22001823337509,
              30.695664029018502
            ],
            [
              -95.21706654020436,
              30.696983557138168
            ],
            [
              -95.21420629984593,
              30.698491095570414
            ],
            [
              -95.21144947227705,
              30.70018034060538
            ],
            [
              -95.20880758505865,
              30.702044228734525
            ],
            [
              -95.20629168513334,
              30.704074966186404
            ],
            [
              -95.203912292633,
              30.706264061516002
            ],
            [
              -95.2016793568894,
              30.70860236111136
            ],
            [
              -95.19960221483139,
              30.711080087469032
            ],
            [
              -95.1976895519429,
              30.713686880078296
            ],
            [
              -95.19594936594505,
              30.716411838743227
            ],
            [
              -95.1943889333539,
              30.7192435691614
            ],
            [
              -95.1930147790541,
              30.7221702305687
            ],
            [
              -95.1918326490152,
              30.72517958525099
            ],
            [
              -95.1908474862653,
              30.72825904971562
            ],
            [
              -95.19006341022187,
              30.73139574730876
            ],
            [
              -95.18977734896563,
              30.73272087783412
            ],
            [
              -95.18017175578109,
              30.771137760877522
            ],
            [
              -95.17995577154053,
              30.771896263675007
            ],
            [
              -95.17916932009607,
              30.7718429648964
            ],
            [
              -95.08077897806658,
              30.762005336470633
            ],
            [
              -95.08000461526554,
              30.76190300682496
            ],
            [
              -95.07959591738467,
              30.761237614707294
            ],
            [
              -95.0404002980896,
              30.692655081246087
            ],
            [
              -95.0400460666427,
              30.691985429520123
            ],
            [
              -95.04078397448083,
              30.692156696116694
            ],
            [
              -95.14014735381102,
              30.71864981145888
            ],
            [
              -95.14330708336873,
              30.719383389456677
            ],
            [
              -95.14650772965908,
              30.71991054302144
            ],
            [
              -95.14973582176667,
              30.72022905346344
            ],
            [
              -95.15297777326185,
              30.720337580232414
            ],
            [
              -95.15621993938346,
              30.720235666559702
            ],
            [
              -95.15944867446696,
              30.71992374138069
            ],
            [
              -95.16265038937655,
              30.71940311752951
            ],
            [
              -95.16581160869924,
              30.71867598621357
            ],
            [
              -95.16891902746029,
              30.71774540779116
            ],
            [
              -95.17195956712136,
              30.71661529889101
            ],
            [
              -95.17492043062562,
              30.715290415927914
            ],
            [
              -95.1777891562581,
              30.713776335083885
            ],
            [
              -95.18055367009477,
              30.712079428839075
            ],
            [
              -95.18320233681928,
              30.710206839151187
            ],
            [
              -95.18572400869395,
              30.708166447396344
            ],
            [
              -95.1881080724784,
              30.705966841197856
            ],
            [
              -95.19034449409868,
              30.70361727828253
            ],
            [
              -95.19242386087885,
              30.701127647516667
            ],
            [
              -95.19433742115704,
              30.698508427285677
            ],
            [
              -95.1960771211197,
              30.69577064139254
            ],
            [
              -95.19763563869844,
              30.692925812660697
            ],
            [
              -95.19900641438728,
              30.689985914436672
            ],
            [
              -95.20018367885042,
              30.686963320196522
            ],
            [
              -95.20116247720418,
              30.683870751468195
            ],
            [
              -95.20193868987128,
              30.68072122428905
            ],
            [
              -95.20250904991929,
              30.67752799442379
            ],
            [
              -95.20287115681053,
              30.67430450157347
            ],
            [
              -95.20302348650556,
              30.671064312810334
            ],
            [
              -95.20296539787745,
              30.66782106547656
            ],
            [
              -95.20269713541028,
              30.664588409787278
            ],
            [
              -95.20221982817007,
              30.661379951379384
            ],
            [
              -95.20153548505279,
              30.65820919404799
            ],
            [
              -95.2001690729024,
              30.65274432636493
            ],
            [
              -95.20000469162319,
              30.651982768154447
            ],
            [
              -95.20078312273355,
              30.65195783857143
            ],
            [
              -95.24914708246463,
              30.65195783857143
            ],
            [
              -95.24993945431545,
              30.65198377814001
            ]
          ]
        ]
      },
      "properties": {
        "hail_size_bin": "0.5\"",
        "min_size_inches": 0.5
      }
    },
    {
      "type": "Feature",
      "geometry": {
        "type": "Polygon",
        "coordinates": [
          [
            [
              -95.2399314824158,
              46.03758674464335
            ],
            [
              -95.23972775864289,
              46.03835663815093
            ],
            [
              -95.21020908430049,
              46.13673816077187
            ],
            [
              -95.209952799221,
              46.137499694841075
            ],
            [
              -95.20916725332579,
              46.13733077525486
            ],
            [
              -95.1707807052206,
              46.12773550937263
            ],
            [
              -95.1700034954135,
              46.12751362455306
            ],
            [
              -95.16997670942857,
              46.12670580621432
            ],
            [
              -95.16997670942857,
              46.067545098211944
            ],
            [
              -95.16987219497227,
              46.06431391849579
            ],
            [
              -95.16955908853424,
              46.06109624697929
            ],
            [
              -95.16903869908046,
              46.05790553538999
            ],
            [
              -95.16831320213973,
              46.054755122747395
            ],
            [
              -95.16738563070881,
              46.051658179598064
            ],
            [
              -95.16625986257264,
              46.048627652955176
            ],
            [
              -95.164940604093,
              46.04567621217251
            ],
            [
              -95.16343337053321,
              46.04281619597922
            ],
            [
              -95.16174446300111,
              46.040059560896786
            ],
            [
              -95.16087086958998,
              46.038821153741246
            ],
            [
              -95.16360420504203,
              46.03863941327747
            ],
            [
              -95.16682919644914,
              46.03821297905196
            ],
            [
              -95.16994418054473,
              46.03759275957355
            ],
            [
              -95.16998020556842,
              46.037586811818066
            ],
            [
              -95.17079490553532,
              46.037560256
            ],
            [
              -95.23913525024246,
              46.037560256
            ],
            [
              -95.2399314824158,
              46.03758674464335
            ]
          ]
        ]
      },
      "properties": {
        "hail_size_bin": "0.5\"",
        "min_size_inches": 0.5
      }
    },
    {
      "type": "Feature",
      "geometry": {
        "type": "Polygon",
        "coordinates": [
          [
            [
              -95.11775665505196,
              46.01759678447694
            ],
            [
              -95.11768150842887,
              46.01759780546878
            ],
            [
              -95.11445853247879,
              46.01785053388997
            ],
            [
              -95.11125862569926,
              46.018311014325995
            ],
            [
              -95.10809516555096,
              46.018977321702366
            ],
            [
              -95.1049813771266,
              46.01984667046895
            ],
            [
              -95.10193027786235,
              46.0209154262452
            ],
            [
              -95.09895462311742,
              46.02217912101398
            ],
            [
              -95.09606685284932,
              46.0236324718004
            ],
            [
              -95.09327903960765,
              46.02526940275778
            ],
            [
              -95.09060283806382,
              46.02708307056816
            ],
            [
              -95.08998501782321,
              46.027531584232236
            ],
            [
              -95.089248435943,
              46.02719331410079
            ],
            [
              -95.05072211370194,
              46.007932905253675
            ],
            [
              -95.05004920793182,
              46.00756864733904
            ],
            [
              -95.05072211370194,
              46.00720475131775
            ],
            [
              -95.10925547053606,
              45.97794225445223
            ],
            [
              -95.10994773293748,
              45.97762396692446
            ],
            [
              -95.10984256804504,
              45.978100097485246
            ],
            [
              -95.10924466610663,
              45.981297741773886
            ],
            [
              -95.10885596224415,
              45.98452749796158
            ],
            [
              -95.10867810182792,
              45.98777569459925
            ],
            [
              -95.10871183773511,
              45.99102858218003
            ],
            [
              -95.10895702716275,
              45.994272391340445
            ],
            [
              -95.10941263223225,
              45.997493391145674
            ],
            [
              -95.11007672438274,
              46.00067794721211
            ],
            [
              -95.1109464925345,
              46.00381257942129
            ],
            [
              -95.11201825498826,
              46.006884018980735
            ],
            [
              -95.11328747500971,
              46.009879264590325
            ],
            [
              -95.11474878003328,
              46.01278563747637
            ],
            [
              -95.11639598440406,
              46.015590835060415
            ],
            [
              -95.11775665505196,
              46.01759678447694
            ]
          ]
        ]
      },
      "properties": {
        "hail_size_bin": "0.5\"",
        "min_size_inches": 0.5
      }
    },
    {
      "type": "Feature",
      "geometry": {
        "type": "Polygon",
        "coordinates": [
          [
            [
              -95.61988113987597,
              32.69140528957338
            ],
            [
              -95.61975439209216,
              32.69216490408118
            ],
            [
              -95.61007419785352,
              32.74055895986175
            ],
            [
              -95.60989246235516,
              32.7413347039775
            ],
            [
              -95.60909628276615,
              32.741360635999996
            ],
            [
              -95.570748246034,
              32.741360635999996
            ],
            [
              -95.56992991066103,
              32.74133350266392
            ],
            [
              -95.56880727913027,
              32.74039550395172
            ],
            [
              -95.5685522535806,
              32.740167587714076
            ],
            [
              -95.56595228100106,
              32.73813587644123
            ],
            [
              -95.56322396414767,
              32.736280076005265
            ],
            [
              -95.56037918506745,
              32.73460826857156
            ],
            [
              -95.5574303330101,
              32.73312773500068
            ],
            [
              -95.55439025047181,
              32.73184492313954
            ],
            [
              -95.55127217726512,
              32.73076541974061
            ],
            [
              -95.54808969285838,
              32.729893926131034
            ],
            [
              -95.54485665723612,
              32.72923423773804
            ],
            [
              -95.54158715053761,
              32.72878922755949
            ],
            [
              -95.53829541173668,
              32.72856083365176
            ],
            [
              -95.53499577662983,
              32.72855005068933
            ],
            [
              -95.53170261540262,
              32.728756925632894
            ],
            [
              -95.52843027004634,
              32.72918055752486
            ],
            [
              -95.52519299189743,
              32.729819101413064
            ],
            [
              -95.52200487957168,
              32.73066977638573
            ],
            [
              -95.52100649479893,
              32.73100813466625
            ],
            [
              -95.51993941001633,
              32.73133188032873
            ],
            [
              -95.51956218334512,
              32.730634565424
            ],
            [
              -95.50029449682926,
              32.69210469823228
            ],
            [
              -95.49995557972724,
              32.69136778888606
            ],
            [
              -95.4999041516427,
              32.690058078992074
            ],
            [
              -95.49989892498839,
              32.68934319820284
            ],
            [
              -95.49986139100427,
              32.68883387492312
            ],
            [
              -95.50140499985443,
              32.69007964885044
            ],
            [
              -95.50411853607672,
              32.69198702700037
            ],
            [
              -95.50695256118996,
              32.69371030059851
            ],
            [
              -95.50989460393033,
              32.695241886296515
            ],
            [
              -95.51293171769727,
              32.69657504427785
            ],
            [
              -95.52388752888854,
              32.70095674261854
            ],
            [
              -95.52692343082984,
              32.70205858930823
            ],
            [
              -95.53002413430409,
              32.70296214046314
            ],
            [
              -95.53317670222543,
              32.703663626190746
            ],
            [
              -95.53636798111366,
              32.70416011967745
            ],
            [
              -95.53958465597451,
              32.70444954940015
            ],
            [
              -95.54281330585393,
              32.70453070776929
            ],
            [
              -95.54604045983443,
              32.70440325616725
            ],
            [
              -95.54925265323989,
              32.70406772636121
            ],
            [
              -95.55243648381425,
              32.70352551828442
            ],
            [
              -95.5555786676399,
              32.70277889419527
            ],
            [
              -95.55866609456228,
              32.70183096923844
            ],
            [
              -95.55992896639162,
              32.70139813072939
            ],
            [
              -95.56073517298603,
              32.70123638693816
            ],
            [
              -95.6191177391809,
              32.69150734949878
            ],
            [
              -95.61988113987597,
              32.69140528957338
            ]
          ]
        ]
      },
      "properties": {
        "hail_size_bin": "0.5\"",
        "min_size_inches": 0.5
      }
    },
    {
      "type": "Feature",
      "geometry": {
        "type": "Polygon",
        "coordinates": [
          [
            [
              -95.48157892364824,
              32.65267432680927
            ],
            [
              -95.4809543366118,
              32.65214585006932
            ],
            [
              -95.47828997702676,
              32.65017868109715
            ],
            [
              -95.47550123311228,
              32.64839221163399
            ],
            [
              -95.47260034027676,
              32.64679427968293
            ],
            [
              -95.46960002597372,
              32.64539189605266
            ],
            [
              -95.4665134538611,
              32.644191213598
            ],
            [
              -95.46335416604653,
              32.643197500224744
            ],
            [
              -95.4601360236725,
              32.64241511577708
            ],
            [
              -95.45687314610153,
              32.64184749290912
            ],
            [
              -95.45357984896849,
              32.64149712202436
            ],
            [
              -95.45027058137184,
              32.64136554034925
            ],
            [
              -95.44995562508348,
              32.641363456645784
            ],
            [
              -95.4497415697563,
              32.64060879511638
            ],
            [
              -95.44013350201234,
              32.60218201524951
            ],
            [
              -95.4398461905181,
              32.60085229531265
            ],
            [
              -95.43906165123008,
              32.59771617094241
            ],
            [
              -95.43807609058904,
              32.59463729969098
            ],
            [
              -95.43689362854514,
              32.59162855219829
            ],
            [
              -95.43551920815769,
              32.58870250596513
            ],
            [
              -95.43395857493158,
              32.585871392775296
            ],
            [
              -95.43221825279939,
              32.58314704756292
            ],
            [
              -95.43030551684915,
              32.580540858938754
            ],
            [
              -95.42822836291236,
              32.57806372158226
            ],
            [
              -95.42599547413886,
              32.57572599069843
            ],
            [
              -95.42361618469855,
              32.57353743872982
            ],
            [
              -95.42110044076169,
              32.57150721450471
            ],
            [
              -95.4184587589208,
              32.56964380499213
            ],
            [
              -95.41570218222803,
              32.567954999823705
            ],
            [
              -95.41284223403176,
              32.56644785873057
            ],
            [
              -95.4098908698054,
              32.565128682031485
            ],
            [
              -95.40686042716983,
              32.56400298429556
            ],
            [
              -95.40376357431833,
              32.56307547128965
            ],
            [
              -95.40061325705948,
              32.562350020306724
            ],
            [
              -95.39742264469974,
              32.561829663957646
            ],
            [
              -95.39420507499169,
              32.56151657749388
            ],
            [
              -95.39097399837792,
              32.56141206971429
            ],
            [
              -95.38076489953532,
              32.56141206971429
            ],
            [
              -95.37997252768456,
              32.561386130145706
            ],
            [
              -95.37994670342857,
              32.56059387360753
            ],
            [
              -95.37994670342857,
              32.513867634752565
            ],
            [
              -95.37987118736078,
              32.51153467033455
            ],
            [
              -95.3799603996536,
              32.51144937394803
            ],
            [
              -95.38072353114161,
              32.51120443779377
            ],
            [
              -95.44913896527943,
              32.49165996376301
            ],
            [
              -95.44990517107121,
              32.491468330632976
            ],
            [
              -95.44981935488653,
              32.49225338014522
            ],
            [
              -95.44596975106448,
              32.519196756745664
            ],
            [
              -95.44561391701993,
              32.522439752953794
            ],
            [
              -95.44547033068677,
              32.525699051227676
            ],
            [
              -95.44553960337763,
              32.52896077524536
            ],
            [
              -95.44582144016698,
              32.53221103835738
            ],
            [
              -95.44631464114688,
              32.5354360027086
            ],
            [
              -95.44701710653538,
              32.53862193815226
            ],
            [
              -95.44792584561637,
              32.54175528070549
            ],
            [
              -95.44903698947238,
              32.544822690297394
            ],
            [
              -95.4503458074563,
              32.5478111075638
            ],
            [
              -95.45184672733197,
              32.55070780944698
            ],
            [
              -95.4535333589977,
              32.553500463363484
            ],
            [
              -95.45539852169185,
              32.5561771797096
            ],
            [
              -95.45743427456462,
              32.55872656248082
            ],
            [
              -95.45963195048589,
              32.56113775778986
            ],
            [
              -95.45991598398393,
              32.561429661631124
            ],
            [
              -95.46043992189294,
              32.56204279123735
            ],
            [
              -95.49941732164169,
              32.610757579678676
            ],
            [
              -95.49989297037426,
              32.61139374226658
            ],
            [
              -95.49912306611563,
              32.612047785504565
            ],
            [
              -95.49666810073909,
              32.6142781476358
            ],
            [
              -95.49436641025251,
              32.61666636687627
            ],
            [
              -95.4922281233556,
              32.619201933752336
            ],
            [
              -95.49026264968269,
              32.62187369038003
            ],
            [
              -95.4884786383952,
              32.62466987956579
            ],
            [
              -95.48688394012058,
              32.62757819654464
            ],
            [
              -95.48548557240532,
              32.63058584312784
            ],
            [
              -95.4842896888338,
              32.63367958402195
            ],
            [
              -95.48330155194917,
              32.63684580507136
            ],
            [
              -95.48252551009531,
              32.640070573168074
            ],
            [
              -95.48196497828177,
              32.64333969756499
            ],
            [
              -95.4816224231557,
              32.64663879232297
            ],
            [
              -95.48149935214744,
              32.64995333961686
            ],
            [
              -95.48157892364824,
              32.65267432680927
            ]
          ]
        ]
      },
      "properties": {
        "hail_size_bin": "0.5\"",
        "min_size_inches": 0.5
      }
    },
    {
      "type": "Feature",
      "geometry": {
        "type": "Polygon",
        "coordinates": [
          [
            [
              -95.29388917328885,
              32.479258848609355
            ],
            [
              -95.29326397848652,
              32.47989150061658
            ],
            [
              -95.29114351278596,
              32.48233491530192
            ],
            [
              -95.28918550285327,
              32.484910346763876
            ],
            [
              -95.2873981462104,
              32.48760701254646
            ],
            [
              -95.285788925912,
              32.49041362262678
            ],
            [
              -95.28436457921639,
              32.49331842668256
            ],
            [
              -95.28313106937897,
              32.49630926328672
            ],
            [
              -95.27024733615018,
              32.530660976439925
            ],
            [
              -95.2699493291059,
              32.531383350706484
            ],
            [
              -95.26926667840598,
              32.531003256172895
            ],
            [
              -95.22067594677573,
              32.501852982709785
            ],
            [
              -95.22001858881099,
              32.501428566886354
            ],
            [
              -95.2206681269556,
              32.500992675533254
            ],
            [
              -95.25904219253711,
              32.4770123112903
            ],
            [
              -95.26176252479213,
              32.47518574092176
            ],
            [
              -95.26435737854773,
              32.47318491587292
            ],
            [
              -95.26681560987554,
              32.47101842894058
            ],
            [
              -95.2691266615895,
              32.46869558437747
            ],
            [
              -95.27128060858512,
              32.46622635793401
            ],
            [
              -95.27326820046397,
              32.463621354016155
            ],
            [
              -95.27508090126082,
              32.46089176014342
            ],
            [
              -95.27671092610233,
              32.45804929890267
            ],
            [
              -95.27815127464015,
              32.45510617760403
            ],
            [
              -95.27939576111498,
              32.45207503585496
            ],
            [
              -95.28043904092186,
              32.44896889127791
            ],
            [
              -95.28127663356345,
              32.44580108360449
            ],
            [
              -95.28190494189195,
              32.442585217386295
            ],
            [
              -95.28232126755763,
              32.43933510356843
            ],
            [
              -95.28252382259713,
              32.43606470017665
            ],
            [
              -95.28251173711216,
              32.43278805237287
            ],
            [
              -95.28228506300538,
              32.42951923213641
            ],
            [
              -95.28184477375746,
              32.426272277830115
            ],
            [
              -95.28119276024638,
              32.42306113391083
            ],
            [
              -95.28033182262683,
              32.41989959104314
            ],
            [
              -95.27926565830452,
              32.416801226873645
            ],
            [
              -95.27799884605732,
              32.41377934771999
            ],
            [
              -95.27653682637093,
              32.410846931425255
            ],
            [
              -95.27488587807427,
              32.4080165716229
            ],
            [
              -95.27305309137405,
              32.40530042365189
            ],
            [
              -95.27104633740507,
              32.40271015235394
            ],
            [
              -95.26998802796213,
              32.40143285862339
            ],
            [
              -95.26996242085714,
              32.40064001377617
            ],
            [
              -95.26996242085714,
              32.322297149801315
            ],
            [
              -95.2699858527224,
              32.32157989428951
            ],
            [
              -95.27032761330506,
              32.322210928540215
            ],
            [
              -95.28996985627604,
              32.36148980161077
            ],
            [
              -95.29152816088087,
              32.36436663354344
            ],
            [
              -95.29327127515356,
              32.36713539280393
            ],
            [
              -95.29519173544472,
              32.369784224146294
            ],
            [
              -95.29728131874651,
              32.372301785830764
            ],
            [
              -95.29953107790188,
              32.37467729818667
            ],
            [
              -95.30192252205156,
              32.37689238512964
            ],
            [
              -95.30121607024391,
              32.37833140510997
            ],
            [
              -95.29996958088174,
              32.38135586039072
            ],
            [
              -95.29993440478921,
              32.38144982441544
            ],
            [
              -95.29915746440587,
              32.382278759246205
            ],
            [
              -95.29704106710587,
              32.38468865414613
            ],
            [
              -95.29508352923891,
              32.387229279356504
            ],
            [
              -95.29329290547116,
              32.38989018098612
            ],
            [
              -95.29167656366859,
              32.392660410243316
            ],
            [
              -95.2902411545805,
              32.39552856848686
            ],
            [
              -95.28899258447375,
              32.39848285412786
            ],
            [
              -95.28793599083022,
              32.40151111118971
            ],
            [
              -95.28707572120777,
              32.40460087932613
            ],
            [
              -95.28641531535122,
              32.4077394450917
            ],
            [
              -95.28595749062755,
              32.41091389425377
            ],
            [
              -95.28570413084466,
              32.41411116493054
            ],
            [
              -95.2856562785001,
              32.41731810133672
            ],
            [
              -95.28581413049156,
              32.420521507915495
            ],
            [
              -95.28617703730666,
              32.42370820363421
            ],
            [
              -95.28674350569547,
              32.426865076220274
            ],
            [
              -95.28751120481485,
              32.429979136114085
            ],
            [
              -95.28847697581907,
              32.433037569917126
            ],
            [
              -95.28963684485753,
              32.43602779311511
            ],
            [
              -95.29098603942593,
              32.43893750185943
            ],
            [
              -95.29251900800365,
              32.44175472359366
            ],
            [
              -95.2942294428966,
              32.444467866317
            ],
            [
              -95.29611030619128,
              32.44706576628174
            ],
            [
              -95.29815385871387,
              32.449537733928686
            ],
            [
              -95.2995685598209,
              32.4510412826807
            ],
            [
              -95.29992779501723,
              32.45144958021457
            ],
            [
              -95.2996706885734,
              32.45220991380928
            ],
            [
              -95.29700073237905,
              32.459328779722696
            ],
            [
              -95.29594973614026,
              32.46243773234787
            ],
            [
              -95.29510495278195,
              32.46560893410699
            ],
            [
              -95.2944700216915,
              32.46882872323516
            ],
            [
              -95.29404767819761,
              32.472083228649616
            ],
            [
              -95.29383974178641,
              32.47535842970733
            ],
            [
              -95.29384710826288,
              32.47864021660695
            ],
            [
              -95.29388917328885,
              32.479258848609355
            ]
          ]
        ]
      },
      "properties": {
        "hail_size_bin": "0.5\"",
        "min_size_inches": 0.5
      }
    },
    {
      "type": "Feature",
      "geometry": {
        "type": "Polygon",
        "coordinates": [
          [
            [
              -95.78985610786313,
              47.347211190770196
            ],
            [
              -95.78969147024053,
              47.34797242065044
            ],
            [
              -95.78009056323697,
              47.38637056164808
            ],
            [
              -95.77986863806143,
              47.38714771979489
            ],
            [
              -95.77906085825173,
              47.38717450314286
            ],
            [
              -95.74072395546257,
              47.38717450314286
            ],
            [
              -95.73990039523241,
              47.38714719656753
            ],
            [
              -95.73890089272692,
              47.386765649966875
            ],
            [
              -95.73786827522039,
              47.38633151041111
            ],
            [
              -95.73475971393083,
              47.38525906456684
            ],
            [
              -95.73158738184134,
              47.3843932686937
            ],
            [
              -95.72836500029497,
              47.3837378676336
            ],
            [
              -95.72510650711455,
              47.383295696204115
            ],
            [
              -95.72182599631715,
              47.38306866693701
            ],
            [
              -95.71853765715308,
              47.3830577618059
            ],
            [
              -95.71525571273274,
              47.38326302797895
            ],
            [
              -95.71199435850731,
              47.38368357761482
            ],
            [
              -95.70876770086882,
              47.38431759170286
            ],
            [
              -95.70558969613552,
              47.38516232793095
            ],
            [
              -95.70247409018643,
              47.38621413254681
            ],
            [
              -95.69943435900603,
              47.3874684561617
            ],
            [
              -95.69648365039635,
              47.38891987342791
            ],
            [
              -95.69363472710852,
              47.39056210650516
            ],
            [
              -95.69089991163989,
              47.392388052214216
            ],
            [
              -95.68829103293524,
              47.39438981276043
            ],
            [
              -95.68581937522292,
              47.396558729894174
            ],
            [
              -95.68349562920692,
              47.39888542236053
            ],
            [
              -95.68132984582618,
              47.40135982647621
            ],
            [
              -95.67933139278117,
              47.40397123965815
            ],
            [
              -95.67037838857483,
              47.41650365469028
            ],
            [
              -95.6699163824904,
              47.41710778634689
            ],
            [
              -95.66954612675582,
              47.41579588813052
            ],
            [
              -95.66856741773036,
              47.412713228155575
            ],
            [
              -95.66739145598434,
              47.409700293066734
            ],
            [
              -95.666023162054,
              47.4067696897845
            ],
            [
              -95.66446826124451,
              47.40393368073122
            ],
            [
              -95.66273325967373,
              47.40120413252188
            ],
            [
              -95.660825417049,
              47.398592466311044
            ],
            [
              -95.65875271629045,
              47.39610961000364
            ],
            [
              -95.65652383012849,
              47.3937659525298
            ],
            [
              -95.65414808481471,
              47.39157130037475
            ],
            [
              -95.65163542109836,
              47.3895348365459
            ],
            [
              -95.6489963526317,
              47.387665082148686
            ],
            [
              -95.64624192197797,
              47.38596986073204
            ],
            [
              -95.64338365440649,
              47.38445626555252
            ],
            [
              -95.64043350966777,
              47.3831306298943
            ],
            [
              -95.63740383195085,
              47.38199850056901
            ],
            [
              -95.6343072982318,
              47.38106461470637
            ],
            [
              -95.63115686523,
              47.380332879932816
            ],
            [
              -95.62796571519372,
              47.37980635802098
            ],
            [
              -95.62474720074215,
              47.379487252078334
            ],
            [
              -95.6215147889944,
              47.379376897328896
            ],
            [
              -95.61828200521963,
              47.37947575552624
            ],
            [
              -95.6150623762436,
              47.37978341302141
            ],
            [
              -95.61186937384892,
              47.38029858249375
            ],
            [
              -95.60871635840552,
              47.38101910833739
            ],
            [
              -95.60561652296731,
              47.38194197568086
            ],
            [
              -95.59069287512644,
              47.386915814209694
            ],
            [
              -95.5899329912567,
              47.38714173319226
            ],
            [
              -95.58965794195255,
              47.386398347625835
            ],
            [
              -95.57017758079569,
              47.32796561407452
            ],
            [
              -95.5699504853285,
              47.327202270547446
            ],
            [
              -95.5701046816136,
              47.32709219162045
            ],
            [
              -95.57269179170643,
              47.32511501559642
            ],
            [
              -95.5751447254498,
              47.32297364227235
            ],
            [
              -95.57745308008549,
              47.32067715309573
            ],
            [
              -95.57960706600737,
              47.318235287351925
            ],
            [
              -95.58012625747557,
              47.317563139953144
            ],
            [
              -95.58166387017141,
              47.318673114746744
            ],
            [
              -95.58445252643767,
              47.32041930373825
            ],
            [
              -95.5873499907636,
              47.321978303496195
            ],
            [
              -95.59034371622495,
              47.323343363065376
            ],
            [
              -95.5934207390567,
              47.32450857131208
            ],
            [
              -95.59656773479026,
              47.32546888252117
            ],
            [
              -95.59977107595253,
              47.32622013824558
            ],
            [
              -95.60301689107713,
              47.326759085313704
            ],
            [
              -95.60629112477218,
              47.32708338991664
            ],
            [
              -95.60957959858455,
              47.32719164771429
            ],
            [
              -95.63908086225172,
              47.32719164771429
            ],
            [
              -95.63989602631709,
              47.32721867590013
            ],
            [
              -95.6402670808002,
              47.32768140102502
            ],
            [
              -95.64151629568458,
              47.32935006463268
            ],
            [
              -95.6436650612216,
              47.33185674026201
            ],
            [
              -95.64597457315747,
              47.334216140749824
            ],
            [
              -95.64843476145104,
              47.33641797852858
            ],
            [
              -95.65103489907513,
              47.33845265304301
            ],
            [
              -95.65376364878895,
              47.34031129261083
            ],
            [
              -95.65660911257136,
              47.341985793105536
            ],
            [
              -95.6595588834991,
              47.34346885329234
            ],
            [
              -95.66260009984403,
              47.34475400666338
            ],
            [
              -95.6657195011535,
              47.34583564963327
            ],
            [
              -95.6689034860691,
              47.346709065972135
            ],
            [
              -95.67213817163203,
              47.3473704473695
            ],
            [
              -95.67540945381614,
              47.3478169100395
            ],
            [
              -95.67870306902502,
              47.348046507294875
            ],
            [
              -95.68200465628473,
              47.34805823803502
            ],
            [
              -95.68529981986127,
              47.347852051111026
            ],
            [
              -95.68857419202946,
              47.34742884554867
            ],
            [
              -95.689905774356,
              47.347211827206685
            ],
            [
              -95.69071026597015,
              47.347185932857144
            ],
            [
              -95.71906807885253,
              47.347185932857144
            ],
            [
              -95.71989629328829,
              47.34721343859557
            ],
            [
              -95.71991833296528,
              47.34721564094744
            ],
            [
              -95.72319162308443,
              47.34743457040256
            ],
            [
              -95.7264722242216,
              47.34743837688918
            ],
            [
              -95.7297460135748,
              47.347227044020585
            ],
            [
              -95.72989839755562,
              47.347212173865906
            ],
            [
              -95.73070739330512,
              47.347185932857144
            ],
            [
              -95.78907742040917,
              47.347185932857144
            ],
            [
              -95.78985610786313,
              47.347211190770196
            ]
          ]
        ]
      },
      "properties": {
        "hail_size_bin": "0.5\"",
        "min_size_inches": 0.5
      }
    },
    {
      "type": "Feature",
      "geometry": {
        "type": "Polygon",
        "coordinates": [
          [
            [
              -95.57051229612074,
              47.24600271434036
            ],
            [
              -95.56793333318583,
              47.24423777633619
            ],
            [
              -95.56513221854394,
              47.242577619588964
            ],
            [
              -95.56222898729011,
              47.241103302136985
            ],
            [
              -95.55923595186978,
              47.23982107648016
            ],
            [
              -95.5561658055829,
              47.23873638046759
            ],
            [
              -95.5530315687525,
              47.237853814235905
            ],
            [
              -95.55000883376565,
              47.23721160306178
            ],
            [
              -95.54992952645257,
              47.237192059152164
            ],
            [
              -95.54871551991761,
              47.23671928686039
            ],
            [
              -95.54818425794116,
              47.23649216421686
            ],
            [
              -95.54515514463831,
              47.23542156390455
            ],
            [
              -95.54206352871809,
              47.2345477084062
            ],
            [
              -95.53892217448869,
              47.23387420559585
            ],
            [
              -95.53574405161208,
              47.233403836154466
            ],
            [
              -95.53254228155646,
              47.233138542089264
            ],
            [
              -95.52933008342171,
              47.233079418715874
            ],
            [
              -95.52612071936201,
              47.23322671013608
            ],
            [
              -95.52292743983051,
              47.23357980823001
            ],
            [
              -95.51976342887245,
              47.23413725516687
            ],
            [
              -95.51664174969231,
              47.23489674942386
            ],
            [
              -95.51357529072,
              47.23585515528847
            ],
            [
              -95.5105767123986,
              47.237008515804796
            ],
            [
              -95.50765839491338,
              47.23835206911062
            ],
            [
              -95.45066779913628,
              47.266843295660586
            ],
            [
              -95.44994291396688,
              47.26717653196996
            ],
            [
              -95.44939362785752,
              47.26659792181044
            ],
            [
              -95.37049069515344,
              47.177844805158976
            ],
            [
              -95.36997634113416,
              47.177226718575405
            ],
            [
              -95.37022186455943,
              47.17565680609035
            ],
            [
              -95.37023478401937,
              47.17558881120975
            ],
            [
              -95.37063380443244,
              47.172344790855504
            ],
            [
              -95.37082002605128,
              47.16908163182514
            ],
            [
              -95.3707926531222,
              47.16581327810016
            ],
            [
              -95.37055180261396,
              47.16255369585983
            ],
            [
              -95.37009850371788,
              47.15931681380148
            ],
            [
              -95.36943469345006,
              47.15611646362109
            ],
            [
              -95.36856320837404,
              47.15296632090828
            ],
            [
              -95.36748777247993,
              47.14987984670841
            ],
            [
              -95.36621298127103,
              47.1468702300015
            ],
            [
              -95.36474428212671,
              47.14395033134362
            ],
            [
              -95.36308795102477,
              47.14113262791183
            ],
            [
              -95.36125106572331,
              47.138429160187194
            ],
            [
              -95.35924147551638,
              47.13585148050402
            ],
            [
              -95.3570677676927,
              47.13341060368492
            ],
            [
              -95.35473923084082,
              47.13111695997277
            ],
            [
              -95.35226581515765,
              47.1289803504607
            ],
            [
              -95.35026489584551,
              47.127468418945696
            ],
            [
              -95.34998008194087,
              47.12723841266729
            ],
            [
              -95.35014791566365,
              47.12646120617614
            ],
            [
              -95.35975017211476,
              47.088057668159536
            ],
            [
              -95.35997124063846,
              47.08728272366068
            ],
            [
              -95.3611748833252,
              47.08698708373304
            ],
            [
              -95.36186310309253,
              47.086842146820544
            ],
            [
              -95.36498918445452,
              47.08596858561931
            ],
            [
              -95.36805199989264,
              47.08489403666926
            ],
            [
              -95.3710386420976,
              47.08362302833193
            ],
            [
              -95.37393652476916,
              47.08216091688753
            ],
            [
              -95.37673343565731,
              47.080513863962516
            ],
            [
              -95.37941758802705,
              47.07868881056328
            ],
            [
              -95.38197767033006,
              47.07669344782536
            ],
            [
              -95.38440289387378,
              47.074536184601506
            ],
            [
              -95.38668303828713,
              47.0722261120251
            ],
            [
              -95.38880849459113,
              47.069772965198304
            ],
            [
              -95.39077030569305,
              47.06718708216645
            ],
            [
              -95.39256020413336,
              47.06447936035145
            ],
            [
              -95.39417064692644,
              47.06166121062792
            ],
            [
              -95.39559484734826,
              47.0587445092355
            ],
            [
              -95.39682680353688,
              47.05574154773003
            ],
            [
              -95.39786132378558,
              47.0526649811845
            ],
            [
              -95.39869404842165,
              47.049527774858085
            ],
            [
              -95.39932146817898,
              47.04634314955797
            ],
            [
              -95.39974093898677,
              47.04312452592426
            ],
            [
              -95.39995069311219,
              47.03988546787278
            ],
            [
              -95.3999498466099,
              47.036639625433985
            ],
            [
              -95.39994384571429,
              47.03645631703604
            ],
            [
              -95.39994384571429,
              46.9631209621427
            ],
            [
              -95.39983956096864,
              46.95989333154786
            ],
            [
              -95.39952714174402,
              46.956679164658446
            ],
            [
              -95.3990078912628,
              46.95349186901751
            ],
            [
              -95.39828397552117,
              46.95034474007768
            ],
            [
              -95.39768271557334,
              46.94833493398722
            ],
            [
              -95.39862637589749,
              46.94793678532474
            ],
            [
              -95.39992788944235,
              46.94733672785814
            ],
            [
              -95.40016735993035,
              46.94808241798313
            ],
            [
              -95.40559399720235,
              46.967072934728726
            ],
            [
              -95.40658056498035,
              46.97014623901432
            ],
            [
              -95.4077633722064,
              46.973149484305395
            ],
            [
              -95.40913748964252,
              46.97607015485926
            ],
            [
              -95.41069719078331,
              46.978896079055666
            ],
            [
              -95.41243597572074,
              46.98161548012093
            ],
            [
              -95.4143465982319,
              46.984217025206505
            ],
            [
              -95.41642109597692,
              46.98668987261756
            ],
            [
              -95.41865082368123,
              46.98902371699476
            ],
            [
              -95.42102648916408,
              46.99120883226084
            ],
            [
              -95.42353819206265,
              46.99323611215314
            ],
            [
              -95.426175465091,
              46.99509710817311
            ],
            [
              -95.42892731766148,
              46.9967840647946
            ],
            [
              -95.43178228168692,
              46.99828995178434
            ],
            [
              -95.43472845937288,
              46.99960849349971
            ],
            [
              -95.43775357280055,
              47.00073419504194
            ],
            [
              -95.4408450150938,
              47.00166236515559
            ],
            [
              -95.44398990295723,
              47.00238913577886
            ],
            [
              -95.44717513036602,
              47.00291147816345
            ],
            [
              -95.45038742318407,
              47.00322721549651
            ],
            [
              -95.45361339448276,
              47.00333503197237
            ],
            [
              -95.45683960032966,
              47.00323447827599
            ],
            [
              -95.4600525958149,
              47.002925973455454
            ],
            [
              -95.46323899108152,
              47.00241080317563
            ],
            [
              -95.46638550712653,
              47.00169111436028
            ],
            [
              -95.4694790311398,
              47.00076990624495
            ],
            [
              -95.47915846144565,
              46.997543890467455
            ],
            [
              -95.47990693977009,
              46.99732128605545
            ],
            [
              -95.47993241485715,
              46.99810174972967
            ],
            [
              -95.47993241485715,
              47.0364563170361
            ],
            [
              -95.47990647528856,
              47.037248688886876
            ],
            [
              -95.4791142187504,
              47.037274513142854
            ],
            [
              -95.43993641885598,
              47.037274513142854
            ],
            [
              -95.43670772982867,
              47.037378866367156
            ],
            [
              -95.43349251776579,
              47.037691490456254
            ],
            [
              -95.43030420337712,
              47.03821108047688
            ],
            [
              -95.42715609509816,
              47.03893546759326
            ],
            [
              -95.42406133353887,
              47.039861628120164
            ],
            [
              -95.42103283663313,
              47.0409856961441
            ],
            [
              -95.41808324571764,
              47.04230297966015
            ],
            [
              -95.41522487276528,
              47.043807980157034
            ],
            [
              -95.4124696489934,
              47.045494415568584
            ],
            [
              -95.40982907506137,
              47.04735524649587
            ],
            [
              -95.40731417306534,
              47.04938270559062
            ],
            [
              -95.40493544053062,
              47.05156832997708
            ],
            [
              -95.40270280659358,
              47.05390299657718
            ],
            [
              -95.40062559055622,
              47.05637696019142
            ],
            [
              -95.39871246298618,
              47.05897989417661
            ],
            [
              -95.3969714095247,
              47.061700933550576
            ],
            [
              -95.39540969755345,
              47.06452872034404
            ],
            [
              -95.39403384585962,
              47.06745145101023
            ],
            [
              -95.39284959742564,
              47.07045692569438
            ],
            [
              -95.3918618954572,
              47.07353259915754
            ],
            [
              -95.39107486274969,
              47.076665633142
            ],
            [
              -95.39049178447917,
              47.07984294995983
            ],
            [
              -95.3901150944895,
              47.083051287080856
            ],
            [
              -95.38994636513331,
              47.086277252492145
            ],
            [
              -95.3899863007087,
              47.08950738059801
            ],
            [
              -95.3902347345194,
              47.09272818842713
            ],
            [
              -95.39069062957064,
              47.09592623191225
            ],
            [
              -95.39135208289771,
              47.09908816200739
            ],
            [
              -95.3922163335091,
              47.102200780408545
            ],
            [
              -95.39327977391129,
              47.10525109464505
            ],
            [
              -95.39453796516689,
              47.10822637231189
            ],
            [
              -95.39598565542332,
              47.111114194216356
            ],
            [
              -95.39761680183474,
              47.11390250621736
            ],
            [
              -95.39942459578567,
              47.116579669541
            ],
            [
              -95.39991765863421,
              47.11726128592997
            ],
            [
              -95.39993373225693,
              47.117708042036604
            ],
            [
              -95.39994175274046,
              47.12006626420188
            ],
            [
              -95.40016771375824,
              47.123336820364706
            ],
            [
              -95.40060751452963,
              47.12658553877006
            ],
            [
              -95.40125926433421,
              47.12979845305276
            ],
            [
              -95.40212016127457,
              47.13296175077093
            ],
            [
              -95.4031865043217,
              47.13606183278623
            ],
            [
              -95.40445370922589,
              47.13908537172704
            ],
            [
              -95.40591632822459,
              47.14201936928334
            ],
            [
              -95.40756807346257,
              47.144851212086984
            ],
            [
              -95.40940184402365,
              47.14756872593702
            ],
            [
              -95.41140975645773,
              47.150160228137054
            ],
            [
              -95.41358317867218,
              47.152614577719625
            ],
            [
              -95.41591276704145,
              47.15492122334163
            ],
            [
              -95.41838850657568,
              47.15707024864498
            ],
            [
              -95.42099975397555,
              47.159052414887356
            ],
            [
              -95.42373528338823,
              47.160859200659985
            ],
            [
              -95.42658333466771,
              47.162482838521456
            ],
            [
              -95.4295316639322,
              47.163916348390245
            ],
            [
              -95.43256759620097,
              47.165153567552395
            ],
            [
              -95.43567807988462,
              47.16618917715521
            ],
            [
              -95.43884974289438,
              47.16701872507325
            ],
            [
              -95.43992791601644,
              47.167263257862
            ],
            [
              -95.44062827131204,
              47.16769739485186
            ],
            [
              -95.47552530840716,
              47.19095876224631
            ],
            [
              -95.47835626654273,
              47.19271251883031
            ],
            [
              -95.48129768674269,
              47.19427393912238
            ],
            [
              -95.48433652088339,
              47.19563609667076
            ],
            [
              -95.48745928871344,
              47.196792948952144
            ],
            [
              -95.49065213765206,
              47.197739364176215
            ],
            [
              -95.49390090423911,
              47.1984711440503
            ],
            [
              -95.49719117696405,
              47.198985042402946
            ],
            [
              -95.50050836019531,
              47.19927877958391
            ],
            [
              -95.50383773892652,
              47.19935105257669
            ],
            [
              -95.50716454405209,
              47.19920154077868
            ],
            [
              -95.51047401788296,
              47.1988309074234
            ],
            [
              -95.51375147961159,
              47.198240796638345
            ],
            [
              -95.51698239043594,
              47.197433826151695
            ],
            [
              -95.52015241805354,
              47.19641357568003
            ],
            [
              -95.52324750023948,
              47.1951845710488
            ],
            [
              -95.52625390722635,
              47.193752264115716
            ],
            [
              -95.52915830260945,
              47.19212300858638
            ],
            [
              -95.53194780250699,
              47.19030403182927
            ],
            [
              -95.53461003271292,
              47.188303402815194
            ],
            [
              -95.5371331835888,
              47.18612999632335
            ],
            [
              -95.53950606245137,
              47.18379345357287
            ],
            [
              -95.54171814322316,
              47.18130413945441
            ],
            [
              -95.54375961312616,
              47.1786730965516
            ],
            [
              -95.5456214162112,
              47.175911996156145
            ],
            [
              -95.54729529353014,
              47.17303308649406
            ],
            [
              -95.54877381977246,
              47.170049138392635
            ],
            [
              -95.54982190658787,
              47.16752398463854
            ],
            [
              -95.54992769015672,
              47.167290616737525
            ],
            [
              -95.55037648560351,
              47.16791837837575
            ],
            [
              -95.55877493158322,
              47.180514247421144
            ],
            [
              -95.56062421878975,
              47.18310513281815
            ],
            [
              -95.5626346192136,
              47.18557309563159
            ],
            [
              -95.56479798466134,
              47.187908133158516
            ],
            [
              -95.56710554696932,
              47.19010078144484
            ],
            [
              -95.56954795354102,
              47.19214215364293
            ],
            [
              -95.57211530525349,
              47.194023976030195
            ],
            [
              -95.57479719657854,
              47.19573862154261
            ],
            [
              -95.57758275775669,
              47.197279140687414
            ],
            [
              -95.58046069885239,
              47.19863928970951
            ],
            [
              -95.58341935551249,
              47.19981355589754
            ],
            [
              -95.586446736242,
              47.20079717992701
            ],
            [
              -95.58953057100587,
              47.20158617514993
            ],
            [
              -95.65910965384192,
              47.21704598438251
            ],
            [
              -95.65979093174052,
              47.21722088324002
            ],
            [
              -95.65910338264248,
              47.21736911543052
            ],
            [
              -95.60063656372482,
              47.22799792730713
            ],
            [
              -95.59742048156416,
              47.22869261810251
            ],
            [
              -95.5942570521727,
              47.22959732482325
            ],
            [
              -95.59115997418638,
              47.23070812980707
            ],
            [
              -95.58814265891893,
              47.232020222921925
            ],
            [
              -95.58521817228652,
              47.233527922395375
            ],
            [
              -95.58239917822847,
              47.23522469941844
            ],
            [
              -95.57969788386829,
              47.23710320641737
            ],
            [
              -95.57712598665313,
              47.23915530887095
            ],
            [
              -95.57469462370011,
              47.24137212053549
            ],
            [
              -95.57241432356919,
              47.24374404192504
            ],
            [
              -95.57051229612074,
              47.24600271434036
            ]
          ]
        ]
      },
      "properties": {
        "hail_size_bin": "0.5\"",
        "min_size_inches": 0.5
      }
    },
    {
      "type": "Feature",
      "geometry": {
        "type": "Polygon",
        "coordinates": [
          [
            [
              -95.32991021631726,
              46.91727793486104
            ],
            [
              -95.32914234642196,
              46.91720737911734
            ],
            [
              -95.25078592924031,
              46.90741422639132
            ],
            [
              -95.24998536726477,
              46.90728715393699
            ],
            [
              -95.249703713401,
              46.90652707631834
            ],
            [
              -95.23022761022618,
              46.848107114888066
            ],
            [
              -95.23000538051963,
              46.84735962600107
            ],
            [
              -95.23078031607304,
              46.847444813392144
            ],
            [
              -95.2991618019705,
              46.85721220135183
            ],
            [
              -95.29994146141306,
              46.857349288854955
            ],
            [
              -95.30031792065164,
              46.8580454167782
            ],
            [
              -95.32958806801942,
              46.91657734741941
            ],
            [
              -95.32991021631726,
              46.91727793486104
            ]
          ]
        ]
      },
      "properties": {
        "hail_size_bin": "0.5\"",
        "min_size_inches": 0.5
      }
    },
    {
      "type": "Feature",
      "geometry": {
        "type": "Polygon",
        "coordinates": [
          [
            [
              -95.35990303821474,
              31.631720044553077
            ],
            [
              -95.3596143131304,
              31.632432010825767
            ],
            [
              -95.32028445241168,
              31.720911553895327
            ],
            [
              -95.31993676336018,
              31.721630057406923
            ],
            [
              -95.31916906181482,
              31.721848619320326
            ],
            [
              -95.24075317931322,
              31.741449788978283
            ],
            [
              -95.2399916352931,
              31.741614114559287
            ],
            [
              -95.23996670742858,
              31.740835709006944
            ],
            [
              -95.23996670742858,
              31.672488223697414
            ],
            [
              -95.23999311826618,
              31.671685037829878
            ],
            [
              -95.24074638714384,
              31.67140652475163
            ],
            [
              -95.35916655038504,
              31.63193877686581
            ],
            [
              -95.35990303821474,
              31.631720044553077
            ]
          ]
        ]
      },
      "properties": {
        "hail_size_bin": "0.5\"",
        "min_size_inches": 0.5
      }
    },
    {
      "type": "Feature",
      "geometry": {
        "type": "Polygon",
        "coordinates": [
          [
            [
              -95.35992351056538,
              45.57771085449865
            ],
            [
              -95.35994956114286,
              45.57851354055456
            ],
            [
              -95.35994956114286,
              45.596857249928604
            ],
            [
              -95.35992277515793,
              45.59766506826735
            ],
            [
              -95.35914556535083,
              45.59788695308691
            ],
            [
              -95.32074645260741,
              45.6074853596799
            ],
            [
              -95.31997057983003,
              45.60765261966961
            ],
            [
              -95.31965236320643,
              45.606925950214915
            ],
            [
              -95.30025969548417,
              45.55845120785174
            ],
            [
              -95.30000075617157,
              45.55773759725502
            ],
            [
              -95.30072836073595,
              45.557954118038815
            ],
            [
              -95.35916988142746,
              45.577431841608735
            ],
            [
              -95.35992351056538,
              45.57771085449865
            ]
          ]
        ]
      },
      "properties": {
        "hail_size_bin": "0.5\"",
        "min_size_inches": 0.5
      }
    },
    {
      "type": "Feature",
      "geometry": {
        "type": "Polygon",
        "coordinates": [
          [
            [
              -95.68983888784534,
              44.677939332016116
            ],
            [
              -95.68910087354901,
              44.67816257849551
            ],
            [
              -95.54071197026802,
              44.71772729898533
            ],
            [
              -95.53994329487337,
              44.71790561236869
            ],
            [
              -95.53985012150063,
              44.71751228741787
            ],
            [
              -95.53935669000457,
              44.71508850304867
            ],
            [
              -95.538477722376,
              44.71187991832981
            ],
            [
              -95.53738733212194,
              44.70873688649986
            ],
            [
              -95.53609034644366,
              44.70567332188645
            ],
            [
              -95.5345925071486,
              44.70270278701266
            ],
            [
              -95.53290044523126,
              44.69983843255518
            ],
            [
              -95.53102165151742,
              44.69709293912576
            ],
            [
              -95.52896444350198,
              44.69447846113361
            ],
            [
              -95.52673792852713,
              44.692006572977384
            ],
            [
              -95.52435196346367,
              44.6896882178048
            ],
            [
              -95.52181711107441,
              44.68753365906695
            ],
            [
              -95.51914459325225,
              44.685552435081526
            ],
            [
              -95.51634624134047,
              44.68375331680636
            ],
            [
              -95.51343444375492,
              44.68214426901001
            ],
            [
              -95.51042209113994,
              44.680732415011434
            ],
            [
              -95.50732251930108,
              44.67952400514474
            ],
            [
              -95.50414945016682,
              44.67852438908875
            ],
            [
              -95.50091693104113,
              44.677737992183715
            ],
            [
              -95.31076413901947,
              44.638128487297244
            ],
            [
              -95.31013530942431,
              44.63797569847768
            ],
            [
              -95.31078101274474,
              44.6379328230153
            ],
            [
              -95.60909220610782,
              44.62799053730235
            ],
            [
              -95.60990680510403,
              44.62799018245587
            ],
            [
              -95.61061099845958,
              44.628398815389154
            ],
            [
              -95.68919893459245,
              44.677509257689465
            ],
            [
              -95.68983888784534,
              44.677939332016116
            ]
          ]
        ]
      },
      "properties": {
        "hail_size_bin": "0.5\"",
        "min_size_inches": 0.5
      }
    },
    {
      "type": "Feature",
      "geometry": {
        "type": "Polygon",
        "coordinates": [
          [
            [
              -95.65987829525329,
              33.191236147224686
            ],
            [
              -95.6596094845453,
              33.191974972760576
            ],
            [
              -95.64021672771136,
              33.24044993787104
            ],
            [
              -95.63989555029158,
              33.24118162184405
            ],
            [
              -95.63916984880024,
              33.240847965243695
            ],
            [
              -95.5606632388416,
              33.201600268680735
            ],
            [
              -95.55997145950312,
              33.201225234174196
            ],
            [
              -95.56059628715508,
              33.20074690380757
            ],
            [
              -95.62925507160017,
              33.15171192191782
            ],
            [
              -95.62990568281857,
              33.15127823596342
            ],
            [
              -95.63039463327613,
              33.15188825765953
            ],
            [
              -95.65942655178856,
              33.19059195166327
            ],
            [
              -95.65987829525329,
              33.191236147224686
            ]
          ]
        ]
      },
      "properties": {
        "hail_size_bin": "0.5\"",
        "min_size_inches": 0.5
      }
    },
    {
      "type": "Feature",
      "geometry": {
        "type": "Polygon",
        "coordinates": [
          [
            [
              -95.50120429990835,
              33.206760969724826
            ],
            [
              -95.50057060666754,
              33.20730441150088
            ],
            [
              -95.49823880579862,
              33.20958415537323
            ],
            [
              -95.49606057310409,
              33.21201105251655
            ],
            [
              -95.49404517437408,
              33.214574779369165
            ],
            [
              -95.49220118273378,
              33.21726443032167
            ],
            [
              -95.49053644217508,
              33.22006856410735
            ],
            [
              -95.48991399227634,
              33.22119950037036
            ],
            [
              -95.4891239854464,
              33.22132434008499
            ],
            [
              -95.41076290512203,
              33.231118075620564
            ],
            [
              -95.40995083810401,
              33.23119239583209
            ],
            [
              -95.40880201510049,
              33.2302194495934
            ],
            [
              -95.4062224556087,
              33.22817765253827
            ],
            [
              -95.40377738534505,
              33.22649140990074
            ],
            [
              -95.40539459693912,
              33.226379929416666
            ],
            [
              -95.40860836942244,
              33.22594770066026
            ],
            [
              -95.41178736615117,
              33.225308063989196
            ],
            [
              -95.41491821606768,
              33.22446370975507
            ],
            [
              -95.41798775062273,
              33.22341818936422
            ],
            [
              -95.42098305916335,
              33.22217590034034
            ],
            [
              -95.42389154323578,
              33.22074206782823
            ],
            [
              -95.42670096957536,
              33.21912272261649
            ],
            [
              -95.42939952156044,
              33.21732467577166
            ],
            [
              -95.46474010826238,
              33.19208500625365
            ],
            [
              -95.46730447789497,
              33.190125587375505
            ],
            [
              -95.46973709993182,
              33.18800481770899
            ],
            [
              -95.47202783976402,
              33.18573153264687
            ],
            [
              -95.4741671538818,
              33.183315202980175
            ],
            [
              -95.47614612963382,
              33.18076589544176
            ],
            [
              -95.47786240302109,
              33.17823312621537
            ],
            [
              -95.47893662687804,
              33.17988180453059
            ],
            [
              -95.4799388890203,
              33.18131605231764
            ],
            [
              -95.48017506387856,
              33.18186377153277
            ],
            [
              -95.48086986181835,
              33.18363002460152
            ],
            [
              -95.48225185738893,
              33.18656768028055
            ],
            [
              -95.48382158095725,
              33.18940945799259
            ],
            [
              -95.48557241473665,
              33.19214337710671
            ],
            [
              -95.48749697739912,
              33.1947579117123
            ],
            [
              -95.48958715519431,
              33.197242039211055
            ],
            [
              -95.49183413615617,
              33.199585286787105
            ],
            [
              -95.49422844725325,
              33.201777775559265
            ],
            [
              -95.49675999432601,
              33.20381026222933
            ],
            [
              -95.49941810464274,
              33.20567417805086
            ],
            [
              -95.50120429990835,
              33.206760969724826
            ]
          ]
        ]
      },
      "properties": {
        "hail_size_bin": "0.5\"",
        "min_size_inches": 0.5
      }
    },
    {
      "type": "Feature",
      "geometry": {
        "type": "Polygon",
        "coordinates": [
          [
            [
              -95.47774336303083,
              33.12441140619643
            ],
            [
              -95.47698306144896,
              33.12321595985033
            ],
            [
              -95.47507905457209,
              33.120610183235684
            ],
            [
              -95.47301091023671,
              33.118132665736134
            ],
            [
              -95.47078724459183,
              33.1157937290007
            ],
            [
              -95.46841732170778,
              33.113603117333554
            ],
            [
              -95.46591101498092,
              33.111569957098006
            ],
            [
              -95.46327876599979,
              33.10970271869491
            ],
            [
              -95.46053154104425,
              33.10800918127396
            ],
            [
              -95.45768078539842,
              33.106496400324716
            ],
            [
              -95.45473837566836,
              33.10517067828259
            ],
            [
              -95.4517165703025,
              33.104037538272095
            ],
            [
              -95.44862795852146,
              33.10310170109682
            ],
            [
              -95.44548540786981,
              33.102367065571954
            ],
            [
              -95.44074009010666,
              33.1014181376192
            ],
            [
              -95.43998916721287,
              33.10124225170355
            ],
            [
              -95.44051646987351,
              33.10067951161539
            ],
            [
              -95.46935696607147,
              33.07184313607709
            ],
            [
              -95.46992686568362,
              33.07130933947704
            ],
            [
              -95.4702987088116,
              33.07199596678969
            ],
            [
              -95.48956395439684,
              33.11052095281773
            ],
            [
              -95.48989790276683,
              33.11124741651457
            ],
            [
              -95.48914805431043,
              33.11186471238076
            ],
            [
              -95.48816881178986,
              33.11261785953525
            ],
            [
              -95.4857308204884,
              33.1147583825546
            ],
            [
              -95.48343677937414,
              33.11705250891305
            ],
            [
              -95.48129634694784,
              33.11949057975098
            ],
            [
              -95.47931853497826,
              33.12206233016565
            ],
            [
              -95.47774336303083,
              33.12441140619643
            ]
          ]
        ]
      },
      "properties": {
        "hail_size_bin": "0.5\"",
        "min_size_inches": 0.5
      }
    },
    {
      "type": "Feature",
      "geometry": {
        "type": "Polygon",
        "coordinates": [
          [
            [
              -95.50987849905411,
              45.44772831641181
            ],
            [
              -95.50922186386165,
              45.448132366294125
            ],
            [
              -95.44064892703317,
              45.48731130303398
            ],
            [
              -95.43995254553259,
              45.487679479115414
            ],
            [
              -95.43967922277722,
              45.486940803022115
            ],
            [
              -95.4376827471877,
              45.4809522320082
            ],
            [
              -95.43656574460906,
              45.47792996243876
            ],
            [
              -95.43525640248878,
              45.474985912282406
            ],
            [
              -95.43376015816231,
              45.47213230736465
            ],
            [
              -95.43208322511826,
              45.469380997916986
            ],
            [
              -95.43023256719546,
              45.46674340936609
            ],
            [
              -95.42821586966407,
              45.464230494887246
            ],
            [
              -95.42604150731081,
              45.461852689918835
            ],
            [
              -95.42371850966077,
              45.45961986882681
            ],
            [
              -95.4212565234803,
              45.45754130389923
            ],
            [
              -95.41866577271661,
              45.45562562684097
            ],
            [
              -95.41595701604064,
              45.453880792928686
            ],
            [
              -95.4131415021692,
              45.45231404797473
            ],
            [
              -95.41023092315217,
              45.45093189823728
            ],
            [
              -95.4072373658187,
              45.449740083401686
            ],
            [
              -95.40417326158394,
              45.448743552745114
            ],
            [
              -95.40105133482471,
              45.447946444583586
            ],
            [
              -95.39995396875548,
              45.44770363380403
            ],
            [
              -95.39928887022194,
              45.44723768285242
            ],
            [
              -95.36063201395699,
              45.418249183051635
            ],
            [
              -95.35997444497237,
              45.41772009159996
            ],
            [
              -95.35974264506012,
              45.41690987049518
            ],
            [
              -95.35014942763019,
              45.378542483397304
            ],
            [
              -95.34998621637612,
              45.3777852638387
            ],
            [
              -95.35073759169155,
              45.37797355751538
            ],
            [
              -95.41916749170053,
              45.397522164061655
            ],
            [
              -95.41992574104647,
              45.397765417360276
            ],
            [
              -95.42078691934347,
              45.39882772222499
            ],
            [
              -95.42112587634838,
              45.399274015083016
            ],
            [
              -95.42326829373403,
              45.40174188128993
            ],
            [
              -95.42556735206882,
              45.40406451915294
            ],
            [
              -95.4280132294851,
              45.40623200606963
            ],
            [
              -95.4305954768855,
              45.40823508226204
            ],
            [
              -95.43330306258288,
              45.41006519033559
            ],
            [
              -95.43612441942902,
              45.41171451183736
            ],
            [
              -95.43904749423102,
              45.41317600065751
            ],
            [
              -95.44205979924399,
              45.41444341313114
            ],
            [
              -95.44514846552033,
              45.41551133471202
            ],
            [
              -95.44830029788744,
              45.416375203104245
            ],
            [
              -95.45150183131925,
              45.41703132775289
            ],
            [
              -95.45473938846041,
              45.41747690561054
            ],
            [
              -95.45799913805776,
              45.417710033112314
            ],
            [
              -95.45865584777354,
              45.41771398806006
            ],
            [
              -95.45992755089779,
              45.4177649394343
            ],
            [
              -95.46065038984459,
              45.4181664256308
            ],
            [
              -95.5092306066778,
              45.447310391117085
            ],
            [
              -95.50987849905411,
              45.44772831641181
            ]
          ]
        ]
      },
      "properties": {
        "hail_size_bin": "0.5\"",
        "min_size_inches": 0.5
      }
    },
    {
      "type": "Feature",
      "geometry": {
        "type": "Polygon",
        "coordinates": [
          [
            [
              -95.5498356458179,
              31.21185144069776
            ],
            [
              -95.54934499916021,
              31.212375153768896
            ],
            [
              -95.47051213029278,
              31.291196759188548
            ],
            [
              -95.46994923771808,
              31.291723908457584
            ],
            [
              -95.46977344529664,
              31.290973085641255
            ],
            [
              -95.46009649348856,
              31.242595239697174
            ],
            [
              -95.45996552314033,
              31.241806495154464
            ],
            [
              -95.46071505932348,
              31.241529358506376
            ],
            [
              -95.54914777536379,
              31.212055998176446
            ],
            [
              -95.5498356458179,
              31.21185144069776
            ]
          ]
        ]
      },
      "properties": {
        "hail_size_bin": "0.5\"",
        "min_size_inches": 0.5
      }
    },
    {
      "type": "Feature",
      "geometry": {
        "type": "Polygon",
        "coordinates": [
          [
            [
              -95.5598649778926,
              30.911964756039943
            ],
            [
              -95.55963032545573,
              30.912658524137083
            ],
            [
              -95.53020649727432,
              30.99111085527492
            ],
            [
              -95.52990934091359,
              30.991832026577853
            ],
            [
              -95.52913998423067,
              30.991703651171807
            ],
            [
              -95.48073478807106,
              30.982023995143134
            ],
            [
              -95.47998692310725,
              30.98184881217551
            ],
            [
              -95.48054825554279,
              30.98132475981973
            ],
            [
              -95.55929804354241,
              30.91242854045028
            ],
            [
              -95.5598649778926,
              30.911964756039943
            ]
          ]
        ]
      },
      "properties": {
        "hail_size_bin": "0.5\"",
        "min_size_inches": 0.5
      }
    },
    {
      "type": "Feature",
      "geometry": {
        "type": "Polygon",
        "coordinates": [
          [
            [
              -95.6298849819973,
              46.597416309912155
            ],
            [
              -95.629910982,
              46.598214433917455
            ],
            [
              -95.629910982,
              46.63656688460517
            ],
            [
              -95.62988470335401,
              46.63736596977391
            ],
            [
              -95.62909540153849,
              46.63749074327738
            ],
            [
              -95.55071767342547,
              46.64728655948922
            ],
            [
              -95.54993848858045,
              46.64735866922947
            ],
            [
              -95.5496484890994,
              46.64663277015161
            ],
            [
              -95.51021098262262,
              46.53819512286071
            ],
            [
              -95.50997355893996,
              46.537468262092546
            ],
            [
              -95.5106683566632,
              46.53778744587916
            ],
            [
              -95.62918272401257,
              46.59703616303214
            ],
            [
              -95.6298849819973,
              46.597416309912155
            ]
          ]
        ]
      },
      "properties": {
        "hail_size_bin": "0.5\"",
        "min_size_inches": 0.5
      }
    },
    {
      "type": "Feature",
      "geometry": {
        "type": "Polygon",
        "coordinates": [
          [
            [
              -95.6298799744572,
              45.597665133738545
            ],
            [
              -95.62911422452359,
              45.59779978909109
            ],
            [
              -95.56072192584962,
              45.60756872151243
            ],
            [
              -95.55999919264265,
              45.60764819108019
            ],
            [
              -95.56054256605911,
              45.60716521438775
            ],
            [
              -95.61928645015928,
              45.55821897195655
            ],
            [
              -95.61989794691316,
              45.55774234492036
            ],
            [
              -95.62011004830933,
              45.558487849428296
            ],
            [
              -95.62971575233338,
              45.59690517576641
            ],
            [
              -95.6298799744572,
              45.597665133738545
            ]
          ]
        ]
      },
      "properties": {
        "hail_size_bin": "0.5\"",
        "min_size_inches": 0.5
      }
    },
    {
      "type": "Feature",
      "geometry": {
        "type": "Polygon",
        "coordinates": [
          [
            [
              -95.72984710720246,
              46.267469946443065
            ],
            [
              -95.72908251632367,
              46.26749453514286
            ],
            [
              -95.68072427467976,
              46.26749453514286
            ],
            [
              -95.67994486185579,
              46.26746894989043
            ],
            [
              -95.68022624620004,
              46.26685763323371
            ],
            [
              -95.68148458970818,
              46.263868481800216
            ],
            [
              -95.6825464987301,
              46.26080403994141
            ],
            [
              -95.68340750540906,
              46.25767720093442
            ],
            [
              -95.68406398716115,
              46.25450112058499
            ],
            [
              -95.68451318191694,
              46.251289161876
            ],
            [
              -95.68475319974257,
              46.2480548387443
            ],
            [
              -95.6847830307914,
              46.2448117592224
            ],
            [
              -95.68460254955279,
              46.24157356818428
            ],
            [
              -95.68421251538025,
              46.23835388993621
            ],
            [
              -95.68361456929648,
              46.23516627089408
            ],
            [
              -95.682811227089,
              46.232024122588456
            ],
            [
              -95.68180586872525,
              46.228940665237154
            ],
            [
              -95.68060272413176,
              46.225928872122736
            ],
            [
              -95.67920685539731,
              46.22300141500895
            ],
            [
              -95.6776241354747,
              46.22017061082579
            ],
            [
              -95.67586122347103,
              46.217448369847446
            ],
            [
              -95.67392553663032,
              46.21484614558126
            ],
            [
              -95.67182521912626,
              46.21237488657844
            ],
            [
              -95.66956910779668,
              46.2100449903693
            ],
            [
              -95.66716669496346,
              46.207866259716916
            ],
            [
              -95.6646280884948,
              46.205847861373144
            ],
            [
              -95.66196396927754,
              46.20399828751058
            ],
            [
              -95.65918554627858,
              46.20232531999275
            ],
            [
              -95.65630450938446,
              46.20083599763288
            ],
            [
              -95.6533329802176,
              46.19953658657885
            ],
            [
              -95.65028346113593,
              46.198432553949175
            ],
            [
              -95.64716878263074,
              46.19752854483073
            ],
            [
              -95.64400204934394,
              46.19682836273509
            ],
            [
              -95.6407965849317,
              46.1963349535957
            ],
            [
              -95.63756587600693,
              46.19605039337325
            ],
            [
              -95.63432351539575,
              46.19597587932124
            ],
            [
              -95.63108314494744,
              46.19611172494875
            ],
            [
              -95.62785839813785,
              46.196457358701345
            ],
            [
              -95.62466284270826,
              46.197011326365846
            ],
            [
              -95.62150992358066,
              46.197771297188744
            ],
            [
              -95.61841290628982,
              46.19873407368258
            ],
            [
              -95.61538482117014,
              46.19989560507898
            ],
            [
              -95.61243840853206,
              46.201251004371805
            ],
            [
              -95.58065465143794,
              46.21714061232606
            ],
            [
              -95.57993339121136,
              46.21747197023961
            ],
            [
              -95.57965769927368,
              46.21672765287711
            ],
            [
              -95.57018041590324,
              46.1882998650391
            ],
            [
              -95.56995161007097,
              46.18752976245066
            ],
            [
              -95.57064059142317,
              46.18711687609343
            ],
            [
              -95.65919954175303,
              46.13792448873604
            ],
            [
              -95.65990744980262,
              46.13756071456817
            ],
            [
              -95.66063024284205,
              46.137893403731674
            ],
            [
              -95.69917272201235,
              46.15716188988918
            ],
            [
              -95.69985825852395,
              46.15753298508737
            ],
            [
              -95.69899198708751,
              46.15846474449216
            ],
            [
              -95.69686239682332,
              46.16090972617083
            ],
            [
              -95.6948957525704,
              46.16348759360048
            ],
            [
              -95.69310032453205,
              46.16618750624008
            ],
            [
              -95.69148366290695,
              46.16899811031969
            ],
            [
              -95.69005256613885,
              46.17190758658573
            ],
            [
              -95.68881305232743,
              46.17490370000376
            ],
            [
              -95.68777033392087,
              46.17797385120965
            ],
            [
              -95.68692879579618,
              46.181105129492884
            ],
            [
              -95.6862919768198,
              46.184284367089184
            ],
            [
              -95.68586255496588,
              46.18749819455402
            ],
            [
              -95.68564233605464,
              46.19073309698431
            ],
            [
              -95.6856322461586,
              46.19397547085177
            ],
            [
              -95.68583232770816,
              46.19721168120895
            ],
            [
              -95.68624173931315,
              46.200428119027414
            ],
            [
              -95.68685875930115,
              46.20361125842694
            ],
            [
              -95.68768079295747,
              46.20674771355498
            ],
            [
              -95.68870438343656,
              46.209824294877414
            ],
            [
              -95.68992522629883,
              46.21282806464356
            ],
            [
              -95.69133818761188,
              46.21574639129255
            ],
            [
              -95.69293732553986,
              46.21856700257198
            ],
            [
              -95.69471591533035,
              46.22127803714564
            ],
            [
              -95.69666647759344,
              46.22386809447322
            ],
            [
              -95.69878080975441,
              46.22632628275232
            ],
            [
              -95.69881438798956,
              46.226360553075445
            ],
            [
              -95.6998805453692,
              46.227523500349115
            ],
            [
              -95.70039324292905,
              46.22816222165145
            ],
            [
              -95.72940814249303,
              46.266843226966095
            ],
            [
              -95.72984710720246,
              46.267469946443065
            ]
          ]
        ]
      },
      "properties": {
        "hail_size_bin": "0.5\"",
        "min_size_inches": 0.5
      }
    },
    {
      "type": "Feature",
      "geometry": {
        "type": "Polygon",
        "coordinates": [
          [
            [
              -95.82980681877326,
              44.97788702311791
            ],
            [
              -95.8292177570557,
              44.9783283304153
            ],
            [
              -95.73055778012831,
              45.04738044685687
            ],
            [
              -95.72989973392836,
              45.047810060448406
            ],
            [
              -95.72908154295575,
              45.04700497132559
            ],
            [
              -95.72837754259668,
              45.04626749710398
            ],
            [
              -95.7259423860091,
              45.04403278658264
            ],
            [
              -95.72336491001005,
              45.04196384091042
            ],
            [
              -95.72065637705487,
              45.04006970048506
            ],
            [
              -95.71782862226111,
              45.03835864188099
            ],
            [
              -95.71489400169416,
              45.03683814168425
            ],
            [
              -95.71186533837664,
              45.035514843823066
            ],
            [
              -95.70875586625733,
              45.03439453053675
            ],
            [
              -95.7055791723845,
              45.03348209710982
            ],
            [
              -95.70234913753643,
              45.03278153048171
            ],
            [
              -95.69907987556834,
              45.03229589182558
            ],
            [
              -95.69578567174108,
              45.0320273031723
            ],
            [
              -95.69248092030057,
              45.03197693813814
            ],
            [
              -95.68918006158125,
              45.032145016796505
            ],
            [
              -95.68589751890809,
              45.03253080471635
            ],
            [
              -95.68264763557282,
              45.033132616171336
            ],
            [
              -95.67944461216,
              45.033947821505684
            ],
            [
              -95.6763024444966,
              45.03497285862467
            ],
            [
              -95.67323486249627,
              45.03620324855943
            ],
            [
              -95.67025527016561,
              45.037633615038104
            ],
            [
              -95.66993038539549,
              45.03780301033062
            ],
            [
              -95.66990526657142,
              45.037031872196465
            ],
            [
              -95.66990526657142,
              44.98868221168054
            ],
            [
              -95.66993154521741,
              44.9878831265118
            ],
            [
              -95.670720847033,
              44.987758353008324
            ],
            [
              -95.74908055913058,
              44.97796478847666
            ],
            [
              -95.74989004332657,
              44.97789046740504
            ],
            [
              -95.75086699866075,
              44.97826645167122
            ],
            [
              -95.75185994091082,
              44.9786871049217
            ],
            [
              -95.7549011805269,
              44.97975017750961
            ],
            [
              -95.7580045691465,
              44.980615186645615
            ],
            [
              -95.7611572224165,
              44.98127854106722
            ],
            [
              -95.76434605145155,
              44.98173748672276
            ],
            [
              -95.76755781717519,
              44.9819901182054
            ],
            [
              -95.77077918528458,
              44.982035386663846
            ],
            [
              -95.77399678161065,
              44.981873104156804
            ],
            [
              -95.77719724764361,
              44.981503944433335
            ],
            [
              -95.78036729599363,
              44.98092944013559
            ],
            [
              -95.78349376555609,
              44.98015197643576
            ],
            [
              -95.78656367615264,
              44.97917478113352
            ],
            [
              -95.78832145374788,
              44.97848770518627
            ],
            [
              -95.78832672913907,
              44.97850126196539
            ],
            [
              -95.78989428605078,
              44.97789127371847
            ],
            [
              -95.7907316170687,
              44.97786314342857
            ],
            [
              -95.82907113694037,
              44.97786314342857
            ],
            [
              -95.82980681877326,
              44.97788702311791
            ]
          ]
        ]
      },
      "properties": {
        "hail_size_bin": "0.5\"",
        "min_size_inches": 0.5
      }
    },
    {
      "type": "Feature",
      "geometry": {
        "type": "Polygon",
        "coordinates": [
          [
            [
              -95.80981166030169,
              33.56108105753162
            ],
            [
              -95.8090905210017,
              33.560909610124696
            ],
            [
              -95.70069118970426,
              33.53135038008859
            ],
            [
              -95.69992140335779,
              33.53111312123039
            ],
            [
              -95.69964193637838,
              33.530357879312575
            ],
            [
              -95.68016441030011,
              33.47193364978183
            ],
            [
              -95.67993757739865,
              33.47117028946134
            ],
            [
              -95.68070314183922,
              33.4709522462337
            ],
            [
              -95.71912560647141,
              33.461348002502646
            ],
            [
              -95.71989033383991,
              33.46118252955508
            ],
            [
              -95.72043085050538,
              33.46174673681481
            ],
            [
              -95.80933415277659,
              33.5605140701309
            ],
            [
              -95.80981166030169,
              33.56108105753162
            ]
          ]
        ]
      },
      "properties": {
        "hail_size_bin": "0.5\"",
        "min_size_inches": 0.5
      }
    },
    {
      "type": "Feature",
      "geometry": {
        "type": "Polygon",
        "coordinates": [
          [
            [
              -95.84984917075887,
              45.297755358345896
            ],
            [
              -95.84911249503219,
              45.29807848272073
            ],
            [
              -95.75065016262457,
              45.337457788460746
            ],
            [
              -95.74998876706742,
              45.33769762673008
            ],
            [
              -95.75046986692719,
              45.33718432708903
            ],
            [
              -95.83930268942152,
              45.24836419681146
            ],
            [
              -95.83986558199621,
              45.247837047542426
            ],
            [
              -95.84004137441761,
              45.248587870358485
            ],
            [
              -95.84971750861087,
              45.296961628812696
            ],
            [
              -95.84984917075887,
              45.297755358345896
            ]
          ]
        ]
      },
      "properties": {
        "hail_size_bin": "0.5\"",
        "min_size_inches": 0.5
      }
    },
    {
      "type": "Feature",
      "geometry": {
        "type": "Polygon",
        "coordinates": [
          [
            [
              -95.85984335601752,
              45.88759859526682
            ],
            [
              -95.85925236647115,
              45.888139399493134
            ],
            [
              -95.79050293151917,
              45.94705906709366
            ],
            [
              -95.78990616702787,
              45.94753787918454
            ],
            [
              -95.78977359464008,
              45.946784407879626
            ],
            [
              -95.78000667024179,
              45.8784257054118
            ],
            [
              -95.77991911545455,
              45.87762413597531
            ],
            [
              -95.78067512257316,
              45.87734415446065
            ],
            [
              -95.83910746131171,
              45.85786949110442
            ],
            [
              -95.83987037872582,
              45.85764257701625
            ],
            [
              -95.84033329245209,
              45.85829006745361
            ],
            [
              -95.85942093690025,
              45.886917443331825
            ],
            [
              -95.85984335601752,
              45.88759859526682
            ]
          ]
        ]
      },
      "properties": {
        "hail_size_bin": "0.5\"",
        "min_size_inches": 0.5
      }
    },
    {
      "type": "Feature",
      "geometry": {
        "type": "Polygon",
        "coordinates": [
          [
            [
              -95.89979860272283,
              45.54772486723282
            ],
            [
              -95.8992148992796,
              45.54819332722628
            ],
            [
              -95.89053855096391,
              45.55469965872145
            ],
            [
              -95.88798856247709,
              45.55674546712965
            ],
            [
              -95.88557771702118,
              45.558953542652276
            ],
            [
              -95.88331632122404,
              45.56131444552505
            ],
            [
              -95.88121404279997,
              45.56381808263008
            ],
            [
              -95.87927986921908,
              45.566453750645
            ],
            [
              -95.87752206928486,
              45.56921018180091
            ],
            [
              -95.87594815778425,
              45.57207559205325
            ],
            [
              -95.87456486336097,
              45.57503773145991
            ],
            [
              -95.87337809974993,
              45.578083936551074
            ],
            [
              -95.87239294049529,
              45.58120118446694
            ],
            [
              -95.87161359726059,
              45.584376148631854
            ],
            [
              -95.87104340182336,
              45.58759525572689
            ],
            [
              -95.87068479183142,
              45.59084474371728
            ],
            [
              -95.87053930038174,
              45.59411072068658
            ],
            [
              -95.87060754946611,
              45.59737922422619
            ],
            [
              -95.87088924731228,
              45.60063628112613
            ],
            [
              -95.87138318963115,
              45.60386796711205
            ],
            [
              -95.87208726476528,
              45.60706046637304
            ],
            [
              -95.87299846271652,
              45.610200130625735
            ],
            [
              -95.874112888014,
              45.61327353746218
            ],
            [
              -95.87957310164433,
              45.62692212118302
            ],
            [
              -95.87972897593725,
              45.62735178122403
            ],
            [
              -95.87951141626877,
              45.62694982593648
            ],
            [
              -95.84024792850818,
              45.5484340701578
            ],
            [
              -95.83992220709831,
              45.5477255164067
            ],
            [
              -95.8407014129655,
              45.54770027
            ],
            [
              -95.89905056565762,
              45.54770027
            ],
            [
              -95.89979860272283,
              45.54772486723282
            ]
          ]
        ]
      },
      "properties": {
        "hail_size_bin": "0.5\"",
        "min_size_inches": 0.5
      }
    },
    {
      "type": "Feature",
      "geometry": {
        "type": "Polygon",
        "coordinates": [
          [
            [
              -95.8598529024141,
              45.7077016636958
            ],
            [
              -95.8598781182857,
              45.70847232593812
            ],
            [
              -95.8598781182857,
              45.74682492532181
            ],
            [
              -95.85985217871712,
              45.74761729717259
            ],
            [
              -95.85905992217896,
              45.74764312142857
            ],
            [
              -95.80070524403008,
              45.74764312142857
            ],
            [
              -95.7999664281207,
              45.74761892455615
            ],
            [
              -95.80056779830295,
              45.74718911505557
            ],
            [
              -95.85919765861381,
              45.70810812610917
            ],
            [
              -95.8598529024141,
              45.7077016636958
            ]
          ]
        ]
      },
      "properties": {
        "hail_size_bin": "0.5\"",
        "min_size_inches": 0.5
      }
    },
    {
      "type": "Feature",
      "geometry": {
        "type": "Polygon",
        "coordinates": [
          [
            [
              -95.90982385001672,
              32.9113066608862
            ],
            [
              -95.90913174055352,
              32.911681623627594
            ],
            [
              -95.83062338402915,
              32.95093019334865
            ],
            [
              -95.82991878705127,
              32.951253726008325
            ],
            [
              -95.83006213803998,
              32.950491946236525
            ],
            [
              -95.84970047194516,
              32.862132070110526
            ],
            [
              -95.84989567702466,
              32.861373007146064
            ],
            [
              -95.85051366142503,
              32.86185469992504
            ],
            [
              -95.90923602920375,
              32.910783014650214
            ],
            [
              -95.90982385001672,
              32.9113066608862
            ]
          ]
        ]
      },
      "properties": {
        "hail_size_bin": "0.5\"",
        "min_size_inches": 0.5
      }
    },
    {
      "type": "Feature",
      "geometry": {
        "type": "Polygon",
        "coordinates": [
          [
            [
              -95.8998401340911,
              32.22148429270269
            ],
            [
              -95.89906170298059,
              32.22150922228572
            ],
            [
              -95.84069917210675,
              32.22150922228572
            ],
            [
              -95.83990680025599,
              32.22148328271714
            ],
            [
              -95.839880976,
              32.22069102617896
            ],
            [
              -95.839880976,
              32.192335384240664
            ],
            [
              -95.83990702651755,
              32.1915390326868
            ],
            [
              -95.84068269303566,
              32.19135747407377
            ],
            [
              -95.88906202833108,
              32.18168298947895
            ],
            [
              -95.88985419063312,
              32.18155168904345
            ],
            [
              -95.89007464807116,
              32.18232380265894
            ],
            [
              -95.89967575281194,
              32.22072273449242
            ],
            [
              -95.8998401340911,
              32.22148429270269
            ]
          ]
        ]
      },
      "properties": {
        "hail_size_bin": "0.5\"",
        "min_size_inches": 0.5
      }
    },
    {
      "type": "Feature",
      "geometry": {
        "type": "Polygon",
        "coordinates": [
          [
            [
              -96.29977968071776,
              46.57741418672235
            ],
            [
              -96.29936627149256,
              46.578079324252336
            ],
            [
              -96.28027245792636,
              46.606715952485445
            ],
            [
              -96.27980390819292,
              46.60737112298338
            ],
            [
              -96.27899909323573,
              46.60739738257143
            ],
            [
              -96.23064109440746,
              46.60739738257143
            ],
            [
              -96.22984511037319,
              46.60737139970703
            ],
            [
              -96.22975187512898,
              46.60706805489503
            ],
            [
              -96.22870233134506,
              46.60400927360491
            ],
            [
              -96.2274572543459,
              46.60102473538245
            ],
            [
              -96.2260218523808,
              46.59812692477205
            ],
            [
              -96.22440212984247,
              46.59532796353009
            ],
            [
              -96.22260486215025,
              46.592639559918716
            ],
            [
              -96.22063756740798,
              46.590072959729326
            ],
            [
              -96.21850847495524,
              46.587638899240574
            ],
            [
              -96.21622649094347,
              46.585347560307746
            ],
            [
              -96.21380116108074,
              46.58320852777126
            ],
            [
              -96.21124263070148,
              46.581230749362646
            ],
            [
              -96.20856160232775,
              46.57942249827544
            ],
            [
              -96.20576929089977,
              46.57779133855784
            ],
            [
              -96.20287737686301,
              46.57634409347175
            ],
            [
              -96.19989795730808,
              46.57508681695053
            ],
            [
              -96.19684349536759,
              46.57402476827498
            ],
            [
              -96.19372676808203,
              46.573162390073364
            ],
            [
              -96.19056081295246,
              46.57250328973755
            ],
            [
              -96.18735887340361,
              46.57205022433306
            ],
            [
              -96.18413434338576,
              46.57180508906603
            ],
            [
              -96.18090071134675,
              46.571768909355434
            ],
            [
              -96.17767150380887,
              46.57194183654369
            ],
            [
              -96.17446022878639,
              46.572323147263546
            ],
            [
              -96.17128031928051,
              46.57291124646404
            ],
            [
              -96.1681450770882,
              46.57370367408265
            ],
            [
              -96.16506761715974,
              46.57469711533598
            ],
            [
              -96.16206081273788,
              46.57588741458569
            ],
            [
              -96.15913724150819,
              46.577269592721876
            ],
            [
              -96.15630913298564,
              46.578837867991034
            ],
            [
              -96.15358831735762,
              46.58058568018158
            ],
            [
              -96.15098617599736,
              46.58250571806568
            ],
            [
              -96.14851359385489,
              46.58458994998269
            ],
            [
              -96.14618091392441,
              46.586829657436155
            ],
            [
              -96.1439978939788,
              46.589215471563925
            ],
            [
              -96.12037773556408,
              46.61676838579214
            ],
            [
              -96.1198510010567,
              46.61734331037264
            ],
            [
              -96.1195801337877,
              46.61661213430799
            ],
            [
              -96.11608896924236,
              46.60614013709917
            ],
            [
              -96.11493194574092,
              46.603019755145
            ],
            [
              -96.11356990849278,
              46.59998325362888
            ],
            [
              -96.1120088915882,
              46.59704408484394
            ],
            [
              -96.11025581063612,
              46.59421526988035
            ],
            [
              -96.10831843212661,
              46.59150934093937
            ],
            [
              -96.10620533902379,
              46.58893828581324
            ],
            [
              -96.10392589274169,
              46.58651349477694
            ],
            [
              -96.10149019167129,
              46.584245710127014
            ],
            [
              -96.09890902644274,
              46.58214497859117
            ],
            [
              -96.09619383212073,
              46.58022060681927
            ],
            [
              -96.09335663754496,
              46.578481120153064
            ],
            [
              -96.09041001203997,
              46.57693422485728
            ],
            [
              -96.08736700973067,
              46.57558677397938
            ],
            [
              -96.08424111170997,
              46.57444473698919
            ],
            [
              -96.08104616631493,
              46.573513173333005
            ],
            [
              -96.07779632777596,
              46.572796210019256
            ],
            [
              -96.0745059935107,
              46.572297023335075
            ],
            [
              -96.07118974034083,
              46.5720178247747
            ],
            [
              -96.0678622599138,
              46.57195985124213
            ],
            [
              -96.06453829361598,
              46.5721233595714
            ],
            [
              -96.06123256726549,
              46.57250762538877
            ],
            [
              -96.0579597258739,
              46.573110946321826
            ],
            [
              -96.05473426876604,
              46.57393064954133
            ],
            [
              -96.0515704853451,
              46.57496310360236
            ],
            [
              -95.99062338282238,
              46.59712251980219
            ],
            [
              -95.98997111327486,
              46.597335940321734
            ],
            [
              -95.990483959585,
              46.5968799673108
            ],
            [
              -95.99497238387411,
              46.59314014814912
            ],
            [
              -95.99742914005486,
              46.59095227552802
            ],
            [
              -95.9997367055711,
              46.58860758387961
            ],
            [
              -96.00188509102934,
              46.58611622331546
            ],
            [
              -96.00386499612264,
              46.583488978873206
            ],
            [
              -96.0056678498913,
              46.58073722382839
            ],
            [
              -96.00728584782641,
              46.57787287045986
            ],
            [
              -96.00871198565531,
              46.574908318481775
            ],
            [
              -96.009940089663,
              46.57185640136559
            ],
            [
              -96.01096484341792,
              46.568730330784234
            ],
            [
              -96.01178181078664,
              46.565543639419154
            ],
            [
              -96.01238745513784,
              46.56231012237765
            ],
            [
              -96.01277915465226,
              46.559043777474216
            ],
            [
              -96.0129552136725,
              46.55575874463432
            ],
            [
              -96.01291487004345,
              46.552469244683046
            ],
            [
              -96.01265829841167,
              46.5491895177835
            ],
            [
              -96.01218660946934,
              46.545933761791495
            ],
            [
              -96.0115018451461,
              46.54271607079337
            ],
            [
              -96.01060696976963,
              46.539550374093054
            ],
            [
              -96.01019631156608,
              46.53839423460545
            ],
            [
              -96.00988511642538,
              46.537417941462365
            ],
            [
              -96.01016143474412,
              46.53665562013716
            ],
            [
              -96.02954678672906,
              46.48819916450416
            ],
            [
              -96.0298719838973,
              46.4874582940707
            ],
            [
              -96.03068045904044,
              46.48743167171428
            ],
            [
              -96.07900992408939,
              46.48743167171428
            ],
            [
              -96.07982373241333,
              46.48745891781361
            ],
            [
              -96.07998426494254,
              46.48825704285424
            ],
            [
              -96.08288110825562,
              46.50563561936931
            ],
            [
              -96.08354141219539,
              46.50891592201244
            ],
            [
              -96.08441963903137,
              46.51214471502964
            ],
            [
              -96.08551185557668,
              46.51530753809482
            ],
            [
              -96.08681317027977,
              46.518390226331874
            ],
            [
              -96.08831775513157,
              46.521378973752974
            ],
            [
              -96.09001887176655,
              46.52426039508933
            ],
            [
              -96.09190890164082,
              46.5270215857379
            ],
            [
              -96.09397938015223,
              46.52965017955536
            ],
            [
              -96.09622103454953,
              46.53213440424055
            ],
            [
              -96.09862382546089,
              46.53446313405735
            ],
            [
              -96.10117699185584,
              46.53662593966192
            ],
            [
              -96.10386909923902,
              46.538613134811065
            ],
            [
              -96.1066880908603,
              46.54041581974265
            ],
            [
              -96.10962134171153,
              46.54202592103361
            ],
            [
              -96.11265571506836,
              46.54343622775727
            ],
            [
              -96.11577762132376,
              46.54464042377782
            ],
            [
              -96.11897307884982,
              46.54563311603754
            ],
            [
              -96.12222777661526,
              46.54640985870986
            ],
            [
              -96.12552713827816,
              46.546967173110225
            ],
            [
              -96.12885638746684,
              46.54730256327562
            ],
            [
              -96.13220061395675,
              46.547414527142855
            ],
            [
              -96.17901821819251,
              46.547414527142855
            ],
            [
              -96.1798217836072,
              46.54744070385207
            ],
            [
              -96.18078634605631,
              46.54833759686832
            ],
            [
              -96.18324682030756,
              46.55047974973937
            ],
            [
              -96.18584175081845,
              46.55245689113734
            ],
            [
              -96.18856009070778,
              46.554260604171645
            ],
            [
              -96.19139026772808,
              46.555883210253754
            ],
            [
              -96.19432023353001,
              46.557317801785715
            ],
            [
              -96.19733751495323,
              46.5585582715665
            ],
            [
              -96.20042926712604,
              46.559599338790974
            ],
            [
              -96.20358232814722,
              46.56043657153084
            ],
            [
              -96.20678327511759,
              46.561066405601785
            ],
            [
              -96.21001848128263,
              46.561486159736546
            ],
            [
              -96.213274174043,
              46.56169404699939
            ],
            [
              -96.21653649358583,
              46.56168918239325
            ],
            [
              -96.2197915518874,
              46.56147158662724
            ],
            [
              -96.2230254918358,
              46.56104218602851
            ],
            [
              -96.22622454622207,
              46.560402808598774
            ],
            [
              -96.22937509634863,
              46.55955617623232
            ],
            [
              -96.23246373000546,
              46.558505893128626
            ],
            [
              -96.23547729856716,
              46.55725643044892
            ],
            [
              -96.23840297296802,
              46.55581310728203
            ],
            [
              -96.24122829831668,
              46.554182068000415
            ],
            [
              -96.24394124691783,
              46.55237025610301
            ],
            [
              -96.24653026947527,
              46.55038538465603
            ],
            [
              -96.24898434425855,
              46.54823590345768
            ],
            [
              -96.2498265380009,
              46.547448231964104
            ],
            [
              -96.2505328379706,
              46.54784073330693
            ],
            [
              -96.29912123196637,
              46.576989604389745
            ],
            [
              -96.29977968071776,
              46.57741418672235
            ]
          ]
        ]
      },
      "properties": {
        "hail_size_bin": "0.5\"",
        "min_size_inches": 0.5
      }
    },
    {
      "type": "Feature",
      "geometry": {
        "type": "Polygon",
        "coordinates": [
          [
            [
              -96.15975489260994,
              33.36117895287901
            ],
            [
              -96.1590460263573,
              33.36138075379143
            ],
            [
              -96.08063315531335,
              33.380981170692536
            ],
            [
              -96.07984977440374,
              33.38115020822644
            ],
            [
              -96.07848514371132,
              33.38051449229446
            ],
            [
              -96.07535252462621,
              33.37918297321129
            ],
            [
              -96.07213657110489,
              33.37806767578463
            ],
            [
              -96.06885218747803,
              33.37717376885834
            ],
            [
              -96.06551459521552,
              33.376505395242425
            ],
            [
              -96.06213926238254,
              33.37606565251319
            ],
            [
              -96.05874183195293,
              33.37585657865749
            ],
            [
              -96.05533804931174,
              33.37587914262774
            ],
            [
              -96.05194368928336,
              33.37613323985125
            ],
            [
              -96.04857448302312,
              33.3766176927149
            ],
            [
              -96.0452460451112,
              33.3773302560228
            ],
            [
              -96.03062341020104,
              33.38098539243875
            ],
            [
              -96.0298592643428,
              33.38115083628162
            ],
            [
              -96.02921918642951,
              33.38070184761486
            ],
            [
              -95.99051841868258,
              33.35168041890804
            ],
            [
              -95.98989934739161,
              33.35118350411346
            ],
            [
              -95.99044192399509,
              33.35060403521406
            ],
            [
              -96.0192767158647,
              33.32177336318911
            ],
            [
              -96.01985533808657,
              33.32123149870288
            ],
            [
              -96.02043379727807,
              33.32177336318902
            ],
            [
              -96.0210645451024,
              33.322404020893636
            ],
            [
              -96.02348193949119,
              33.32466607357016
            ],
            [
              -96.02604373168668,
              33.3267631903264
            ],
            [
              -96.02873869009723,
              33.32868617683383
            ],
            [
              -96.03155499929431,
              33.330426602198116
            ],
            [
              -96.03448031181472,
              33.331976835922504
            ],
            [
              -96.03750180229507,
              33.33333008136196
            ],
            [
              -96.04060622370176,
              33.3344804055215
            ],
            [
              -96.04377996540946,
              33.33542276506807
            ],
            [
              -96.04700911287391,
              33.33615302844188
            ],
            [
              -96.05027950863693,
              33.33666799397026
            ],
            [
              -96.05357681439666,
              33.336965403904685
            ],
            [
              -96.0568865738705,
              33.33704395431936
            ],
            [
              -96.06019427617537,
              33.33690330082796
            ],
            [
              -96.06348541944739,
              33.336544060093544
            ],
            [
              -96.06674557442199,
              33.335967807124895
            ],
            [
              -96.06996044769568,
              33.3351770683713
            ],
            [
              -96.07311594439221,
              33.33417531064589
            ],
            [
              -96.07619822995838,
              33.33296692592618
            ],
            [
              -96.07919379081842,
              33.33155721209847
            ],
            [
              -96.07984934776601,
              33.33122176176348
            ],
            [
              -96.0806255042755,
              33.33148406380337
            ],
            [
              -96.15907352701282,
              33.36089786915666
            ],
            [
              -96.15975489260994,
              33.36117895287901
            ]
          ]
        ]
      },
      "properties": {
        "hail_size_bin": "0.5\"",
        "min_size_inches": 0.5
      }
    },
    {
      "type": "Feature",
      "geometry": {
        "type": "Polygon",
        "coordinates": [
          [
            [
              -96.11980196234438,
              44.86793383329856
            ],
            [
              -96.11958347745818,
              44.86866693639948
            ],
            [
              -96.11010233020023,
              44.89710631424382
            ],
            [
              -96.10982469227645,
              44.897856029083236
            ],
            [
              -96.10903647699308,
              44.897724841913906
            ],
            [
              -96.06065323921203,
              44.88804957693346
            ],
            [
              -96.05986177863684,
              44.8878641368417
            ],
            [
              -96.05902144796116,
              44.88717186623237
            ],
            [
              -96.05821828297587,
              44.88646462931508
            ],
            [
              -96.05563017648237,
              44.8844700113335
            ],
            [
              -96.05291731638108,
              44.882648696922146
            ],
            [
              -96.0500912885337,
              44.881008464402065
            ],
            [
              -96.04716416210947,
              44.879556318744534
            ],
            [
              -96.04414843804119,
              44.87829846165479
            ],
            [
              -96.04105699563729,
              44.877240265086336
            ],
            [
              -96.03790303757786,
              44.87638624829875
            ],
            [
              -96.03470003352975,
              44.875740058557284
            ],
            [
              -96.03146166262145,
              44.875304455556396
            ],
            [
              -96.02820175502332,
              44.87508129963385
            ],
            [
              -96.02493423288286,
              44.875071543825754
            ],
            [
              -96.02167305086716,
              44.87527522979643
            ],
            [
              -96.01843213656642,
              44.87569148766044
            ],
            [
              -96.0152253310131,
              44.87631853969765
            ],
            [
              -96.01206632957084,
              44.877153707945354
            ],
            [
              -96.01073065791861,
              44.87760201433346
            ],
            [
              -96.00987495204477,
              44.877857866683364
            ],
            [
              -96.00965663274592,
              44.87709162131579
            ],
            [
              -96.00005969469727,
              44.838709353869504
            ],
            [
              -95.99989401732824,
              44.83793875456946
            ],
            [
              -96.00066433427958,
              44.838104673629346
            ],
            [
              -96.0390522093555,
              44.84770027120687
            ],
            [
              -96.03983447812075,
              44.847923467573274
            ],
            [
              -96.03986475234998,
              44.84797876570844
            ],
            [
              -96.04128678406204,
              44.850790335634976
            ],
            [
              -96.04297375455239,
              44.853640030634615
            ],
            [
              -96.04484566189792,
              44.85637180550016
            ],
            [
              -96.04689429469177,
              44.85897367688482
            ],
            [
              -96.04911066629394,
              44.861434231283205
            ],
            [
              -96.0514850542526,
              44.863742675098436
            ],
            [
              -96.05400704295309,
              44.86588888198989
            ],
            [
              -96.0566655693076,
              44.86786343729392
            ],
            [
              -96.05944897128508,
              44.869657679322756
            ],
            [
              -96.06234503906855,
              44.87126373736027
            ],
            [
              -96.06534106861527,
              44.87267456618811
            ],
            [
              -96.06842391738502,
              44.873883976990584
            ],
            [
              -96.07158006199181,
              44.87488666450289
            ],
            [
              -96.0747956575263,
              44.87567823028343
            ],
            [
              -96.07805659828855,
              44.87625520200826
            ],
            [
              -96.08134857966496,
              44.87661504870298
            ],
            [
              -96.08465716087747,
              44.87675619184522
            ],
            [
              -96.0879678283303,
              44.87667801228907
            ],
            [
              -96.09126605927612,
              44.87638085298107
            ],
            [
              -96.0945373855222,
              44.87586601745582
            ],
            [
              -96.09776745689736,
              44.875135764117815
            ],
            [
              -96.10094210420122,
              44.87419329633462
            ],
            [
              -96.119068584671,
              44.868151999467116
            ],
            [
              -96.11980196234438,
              44.86793383329856
            ]
          ]
        ]
      },
      "properties": {
        "hail_size_bin": "0.5\"",
        "min_size_inches": 0.5
      }
    },
    {
      "type": "Feature",
      "geometry": {
        "type": "Polygon",
        "coordinates": [
          [
            [
              -96.33974095415556,
              33.20122651290709
            ],
            [
              -96.33903542879104,
              33.20148719220228
            ],
            [
              -96.28059130840218,
              33.22096578221416
            ],
            [
              -96.27983754442837,
              33.22118998460966
            ],
            [
              -96.27965824674196,
              33.22042429591152
            ],
            [
              -96.26998100070374,
              33.172044979026786
            ],
            [
              -96.26985404864192,
              33.17128019781134
            ],
            [
              -96.27057619480556,
              33.17156200295129
            ],
            [
              -96.33905952544521,
              33.200907808340695
            ],
            [
              -96.33974095415556,
              33.20122651290709
            ]
          ]
        ]
      },
      "properties": {
        "hail_size_bin": "0.5\"",
        "min_size_inches": 0.5
      }
    },
    {
      "type": "Feature",
      "geometry": {
        "type": "Polygon",
        "coordinates": [
          [
            [
              -96.48974110002523,
              46.76737688643728
            ],
            [
              -96.48933440784968,
              46.76803210513465
            ],
            [
              -96.47024688108021,
              46.79665930452002
            ],
            [
              -96.46977308612323,
              46.79732165080368
            ],
            [
              -96.46922827674328,
              46.79756738874497
            ],
            [
              -96.46636821094029,
              46.79896940604611
            ],
            [
              -96.46360321793317,
              46.80055068482631
            ],
            [
              -96.46094451875912,
              46.802304807858505
            ],
            [
              -96.45840290308821,
              46.80422465647014
            ],
            [
              -96.45598868543624,
              46.80630243943259
            ],
            [
              -96.45371166330575,
              46.8085297245799
            ],
            [
              -96.45158107742537,
              46.81089747302863
            ],
            [
              -96.44960557424858,
              46.81339607585995
            ],
            [
              -96.44779317086424,
              46.81601539311499
            ],
            [
              -96.44615122246121,
              46.81874479494542
            ],
            [
              -96.44468639247918,
              46.821573204751985
            ],
            [
              -96.4434046255667,
              46.824489144136166
            ],
            [
              -96.44231112345635,
              46.8274807794824
            ],
            [
              -96.44141032385478,
              46.83053596998185
            ],
            [
              -96.4407058824334,
              46.83364231690292
            ],
            [
              -96.44020065799269,
              46.83678721390833
            ],
            [
              -96.43989670086053,
              46.839957898214905
            ],
            [
              -96.43979524457143,
              46.84314150238809
            ],
            [
              -96.43979524457143,
              46.84650325684938
            ],
            [
              -96.43976910835704,
              46.84729452238503
            ],
            [
              -96.4390014523827,
              46.84710203892181
            ],
            [
              -96.37058142980226,
              46.82755625409475
            ],
            [
              -96.36983720296601,
              46.82731740761672
            ],
            [
              -96.37006054921788,
              46.82656872063453
            ],
            [
              -96.37954391260898,
              46.798122695340616
            ],
            [
              -96.37982487254163,
              46.797364001653186
            ],
            [
              -96.38048910728965,
              46.79711280304508
            ],
            [
              -96.38349584964743,
              46.79586234993234
            ],
            [
              -96.38641481893929,
              46.794418829628924
            ],
            [
              -96.38923363391027,
              46.79278836504709
            ],
            [
              -96.39194033812528,
              46.79097787205189
            ],
            [
              -96.39452345068416,
              46.78899503012644
            ],
            [
              -96.39697201491971,
              46.78684824979822
            ],
            [
              -96.39927564487196,
              46.784546636964514
            ],
            [
              -96.40142456934197,
              46.7820999542684
            ],
            [
              -96.40340967333769,
              46.77951857968897
            ],
            [
              -96.40522253673676,
              46.77681346252154
            ],
            [
              -96.40685547000163,
              46.77399607693456
            ],
            [
              -96.40830154679595,
              46.77107837330017
            ],
            [
              -96.4095546333637,
              46.768072727504844
            ],
            [
              -96.40981828999348,
              46.767377392132566
            ],
            [
              -96.41061606780409,
              46.76735166371429
            ],
            [
              -96.4889702755165,
              46.76735166371429
            ],
            [
              -96.48974110002523,
              46.76737688643728
            ]
          ]
        ]
      },
      "properties": {
        "hail_size_bin": "0.5\"",
        "min_size_inches": 0.5
      }
    },
    {
      "type": "Feature",
      "geometry": {
        "type": "Polygon",
        "coordinates": [
          [
            [
              -96.48975275089718,
              33.331217524960714
            ],
            [
              -96.4895300746329,
              33.33196601407452
            ],
            [
              -96.47004509588682,
              33.39041259841422
            ],
            [
              -96.46977389951871,
              33.39114656999538
            ],
            [
              -96.46899833689734,
              33.391042818500374
            ],
            [
              -96.41059464928547,
              33.381310261327776
            ],
            [
              -96.40982006393723,
              33.38115536805212
            ],
            [
              -96.40960400107916,
              33.3803957520641
            ],
            [
              -96.39999726827871,
              33.341974311208375
            ],
            [
              -96.39983192758928,
              33.34120851738041
            ],
            [
              -96.40059453940411,
              33.34103049708183
            ],
            [
              -96.44898734135899,
              33.33135331953992
            ],
            [
              -96.44979736645524,
              33.331218877477646
            ],
            [
              -96.45061625689003,
              33.33119204771428
            ],
            [
              -96.48897225644969,
              33.33119204771428
            ],
            [
              -96.48975275089718,
              33.331217524960714
            ]
          ]
        ]
      },
      "properties": {
        "hail_size_bin": "0.5\"",
        "min_size_inches": 0.5
      }
    },
    {
      "type": "Feature",
      "geometry": {
        "type": "Polygon",
        "coordinates": [
          [
            [
              -96.5796976423772,
              46.017601650163826
            ],
            [
              -96.57915651144401,
              46.01810728149143
            ],
            [
              -96.50039444961739,
              46.08701423892507
            ],
            [
              -96.4998212783603,
              46.087483896761796
            ],
            [
              -96.49991944968289,
              46.086749413157484
            ],
            [
              -96.50964852754791,
              46.0283832863687
            ],
            [
              -96.50980870604819,
              46.02758667301791
            ],
            [
              -96.51060837745014,
              46.027445539532685
            ],
            [
              -96.57896140406324,
              46.01768221660417
            ],
            [
              -96.5796976423772,
              46.017601650163826
            ]
          ]
        ]
      },
      "properties": {
        "hail_size_bin": "0.5\"",
        "min_size_inches": 0.5
      }
    },
    {
      "type": "Feature",
      "geometry": {
        "type": "Polygon",
        "coordinates": [
          [
            [
              -97.5595708520106,
              45.69760449748029
            ],
            [
              -97.55887962459666,
              45.69734262523051
            ],
            [
              -97.4884570139518,
              45.66800406321625
            ],
            [
              -97.48544576718253,
              45.66686191839144
            ],
            [
              -97.48236723791084,
              45.665916001148915
            ],
            [
              -97.47923419846448,
              45.6651702359487
            ],
            [
              -97.4760596473252,
              45.66462771685185
            ],
            [
              -97.47285675520018,
              45.66429069468371
            ],
            [
              -97.46963881037883,
              45.66416056769558
            ],
            [
              -97.46641916360178,
              45.66423787576363
            ],
            [
              -97.46321117267084,
              45.66452229814899
            ],
            [
              -97.46002814702953,
              45.665012654828466
            ],
            [
              -97.45688329254439,
              45.66570691139029
            ],
            [
              -97.4537896567159,
              45.666602187474524
            ],
            [
              -97.4507600745465,
              45.667694768723265
            ],
            [
              -97.44780711529016,
              45.668980122190895
            ],
            [
              -97.44494303030463,
              45.67045291515055
            ],
            [
              -97.44217970222245,
              45.67210703721876
            ],
            [
              -97.4395285956518,
              45.67393562570647
            ],
            [
              -97.43700070961168,
              45.67593109409121
            ],
            [
              -97.43460653189875,
              45.678085163492426
            ],
            [
              -97.4323559955751,
              45.680388897019164
            ],
            [
              -97.43025843775754,
              45.68283273684787
            ],
            [
              -97.42832256087948,
              45.68540654387624
            ],
            [
              -97.42655639658581,
              45.68809963978877
            ],
            [
              -97.42496727241094,
              45.69090085135935
            ],
            [
              -97.42356178137801,
              45.69379855680724
            ],
            [
              -97.42234575464555,
              45.69678073401395
            ],
            [
              -97.42132423731479,
              45.69983501040113
            ],
            [
              -97.4205014674985,
              45.702948714262405
            ],
            [
              -97.41988085873763,
              45.706108927336274
            ],
            [
              -97.41963257307145,
              45.70763096435917
            ],
            [
              -97.41884942371881,
              45.70772169095309
            ],
            [
              -97.30049678095384,
              45.71758300202213
            ],
            [
              -97.29968195539325,
              45.71762381112882
            ],
            [
              -97.29853079972202,
              45.71656359386636
            ],
            [
              -97.29606016751444,
              45.71443379879309
            ],
            [
              -97.2934559228195,
              45.71246962972497
            ],
            [
              -97.29072914935531,
              45.710679446205276
            ],
            [
              -97.28789145232486,
              45.70907086729128
            ],
            [
              -97.28495490902408,
              45.70765073912737
            ],
            [
              -97.28193201744068,
              45.706425105807725
            ],
            [
              -97.27948876852369,
              45.70561558380286
            ],
            [
              -97.28046273155918,
              45.7055343433288
            ],
            [
              -97.28372821998133,
              45.70504323136489
            ],
            [
              -97.28695416920159,
              45.7043376413816
            ],
            [
              -97.29012650813841,
              45.70342065105111
            ],
            [
              -97.29323139954982,
              45.70229626014059
            ],
            [
              -97.2962553003893,
              45.700969373065796
            ],
            [
              -97.29918502087845,
              45.69944577749882
            ],
            [
              -97.3020077820387,
              45.69773211912317
            ],
            [
              -97.30471127143119,
              45.69583587264632
            ],
            [
              -97.30728369686169,
              45.693765309196245
            ],
            [
              -97.30971383781632,
              45.69152946024406
            ],
            [
              -97.31199109440358,
              45.68913807821018
            ],
            [
              -97.31410553358954,
              45.68660159392575
            ],
            [
              -97.31604793252403,
              45.68393107113506
            ],
            [
              -97.31780981876933,
              45.68113815823723
            ],
            [
              -97.31888948848406,
              45.67914639710434
            ],
            [
              -97.31889489140096,
              45.679149329296415
            ],
            [
              -97.31968567250416,
              45.67769221991301
            ],
            [
              -97.3205034435882,
              45.677746505358
            ],
            [
              -97.35668455978292,
              45.681364100030514
            ],
            [
              -97.35995591811334,
              45.68158315541863
            ],
            [
              -97.36323459971987,
              45.68158734015562
            ],
            [
              -97.36650650657248,
              45.681376636247506
            ],
            [
              -97.36975756977195,
              45.68095194970175
            ],
            [
              -97.37297381004483,
              45.68031510663153
            ],
            [
              -97.37614139785312,
              45.67946884540362
            ],
            [
              -97.37924671285988,
              45.67841680486363
            ],
            [
              -97.38227640249556,
              45.67716350868934
            ],
            [
              -97.38521743937275,
              45.675714345939305
            ],
            [
              -97.38805717730274,
              45.674075547880356
            ],
            [
              -97.39078340567303,
              45.67225416119377
            ],
            [
              -97.39338440195179,
              45.67025801767516
            ],
            [
              -97.39584898209372,
              45.66809570055848
            ],
            [
              -97.39816654863034,
              45.66577650760891
            ],
            [
              -97.40032713623825,
              45.66331041114331
            ],
            [
              -97.40232145458896,
              45.660708015150185
            ],
            [
              -97.4041409282966,
              45.657980509693495
            ],
            [
              -97.40577773379117,
              45.65513962279642
            ],
            [
              -97.40722483295926,
              45.65219757001192
            ],
            [
              -97.40847600340724,
              45.649167001897005
            ],
            [
              -97.40952586521698,
              45.646060949616455
            ],
            [
              -97.41036990407905,
              45.642892768910066
            ],
            [
              -97.41100449070379,
              45.63967608266414
            ],
            [
              -97.41142689642695,
              45.636424722334354
            ],
            [
              -97.41163530494268,
              45.63315266847177
            ],
            [
              -97.41162882011349,
              45.62987399060775
            ],
            [
              -97.41140746982356,
              45.62660278675623
            ],
            [
              -97.4109722058588,
              45.6233531227936
            ],
            [
              -97.41032489981433,
              45.620138971976694
            ],
            [
              -97.4098517491648,
              45.61839078511274
            ],
            [
              -97.40968725502108,
              45.61769388767709
            ],
            [
              -97.41038699888962,
              45.61731514344503
            ],
            [
              -97.44891914551003,
              45.59805182282434
            ],
            [
              -97.44963943486819,
              45.59772072604103
            ],
            [
              -97.45001685361521,
              45.59841772552301
            ],
            [
              -97.45676775590617,
              45.61191760100008
            ],
            [
              -97.45831004133231,
              45.61476701936643
            ],
            [
              -97.46003363601217,
              45.617510566475865
            ],
            [
              -97.46193130234464,
              45.620136721812635
            ],
            [
              -97.46399507177874,
              45.62263445780449
            ],
            [
              -97.46621627827476,
              45.624993286128934
            ],
            [
              -97.46858559469398,
              45.627203301755074
            ],
            [
              -97.4710930719646,
              45.62925522453614
            ],
            [
              -97.47372818085924,
              45.63114043817804
            ],
            [
              -97.47647985620847,
              45.632851026420326
            ],
            [
              -97.47933654336497,
              45.6343798062776
            ],
            [
              -97.48228624672304,
              45.63572035820185
            ],
            [
              -97.48531658008964,
              45.63686705303892
            ],
            [
              -97.48841481869577,
              45.63781507566612
            ],
            [
              -97.49156795262932,
              45.63856044521154
            ],
            [
              -97.49476274146551,
              45.63910003177027
            ],
            [
              -97.49798576986511,
              45.639431569547256
            ],
            [
              -97.50122350390724,
              45.63955366637169
            ],
            [
              -97.50446234792014,
              45.639465809542926
            ],
            [
              -97.50768870157106,
              45.63916836798336
            ],
            [
              -97.51883312228807,
              45.63777551442968
            ],
            [
              -97.51962821226648,
              45.63770233815097
            ],
            [
              -97.5200925487997,
              45.63835188755269
            ],
            [
              -97.55918112538815,
              45.6969763751148
            ],
            [
              -97.5595708520106,
              45.69760449748029
            ]
          ]
        ]
      },
      "properties": {
        "hail_size_bin": "0.5\"",
        "min_size_inches": 0.5
      }
    },
    {
      "type": "Feature",
      "geometry": {
        "type": "Polygon",
        "coordinates": [
          [
            [
              -97.25982660754259,
              45.70359479749076
            ],
            [
              -97.25946698128413,
              45.703620573448084
            ],
            [
              -97.25623554750346,
              45.70406541755604
            ],
            [
              -97.2530399956236,
              45.70472001570938
            ],
            [
              -97.24989392597797,
              45.705581581925124
            ],
            [
              -97.24681072830262,
              45.706646449360036
            ],
            [
              -97.2438035247492,
              45.70791008591678
            ],
            [
              -97.24088511403686,
              45.709367113532615
            ],
            [
              -97.2380679169806,
              45.71101133106853
            ],
            [
              -97.23536392362806,
              45.71283574070146
            ],
            [
              -97.23278464222966,
              45.7148325777071
            ],
            [
              -97.23034105025917,
              45.716993343506765
            ],
            [
              -97.22966669107004,
              45.71763003400644
            ],
            [
              -97.22895410686948,
              45.71801577068226
            ],
            [
              -97.21044365510056,
              45.72726967420264
            ],
            [
              -97.20968402101879,
              45.72761776101669
            ],
            [
              -97.20891035689192,
              45.727304500744104
            ],
            [
              -97.15784000864738,
              45.70460981121616
            ],
            [
              -97.1548655914742,
              45.70340084478758
            ],
            [
              -97.15181971365195,
              45.70238527320598
            ],
            [
              -97.14871493486676,
              45.70156728418374
            ],
            [
              -97.14556405768306,
              45.70095025070102
            ],
            [
              -97.14238007475221,
              45.70053671709718
            ],
            [
              -97.13917611523715,
              45.700328388579265
            ],
            [
              -97.13596539067437,
              45.700326124190525
            ],
            [
              -97.13276114049604,
              45.70052993326817
            ],
            [
              -97.12957657743718,
              45.700938975404874
            ],
            [
              -97.12642483305291,
              45.70155156391419
            ],
            [
              -97.12331890357046,
              45.70236517278558
            ],
            [
              -97.1202715962992,
              45.703376447100496
            ],
            [
              -97.1172954768196,
              45.704581216866316
            ],
            [
              -97.11440281716908,
              45.70597451421137
            ],
            [
              -97.1116055452382,
              45.707550593869975
            ],
            [
              -97.10891519558601,
              45.70930295687301
            ],
            [
              -97.10634286187718,
              45.7112243773465
            ],
            [
              -97.10389915113734,
              45.713306932307454
            ],
            [
              -97.10159414001488,
              45.7155420343344
            ],
            [
              -97.09993324108265,
              45.717373601382945
            ],
            [
              -97.09969015758114,
              45.71762432007863
            ],
            [
              -97.09888518588215,
              45.717583723917215
            ],
            [
              -97.00152652017442,
              45.70947166097226
            ],
            [
              -96.99832636588229,
              45.709308052902315
            ],
            [
              -96.9951223035572,
              45.70934976274476
            ],
            [
              -96.99192749261005,
              45.709596619193
            ],
            [
              -96.9887550544554,
              45.71004760838244
            ],
            [
              -96.98561801862047,
              45.71070087805444
            ],
            [
              -96.9825292692315,
              45.711553745163805
            ],
            [
              -96.97950149209744,
              45.712602706898295
            ],
            [
              -96.97654712260788,
              45.71384345506504
            ],
            [
              -96.97367829465982,
              45.7152708937847
            ],
            [
              -96.97090679082233,
              45.71687916042081
            ],
            [
              -96.96971120770726,
              45.71762514977289
            ],
            [
              -96.96889907817737,
              45.71765169371429
            ],
            [
              -96.89055757732616,
              45.71765169371429
            ],
            [
              -96.88974891988245,
              45.71762494794093
            ],
            [
              -96.88942390501478,
              45.71688420092441
            ],
            [
              -96.87003536491275,
              45.668419776137455
            ],
            [
              -96.86977642560015,
              45.66770616554073
            ],
            [
              -96.87050403016441,
              45.66792268632449
            ],
            [
              -96.95894473805843,
              45.697398710225045
            ],
            [
              -96.95971083152278,
              45.697682210184745
            ],
            [
              -96.96088033339312,
              45.69829911450334
            ],
            [
              -96.96162394823381,
              45.69872166370025
            ],
            [
              -96.9646905950639,
              45.70019793452888
            ],
            [
              -96.96785056831412,
              45.701462160536316
            ],
            [
              -96.97108922631371,
              45.70250848395746
            ],
            [
              -96.97439156280775,
              45.70333205667438
            ],
            [
              -96.97774227648836,
              45.7039290626799
            ],
            [
              -96.9811258418929,
              45.70429673575902
            ],
            [
              -96.98452658134102,
              45.70443337230615
            ],
            [
              -96.98792873757674,
              45.70433833921865
            ],
            [
              -96.99131654677944,
              45.70401207683039
            ],
            [
              -96.99467431160521,
              45.70345609687138
            ],
            [
              -96.9979864739201,
              45.70267297546328
            ],
            [
              -97.0889023376938,
              45.67788128257135
            ],
            [
              -97.08969641131644,
              45.677692799708474
            ],
            [
              -97.08998448524834,
              45.677902522961745
            ],
            [
              -97.09269118237617,
              45.6797406370401
            ],
            [
              -97.09551230008024,
              45.681397793522315
            ],
            [
              -97.09843575847822,
              45.682866896548724
            ],
            [
              -97.10144903947005,
              45.68414165549496
            ],
            [
              -97.10453924034,
              45.68521661190813
            ],
            [
              -97.10769312900527,
              45.6860871628796
            ],
            [
              -97.11089720067518,
              45.68674958075445
            ],
            [
              -97.11413773567799,
              45.68720102909305
            ],
            [
              -97.1174008582078,
              45.687439574816615
            ],
            [
              -97.12067259574012,
              45.68746419648449
            ],
            [
              -97.12393893886139,
              45.687274788667956
            ],
            [
              -97.2288549776931,
              45.67773832969666
            ],
            [
              -97.22966661765078,
              45.67769167555972
            ],
            [
              -97.23010967910909,
              45.67850586587324
            ],
            [
              -97.23073719582544,
              45.67975665692129
            ],
            [
              -97.23240959238373,
              45.68260405842934
            ],
            [
              -97.23426629349763,
              45.68533485805032
            ],
            [
              -97.23629920052979,
              45.687937144467085
            ],
            [
              -97.23849944626043,
              45.69039956691684
            ],
            [
              -97.24085743356481,
              45.69271138470132
            ],
            [
              -97.2433628772743,
              45.694862514036075
            ],
            [
              -97.2460048490387,
              45.69684357203431
            ],
            [
              -97.24877182499398,
              45.69864591763357
            ],
            [
              -97.25165173602754,
              45.70026168928669
            ],
            [
              -97.2546320204218,
              45.70168383925263
            ],
            [
              -97.25769967864639,
              45.7029061643376
            ],
            [
              -97.25982660754259,
              45.70359479749076
            ]
          ]
        ]
      },
      "properties": {
        "hail_size_bin": "0.5\"",
        "min_size_inches": 0.5
      }
    },
    {
      "type": "Feature",
      "geometry": {
        "type": "Polygon",
        "coordinates": [
          [
            [
              -96.97968704276448,
              33.03125812512391
            ],
            [
              -96.9789148576779,
              33.03147854903254
            ],
            [
              -96.94051365942585,
              33.0410774769282
            ],
            [
              -96.93977003899964,
              33.04123782635429
            ],
            [
              -96.94008794669041,
              33.04054672724687
            ],
            [
              -96.9693545405038,
              32.98202190269903
            ],
            [
              -96.96970956542208,
              32.9813663464018
            ],
            [
              -96.96987957080458,
              32.98209222168112
            ],
            [
              -96.97955569116299,
              33.03046591097089
            ],
            [
              -96.97968704276448,
              33.03125812512391
            ]
          ]
        ]
      },
      "properties": {
        "hail_size_bin": "0.5\"",
        "min_size_inches": 0.5
      }
    },
    {
      "type": "Feature",
      "geometry": {
        "type": "Polygon",
        "coordinates": [
          [
            [
              -97.10965718236712,
              45.38772850010517
            ],
            [
              -97.10920665007009,
              45.38783339081625
            ],
            [
              -97.10596835087125,
              45.388703552210785
            ],
            [
              -97.1027956570063,
              45.38978880618705
            ],
            [
              -97.0997028376818,
              45.39108427180983
            ],
            [
              -97.09670380286823,
              45.39258412271598
            ],
            [
              -97.09381204073969,
              45.394281613318526
            ],
            [
              -97.0910405570109,
              45.39616910914495
            ],
            [
              -97.08840181644383,
              45.39823812117329
            ],
            [
              -97.08590768678744,
              45.40047934401158
            ],
            [
              -97.08356938540237,
              45.40288269774883
            ],
            [
              -97.08139742881087,
              45.40543737328955
            ],
            [
              -97.08001053794584,
              45.4073097586989
            ],
            [
              -97.07968366581133,
              45.40772326999431
            ],
            [
              -97.07907004160985,
              45.40824720644393
            ],
            [
              -97.03035075138462,
              45.44721706990954
            ],
            [
              -97.02975228276345,
              45.44766442761286
            ],
            [
              -97.02990968061523,
              45.446934003406
            ],
            [
              -97.03920914404462,
              45.40974146442696
            ],
            [
              -97.03993522466578,
              45.40633839546234
            ],
            [
              -97.04042285959332,
              45.402893067666064
            ],
            [
              -97.04066968709982,
              45.39942216754817
            ],
            [
              -97.04067451174325,
              45.3959425054713
            ],
            [
              -97.04043731015675,
              45.392470934234275
            ],
            [
              -97.03995923116184,
              45.38902426745012
            ],
            [
              -97.03973660087344,
              45.387747479542234
            ],
            [
              -97.03977816819888,
              45.387604318975235
            ],
            [
              -97.04061285996295,
              45.384317061992974
            ],
            [
              -97.04122278030069,
              45.38098078173045
            ],
            [
              -97.04160512290302,
              45.37761082877189
            ],
            [
              -97.04175812857055,
              45.37422270863321
            ],
            [
              -97.04168109330773,
              45.37083201041946
            ],
            [
              -97.0413743715621,
              45.367454335097705
            ],
            [
              -97.04083937459338,
              45.36410522371528
            ],
            [
              -97.04007856398015,
              45.36080008589376
            ],
            [
              -97.03909544029385,
              45.35755412892764
            ],
            [
              -97.03789452699228,
              45.35438228781394
            ],
            [
              -97.03648134960665,
              45.35129915653467
            ],
            [
              -97.0200772756332,
              45.31849569613585
            ],
            [
              -97.01975097016222,
              45.31778621416283
            ],
            [
              -97.02052003199334,
              45.317650627180065
            ],
            [
              -97.08888270773146,
              45.30788592600207
            ],
            [
              -97.08968421253448,
              45.30779840829601
            ],
            [
              -97.08996423292407,
              45.308554328243
            ],
            [
              -97.09944215627218,
              45.33698403573972
            ],
            [
              -97.09967313760876,
              45.337760713346206
            ],
            [
              -97.09931767758773,
              45.3389086035803
            ],
            [
              -97.098477027677,
              45.34196634221062
            ],
            [
              -97.0978319045366,
              45.34507122126422
            ],
            [
              -97.09738490322799,
              45.34821075110702
            ],
            [
              -97.09713782185108,
              45.35137230271927
            ],
            [
              -97.09709165431126,
              45.354543158496824
            ],
            [
              -97.09724658632128,
              45.35771056340874
            ],
            [
              -97.09760199465427,
              45.36086177630548
            ],
            [
              -97.09815644965066,
              45.36398412117124
            ],
            [
              -97.09890772096914,
              45.36706503811426
            ],
            [
              -97.09985278655837,
              45.37009213389005
            ],
            [
              -97.10098784481349,
              45.37305323175423
            ],
            [
              -97.10230832986831,
              45.3759364204445
            ],
            [
              -97.10380892996193,
              45.37873010209473
            ],
            [
              -97.10548360880574,
              45.38142303888824
            ],
            [
              -97.10924581870673,
              45.38706554743667
            ],
            [
              -97.10965718236712,
              45.38772850010517
            ]
          ]
        ]
      },
      "properties": {
        "hail_size_bin": "0.5\"",
        "min_size_inches": 0.5
      }
    },
    {
      "type": "Feature",
      "geometry": {
        "type": "Polygon",
        "coordinates": [
          [
            [
              -97.15969236685714,
              32.050739602464674
            ],
            [
              -97.15966642728856,
              32.05153197431545
            ],
            [
              -97.1588741707504,
              32.05155779857143
            ],
            [
              -97.11051820437326,
              32.05155779857143
            ],
            [
              -97.10973085538973,
              32.05153200776552
            ],
            [
              -97.10986009215601,
              32.05075500822276
            ],
            [
              -97.11953935745672,
              32.002365596468174
            ],
            [
              -97.1197177911017,
              32.00160280276419
            ],
            [
              -97.12048315711603,
              32.00176832637948
            ],
            [
              -97.15888837106506,
              32.01136825805593
            ],
            [
              -97.15966558087221,
              32.01159014287552
            ],
            [
              -97.15969236685714,
              32.012397961214255
            ],
            [
              -97.15969236685714,
              32.050739602464674
            ]
          ]
        ]
      },
      "properties": {
        "hail_size_bin": "0.5\"",
        "min_size_inches": 0.5
      }
    },
    {
      "type": "Feature",
      "geometry": {
        "type": "Polygon",
        "coordinates": [
          [
            [
              -97.21965282612501,
              44.92785810347674
            ],
            [
              -97.21889021431018,
              44.928036123775314
            ],
            [
              -97.17049402383351,
              44.93771397892474
            ],
            [
              -97.1696994645605,
              44.93784596690742
            ],
            [
              -97.16911178637953,
              44.93729550427016
            ],
            [
              -97.15027075177422,
              44.91845716162586
            ],
            [
              -97.14973681304366,
              44.91788726843608
            ],
            [
              -97.15042356253637,
              44.917515456722604
            ],
            [
              -97.20894417747643,
              44.88825932989386
            ],
            [
              -97.2096677178633,
              44.88792710149412
            ],
            [
              -97.20988618791868,
              44.88869260682093
            ],
            [
              -97.21948748543558,
              44.92709230964877
            ],
            [
              -97.21965282612501,
              44.92785810347674
            ]
          ]
        ]
      },
      "properties": {
        "hail_size_bin": "0.5\"",
        "min_size_inches": 0.5
      }
    },
    {
      "type": "Feature",
      "geometry": {
        "type": "Polygon",
        "coordinates": [
          [
            [
              -97.5096070074686,
              46.09751763418214
            ],
            [
              -97.5088265130211,
              46.09754311142857
            ],
            [
              -97.45046912610675,
              46.09754311142857
            ],
            [
              -97.44967675425599,
              46.09751717185999
            ],
            [
              -97.44965093,
              46.096724915321815
            ],
            [
              -97.44965093,
              46.06836987982104
            ],
            [
              -97.44967686956859,
              46.06757750797026
            ],
            [
              -97.45046912610675,
              46.067551683714285
            ],
            [
              -97.49882199929226,
              46.067551683714285
            ],
            [
              -97.49962513291544,
              46.06757809102003
            ],
            [
              -97.49990369081952,
              46.0683312876262
            ],
            [
              -97.50938433120432,
              46.096769145068336
            ],
            [
              -97.5096070074686,
              46.09751763418214
            ]
          ]
        ]
      },
      "properties": {
        "hail_size_bin": "0.5\"",
        "min_size_inches": 0.5
      }
    },
    {
      "type": "Feature",
      "geometry": {
        "type": "Polygon",
        "coordinates": [
          [
            [
              -97.66959335630935,
              32.67141077571927
            ],
            [
              -97.66961949514285,
              32.67220411310516
            ],
            [
              -97.66961949514285,
              32.70055022287401
            ],
            [
              -97.66959308430525,
              32.70135340874152
            ],
            [
              -97.66883981542746,
              32.70163192181983
            ],
            [
              -97.61040962410738,
              32.72110586947218
            ],
            [
              -97.60964630963052,
              32.72133262007511
            ],
            [
              -97.60942823561773,
              32.720567134391615
            ],
            [
              -97.59982472680946,
              32.682158587662066
            ],
            [
              -97.59966050468566,
              32.68139862969003
            ],
            [
              -97.60042625461926,
              32.68126397433748
            ],
            [
              -97.66880429405029,
              32.671497078659804
            ],
            [
              -97.66959335630935,
              32.67141077571927
            ]
          ]
        ]
      },
      "properties": {
        "hail_size_bin": "0.5\"",
        "min_size_inches": 0.5
      }
    },
    {
      "type": "Feature",
      "geometry": {
        "type": "Polygon",
        "coordinates": [
          [
            [
              -98.16934518607789,
              45.65764879720234
            ],
            [
              -98.16873013918311,
              45.657668838285716
            ],
            [
              -98.03038459294694,
              45.657668838285716
            ],
            [
              -98.02966733282504,
              45.657645405268894
            ],
            [
              -98.03029840974676,
              45.65730371373075
            ],
            [
              -98.06882327836259,
              45.638044031592415
            ],
            [
              -98.06956670676855,
              45.637702591408626
            ],
            [
              -98.07037257301667,
              45.63783657642197
            ],
            [
              -98.09515071896654,
              45.64279149756374
            ],
            [
              -98.09833816339633,
              45.64332241137879
            ],
            [
              -98.10155324490555,
              45.64364632859219
            ],
            [
              -98.10478253516423,
              45.64376189630909
            ],
            [
              -98.10801254649719,
              45.64366863184144
            ],
            [
              -98.11122978821757,
              45.64336692472402
            ],
            [
              -98.11442082297292,
              45.642858035087464
            ],
            [
              -98.1175723228686,
              45.64214408839513
            ],
            [
              -98.12067112513401,
              45.64122806656574
            ],
            [
              -98.12302955092903,
              45.640361668526396
            ],
            [
              -98.12437170293775,
              45.64163865769296
            ],
            [
              -98.12691710160695,
              45.64375780524628
            ],
            [
              -98.12959721424878,
              45.64570378493913
            ],
            [
              -98.13240028069971,
              45.64746805793658
            ],
            [
              -98.13531400128272,
              45.649042882721105
            ],
            [
              -98.13832559077753,
              45.65042134906189
            ],
            [
              -98.14142183452127,
              45.65159740833643
            ],
            [
              -98.14458914639364,
              45.65256590007156
            ],
            [
              -98.14781362843192,
              45.653322574587236
            ],
            [
              -98.16874601809583,
              45.65750845436627
            ],
            [
              -98.16934518607789,
              45.65764879720234
            ]
          ]
        ]
      },
      "properties": {
        "hail_size_bin": "0.5\"",
        "min_size_inches": 0.5
      }
    },
    {
      "type": "Feature",
      "geometry": {
        "type": "Polygon",
        "coordinates": [
          [
            [
              -98.25948644571612,
              35.020753245775445
            ],
            [
              -98.25917353773433,
              35.0214323486152
            ],
            [
              -98.2399124390778,
              35.05994904197077
            ],
            [
              -98.23952242909343,
              35.0606677531683
            ],
            [
              -98.23871237314049,
              35.06056011937568
            ],
            [
              -98.18035361299818,
              35.05083504904482
            ],
            [
              -98.17963781565966,
              35.050691553257316
            ],
            [
              -98.18031266451347,
              35.05041334563695
            ],
            [
              -98.25877807060948,
              35.02099302245554
            ],
            [
              -98.25948644571612,
              35.020753245775445
            ]
          ]
        ]
      },
      "properties": {
        "hail_size_bin": "0.5\"",
        "min_size_inches": 0.5
      }
    },
    {
      "type": "Feature",
      "geometry": {
        "type": "Polygon",
        "coordinates": [
          [
            [
              -99.4893225442083,
              45.497708513158
            ],
            [
              -99.48868223416561,
              45.498149843569536
            ],
            [
              -99.35006905157755,
              45.587245586489196
            ],
            [
              -99.34937351299376,
              45.587661081373646
            ],
            [
              -99.34924968321252,
              45.587646492245696
            ],
            [
              -99.34624859424177,
              45.587193470116404
            ],
            [
              -99.34295778165976,
              45.58691717988701
            ],
            [
              -99.33965590844399,
              45.586858724709856
            ],
            [
              -99.33635737840054,
              45.58701835958475
            ],
            [
              -99.33307658075155,
              45.587395388134304
            ],
            [
              -99.32982782736488,
              45.5879881656418
            ],
            [
              -99.32662529032127,
              45.58879410622592
            ],
            [
              -99.3234829400913,
              45.58980969412117
            ],
            [
              -99.32041448459178,
              45.59103049901477
            ],
            [
              -99.31743330938755,
              45.59245119537306
            ],
            [
              -99.31455241929943,
              45.594065585673135
            ],
            [
              -99.31178438167315,
              45.59586662743841
            ],
            [
              -99.30960676221153,
              45.597497785562844
            ],
            [
              -99.30937022279396,
              45.597663011243064
            ],
            [
              -99.30866307790623,
              45.59809029249463
            ],
            [
              -99.06011908556718,
              45.73725504184364
            ],
            [
              -99.05941748588555,
              45.737618896395844
            ],
            [
              -99.05866173847629,
              45.737392966504196
            ],
            [
              -99.03020485028662,
              45.727908692391196
            ],
            [
              -99.02945122114896,
              45.727629679501376
            ],
            [
              -99.02942517057143,
              45.726826993445435
            ],
            [
              -99.02942517057143,
              45.708462455448114
            ],
            [
              -99.0294512312468,
              45.70765623770749
            ],
            [
              -99.02946789271684,
              45.70748490253004
            ],
            [
              -99.02983587207694,
              45.70466087116669
            ],
            [
              -99.03004551797558,
              45.70146889591938
            ],
            [
              -99.03005062617555,
              45.69827004748777
            ],
            [
              -99.02985117576866,
              45.69507741895983
            ],
            [
              -99.02944798311798,
              45.691904077965134
            ],
            [
              -99.02884269851641,
              45.68876301318813
            ],
            [
              -99.02803779943196,
              45.6856670812047
            ],
            [
              -99.02703658036721,
              45.68262895385935
            ],
            [
              -99.02584313937484,
              45.67966106639855
            ],
            [
              -99.02446236128397,
              45.67677556657253
            ],
            [
              -99.02289989770624,
              45.67398426491373
            ],
            [
              -99.02116214390344,
              45.67129858639554
            ],
            [
              -99.01925621261128,
              45.66872952366922
            ],
            [
              -99.01718990492652,
              45.66628759207024
            ],
            [
              -99.0149716783766,
              45.66398278657835
            ],
            [
              -99.01261061230242,
              45.661824540907546
            ],
            [
              -98.97279939290462,
              45.627705514106395
            ],
            [
              -98.97026869592233,
              45.625675285758106
            ],
            [
              -98.96761165781905,
              45.623813457924996
            ],
            [
              -98.96483946605836,
              45.622127869836405
            ],
            [
              -98.96196379295853,
              45.620625618663915
            ],
            [
              -98.95899674654613,
              45.61931302963871
            ],
            [
              -98.95595081957528,
              45.618195629419176
            ],
            [
              -98.95283883692679,
              45.617278122820885
            ],
            [
              -98.94967390160905,
              45.616564373006966
            ],
            [
              -98.94646933958771,
              45.616057385222256
            ],
            [
              -98.94323864367678,
              45.615759294139714
            ],
            [
              -98.93999541672702,
              45.61567135487236
            ],
            [
              -98.93675331435117,
              45.615793937688636
            ],
            [
              -98.93352598742692,
              45.61612652645337
            ],
            [
              -98.93032702461993,
              45.616667720801
            ],
            [
              -98.92716989516867,
              45.61741524203177
            ],
            [
              -98.92406789217223,
              45.618365942706234
            ],
            [
              -98.92103407661962,
              45.61951581989755
            ],
            [
              -98.8302113914809,
              45.65735319848724
            ],
            [
              -98.8294450369939,
              45.657643331281776
            ],
            [
              -98.82865515609758,
              45.657884434920334
            ],
            [
              -98.82700090416245,
              45.65833160198152
            ],
            [
              -98.8238424154258,
              45.65941631464948
            ],
            [
              -98.82076338061712,
              45.660709449336366
            ],
            [
              -98.81777753549872,
              45.662205237289385
            ],
            [
              -98.81489820010799,
              45.66389700570712
            ],
            [
              -98.81213821933598,
              45.665777207507354
            ],
            [
              -98.80950990562543,
              45.66783745499503
            ],
            [
              -98.80702498404433,
              45.670068557280295
            ],
            [
              -98.80469453997961,
              45.67246056127959
            ],
            [
              -98.80252896968453,
              45.67500279611702
            ],
            [
              -98.80053793390046,
              45.67768392072771
            ],
            [
              -98.7987303147596,
              45.68049197445104
            ],
            [
              -98.79711417616133,
              45.68341443038786
            ],
            [
              -98.79569672779863,
              45.68643825128378
            ],
            [
              -98.76978131218081,
              45.74689891468565
            ],
            [
              -98.76944533569193,
              45.74761754898533
            ],
            [
              -98.76865263008868,
              45.74764312142857
            ],
            [
              -98.68029300534066,
              45.74764312142857
            ],
            [
              -98.6795024303624,
              45.747617252435745
            ],
            [
              -98.67952644522762,
              45.746871880438405
            ],
            [
              -98.67963350168219,
              45.745232830770696
            ],
            [
              -98.67963619164553,
              45.74201399633012
            ],
            [
              -98.67943176543537,
              45.73880165881419
            ],
            [
              -98.67902107026774,
              45.73560913130906
            ],
            [
              -98.67840580821164,
              45.7324496448011
            ],
            [
              -98.67758852913512,
              45.72933629334282
            ],
            [
              -98.67657262013769,
              45.72628197978644
            ],
            [
              -98.67536229151291,
              45.72329936230984
            ],
            [
              -98.6739625592995,
              45.72040080195642
            ],
            [
              -98.67237922449297,
              45.71759831140655
            ],
            [
              -98.6706188490043,
              45.71490350519263
            ],
            [
              -98.66868872846491,
              45.71232755156433
            ],
            [
              -98.66659686199102,
              45.70988112620329
            ],
            [
              -98.66435191903237,
              45.70757436797927
            ],
            [
              -98.66196320344291,
              45.70541683693097
            ],
            [
              -98.65944061492226,
              45.703417474645846
            ],
            [
              -98.65679460798779,
              45.70158456720289
            ],
            [
              -98.65403614864735,
              45.69992571083214
            ],
            [
              -98.6511766689521,
              45.69844778043317
            ],
            [
              -98.64822801961807,
              45.69715690108303
            ],
            [
              -98.62799473521952,
              45.689064743676504
            ],
            [
              -98.62489825216163,
              45.68794314223654
            ],
            [
              -98.62173464952365,
              45.687027819633926
            ],
            [
              -98.6185176525287,
              45.6863227469764
            ],
            [
              -98.61526121805018,
              45.68583098320678
            ],
            [
              -98.61197947406022,
              45.68555466183178
            ],
            [
              -98.60868665833569,
              45.68549498166583
            ],
            [
              -98.60539705668796,
              45.685652201630084
            ],
            [
              -98.60212494098418,
              45.686025639629044
            ],
            [
              -98.60053286629062,
              45.68631455065624
            ],
            [
              -98.60052636521728,
              45.68577682028818
            ],
            [
              -98.60027375627101,
              45.68252056933942
            ],
            [
              -98.59980909915319,
              45.679287757052265
            ],
            [
              -98.59952448898714,
              45.6776819836787
            ],
            [
              -98.60029245149383,
              45.67750197844282
            ],
            [
              -98.60930914143167,
              45.675698898111776
            ],
            [
              -98.61255029945349,
              45.67493771960264
            ],
            [
              -98.6157336158261,
              45.673962529920004
            ],
            [
              -98.61884497636385,
              45.67277765285913
            ],
            [
              -98.62187058591881,
              45.671388341927
            ],
            [
              -98.62479702954572,
              45.66980075704933
            ],
            [
              -98.6276113319811,
              45.668021937258715
            ],
            [
              -98.630301015173,
              45.66605976948495
            ],
            [
              -98.63285415360622,
              45.66392295358599
            ],
            [
              -98.63525942717754,
              45.661620963774475
            ],
            [
              -98.63750617138692,
              45.65916400661104
            ],
            [
              -98.63958442462159,
              45.65656297575044
            ],
            [
              -98.64148497232402,
              45.65382940364127
            ],
            [
              -98.64319938784728,
              45.65097541039341
            ],
            [
              -98.64472006981715,
              45.64801365003988
            ],
            [
              -98.64604027583513,
              45.64495725443143
            ],
            [
              -98.64715415237279,
              45.64181977501252
            ],
            [
              -98.64805676072523,
              45.638615122736944
            ],
            [
              -98.64874409890821,
              45.635357506389454
            ],
            [
              -98.64921311940225,
              45.63206136958686
            ],
            [
              -98.64946174266466,
              45.628741326737945
            ],
            [
              -98.64950563877466,
              45.62768283035627
            ],
            [
              -98.64984269373954,
              45.62695106117192
            ],
            [
              -98.66911248681905,
              45.58841698145486
            ],
            [
              -98.66949267404131,
              45.587714835036294
            ],
            [
              -98.67029071927199,
              45.587688840285715
            ],
            [
              -98.74049811703702,
              45.587688840285715
            ],
            [
              -98.74377195018634,
              45.587581545328746
            ],
            [
              -98.74703173270419,
              45.587260120946134
            ],
            [
              -98.75026347426156,
              45.5867259466265
            ],
            [
              -98.75345330487559,
              45.585981314938266
            ],
            [
              -98.75658753443676,
              45.585029421690436
            ],
            [
              -98.75965271146403,
              45.58387435221681
            ],
            [
              -98.7626356808359,
              45.58252106384256
            ],
            [
              -98.76552364024955,
              45.58097536460841
            ],
            [
              -98.76830419516575,
              45.57924388834367
            ],
            [
              -98.7709654120037,
              45.57733406619519
            ],
            [
              -98.77349586935755,
              45.57525409473439
            ],
            [
              -98.77588470701477,
              45.5730129007792
            ],
            [
              -98.77812167256603,
              45.57062010308197
            ],
            [
              -98.78019716540642,
              45.56808597104775
            ],
            [
              -98.78210227793934,
              45.56542138066004
            ],
            [
              -98.78382883380611,
              45.56263776780328
            ],
            [
              -98.78536942297723,
              45.559747079182344
            ],
            [
              -98.78671743355473,
              45.55676172104967
            ],
            [
              -98.78786708014914,
              45.55369450596016
            ],
            [
              -98.7888134287092,
              45.550558597782256
            ],
            [
              -98.78939648844384,
              45.54804079741552
            ],
            [
              -98.7894810823173,
              45.54772312637903
            ],
            [
              -98.7902665610175,
              45.54756577290692
            ],
            [
              -98.83924532576822,
              45.53940381177618
            ],
            [
              -98.8424849858565,
              45.53875325367994
            ],
            [
              -98.84567460167189,
              45.53789013475742
            ],
            [
              -98.84880024272893,
              45.53681822463677
            ],
            [
              -98.85184825794869,
              45.535542204831145
            ],
            [
              -98.85480533527912,
              45.53406764829238
            ],
            [
              -98.85765855983483,
              45.53240099507144
            ],
            [
              -98.86039547030217,
              45.53054952419183
            ],
            [
              -98.8630041133633,
              45.52852132185879
            ],
            [
              -98.86547309590188,
              45.526325246143244
            ],
            [
              -98.86779163476174,
              45.5239708882946
            ],
            [
              -98.86994960384193,
              45.52146853085147
            ],
            [
              -98.8719375783218,
              45.51882910273319
            ],
            [
              -98.87374687582357,
              45.51606413150833
            ],
            [
              -98.87536959433206,
              45.51318569304861
            ],
            [
              -98.87679864670642,
              45.510206358788146
            ],
            [
              -98.87802779163279,
              45.50713914081837
            ],
            [
              -98.87905166088302,
              45.50399743505833
            ],
            [
              -98.87986578276002,
              45.500794962748756
            ],
            [
              -98.88046660162775,
              45.49754571052519
            ],
            [
              -98.88085149344023,
              45.494263869332066
            ],
            [
              -98.881018777202,
              45.49096377244451
            ],
            [
              -98.8809677223097,
              45.48765983286846
            ],
            [
              -98.88069855174298,
              45.48436648039261
            ],
            [
              -98.88021244109065,
              45.48109809856701
            ],
            [
              -98.87951151341635,
              45.477868961883686
            ],
            [
              -98.87947880841338,
              45.47773914553888
            ],
            [
              -98.88024304620353,
              45.47754331000419
            ],
            [
              -98.94653882032081,
              45.462813020684415
            ],
            [
              -98.94966547300693,
              45.4620115849935
            ],
            [
              -98.9527339013982,
              45.46101008442241
            ],
            [
              -98.9557313184254,
              45.459812692526974
            ],
            [
              -98.95864523294514,
              45.458424399201384
            ],
            [
              -98.96146350179424,
              45.45685098988386
            ],
            [
              -98.96417438039394,
              45.45509902144694
            ],
            [
              -98.96676657169314,
              45.453175794873026
            ],
            [
              -98.96922927324663,
              45.451089324828985
            ],
            [
              -98.97155222223213,
              45.448848306266584
            ],
            [
              -98.97372573821859,
              45.446462078188034
            ],
            [
              -98.97574076350745,
              45.4439405847275
            ],
            [
              -98.97758890087886,
              45.44129433371093
            ],
            [
              -98.97926244858535,
              45.43853435286673
            ],
            [
              -98.98075443244743,
              45.4356721438699
            ],
            [
              -98.98205863491707,
              45.43271963441108
            ],
            [
              -98.9831696209881,
              45.42968912849024
            ],
            [
              -98.98408276084548,
              45.4265932551422
            ],
            [
              -98.98479424915925,
              45.42344491580763
            ],
            [
              -98.98530112094241,
              45.42025723056882
            ],
            [
              -98.98560126390689,
              45.417043483474366
            ],
            [
              -98.9856934272662,
              45.413817067180474
            ],
            [
              -98.98557722694774,
              45.410591427139764
            ],
            [
              -98.98525314719338,
              45.407380005569955
            ],
            [
              -98.98472253854146,
              45.40419618543609
            ],
            [
              -98.9795940477943,
              45.37855739543143
            ],
            [
              -98.97946836321283,
              45.377799994163134
            ],
            [
              -98.98013940120128,
              45.378173037476124
            ],
            [
              -99.01369451238025,
              45.398303227620104
            ],
            [
              -99.01657711681557,
              45.39990569771819
            ],
            [
              -99.01955909417512,
              45.40131464405245
            ],
            [
              -99.02262747009162,
              45.40252393639953
            ],
            [
              -99.02576889428393,
              45.40352831321612
            ],
            [
              -99.02896969864315,
              45.40432340453149
            ],
            [
              -99.03074637590716,
              45.40464212277337
            ],
            [
              -99.03048984337485,
              45.405159294687124
            ],
            [
              -99.02960444036118,
              45.40728300511736
            ],
            [
              -99.0294016542965,
              45.407728639450525
            ],
            [
              -99.02877915358721,
              45.408597690919926
            ],
            [
              -99.02808797284949,
              45.40950037656718
            ],
            [
              -99.02627500565762,
              45.41221925280411
            ],
            [
              -99.02464351578533,
              45.41505075043382
            ],
            [
              -99.0232004723948,
              45.41798277427472
            ],
            [
              -99.02195203966988,
              45.42100279973187
            ],
            [
              -99.02090355048472,
              45.4240979262978
            ],
            [
              -99.02005948362361,
              45.42725493265897
            ],
            [
              -99.01942344464915,
              45.43046033317271
            ],
            [
              -99.01899815050055,
              45.433700435473206
            ],
            [
              -99.01878541788778,
              45.43696139896058
            ],
            [
              -99.01878615553122,
              45.440229293923146
            ],
            [
              -99.01900036027988,
              45.44349016104036
            ],
            [
              -99.01942711712495,
              45.44673007101221
            ],
            [
              -99.02006460310834,
              45.44993518406037
            ],
            [
              -99.0209100951097,
              45.45309180904699
            ],
            [
              -99.02195998147873,
              45.45618646195848
            ],
            [
              -99.02320977746285,
              45.45920592350461
            ],
            [
              -99.02465414436453,
              45.462137295586736
            ],
            [
              -99.02628691234638,
              45.46496805639401
            ],
            [
              -99.02810110678651,
              45.46768611389228
            ],
            [
              -99.0300889780718,
              45.47027985747706
            ],
            [
              -99.03224203470151,
              45.47273820757006
            ],
            [
              -99.03455107956007,
              45.47505066294729
            ],
            [
              -99.03700624920397,
              45.477207345596675
            ],
            [
              -99.03959705599502,
              45.47919904291354
            ],
            [
              -99.04231243289986,
              45.481017247053664
            ],
            [
              -99.0451407807646,
              45.48265419127585
            ],
            [
              -99.04807001786233,
              45.48410288311878
            ],
            [
              -99.05108763150214,
              45.485357134270394
            ],
            [
              -99.054180731479,
              45.486411587002216
            ],
            [
              -99.05733610513627,
              45.48726173705575
            ],
            [
              -99.06054027380561,
              45.48790395288308
            ],
            [
              -99.08583561019765,
              45.49211923992577
            ],
            [
              -99.08912681776758,
              45.49255594850967
            ],
            [
              -99.09243975163761,
              45.49277327505764
            ],
            [
              -99.09575980473556,
              45.49277026135417
            ],
            [
              -99.09907233859984,
              45.492546920687005
            ],
            [
              -99.10236274792196,
              45.49210423778852
            ],
            [
              -99.1056165249428,
              45.49144416449394
            ],
            [
              -99.10881932341897,
              45.49056961113553
            ],
            [
              -99.11195702187675,
              45.48948443371055
            ],
            [
              -99.11501578587524,
              45.48819341687986
            ],
            [
              -99.11798212900385,
              45.48670225287178
            ],
            [
              -99.12084297234526,
              45.485017516384495
            ],
            [
              -99.12358570214174,
              45.48314663559751
            ],
            [
              -99.12619822541056,
              45.48109785942001
            ],
            [
              -99.12866902326321,
              45.478880221120605
            ],
            [
              -99.13098720169334,
              45.47650349849866
            ],
            [
              -99.13314253960965,
              45.47397817077296
            ],
            [
              -99.13512553390166,
              45.47131537237776
            ],
            [
              -99.13692744134,
              45.46852684386988
            ],
            [
              -99.14736890551535,
              45.45112688999582
            ],
            [
              -99.14894758535827,
              45.44829145005209
            ],
            [
              -99.14916141128016,
              45.44784089293139
            ],
            [
              -99.14942934595494,
              45.44776478097917
            ],
            [
              -99.15018227297266,
              45.44801914605978
            ],
            [
              -99.15782937674565,
              45.450886400249836
            ],
            [
              -99.16092766469357,
              45.451933855037765
            ],
            [
              -99.16408780302272,
              45.45277651480406
            ],
            [
              -99.16729627070234,
              45.45341077412787
            ],
            [
              -99.1705393399188,
              45.453833919254635
            ],
            [
              -99.1738031348116,
              45.45404413970719
            ],
            [
              -99.17707369084302,
              45.454040536032146
            ],
            [
              -99.18033701454691,
              45.453823123648235
            ],
            [
              -99.18357914340154,
              45.453392832780416
            ],
            [
              -99.18678620556992,
              45.452751504479764
            ],
            [
              -99.18994447925202,
              45.4519018827463
            ],
            [
              -99.19304045139523,
              45.45084760278847
            ],
            [
              -99.19606087551155,
              45.449593175469495
            ],
            [
              -99.19899282835425,
              45.44814396800705
            ],
            [
              -99.20182376521157,
              45.44650618100902
            ],
            [
              -99.20454157358073,
              45.444686821943435
            ],
            [
              -99.20713462499279,
              45.44269367515621
            ],
            [
              -99.20959182476636,
              45.440535268564815
            ],
            [
              -99.21190265947763,
              45.43822083717067
            ],
            [
              -99.21405724194321,
              45.43576028354596
            ],
            [
              -99.2160463535237,
              45.433164135464395
            ],
            [
              -99.2178614835667,
              45.4304435008568
            ],
            [
              -99.21933894419224,
              45.427880502533235
            ],
            [
              -99.21941344456849,
              45.4277605313743
            ],
            [
              -99.22021671551613,
              45.427734559142856
            ],
            [
              -99.27855268980367,
              45.427734559142856
            ],
            [
              -99.27936649812762,
              45.427761805242184
            ],
            [
              -99.27952703065685,
              45.428559930282965
            ],
            [
              -99.2804834824712,
              45.43429782123604
            ],
            [
              -99.28113332060671,
              45.43753375563313
            ],
            [
              -99.2819952331397,
              45.44071976690275
            ],
            [
              -99.28306546435144,
              45.443841972241614
            ],
            [
              -99.28433935079035,
              45.44688676687598
            ],
            [
              -99.28581134159253,
              45.44984088334337
            ],
            [
              -99.28747502266935,
              45.45269144930459
            ],
            [
              -99.28932314465628,
              45.45542604363393
            ],
            [
              -99.29134765450145,
              45.45803275054332
            ],
            [
              -99.29353973055625,
              45.46050021150443
            ],
            [
              -99.29588982101497,
              45.46281767474265
            ],
            [
              -99.29838768553607,
              45.46497504208709
            ],
            [
              -99.30102243986373,
              45.466962912972626
            ],
            [
              -99.3037826032551,
              45.46877262540213
            ],
            [
              -99.30665614850687,
              45.4703962936905
            ],
            [
              -99.30963055436283,
              45.47182684282589
            ],
            [
              -99.31269286007425,
              45.473058039298586
            ],
            [
              -99.31582972187552,
              45.47408451826302
            ],
            [
              -99.31902747112842,
              45.4749018069147
            ],
            [
              -99.32227217388233,
              45.47550634398011
            ],
            [
              -99.32554969159024,
              45.47589549523467
            ],
            [
              -99.32884574271651,
              45.47606756498121
            ],
            [
              -99.3321459649675,
              45.47602180343882
            ],
            [
              -99.3354359778742,
              45.47575841000996
            ],
            [
              -99.33870144545408,
              45.475278532411586
            ],
            [
              -99.34192813867898,
              45.47458426167406
            ],
            [
              -99.44855120374147,
              45.44793230391923
            ],
            [
              -99.44935468248354,
              45.447759882040096
            ],
            [
              -99.44988932237048,
              45.44838395542048
            ],
            [
              -99.48885649604019,
              45.497085963089326
            ],
            [
              -99.4893225442083,
              45.497708513158
            ]
          ]
        ]
      },
      "properties": {
        "hail_size_bin": "0.5\"",
        "min_size_inches": 0.5
      }
    },
    {
      "type": "Feature",
      "geometry": {
        "type": "Polygon",
        "coordinates": [
          [
            [
              -99.08943296074416,
              45.37771612433043
            ],
            [
              -99.0894155684552,
              45.3777213269595
            ],
            [
              -99.08819491954193,
              45.37743304412265
            ],
            [
              -99.08746695852214,
              45.37723593031984
            ],
            [
              -99.08465302973242,
              45.37666853767972
            ],
            [
              -99.08555022528643,
              45.37470618129124
            ],
            [
              -99.08672085897446,
              45.37162284940606
            ],
            [
              -99.08768567525016,
              45.3684690503795
            ],
            [
              -99.08844047626783,
              45.36525850616248
            ],
            [
              -99.08898197794299,
              45.36200518560012
            ],
            [
              -99.08930782424112,
              45.3587232436543
            ],
            [
              -99.08941659742857,
              45.35542695981649
            ],
            [
              -99.08941659742857,
              45.30858465515824
            ],
            [
              -99.08944207251562,
              45.307804191484024
            ],
            [
              -99.09019055084025,
              45.30802679589608
            ],
            [
              -99.11863102785877,
              45.31750560040029
            ],
            [
              -99.11937544615841,
              45.31778126040666
            ],
            [
              -99.1190439736805,
              45.318502559956194
            ],
            [
              -99.08943296074416,
              45.37771612433043
            ]
          ]
        ]
      },
      "properties": {
        "hail_size_bin": "0.5\"",
        "min_size_inches": 0.5
      }
    },
    {
      "type": "Feature",
      "geometry": {
        "type": "Polygon",
        "coordinates": [
          [
            [
              -98.55945515612657,
              45.73721874584014
            ],
            [
              -98.55946556414892,
              45.737633026241966
            ],
            [
              -98.55881587623934,
              45.7380968815026
            ],
            [
              -98.5001816292431,
              45.77718079448808
            ],
            [
              -98.49949520462219,
              45.77760658674852
            ],
            [
              -98.49869868375212,
              45.777474128817026
            ],
            [
              -98.35032934121026,
              45.74780450003851
            ],
            [
              -98.34969684979544,
              45.747656216523296
            ],
            [
              -98.35034438736209,
              45.74760398156896
            ],
            [
              -98.55295435145372,
              45.73795726653683
            ],
            [
              -98.55620987686024,
              45.73769547301402
            ],
            [
              -98.55944136553019,
              45.737221698281665
            ],
            [
              -98.55945515612657,
              45.73721874584014
            ]
          ]
        ]
      },
      "properties": {
        "hail_size_bin": "0.5\"",
        "min_size_inches": 0.5
      }
    },
    {
      "type": "Feature",
      "geometry": {
        "type": "Polygon",
        "coordinates": [
          [
            [
              -98.63944474016297,
              23.454029194756952
            ],
            [
              -98.63911096450492,
              23.45475494442322
            ],
            [
              -98.61984967732954,
              23.493272014762628
            ],
            [
              -98.61947210390957,
              23.493969065802318
            ],
            [
              -98.61875196922432,
              23.493637917461378
            ],
            [
              -98.58020946898466,
              23.474369420770707
            ],
            [
              -98.5795188082865,
              23.473995881396743
            ],
            [
              -98.57968472719011,
              23.473228551688685
            ],
            [
              -98.58928904170084,
              23.4348167826098
            ],
            [
              -98.58950600632478,
              23.434056038505872
            ],
            [
              -98.59024976072273,
              23.434325546641706
            ],
            [
              -98.63871294018968,
              23.453708048708187
            ],
            [
              -98.63944474016297,
              23.454029194756952
            ]
          ]
        ]
      },
      "properties": {
        "hail_size_bin": "0.5\"",
        "min_size_inches": 0.5
      }
    },
    {
      "type": "Feature",
      "geometry": {
        "type": "Polygon",
        "coordinates": [
          [
            [
              -98.75943097009967,
              27.352884491370943
            ],
            [
              -98.7586874872705,
              27.353159507177768
            ],
            [
              -98.73024959210727,
              27.362637451186504
            ],
            [
              -98.72948627763053,
              27.362864201789396
            ],
            [
              -98.7292682036177,
              27.362098716105816
            ],
            [
              -98.71966611518808,
              27.32369585007908
            ],
            [
              -98.7195017339089,
              27.322934291868734
            ],
            [
              -98.72028016501926,
              27.322909362285717
            ],
            [
              -98.74864339214953,
              27.322909362285717
            ],
            [
              -98.74944652577258,
              27.32293576959146
            ],
            [
              -98.74972508367661,
              27.32368896619743
            ],
            [
              -98.75920496598644,
              27.35212454973962
            ],
            [
              -98.75943097009967,
              27.352884491370943
            ]
          ]
        ]
      },
      "properties": {
        "hail_size_bin": "0.5\"",
        "min_size_inches": 0.5
      }
    },
    {
      "type": "Feature",
      "geometry": {
        "type": "Polygon",
        "coordinates": [
          [
            [
              -99.92926254972168,
              45.567692492387756
            ],
            [
              -99.92872015789379,
              45.568270888320804
            ],
            [
              -99.8942428672964,
              45.602743252887095
            ],
            [
              -99.89201988415674,
              45.60511537023569
            ],
            [
              -99.88995575036208,
              45.60762693278367
            ],
            [
              -99.88805919190983,
              45.61026732305632
            ],
            [
              -99.8863382263831,
              45.61302537896774
            ],
            [
              -99.88480012905679,
              45.61588944100783
            ],
            [
              -99.8834514021418,
              45.618847401532165
            ],
            [
              -99.88229774729746,
              45.621886755946306
            ],
            [
              -99.88134404152794,
              45.62499465556822
            ],
            [
              -99.88059431656517,
              45.62815796194524
            ],
            [
              -99.88005174182489,
              45.6313633023961
            ],
            [
              -99.87971861100809,
              45.634597126543085
            ],
            [
              -99.87959633240465,
              45.63784576359542
            ],
            [
              -99.87968542293973,
              45.641095480141715
            ],
            [
              -99.87998550598867,
              45.64433253820707
            ],
            [
              -99.88049531296899,
              45.647543253329516
            ],
            [
              -99.88121268870333,
              45.650714052410265
            ],
            [
              -99.88213460053035,
              45.6538315310931
            ],
            [
              -99.88325715112502,
              45.65688251043047
            ],
            [
              -99.88457559497442,
              45.6598540925967
            ],
            [
              -99.88608435843906,
              45.66273371541271
            ],
            [
              -99.88777706331508,
              45.665509205451855
            ],
            [
              -99.88895715454659,
              45.66718805808589
            ],
            [
              -99.88926317407824,
              45.66765609574903
            ],
            [
              -99.88856286311592,
              45.66803564090409
            ],
            [
              -99.8500485358073,
              45.68729005314187
            ],
            [
              -99.84930073759455,
              45.68763344080991
            ],
            [
              -99.84848008853209,
              45.687660265999995
            ],
            [
              -99.79013841462809,
              45.687660265999995
            ],
            [
              -99.78935535668133,
              45.68763451719753
            ],
            [
              -99.78960442385755,
              45.686989929443584
            ],
            [
              -99.79068663872347,
              45.68388827891692
            ],
            [
              -99.79156284751693,
              45.680722258835516
            ],
            [
              -99.79222926802136,
              45.67750553554669
            ],
            [
              -99.79268302358598,
              45.674251994261695
            ],
            [
              -99.79292215554315,
              45.67097567911925
            ],
            [
              -99.79294563166304,
              45.667690732563
            ],
            [
              -99.79275335060933,
              45.66441133429473
            ],
            [
              -99.79234614237664,
              45.66115164006661
            ],
            [
              -99.79172576470782,
              45.65792572057698
            ],
            [
              -99.7908948955065,
              45.65474750073312
            ],
            [
              -99.78985712127775,
              45.65163069954349
            ],
            [
              -99.78861692164668,
              45.648588770898584
            ],
            [
              -99.78717965002181,
              45.64563484549635
            ],
            [
              -99.78555151048673,
              45.64278167416258
            ],
            [
              -99.7837395310197,
              45.64004157281104
            ],
            [
              -99.78175153315695,
              45.63742636928106
            ],
            [
              -99.77959609823041,
              45.63494735228171
            ],
            [
              -99.77728253032583,
              45.63261522266343
            ],
            [
              -99.77482081612102,
              45.63044004722697
            ],
            [
              -99.77222158177767,
              45.62843121526936
            ],
            [
              -99.76949604707276,
              45.626597398054365
            ],
            [
              -99.76665597696768,
              45.624946511382376
            ],
            [
              -99.76371363082382,
              45.62348568142127
            ],
            [
              -99.76068170948427,
              45.62222121394584
            ],
            [
              -99.75757330044976,
              45.62115856711846
            ],
            [
              -99.75440182138547,
              45.62030232792854
            ],
            [
              -99.7511809622028,
              45.61965619239249
            ],
            [
              -99.68011541776562,
              45.60781362726487
            ],
            [
              -99.67934576792355,
              45.60766011014945
            ],
            [
              -99.67885589806677,
              45.60704802046328
            ],
            [
              -99.58984214508114,
              45.48837997390598
            ],
            [
              -99.58939005463512,
              45.48773374133201
            ],
            [
              -99.59015219189529,
              45.487531201798426
            ],
            [
              -99.6207607551034,
              45.480468696429654
            ],
            [
              -99.62391724671265,
              45.47963092409846
            ],
            [
              -99.6270123149644,
              45.47858888078109
            ],
            [
              -99.63003275592388,
              45.47734701196013
            ],
            [
              -99.6329656840254,
              45.47591061559786
            ],
            [
              -99.63579858704365,
              45.474285819534536
            ],
            [
              -99.63851937947243,
              45.47247955534629
            ],
            [
              -99.6411164540828,
              45.47049952877417
            ],
            [
              -99.64357873144104,
              45.468354186850526
            ],
            [
              -99.6458957071747,
              45.466052681862955
            ],
            [
              -99.64805749678565,
              45.46360483230953
            ],
            [
              -99.65005487781846,
              45.46102108101191
            ],
            [
              -99.65187932920458,
              45.458312450565
            ],
            [
              -99.65352306761416,
              45.45549049631323
            ],
            [
              -99.65497908066074,
              45.45256725705405
            ],
            [
              -99.65624115681692,
              45.44955520367899
            ],
            [
              -99.65730391191347,
              45.446467185971315
            ],
            [
              -99.6581628121089,
              45.44331637778729
            ],
            [
              -99.65881419323128,
              45.44011622085495
            ],
            [
              -99.65925527641012,
              45.43688036743003
            ],
            [
              -99.65948417993135,
              45.433622622053825
            ],
            [
              -99.65949992726492,
              45.430356882661336
            ],
            [
              -99.6593795323453,
              45.42836948441486
            ],
            [
              -99.65936231813487,
              45.427749245872576
            ],
            [
              -99.66004526564554,
              45.42732883822007
            ],
            [
              -99.72861444247388,
              45.38815204974475
            ],
            [
              -99.72931236735272,
              45.38778305403499
            ],
            [
              -99.7294700271096,
              45.38813588125581
            ],
            [
              -99.73086624451619,
              45.39101018993831
            ],
            [
              -99.73244321248404,
              45.39378944262151
            ],
            [
              -99.73419448999883,
              45.39646228764413
            ],
            [
              -99.73611292409124,
              45.39901780795941
            ],
            [
              -99.73819067905269,
              45.40144556572511
            ],
            [
              -99.74041926843978,
              45.40373564493608
            ],
            [
              -99.74278958973653,
              45.405878691925494
            ],
            [
              -99.74529196153301,
              45.40786595356929
            ],
            [
              -99.74791616306834,
              45.40968931303762
            ],
            [
              -99.75065147597667,
              45.411341322947486
            ],
            [
              -99.75348672806557,
              45.412815235781096
            ],
            [
              -99.75641033894814,
              45.414105031445565
            ],
            [
              -99.75941036734218,
              45.41520544186158
            ],
            [
              -99.76247455984358,
              45.416111972480515
            ],
            [
              -99.76559040097447,
              45.41682092064208
            ],
            [
              -99.76874516430179,
              45.41732939069757
            ],
            [
              -99.77192596441752,
              45.417635305836946
            ],
            [
              -99.77511980956822,
              45.41773741657143
            ],
            [
              -99.78850073359253,
              45.41773741657143
            ],
            [
              -99.78931132114019,
              45.4177638761302
            ],
            [
              -99.78932302399699,
              45.417769164326714
            ],
            [
              -99.79217088402034,
              45.41917026442219
            ],
            [
              -99.79514976720196,
              45.42040421668525
            ],
            [
              -99.79820198877599,
              45.42144360432245
            ],
            [
              -99.80131485591637,
              45.42228410498493
            ],
            [
              -99.80447542359926,
              45.4229222234059
            ],
            [
              -99.80767054843555,
              45.4233553059359
            ],
            [
              -99.81088694332838,
              45.423581551578174
            ],
            [
              -99.81411123272824,
              45.423600019478144
            ],
            [
              -99.81733000825584,
              45.42341063283608
            ],
            [
              -99.82052988446168,
              45.42301417922641
            ],
            [
              -99.82369755449007,
              45.4224123073226
            ],
            [
              -99.82681984541641,
              45.421607520041036
            ],
            [
              -99.82988377302755,
              45.420603164132494
            ],
            [
              -99.83287659581725,
              45.41940341626454
            ],
            [
              -99.83578586797252,
              45.41801326565259
            ],
            [
              -99.83859949113008,
              45.41643849331204
            ],
            [
              -99.84130576468813,
              45.414685648017574
            ],
            [
              -99.84389343446388,
              45.41276201906974
            ],
            [
              -99.8463517394947,
              45.41067560598199
            ],
            [
              -99.84867045678816,
              45.40843508521433
            ],
            [
              -99.84931391152485,
              45.40777189940207
            ],
            [
              -99.85003285432515,
              45.408102647237314
            ],
            [
              -99.92856128601953,
              45.44736125310923
            ],
            [
              -99.92924508017032,
              45.44773168304699
            ],
            [
              -99.92868723881617,
              45.4481187653947
            ],
            [
              -99.92607148529042,
              45.45006311426377
            ],
            [
              -99.92358796375508,
              45.45217374919563
            ],
            [
              -99.92124722685112,
              45.454441701968186
            ],
            [
              -99.91905922051858,
              45.45685733590585
            ],
            [
              -99.91703324173551,
              45.45941038682635
            ],
            [
              -99.91517789901465,
              45.462090006653916
            ],
            [
              -99.91350107582527,
              45.46488480951344
            ],
            [
              -99.91200989709573,
              45.46778292010979
            ],
            [
              -99.91071069893934,
              45.47077202418669
            ],
            [
              -99.90960900173171,
              45.47383942085076
            ],
            [
              -99.90870948665435,
              45.47697207653846
            ],
            [
              -99.90801597580402,
              45.48015668039649
            ],
            [
              -99.90753141595248,
              45.48337970084048
            ],
            [
              -99.90725786602535,
              45.48662744305153
            ],
            [
              -99.90719648835366,
              45.4898861071664
            ],
            [
              -99.90734754373506,
              45.49314184691396
            ],
            [
              -99.9077103903256,
              45.49638082844892
            ],
            [
              -99.90828348636705,
              45.4995892891327
            ],
            [
              -99.90906439673789,
              45.50275359601175
            ],
            [
              -99.91004980330025,
              45.50586030374485
            ],
            [
              -99.91123551899898,
              45.50889621173323
            ],
            [
              -99.91897863359303,
              45.52696089771231
            ],
            [
              -99.91927106830484,
              45.52770926122921
            ],
            [
              -99.9190558735755,
              45.529169488606904
            ],
            [
              -99.91902545853134,
              45.529337382154694
            ],
            [
              -99.91865826118138,
              45.53250385616559
            ],
            [
              -99.91849358247539,
              45.535687293377045
            ],
            [
              -99.91853209175935,
              45.538874754528265
            ],
            [
              -99.91877363251004,
              45.54205328400292
            ],
            [
              -99.91921722297143,
              45.54520996248798
            ],
            [
              -99.91986106014497,
              45.54833195948501
            ],
            [
              -99.920702527118,
              45.55140658546044
            ],
            [
              -99.92173820370037,
              45.5544213434229
            ],
            [
              -99.92296388032598,
              45.55736397971795
            ],
            [
              -99.92437457516277,
              45.560222533833745
            ],
            [
              -99.92596455436171,
              45.56298538701523
            ],
            [
              -99.92772735536231,
              45.56564130948921
            ],
            [
              -99.92894140347295,
              45.567239214723905
            ],
            [
              -99.92926254972168,
              45.567692492387756
            ]
          ]
        ]
      },
      "properties": {
        "hail_size_bin": "0.5\"",
        "min_size_inches": 0.5
      }
    },
    {
      "type": "Feature",
      "geometry": {
        "type": "Polygon",
        "coordinates": [
          [
            [
              -99.67929761155594,
              45.247775491515355
            ],
            [
              -99.67861712349978,
              45.24819460381454
            ],
            [
              -99.6100506232081,
              45.28736986305884
            ],
            [
              -99.60936034428761,
              45.287734913210244
            ],
            [
              -99.60918228588721,
              45.28697462260315
            ],
            [
              -99.59950323767492,
              45.23858629613549
            ],
            [
              -99.59937406127743,
              45.237810029167264
            ],
            [
              -99.6001487973716,
              45.23767385648134
            ],
            [
              -99.6685202166771,
              45.22790790640076
            ],
            [
              -99.6693189938196,
              45.22782048558822
            ],
            [
              -99.66970126969339,
              45.22852669464436
            ],
            [
              -99.6789638961324,
              45.24704930067948
            ],
            [
              -99.67929761155594,
              45.247775491515355
            ]
          ]
        ]
      },
      "properties": {
        "hail_size_bin": "0.5\"",
        "min_size_inches": 0.5
      }
    },
    {
      "type": "Feature",
      "geometry": {
        "type": "Polygon",
        "coordinates": [
          [
            [
              -101.05907344022705,
              45.47773095347124
            ],
            [
              -101.05844896177281,
              45.47817764050871
            ],
            [
              -101.03375503041599,
              45.494637909274196
            ],
            [
              -101.03106810829404,
              45.49656010352568
            ],
            [
              -101.02851398881937,
              45.49865554021979
            ],
            [
              -101.02610382264545,
              45.50091507119855
            ],
            [
              -101.02384813196126,
              45.50332883190896
            ],
            [
              -101.02175676455403,
              45.50588628446919
            ],
            [
              -101.01983885081621,
              45.50857626367435
            ],
            [
              -101.0181027638845,
              45.51138702574102
            ],
            [
              -101.01655608308474,
              45.514306299577704
            ],
            [
              -101.01520556084249,
              45.51732134035738
            ],
            [
              -101.01405709320359,
              45.52041898515823
            ],
            [
              -101.0131156940935,
              45.52358571042977
            ],
            [
              -101.01238547342774,
              45.52680769103325
            ],
            [
              -101.01186961916898,
              45.530070860598805
            ],
            [
              -101.01157038340925,
              45.53336097293579
            ],
            [
              -101.0114890725378,
              45.536663664228065
            ],
            [
              -101.0116260415378,
              45.539964515742895
            ],
            [
              -101.01198069243645,
              45.54324911677954
            ],
            [
              -101.01255147691576,
              45.54650312758285
            ],
            [
              -101.01333590307192,
              45.54971234194706
            ],
            [
              -101.01433054629452,
              45.55286274923654
            ],
            [
              -101.0155310642174,
              45.55594059555283
            ],
            [
              -101.02881527557948,
              45.58693266002776
            ],
            [
              -101.02905156188278,
              45.587538197282555
            ],
            [
              -101.02836346457347,
              45.58669376091898
            ],
            [
              -101.02792893791805,
              45.58612282629049
            ],
            [
              -101.02578806951959,
              45.58366117433733
            ],
            [
              -101.02349122737635,
              45.581344373955964
            ],
            [
              -101.02104818964867,
              45.57918228827332
            ],
            [
              -101.0184693568835,
              45.57718412176193
            ],
            [
              -101.01576570773702,
              45.5753583810545
            ],
            [
              -101.01294875223613,
              45.573712838729314
            ],
            [
              -101.01003048277768,
              45.57225450022064
            ],
            [
              -101.00702332307425,
              45.570989573995085
            ],
            [
              -101.00394007526369,
              45.56992344512078
            ],
            [
              -101.00079386540754,
              45.56906065234196
            ],
            [
              -100.99759808761065,
              45.56840486875657
            ],
            [
              -100.99436634699939,
              45.567958886179035
            ],
            [
              -100.9911124018017,
              45.56772460325491
            ],
            [
              -100.98785010477539,
              45.567703017377944
            ],
            [
              -100.98459334423376,
              45.567894220443954
            ],
            [
              -100.9813559849201,
              45.56829739845958
            ],
            [
              -100.97815180898243,
              45.56891083500766
            ],
            [
              -100.97499445729989,
              45.56973191855438
            ],
            [
              -100.97189737141045,
              45.570757153567165
            ],
            [
              -100.96887373628742,
              45.57198217539589
            ],
            [
              -100.96593642420814,
              45.57340176885419
            ],
            [
              -100.96309793995376,
              45.575009890421626
            ],
            [
              -100.96037036757377,
              45.57679969397229
            ],
            [
              -100.95913970804656,
              45.57766596388345
            ],
            [
              -100.9576460936677,
              45.577802445991836
            ],
            [
              -100.95738297922324,
              45.57781789258535
            ],
            [
              -100.95413725053844,
              45.57822266438133
            ],
            [
              -100.9509249317565,
              45.57883878364369
            ],
            [
              -100.94775976979638,
              45.57966361372826
            ],
            [
              -100.94465530977232,
              45.58069362482586
            ],
            [
              -100.94162483702839,
              45.58192440906792
            ],
            [
              -100.93868132028469,
              45.58335069938962
            ],
            [
              -100.9358373561385,
              45.58496639207001
            ],
            [
              -100.93310511515797,
              45.5867645728525
            ],
            [
              -100.93049628979887,
              45.588737546534006
            ],
            [
              -100.92802204436745,
              45.590876869896036
            ],
            [
              -100.92569296724356,
              45.593173387837005
            ],
            [
              -100.92351902556825,
              45.59561727255084
            ],
            [
              -100.92150952259004,
              45.59819806558454
            ],
            [
              -100.84965363448843,
              45.69698579515776
            ],
            [
              -100.8491619203153,
              45.69761664729549
            ],
            [
              -100.84857783204437,
              45.697070205954425
            ],
            [
              -100.84099563571992,
              45.689489092955675
            ],
            [
              -100.83860730498772,
              45.687252504722615
            ],
            [
              -100.83607780121478,
              45.6851769177518
            ],
            [
              -100.83341795720403,
              45.68327122091098
            ],
            [
              -100.83063916395085,
              45.68154357549981
            ],
            [
              -100.82775332186033,
              45.68000138029839
            ],
            [
              -100.8247727897828,
              45.67865123988143
            ],
            [
              -100.82171033208606,
              45.6774989363336
            ],
            [
              -100.81857906399094,
              45.676549404487304
            ],
            [
              -100.8153923954043,
              45.67580671078888
            ],
            [
              -100.81216397349012,
              45.67527403588369
            ],
            [
              -100.80890762422426,
              45.67495366099474
            ],
            [
              -100.80563729318378,
              45.67484695815322
            ],
            [
              -100.8023669858238,
              45.674954384322604
            ],
            [
              -100.79911070749797,
              45.6752754794417
            ],
            [
              -100.79588240347957,
              45.675808868394896
            ],
            [
              -100.79269589923958,
              45.6765522669012
            ],
            [
              -100.7895648412381,
              45.677502491296856
            ],
            [
              -100.78916603641532,
              45.677637923734984
            ],
            [
              -100.78837340323234,
              45.677796485785024
            ],
            [
              -100.73000077775973,
              45.687523866674084
            ],
            [
              -100.72918284566246,
              45.68763241237458
            ],
            [
              -100.72849862353705,
              45.68749369500426
            ],
            [
              -100.72668769969364,
              45.68706303682486
            ],
            [
              -100.72344876518275,
              45.68651451248751
            ],
            [
              -100.7201808021296,
              45.686179858639704
            ],
            [
              -100.71689791712251,
              45.68606051985837
            ],
            [
              -100.7136142811623,
              45.68615701128491
            ],
            [
              -100.71034406849142,
              45.686468916401516
            ],
            [
              -100.70710139540891,
              45.6869948888291
            ],
            [
              -100.70390025933563,
              45.68773265813916
            ],
            [
              -100.70075447839248,
              45.68867903965435
            ],
            [
              -100.69767763175277,
              45.689829948195566
            ],
            [
              -100.69468300102588,
              45.691180415716126
            ],
            [
              -100.6917835129255,
              45.69272461274704
            ],
            [
              -100.68899168346977,
              45.694455873560635
            ],
            [
              -100.5498992212329,
              45.78717093292432
            ],
            [
              -100.5492271057405,
              45.78758737930774
            ],
            [
              -100.54907139463673,
              45.78681227091391
            ],
            [
              -100.53934706198496,
              45.72847461133674
            ],
            [
              -100.53923967702619,
              45.727663882129754
            ],
            [
              -100.53995822109808,
              45.72727448580203
            ],
            [
              -100.63849212077434,
              45.67801457510538
            ],
            [
              -100.63919894948731,
              45.67768856346511
            ],
            [
              -100.63997039341855,
              45.677792316441675
            ],
            [
              -100.68585497457688,
              45.68543865398858
            ],
            [
              -100.68913362462163,
              45.6858741173492
            ],
            [
              -100.69243389116038,
              45.686091867728386
            ],
            [
              -100.69574133331656,
              45.68609095232238
            ],
            [
              -100.69904147881546,
              45.685871375136706
            ],
            [
              -100.70231988731015,
              45.68543409696861
            ],
            [
              -100.70556221356767,
              45.68478103120297
            ],
            [
              -100.70875427023897,
              45.6839150354399
            ],
            [
              -100.71188208993813,
              45.68283989899091
            ],
            [
              -100.71493198635902,
              45.681560326298076
            ],
            [
              -100.71789061416202,
              45.68008191634895
            ],
            [
              -100.72074502736888,
              45.67841113817728
            ],
            [
              -100.72348273600996,
              45.676555302556615
            ],
            [
              -100.72609176077631,
              45.67452253001081
            ],
            [
              -100.72856068543709,
              45.672321715281264
            ],
            [
              -100.73087870679326,
              45.669962488406476
            ],
            [
              -100.73303568194883,
              45.6674551725842
            ],
            [
              -100.73502217269281,
              45.66481073900051
            ],
            [
              -100.73682948679763,
              45.66204075882353
            ],
            [
              -100.73844971605362,
              45.65915735257181
            ],
            [
              -100.73920667584342,
              45.657699329087094
            ],
            [
              -100.74061573797194,
              45.6579159510136
            ],
            [
              -100.74097729207905,
              45.65798353875372
            ],
            [
              -100.7442241665472,
              45.65837303228952
            ],
            [
              -100.74748955710847,
              45.65854945085061
            ],
            [
              -100.75075949586008,
              45.658512039796065
            ],
            [
              -100.75401999544411,
              45.658260959153914
            ],
            [
              -100.75725710887922,
              45.65779728293657
            ],
            [
              -100.76045698921973,
              45.65712299454669
            ],
            [
              -100.76360594878673,
              45.656240978293056
            ],
            [
              -100.76669051771798,
              45.65515500705276
            ],
            [
              -100.76969750158598,
              45.65386972613254
            ],
            [
              -100.772614037838,
              45.652390633398134
            ],
            [
              -100.77542765081637,
              45.65072405575689
            ],
            [
              -100.77812630512383,
              45.648877122094
            ],
            [
              -100.78069845710574,
              45.64685773277832
            ],
            [
              -100.78313310422865,
              45.64467452586802
            ],
            [
              -100.78541983214438,
              45.642336840160795
            ],
            [
              -100.78754885923794,
              45.63985467524661
            ],
            [
              -100.78884483107879,
              45.63812688833996
            ],
            [
              -100.78919001442348,
              45.63769633345908
            ],
            [
              -100.78993828617007,
              45.63740152270985
            ],
            [
              -100.79599297625708,
              45.63523944234997
            ],
            [
              -100.79911821963691,
              45.634003511586556
            ],
            [
              -100.80215337702671,
              45.63256042785571
            ],
            [
              -100.80508473598479,
              45.63091671081983
            ],
            [
              -100.80789905301708,
              45.6290797865762
            ],
            [
              -100.81058361340958,
              45.62705795410684
            ],
            [
              -100.81312628867167,
              45.6248603477848
            ],
            [
              -100.81551559133109,
              45.62249689610626
            ],
            [
              -100.81774072683284,
              45.61997827683492
            ],
            [
              -100.81979164230752,
              45.61731586876123
            ],
            [
              -100.82165907198888,
              45.614521700294524
            ],
            [
              -100.82333457907534,
              45.61160839512027
            ],
            [
              -100.82481059384635,
              45.608589115167895
            ],
            [
              -100.82608044786143,
              45.60547750114692
            ],
            [
              -100.82713840408721,
              45.60228761092006
            ],
            [
              -100.82797968281669,
              45.5990338559916
            ],
            [
              -100.82860048326324,
              45.59573093639817
            ],
            [
              -100.82899800073217,
              45.59239377429587
            ],
            [
              -100.82917043929184,
              45.58903744654396
            ],
            [
              -100.82919431314866,
              45.587690163210446
            ],
            [
              -100.82936490194938,
              45.58690125017614
            ],
            [
              -100.83896750064277,
              45.548496343385956
            ],
            [
              -100.83918207511772,
              45.54774400253983
            ],
            [
              -100.83982304564432,
              45.54819257331267
            ],
            [
              -100.85941524020795,
              45.5628846197717
            ],
            [
              -100.86212350985578,
              45.56477899647258
            ],
            [
              -100.86495101477567,
              45.56649031277826
            ],
            [
              -100.86788540059482,
              45.56801109134022
            ],
            [
              -100.87091384593978,
              45.569334687337005
            ],
            [
              -100.87402311845766,
              45.5704553175078
            ],
            [
              -100.87719963263295,
              45.57136808542154
            ],
            [
              -100.88042950914746,
              45.57206900287113
            ],
            [
              -100.88369863552401,
              45.57255500729941
            ],
            [
              -100.88699272778882,
              45.57282397518047
            ],
            [
              -100.8902973928833,
              45.57287473129815
            ],
            [
              -100.89359819155239,
              45.57270705388096
            ],
            [
              -100.89688070143484,
              45.57232167557107
            ],
            [
              -100.90013058007959,
              45.57172028022311
            ],
            [
              -100.90333362761304,
              45.570905495546896
            ],
            [
              -100.90647584878334,
              45.56988088162594
            ],
            [
              -100.90954351411064,
              45.56865091536223
            ],
            [
              -100.912523219876,
              45.56722097091503
            ],
            [
              -100.91540194668704,
              45.56559729621932
            ],
            [
              -100.91816711636432,
              45.56378698568629
            ],
            [
              -100.92080664689979,
              45.56179794920537
            ],
            [
              -100.92330900524745,
              45.559638877583104
            ],
            [
              -100.92566325771526,
              45.55731920456995
            ],
            [
              -100.92785911773835,
              45.55484906564084
            ],
            [
              -100.92988699082471,
              45.55223925370973
            ],
            [
              -100.93173801647686,
              45.5495011719715
            ],
            [
              -100.93340410690656,
              45.54664678407737
            ],
            [
              -100.93487798237322,
              45.54368856186142
            ],
            [
              -100.93615320299168,
              45.54063943084678
            ],
            [
              -100.93722419687026,
              45.537512713769374
            ],
            [
              -100.93808628445653,
              45.53432207236619
            ],
            [
              -100.93873569898373,
              45.531081447682276
            ],
            [
              -100.93916960292924,
              45.52780499915739
            ],
            [
              -100.93917609175747,
              45.527739408612256
            ],
            [
              -100.93966727300159,
              45.52785809845758
            ],
            [
              -100.94185594686039,
              45.528462506625665
            ],
            [
              -100.94511975057695,
              45.52913357628675
            ],
            [
              -100.94842100316136,
              45.52958577155892
            ],
            [
              -100.95174504342185,
              45.52981708419788
            ],
            [
              -100.95507710896429,
              45.529826486921145
            ],
            [
              -100.95840240175347,
              45.52961393797028
            ],
            [
              -100.96170615383268,
              45.52918038129638
            ],
            [
              -100.9649736929096,
              45.52852774236783
            ],
            [
              -100.96819050751752,
              45.52765891961917
            ],
            [
              -100.97134231146211,
              45.52657777157883
            ],
            [
              -100.97441510726792,
              45.52528909973302
            ],
            [
              -100.97739524834245,
              45.523798627201856
            ],
            [
              -100.98026949958218,
              45.52211297332242
            ],
            [
              -100.98302509615083,
              45.5202396242516
            ],
            [
              -100.98564980016938,
              45.51818689971935
            ],
            [
              -100.98813195506567,
              45.51596391607994
            ],
            [
              -100.9904605373424,
              45.51358054582527
            ],
            [
              -100.99262520553356,
              45.51104737374022
            ],
            [
              -100.99461634613195,
              45.508375649894504
            ],
            [
              -100.9964251162837,
              45.50557723968004
            ],
            [
              -101.0187090873536,
              45.4684425943625
            ],
            [
              -101.01915413456082,
              45.467754397597105
            ],
            [
              -101.01995484728604,
              45.46792660517381
            ],
            [
              -101.05833511239466,
              45.477520300531324
            ],
            [
              -101.05907344022705,
              45.47773095347124
            ]
          ]
        ]
      },
      "properties": {
        "hail_size_bin": "0.5\"",
        "min_size_inches": 0.5
      }
    },
    {
      "type": "Feature",
      "geometry": {
        "type": "Polygon",
        "coordinates": [
          [
            [
              -100.7996151114274,
              45.477914196693234
            ],
            [
              -100.79864904212776,
              45.47778153582418
            ],
            [
              -100.79542382258795,
              45.47754961650502
            ],
            [
              -100.79219035691776,
              45.477526651090066
            ],
            [
              -100.78938015386271,
              45.47768864143163
            ],
            [
              -100.78917917936654,
              45.47769362703044
            ],
            [
              -100.78844555404288,
              45.47735625518156
            ],
            [
              -100.70991488939329,
              45.438096532991565
            ],
            [
              -100.70921558746451,
              45.437717925287984
            ],
            [
              -100.70948827635314,
              45.436557429941715
            ],
            [
              -100.709709566776,
              45.43573640089572
            ],
            [
              -100.71035244623087,
              45.43252952874369
            ],
            [
              -100.710784289688,
              45.42928748706885
            ],
            [
              -100.71100324931979,
              45.42602414833795
            ],
            [
              -100.71100838821347,
              45.42275347614638
            ],
            [
              -100.71079968438009,
              45.419489465468885
            ],
            [
              -100.71037803084859,
              45.416246082776034
            ],
            [
              -100.70974523184456,
              45.41303720627273
            ],
            [
              -100.70890399507014,
              45.40987656651435
            ],
            [
              -100.70785792011792,
              45.406777687654625
            ],
            [
              -100.70661148306856,
              45.403753829576786
            ],
            [
              -100.70517001733793,
              45.40081793115546
            ],
            [
              -100.70353969085586,
              45.39798255489211
            ],
            [
              -100.70172747967392,
              45.39525983316102
            ],
            [
              -100.70129200558594,
              45.394690171206456
            ],
            [
              -100.70187088422995,
              45.395023747013525
            ],
            [
              -100.70480410838992,
              45.39646742321985
            ],
            [
              -100.70782540683918,
              45.39771632699593
            ],
            [
              -100.71092186291658,
              45.398765119025846
            ],
            [
              -100.71408023864699,
              45.39960931551184
            ],
            [
              -100.71728703133618,
              45.40024530734341
            ],
            [
              -100.72052853129772,
              45.40067037552702
            ],
            [
              -100.72379088046452,
              45.40088270281033
            ],
            [
              -100.72706013163496,
              45.400881381451306
            ],
            [
              -100.73032230809993,
              45.40066641709904
            ],
            [
              -100.73356346339614,
              45.40023872876955
            ],
            [
              -100.73676974093004,
              45.39960014491683
            ],
            [
              -100.73992743321755,
              45.39875339561584
            ],
            [
              -100.74302304048635,
              45.39770210089087
            ],
            [
              -100.74604332839007,
              45.39645075523921
            ],
            [
              -100.74897538458791,
              45.39500470841627
            ],
            [
              -100.75180667394736,
              45.393370142564315
            ],
            [
              -100.75452509213454,
              45.3915540457825
            ],
            [
              -100.75711901736264,
              45.3895641822514
            ],
            [
              -100.75879553316032,
              45.38809445303544
            ],
            [
              -100.75918474919872,
              45.38777534342437
            ],
            [
              -100.75997062789071,
              45.387962135135275
            ],
            [
              -100.86837052784304,
              45.41752152023691
            ],
            [
              -100.86910618143415,
              45.417748309768015
            ],
            [
              -100.86850571392688,
              45.41822975641475
            ],
            [
              -100.81535068495076,
              45.45809033215129
            ],
            [
              -100.81280831290395,
              45.46012961083589
            ],
            [
              -100.81040419930737,
              45.462330190530544
            ],
            [
              -100.80814855906,
              45.46468272113657
            ],
            [
              -100.80605097620872,
              45.467177206927225
            ],
            [
              -100.80412036322629,
              45.46980304901881
            ],
            [
              -100.80236492314302,
              45.472549090404485
            ],
            [
              -100.80079211469264,
              45.47540366335962
            ],
            [
              -100.7996151114274,
              45.477914196693234
            ]
          ]
        ]
      },
      "properties": {
        "hail_size_bin": "0.5\"",
        "min_size_inches": 0.5
      }
    },
    {
      "type": "Feature",
      "geometry": {
        "type": "Polygon",
        "coordinates": [
          [
            [
              -100.68513456300958,
              45.38051898007032
            ],
            [
              -100.68468964352465,
              45.38026093827239
            ],
            [
              -100.68175914814802,
              45.37880851965489
            ],
            [
              -100.67965893905746,
              45.37793362246344
            ],
            [
              -100.67920094915047,
              45.377725485636766
            ],
            [
              -100.67851793046381,
              45.37730125779251
            ],
            [
              -100.6198885990583,
              45.338220621399294
            ],
            [
              -100.61924173770448,
              45.33775771405741
            ],
            [
              -100.6198356291296,
              45.33722897955128
            ],
            [
              -100.67854481918067,
              45.288311644696805
            ],
            [
              -100.6791963344286,
              45.287804840316376
            ],
            [
              -100.68000338393472,
              45.28797802776614
            ],
            [
              -100.71838063224695,
              45.297570969032314
            ],
            [
              -100.71912094295133,
              45.297782288730915
            ],
            [
              -100.71833340668778,
              45.298335309097475
            ],
            [
              -100.7175305150099,
              45.298939387926346
            ],
            [
              -100.71731495586492,
              45.298986602107036
            ],
            [
              -100.714148717489,
              45.29990241257432
            ],
            [
              -100.71104969643703,
              45.30102483975892
            ],
            [
              -100.70656071384316,
              45.30282017624651
            ],
            [
              -100.70360482924075,
              45.30411450545385
            ],
            [
              -100.70073858884008,
              45.30559680361728
            ],
            [
              -100.69797393058043,
              45.30726089694011
            ],
            [
              -100.69532236930978,
              45.30909985444578
            ],
            [
              -100.69279494882522,
              45.31110601684548
            ],
            [
              -100.69040219587542,
              45.3132710284392
            ],
            [
              -100.6881540763165,
              45.315585871917385
            ],
            [
              -100.68605995360406,
              45.318040905918174
            ],
            [
              -100.68412854979431,
              45.32062590518382
            ],
            [
              -100.68236790921645,
              45.32333010314908
            ],
            [
              -100.680785364968,
              45.32614223678414
            ],
            [
              -100.67938750837226,
              45.329050593505286
            ],
            [
              -100.67818016152535,
              45.33204305995807
            ],
            [
              -100.67716835304714,
              45.33510717246956
            ],
            [
              -100.67635629713686,
              45.338230168959846
            ],
            [
              -100.67574737602101,
              45.341399042096214
            ],
            [
              -100.67534412586622,
              45.34460059346897
            ],
            [
              -100.67514822621614,
              45.347821488563014
            ],
            [
              -100.6751604929961,
              45.35104831229632
            ],
            [
              -100.67538087511477,
              45.354267624893986
            ],
            [
              -100.6758084546769,
              45.357466017865114
            ],
            [
              -100.67608580225863,
              45.359129865594994
            ],
            [
              -100.67672847669819,
              45.36233532570645
            ],
            [
              -100.67757925442335,
              45.36549193499866
            ],
            [
              -100.6786344981875,
              45.36858619832934
            ],
            [
              -100.67988969661042,
              45.37160488709774
            ],
            [
              -100.6813394834653,
              45.37453509579965
            ],
            [
              -100.6829776606205,
              45.37736429720102
            ],
            [
              -100.68479722453782,
              45.380080395894396
            ],
            [
              -100.68513456300958,
              45.38051898007032
            ]
          ]
        ]
      },
      "properties": {
        "hail_size_bin": "0.5\"",
        "min_size_inches": 0.5
      }
    },
    {
      "type": "Feature",
      "geometry": {
        "type": "Polygon",
        "coordinates": [
          [
            [
              -100.9591237259413,
              28.732537899035844
            ],
            [
              -100.95914940114287,
              28.73332513263765
            ],
            [
              -100.95914940114287,
              28.771680841225397
            ],
            [
              -100.95912340114016,
              28.772478965230693
            ],
            [
              -100.95842114315523,
              28.77285911211081
            ],
            [
              -100.93989281472632,
              28.782121952684108
            ],
            [
              -100.93916013506232,
              28.78245839697455
            ],
            [
              -100.93865544764478,
              28.781829857408677
            ],
            [
              -100.9096446164724,
              28.743154275841146
            ],
            [
              -100.90920045044626,
              28.742520173489478
            ],
            [
              -100.90995413193092,
              28.742344112919547
            ],
            [
              -100.95834662692626,
              28.732666996760784
            ],
            [
              -100.9591237259413,
              28.732537899035844
            ]
          ]
        ]
      },
      "properties": {
        "hail_size_bin": "0.5\"",
        "min_size_inches": 0.5
      }
    },
    {
      "type": "Feature",
      "geometry": {
        "type": "Polygon",
        "coordinates": [
          [
            [
              -101.23894141264165,
              27.172913920313622
            ],
            [
              -101.23829165727908,
              27.17287046181152
            ],
            [
              -101.13991794780463,
              27.16303449640361
            ],
            [
              -101.13914226076227,
              27.162931837696643
            ],
            [
              -101.13887122789629,
              27.162197827898794
            ],
            [
              -101.12938574341183,
              27.13374544023399
            ],
            [
              -101.12916577418767,
              27.13300515757743
            ],
            [
              -101.12989959543776,
              27.133245244050325
            ],
            [
              -101.2383370456061,
              27.172671410192244
            ],
            [
              -101.23894141264165,
              27.172913920313622
            ]
          ]
        ]
      },
      "properties": {
        "hail_size_bin": "0.5\"",
        "min_size_inches": 0.5
      }
    },
    {
      "type": "Feature",
      "geometry": {
        "type": "Polygon",
        "coordinates": [
          [
            [
              -101.69899416367865,
              27.33289611223401
            ],
            [
              -101.69826512437186,
              27.333165981559258
            ],
            [
              -101.63982619226869,
              27.35264284238968
            ],
            [
              -101.6390777139442,
              27.35286544680169
            ],
            [
              -101.63905223885715,
              27.35208498312747
            ],
            [
              -101.63905223885715,
              27.29373570936669
            ],
            [
              -101.6390785715977,
              27.29293091272122
            ],
            [
              -101.639934918748,
              27.29222747461999
            ],
            [
              -101.64038242898246,
              27.29188564775577
            ],
            [
              -101.64265545170694,
              27.289922499544566
            ],
            [
              -101.64480650332355,
              27.28782641744984
            ],
            [
              -101.64682782233625,
              27.285604964624763
            ],
            [
              -101.64871211535451,
              27.283266156589356
            ],
            [
              -101.65045258340956,
              27.280818432308614
            ],
            [
              -101.66859382042271,
              27.253610464752356
            ],
            [
              -101.66905202441106,
              27.25296973919963
            ],
            [
              -101.66962684318594,
              27.25350817247541
            ],
            [
              -101.68846182449498,
              27.27234046268833
            ],
            [
              -101.68901294201937,
              27.272929112571124
            ],
            [
              -101.68876668504575,
              27.273458564878542
            ],
            [
              -101.68782523716519,
              27.275320594527464
            ],
            [
              -101.6865340638682,
              27.278356488154174
            ],
            [
              -101.68544590383922,
              27.281470920100276
            ],
            [
              -101.6845654943954,
              27.284650331650674
            ],
            [
              -101.68389666840933,
              27.287880881200817
            ],
            [
              -101.68344233762257,
              27.29114850451628
            ],
            [
              -101.6832044799694,
              27.29443897596159
            ],
            [
              -101.68318413096586,
              27.29773797043167
            ],
            [
              -101.68338137920155,
              27.30103112571636
            ],
            [
              -101.68379536595401,
              27.30430410502646
            ],
            [
              -101.68442428892719,
              27.30754265940911
            ],
            [
              -101.68526541009773,
              27.310732689780757
            ],
            [
              -101.686315067635,
              27.313860308307692
            ],
            [
              -101.6875686918429,
              27.31691189886688
            ],
            [
              -101.68902082505409,
              27.319874176323925
            ],
            [
              -101.69066514539004,
              27.322734244370025
            ],
            [
              -101.69249449428337,
              27.325479651666235
            ],
            [
              -101.69450090764272,
              27.328098446050483
            ],
            [
              -101.6966756505246,
              27.330579226571466
            ],
            [
              -101.69899416367865,
              27.33289611223401
            ]
          ]
        ]
      },
      "properties": {
        "hail_size_bin": "0.5\"",
        "min_size_inches": 0.5
      }
    },
    {
      "type": "Feature",
      "geometry": {
        "type": "Polygon",
        "coordinates": [
          [
            [
              -102.19894297460563,
              42.0286908004096
            ],
            [
              -102.19822622216854,
              42.029025753757935
            ],
            [
              -102.12972765266572,
              42.05837808915556
            ],
            [
              -102.12897345006763,
              42.05867270399497
            ],
            [
              -102.1287068854102,
              42.058757366757376
            ],
            [
              -102.12556304145869,
              42.05987262632781
            ],
            [
              -102.12250055840731,
              42.061195031810556
            ],
            [
              -102.11953306744,
              42.062718697147766
            ],
            [
              -102.11667377692876,
              42.06443684046925
            ],
            [
              -102.11393541364278,
              42.06634181427873
            ],
            [
              -102.11133016610134,
              42.06842513949305
            ],
            [
              -102.10886963032242,
              42.07067754318278
            ],
            [
              -102.10656475820855,
              42.0730889998462
            ],
            [
              -102.10442580879963,
              42.07564877603308
            ],
            [
              -102.1024623026097,
              42.0783454781195
            ],
            [
              -102.1006829792509,
              42.081167103021166
            ],
            [
              -102.09909575853332,
              42.08410109161938
            ],
            [
              -102.0977077052136,
              42.08713438466201
            ],
            [
              -102.09652499754968,
              42.09025348089049
            ],
            [
              -102.09555289980112,
              42.09344449713427
            ],
            [
              -102.09479573879786,
              42.09669323010513
            ],
            [
              -102.09425688468127,
              42.099985219616336
            ],
            [
              -102.09393873590369,
              42.10330581294527
            ],
            [
              -102.09384270855281,
              42.10664023005306
            ],
            [
              -102.09396923004861,
              42.10997362937086
            ],
            [
              -102.09431773724094,
              42.11329117386005
            ],
            [
              -102.09488667891611,
              42.1165780970522
            ],
            [
              -102.09567352270136,
              42.119819768775
            ],
            [
              -102.09667476633653,
              42.123001760271514
            ],
            [
              -102.09788595326269,
              42.12610990842286
            ],
            [
              -102.09866394637164,
              42.127924966308996
            ],
            [
              -102.09894976864209,
              42.12865710868375
            ],
            [
              -102.09817597616343,
              42.12879328477969
            ],
            [
              -102.02980242702289,
              42.138559539078955
            ],
            [
              -102.02900977972857,
              42.13864653507655
            ],
            [
              -102.02857762185307,
              42.13797660026734
            ],
            [
              -101.99942297623845,
              42.089392466817266
            ],
            [
              -101.99903836167108,
              42.08870108577152
            ],
            [
              -101.99975495399147,
              42.08836577761152
            ],
            [
              -102.06823878999019,
              42.059019755670604
            ],
            [
              -102.06899129550487,
              42.0587260520361
            ],
            [
              -102.06907716829613,
              42.05875729511611
            ],
            [
              -102.07216359605135,
              42.05976407491362
            ],
            [
              -102.07530885321901,
              42.06056843751731
            ],
            [
              -102.07849967984546,
              42.061166991849674
            ],
            [
              -102.08172262386279,
              42.061557214491394
            ],
            [
              -102.08496409780072,
              42.061737460319726
            ],
            [
              -102.0882104360695,
              42.06170696944407
            ],
            [
              -102.09144795257208,
              42.06146587040959
            ],
            [
              -102.09466299840268,
              42.06101517965528
            ],
            [
              -102.09784201938868,
              42.06035679722879
            ],
            [
              -102.10097161323301,
              42.05949349877611
            ],
            [
              -102.10403858601639,
              42.05842892383985
            ],
            [
              -102.10703000782094,
              42.05716756051542
            ],
            [
              -102.10993326724086,
              42.055714726529885
            ],
            [
              -102.11273612455038,
              42.05407654682321
            ],
            [
              -102.11542676330461,
              42.05225992772635
            ],
            [
              -102.11799384015605,
              42.05027252784515
            ],
            [
              -102.12042653267642,
              42.048122725772814
            ],
            [
              -102.12271458498257,
              42.04581958476689
            ],
            [
              -102.12484835097379,
              42.04337281453991
            ],
            [
              -102.12681883499832,
              42.040792730324625
            ],
            [
              -102.12861772977782,
              42.03809020938646
            ],
            [
              -102.1302374514296,
              42.03527664516653
            ],
            [
              -102.13167117143921,
              42.03236389924852
            ],
            [
              -102.13291284544852,
              42.02936425135193
            ],
            [
              -102.13395723873774,
              42.02629034756256
            ],
            [
              -102.13479994829441,
              42.023155147018414
            ],
            [
              -102.13543742137578,
              42.01997186727585
            ],
            [
              -102.13884909730643,
              41.99950473640355
            ],
            [
              -102.13900340886426,
              41.998732426726505
            ],
            [
              -102.13972450239277,
              41.99841721708933
            ],
            [
              -102.18821968602441,
              41.97902191518604
            ],
            [
              -102.18895484243943,
              41.97875524482222
            ],
            [
              -102.18913292576083,
              41.97951662844923
            ],
            [
              -102.19881303184236,
              42.027910243507336
            ],
            [
              -102.19894297460563,
              42.0286908004096
            ]
          ]
        ]
      },
      "properties": {
        "hail_size_bin": "0.5\"",
        "min_size_inches": 0.5
      }
    },
    {
      "type": "Feature",
      "geometry": {
        "type": "Polygon",
        "coordinates": [
          [
            [
              -102.47889176431089,
              41.918721523782324
            ],
            [
              -102.47814771696845,
              41.91891852867948
            ],
            [
              -102.34975480153335,
              41.94854342967229
            ],
            [
              -102.3489546993868,
              41.94870043133499
            ],
            [
              -102.34822638260175,
              41.94833386943297
            ],
            [
              -102.23969149356594,
              41.889141479340665
            ],
            [
              -102.23906073494653,
              41.888769942564764
            ],
            [
              -102.23979230312602,
              41.88874608885714
            ],
            [
              -102.24124720190926,
              41.88874608885714
            ],
            [
              -102.24447610073679,
              41.88864172205647
            ],
            [
              -102.2476915199707,
              41.888329057351605
            ],
            [
              -102.25088003629027,
              41.88780940001516
            ],
            [
              -102.25402833868561,
              41.88708491944606
            ],
            [
              -102.25712328402678,
              41.88615864011309
            ],
            [
              -102.26015195193203,
              41.88503442892866
            ],
            [
              -102.26310169870618,
              41.88371697910576
            ],
            [
              -102.2659602101239,
              41.882211790565314
            ],
            [
              -102.2687155528375,
              41.880525146975806
            ],
            [
              -102.27135622419488,
              41.87866408952106
            ],
            [
              -102.27387120025915,
              41.87663638750556
            ],
            [
              -102.27624998183009,
              41.87445050592021
            ],
            [
              -102.27848263827485,
              41.8721155701037
            ],
            [
              -102.28055984898499,
              41.86964132764728
            ],
            [
              -102.28247294228707,
              41.86703810770171
            ],
            [
              -102.284213931644,
              41.86431677785648
            ],
            [
              -102.28577554899623,
              41.86148869877118
            ],
            [
              -102.28715127510347,
              41.85856567674845
            ],
            [
              -102.2883353667604,
              41.85555991444656
            ],
            [
              -102.28932288077274,
              41.85248395993732
            ],
            [
              -102.29873294208812,
              41.819553451036505
            ],
            [
              -102.2989771926101,
              41.8187937984104
            ],
            [
              -102.29977398227362,
              41.81883408513988
            ],
            [
              -102.41814028001507,
              41.82869653396105
            ],
            [
              -102.4189264452064,
              41.82878754911049
            ],
            [
              -102.41938641272014,
              41.82943157500413
            ],
            [
              -102.4784855759318,
              41.91806765390544
            ],
            [
              -102.47889176431089,
              41.918721523782324
            ]
          ]
        ]
      },
      "properties": {
        "hail_size_bin": "0.5\"",
        "min_size_inches": 0.5
      }
    },
    {
      "type": "Feature",
      "geometry": {
        "type": "Polygon",
        "coordinates": [
          [
            [
              -102.62887647896717,
              42.918473478824104
            ],
            [
              -102.62865185034435,
              42.919228457694665
            ],
            [
              -102.60917220096132,
              42.97765905622955
            ],
            [
              -102.60889564495409,
              42.9784062475562
            ],
            [
              -102.60810241373947,
              42.97833324038425
            ],
            [
              -102.529737458689,
              42.968539020577126
            ],
            [
              -102.52893544065763,
              42.96841199077698
            ],
            [
              -102.52840570947257,
              42.96803738334793
            ],
            [
              -102.5257732950119,
              42.96629776889301
            ],
            [
              -102.52303639699126,
              42.964727656295416
            ],
            [
              -102.52020591468482,
              42.96333329828635
            ],
            [
              -102.51729312005173,
              42.96212024768149
            ],
            [
              -102.51430961284728,
              42.96109333526774
            ],
            [
              -102.51126727442869,
              42.96025665056538
            ],
            [
              -102.50817822043935,
              42.95961352554216
            ],
            [
              -102.50505475256028,
              42.95916652134428
            ],
            [
              -102.50190930952047,
              42.958917418097
            ],
            [
              -102.4987544175616,
              42.95886720781558
            ],
            [
              -102.49560264055422,
              42.95901609045471
            ],
            [
              -102.49246652996406,
              42.959363473112255
            ],
            [
              -102.42975092778994,
              42.96832156475827
            ],
            [
              -102.42907190532068,
              42.96839593302902
            ],
            [
              -102.42967263668662,
              42.968070900184
            ],
            [
              -102.48819900151001,
              42.93881189882434
            ],
            [
              -102.4889337103809,
              42.93847417379611
            ],
            [
              -102.48975877362524,
              42.93866178042794
            ],
            [
              -102.49126852198184,
              42.93905743596281
            ],
            [
              -102.49448099061247,
              42.93967810333585
            ],
            [
              -102.4977271744379,
              42.940087338307826
            ],
            [
              -102.50099317306177,
              42.940283388504696
            ],
            [
              -102.50426500123929,
              42.94026541442518
            ],
            [
              -102.50752864876313,
              42.94003349303561
            ],
            [
              -102.51077014045607,
              42.9395886174403
            ],
            [
              -102.51397559601385,
              42.93893269262909
            ],
            [
              -102.51713128944148,
              42.938068527319935
            ],
            [
              -102.52022370782913,
              42.93699982193185
            ],
            [
              -102.52323960921525,
              42.93573115273939
            ],
            [
              -102.52616607928975,
              42.934267952276755
            ],
            [
              -102.52899058669391,
              42.932616486075254
            ],
            [
              -102.53170103668059,
              42.93078382583384
            ],
            [
              -102.53428582290489,
              42.9287778191376
            ],
            [
              -102.53673387712334,
              42.926607055853786
            ],
            [
              -102.53903471658884,
              42.924280831349414
            ],
            [
              -102.5411784889387,
              42.92180910668781
            ],
            [
              -102.54315601438303,
              42.91920246597459
            ],
            [
              -102.54495882501337,
              42.91647207103578
            ],
            [
              -102.54657920106287,
              42.913629613622035
            ],
            [
              -102.54801020396287,
              42.91068726534371
            ],
            [
              -102.54859557910869,
              42.90925183609798
            ],
            [
              -102.54893881917187,
              42.90848299736392
            ],
            [
              -102.54973343883196,
              42.90855601990146
            ],
            [
              -102.62809839388244,
              42.91835023970859
            ],
            [
              -102.62887647896717,
              42.918473478824104
            ]
          ]
        ]
      },
      "properties": {
        "hail_size_bin": "0.5\"",
        "min_size_inches": 0.5
      }
    },
    {
      "type": "Feature",
      "geometry": {
        "type": "Polygon",
        "coordinates": [
          [
            [
              -102.7688527227442,
              46.427430445354325
            ],
            [
              -102.7680864795131,
              46.42760965299985
            ],
            [
              -102.71970885056051,
              46.43728379637487
            ],
            [
              -102.71889434206108,
              46.43741883054604
            ],
            [
              -102.71821156906833,
              46.43744062798792
            ],
            [
              -102.71631723807042,
              46.437438057903805
            ],
            [
              -102.71304365768546,
              46.437648715032374
            ],
            [
              -102.709790935657,
              46.438073573088765
            ],
            [
              -102.70657307261784,
              46.43871080336411
            ],
            [
              -102.7034039191579,
              46.4395576630396
            ],
            [
              -102.70029711620735,
              46.44061050699241
            ],
            [
              -102.69726603632213,
              46.44186480348526
            ],
            [
              -102.6943237261248,
              46.44331515367236
            ],
            [
              -102.69148285014812,
              46.44495531483753
            ],
            [
              -102.6887556363234,
              46.44677822726461
            ],
            [
              -102.68615382334796,
              46.44877604462448
            ],
            [
              -102.68368861015854,
              46.45094016774788
            ],
            [
              -102.68137060772783,
              46.45326128163862
            ],
            [
              -102.67920979339195,
              46.45572939556801
            ],
            [
              -102.67721546790511,
              46.45833388607771
            ],
            [
              -102.6753962154066,
              46.46106354270615
            ],
            [
              -102.67375986647214,
              46.463906616241474
            ],
            [
              -102.672313464409,
              46.46685086929349
            ],
            [
              -102.67106323493951,
              46.46988362896682
            ],
            [
              -102.67001455940384,
              46.472991841408636
            ],
            [
              -102.66917195159724,
              46.476162127996126
            ],
            [
              -102.66888521650945,
              46.4774036900153
            ],
            [
              -102.66811859468665,
              46.47723793926396
            ],
            [
              -102.5897170339495,
              46.45764034953555
            ],
            [
              -102.58904213620897,
              46.45744777775375
            ],
            [
              -102.58973529440833,
              46.45733790900099
            ],
            [
              -102.64523037995102,
              46.45040201443344
            ],
            [
              -102.64852252462735,
              46.44987856849287
            ],
            [
              -102.65177247397168,
              46.449136920677546
            ],
            [
              -102.65496578233325,
              46.44818036752663
            ],
            [
              -102.65808825582398,
              46.447013160808766
            ],
            [
              -102.66112601540867,
              46.44564048862346
            ],
            [
              -102.66406555859561,
              46.444068452340574
            ],
            [
              -102.66689381945372,
              46.442304039480405
            ],
            [
              -102.66959822668905,
              46.44035509265503
            ],
            [
              -102.67216675952274,
              46.438230274708744
            ],
            [
              -102.67458800112202,
              46.43593903021272
            ],
            [
              -102.67685118934668,
              46.433491543485
            ],
            [
              -102.67894626458558,
              46.430898693322355
            ],
            [
              -102.68086391447046,
              46.42817200464529
            ],
            [
              -102.68259561526833,
              46.4253235972711
            ],
            [
              -102.68413366976846,
              46.4223661320427
            ],
            [
              -102.68547124149566,
              46.41931275455257
            ],
            [
              -102.68660238509757,
              46.416177036712185
            ],
            [
              -102.68752207277107,
              46.4129729164264
            ],
            [
              -102.68822621661035,
              46.40971463564104
            ],
            [
              -102.68871168677705,
              46.40641667703913
            ],
            [
              -102.68897632541223,
              46.403093699667046
            ],
            [
              -102.68901895622756,
              46.39976047377668
            ],
            [
              -102.68895220535737,
              46.39852310006681
            ],
            [
              -102.68892963676052,
              46.3974872149327
            ],
            [
              -102.68971220069783,
              46.39757308515871
            ],
            [
              -102.75809587454194,
              46.407340785637544
            ],
            [
              -102.75887553398448,
              46.407477873140664
            ],
            [
              -102.75925199322315,
              46.408174001064054
            ],
            [
              -102.76852392153604,
              46.42671520818892
            ],
            [
              -102.7688527227442,
              46.427430445354325
            ]
          ]
        ]
      },
      "properties": {
        "hail_size_bin": "0.5\"",
        "min_size_inches": 0.5
      }
    },
    {
      "type": "Feature",
      "geometry": {
        "type": "Polygon",
        "coordinates": [
          [
            [
              -102.84885340757427,
              41.72876598345831
            ],
            [
              -102.8480611510361,
              41.72879180771429
            ],
            [
              -102.8478597246936,
              41.72879180771429
            ],
            [
              -102.84455038662695,
              41.728901445102245
            ],
            [
              -102.84125556164756,
              41.72922987645186
            ],
            [
              -102.8379896991956,
              41.72977566142892
            ],
            [
              -102.83476712169625,
              41.73053640649584
            ],
            [
              -102.83160196174866,
              41.73150877540854
            ],
            [
              -102.8285081001476,
              41.73268850384753
            ],
            [
              -102.82549910500927,
              41.73407041811901
            ],
            [
              -102.82258817226835,
              41.73564845784414
            ],
            [
              -102.81978806780734,
              41.73741570253679
            ],
            [
              -102.8171110714718,
              41.73936440195325
            ],
            [
              -102.81456892321717,
              41.741486010081
            ],
            [
              -102.81217277162321,
              41.74377122261707
            ],
            [
              -102.80993312500202,
              41.74621001777214
            ],
            [
              -102.8078598053138,
              41.74879170022099
            ],
            [
              -102.80596190509277,
              41.75150494800681
            ],
            [
              -102.80424774757182,
              41.75433786219359
            ],
            [
              -102.80272485018111,
              41.757278019048854
            ],
            [
              -102.80139989158029,
              41.7603125245279
            ],
            [
              -102.80027868236938,
              41.763428070820545
            ],
            [
              -102.79936613960635,
              41.76661099471249
            ],
            [
              -102.7986662652434,
              41.769847337505254
            ],
            [
              -102.7981821285764,
              41.77312290623205
            ],
            [
              -102.79791585278454,
              41.77642333590088
            ],
            [
              -102.79786860561912,
              41.77973415249223
            ],
            [
              -102.79804059428237,
              41.783040836434786
            ],
            [
              -102.79843106451877,
              41.786328886280934
            ],
            [
              -102.79873062133765,
              41.787934605948095
            ],
            [
              -102.79885585702037,
              41.78874932460283
            ],
            [
              -102.79807353349268,
              41.78877466314286
            ],
            [
              -102.77888633536416,
              41.78877466314286
            ],
            [
              -102.77567105002103,
              41.788878150838265
            ],
            [
              -102.77246907437672,
              41.78918818553637
            ],
            [
              -102.76929366303442,
              41.789703483846104
            ],
            [
              -102.7661579606342,
              41.7904219126861
            ],
            [
              -102.76307494744067,
              41.79134049811454
            ],
            [
              -102.76005738561105,
              41.792455437639894
            ],
            [
              -102.7571177663661,
              41.79376211596125
            ],
            [
              -102.75426825828265,
              41.795255124073506
            ],
            [
              -102.75152065692171,
              41.7969282816579
            ],
            [
              -102.7488863360006,
              41.79877466266554
            ],
            [
              -102.74637620031132,
              41.800786623987804
            ],
            [
              -102.74400064058021,
              41.80295583709508
            ],
            [
              -102.74213048161589,
              41.80489836264736
            ],
            [
              -102.74364284325551,
              41.80209967475533
            ],
            [
              -102.74501757439252,
              41.79909716843062
            ],
            [
              -102.74619111420179,
              41.79601046561936
            ],
            [
              -102.74715834373556,
              41.7928530304327
            ],
            [
              -102.74791504396573,
              41.78963863551443
            ],
            [
              -102.74845791418711,
              41.78638130196507
            ],
            [
              -102.748784586415,
              41.78309523818229
            ],
            [
              -102.74889363571428,
              41.7797947778842
            ],
            [
              -102.74889363571428,
              41.759607979274044
            ],
            [
              -102.74891971996078,
              41.75881751719257
            ],
            [
              -102.74896497035037,
              41.758828982544024
            ],
            [
              -102.7521089570369,
              41.7595034227064
            ],
            [
              -102.75528979324872,
              41.759974382164415
            ],
            [
              -102.75849432365573,
              41.760239913119825
            ],
            [
              -102.76170929493306,
              41.76029891738738
            ],
            [
              -102.76492141057444,
              41.76015115093673
            ],
            [
              -102.76811738588401,
              41.75979722490164
            ],
            [
              -102.77128400291916,
              41.759238603052495
            ],
            [
              -102.77440816515752,
              41.75847759574241
            ],
            [
              -102.77747695166165,
              41.75751735035208
            ],
            [
              -102.78047767051756,
              41.75636183827275
            ],
            [
              -102.78339791132599,
              41.75501583848137
            ],
            [
              -102.78622559652953,
              41.75348491777562
            ],
            [
              -102.78894903136305,
              41.75177540775072
            ],
            [
              -102.79155695222097,
              41.74989437861314
            ],
            [
              -102.79403857324148,
              41.74784960993962
            ],
            [
              -102.79638363091469,
              41.74564955850227
            ],
            [
              -102.7985824265306,
              41.743303323293034
            ],
            [
              -102.80062586629113,
              41.740820607891955
            ],
            [
              -102.80250549892027,
              41.73821168033507
            ],
            [
              -102.80421355061699,
              41.73548733064772
            ],
            [
              -102.80574295720619,
              41.73265882621914
            ],
            [
              -102.80708739335475,
              41.72973786520261
            ],
            [
              -102.8082412987319,
              41.7267365281342
            ],
            [
              -102.80919990100573,
              41.72366722796995
            ],
            [
              -102.80995923558056,
              41.720542658748265
            ],
            [
              -102.81051616199386,
              41.717375743089804
            ],
            [
              -102.81876859906014,
              41.65961693724216
            ],
            [
              -102.81890295939864,
              41.658854555938646
            ],
            [
              -102.81956037325112,
              41.65926290494492
            ],
            [
              -102.84819776565286,
              41.678351772118944
            ],
            [
              -102.84885308066589,
              41.67882029892939
            ],
            [
              -102.84887934714286,
              41.67962521785021
            ],
            [
              -102.84887934714286,
              41.72797361160753
            ],
            [
              -102.84885340757427,
              41.72876598345831
            ]
          ]
        ]
      },
      "properties": {
        "hail_size_bin": "0.5\"",
        "min_size_inches": 0.5
      }
    },
    {
      "type": "Feature",
      "geometry": {
        "type": "Polygon",
        "coordinates": [
          [
            [
              -102.73570549145053,
              41.81360107313105
            ],
            [
              -102.73446395222187,
              41.815825766089624
            ],
            [
              -102.73308015057627,
              41.81872987740748
            ],
            [
              -102.73188596399063,
              41.821716964272554
            ],
            [
              -102.73088633580966,
              41.82477466161543
            ],
            [
              -102.73008540400204,
              41.82789031207406
            ],
            [
              -102.72948648403123,
              41.83105101838901
            ],
            [
              -102.72909205513113,
              41.834243696791795
            ],
            [
              -102.72890375004327,
              41.83745513116521
            ],
            [
              -102.72886966398158,
              41.838746277962365
            ],
            [
              -102.72821034262998,
              41.8392177445087
            ],
            [
              -102.69957664580281,
              41.858304148318354
            ],
            [
              -102.69889694105272,
              41.85872599224334
            ],
            [
              -102.69813019728774,
              41.858497836938426
            ],
            [
              -102.66968343440601,
              41.84901693744586
            ],
            [
              -102.66895207833348,
              41.848746216602564
            ],
            [
              -102.66948526085942,
              41.84817740718019
            ],
            [
              -102.6883329689057,
              41.8293323920484
            ],
            [
              -102.68891088104961,
              41.828790621731564
            ],
            [
              -102.68949352946849,
              41.82887774136267
            ],
            [
              -102.69158532152608,
              41.82925777965043
            ],
            [
              -102.69486627432798,
              41.82963231755325
            ],
            [
              -102.69816479436737,
              41.829789465504895
            ],
            [
              -102.70146649359229,
              41.82972853803041
            ],
            [
              -102.70475697008327,
              41.829449800893734
            ],
            [
              -102.70802187087405,
              41.82895446993844
            ],
            [
              -102.71124695455893,
              41.82824470578428
            ],
            [
              -102.71441815341325,
              41.82732360440259
            ],
            [
              -102.71752163475648,
              41.82619518361177
            ],
            [
              -102.72054386129003,
              41.82486436555171
            ],
            [
              -102.72347165014641,
              41.82333695521348
            ],
            [
              -102.72629223039273,
              41.821619615118145
            ],
            [
              -102.72899329873701,
              41.81971983625508
            ],
            [
              -102.73156307319482,
              41.817645905406444
            ],
            [
              -102.73399034448202,
              41.815406869000455
            ],
            [
              -102.73570549145053,
              41.81360107313105
            ]
          ]
        ]
      },
      "properties": {
        "hail_size_bin": "0.5\"",
        "min_size_inches": 0.5
      }
    },
    {
      "type": "Feature",
      "geometry": {
        "type": "Polygon",
        "coordinates": [
          [
            [
              -103.14881124277882,
              46.39742919075592
            ],
            [
              -103.14803297071562,
              46.39736812235928
            ],
            [
              -103.05966194740968,
              46.38755052268484
            ],
            [
              -103.05898548633505,
              46.38745288719987
            ],
            [
              -103.0596474824608,
              46.38728290660412
            ],
            [
              -103.14802768748388,
              46.367645667165185
            ],
            [
              -103.14881022173773,
              46.36749881800856
            ],
            [
              -103.14883648142857,
              46.36829447881233
            ],
            [
              -103.14883648142857,
              46.396648934539144
            ],
            [
              -103.14881124277882,
              46.39742919075592
            ]
          ]
        ]
      },
      "properties": {
        "hail_size_bin": "0.5\"",
        "min_size_inches": 0.5
      }
    },
    {
      "type": "Feature",
      "geometry": {
        "type": "Polygon",
        "coordinates": [
          [
            [
              -102.98879843887406,
              46.39744750614116
            ],
            [
              -102.98807440150338,
              46.39765359594366
            ],
            [
              -102.94966928569292,
              46.40725350308898
            ],
            [
              -102.94886691958146,
              46.40742602277236
            ],
            [
              -102.94810751710293,
              46.40711789415049
            ],
            [
              -102.85961651042552,
              46.36779417712896
            ],
            [
              -102.85891207726775,
              46.36745346444275
            ],
            [
              -102.85923941341093,
              46.36674307390579
            ],
            [
              -102.87851511986379,
              46.32819716913181
            ],
            [
              -102.87888503175168,
              46.32751338916701
            ],
            [
              -102.87955403346213,
              46.327909402495514
            ],
            [
              -102.98817671483067,
              46.39702305080238
            ],
            [
              -102.98879843887406,
              46.39744750614116
            ]
          ]
        ]
      },
      "properties": {
        "hail_size_bin": "0.5\"",
        "min_size_inches": 0.5
      }
    },
    {
      "type": "Feature",
      "geometry": {
        "type": "Polygon",
        "coordinates": [
          [
            [
              -102.98883351888688,
              41.828789172997155
            ],
            [
              -102.98885934314286,
              41.82958142953533
            ],
            [
              -102.98885934314286,
              41.86793360760753
            ],
            [
              -102.98883340357428,
              41.86872597945831
            ],
            [
              -102.98804114703611,
              41.86875180371429
            ],
            [
              -102.95969232060543,
              41.86875180371429
            ],
            [
              -102.95888454079572,
              41.86872502036632
            ],
            [
              -102.95866261562018,
              41.86794786221951
            ],
            [
              -102.94906170861663,
              41.82954972122187
            ],
            [
              -102.94889732733748,
              41.8287881630116
            ],
            [
              -102.94967575844798,
              41.828763233428575
            ],
            [
              -102.98804114703611,
              41.828763233428575
            ],
            [
              -102.98883351888688,
              41.828789172997155
            ]
          ]
        ]
      },
      "properties": {
        "hail_size_bin": "0.5\"",
        "min_size_inches": 0.5
      }
    },
    {
      "type": "Feature",
      "geometry": {
        "type": "Polygon",
        "coordinates": [
          [
            [
              -103.22879370632455,
              42.25866615480591
            ],
            [
              -103.22866446955827,
              42.25944315434867
            ],
            [
              -103.21898943922429,
              42.307811394295015
            ],
            [
              -103.21880381931264,
              42.30860183106724
            ],
            [
              -103.21800073848914,
              42.308717812741534
            ],
            [
              -103.1296512990337,
              42.31853301455302
            ],
            [
              -103.12888646007973,
              42.31859276729274
            ],
            [
              -103.12925970328227,
              42.31792271263055
            ],
            [
              -103.158417945729,
              42.269332585316796
            ],
            [
              -103.15884981895059,
              42.26866309151728
            ],
            [
              -103.16010759753095,
              42.268631683129456
            ],
            [
              -103.16341549509858,
              42.26843838638847
            ],
            [
              -103.166703325924,
              42.26802641744375
            ],
            [
              -103.16995665044611,
              42.267397585588746
            ],
            [
              -103.17316118064926,
              42.266554652539774
            ],
            [
              -103.1763028428137,
              42.265501320307024
            ],
            [
              -103.17936783932474,
              42.26424221493605
            ],
            [
              -103.1823427092695,
              42.262782866190975
            ],
            [
              -103.18521438755471,
              42.26112968326877
            ],
            [
              -103.1879702622863,
              42.25928992665123
            ],
            [
              -103.18884025815431,
              42.25866649642866
            ],
            [
              -103.18964896210674,
              42.258640364
            ],
            [
              -103.22800635734102,
              42.258640364
            ],
            [
              -103.22879370632455,
              42.25866615480591
            ]
          ]
        ]
      },
      "properties": {
        "hail_size_bin": "0.5\"",
        "min_size_inches": 0.5
      }
    },
    {
      "type": "Feature",
      "geometry": {
        "type": "Polygon",
        "coordinates": [
          [
            [
              -103.36877398749742,
              43.03839539405858
            ],
            [
              -103.36798937745438,
              43.038519428643454
            ],
            [
              -103.28963248268573,
              43.04831264105931
            ],
            [
              -103.28885185629578,
              43.04838422604732
            ],
            [
              -103.28904242523302,
              43.04762392281733
            ],
            [
              -103.30859113231658,
              42.97921322377524
            ],
            [
              -103.30883165924674,
              42.97846421509542
            ],
            [
              -103.30960765847158,
              42.97859341420425
            ],
            [
              -103.35800558871163,
              42.98827161725665
            ],
            [
              -103.35878439917029,
              42.98845399922236
            ],
            [
              -103.3589666739002,
              42.9892326496286
            ],
            [
              -103.3686438140111,
              43.03761143695235
            ],
            [
              -103.36877398749742,
              43.03839539405858
            ]
          ]
        ]
      },
      "properties": {
        "hail_size_bin": "0.5\"",
        "min_size_inches": 0.5
      }
    },
    {
      "type": "Feature",
      "geometry": {
        "type": "Polygon",
        "coordinates": [
          [
            [
              -103.35877075643407,
              41.46887221930964
            ],
            [
              -103.3583495353066,
              41.46955141311036
            ],
            [
              -103.3192662636035,
              41.52816794448139
            ],
            [
              -103.31883628074053,
              41.52876921268469
            ],
            [
              -103.31881219085714,
              41.52803044596993
            ],
            [
              -103.31881219085714,
              41.439688799803534
            ],
            [
              -103.3188371004929,
              41.43892408366921
            ],
            [
              -103.3194635256859,
              41.439363104468576
            ],
            [
              -103.35814749830386,
              41.468371938628394
            ],
            [
              -103.35877075643407,
              41.46887221930964
            ]
          ]
        ]
      },
      "properties": {
        "hail_size_bin": "0.5\"",
        "min_size_inches": 0.5
      }
    },
    {
      "type": "Feature",
      "geometry": {
        "type": "Polygon",
        "coordinates": [
          [
            [
              -103.67866882768921,
              46.00762861871678
            ],
            [
              -103.67818752724749,
              46.008141971137285
            ],
            [
              -103.56935659850934,
              46.11695735037808
            ],
            [
              -103.56876536424758,
              46.11751092603802
            ],
            [
              -103.56816373473156,
              46.11752926094557
            ],
            [
              -103.56480745719948,
              46.11774534951465
            ],
            [
              -103.56147329930882,
              46.118186579955626
            ],
            [
              -103.55817634651444,
              46.118850955913764
            ],
            [
              -103.55493151593622,
              46.11973547140856
            ],
            [
              -103.55175348886605,
              46.12083612443441
            ],
            [
              -103.54865664434229,
              46.122147935067694
            ],
            [
              -103.5456549940914,
              46.12366496799857
            ],
            [
              -103.54276211913175,
              46.12538035938536
            ],
            [
              -103.53999110832603,
              46.12728634791013
            ],
            [
              -103.53735449916044,
              46.129374309894914
            ],
            [
              -103.53486422101865,
              46.13163479831967
            ],
            [
              -103.53253154120708,
              46.13405758556553
            ],
            [
              -103.53036701397579,
              46.136631709689766
            ],
            [
              -103.5283804327656,
              46.13934552402338
            ],
            [
              -103.52658078589748,
              46.142186749866575
            ],
            [
              -103.52497621590473,
              46.145142532044
            ],
            [
              -103.49915133652594,
              46.1967849112102
            ],
            [
              -103.4987794933979,
              46.19747153852296
            ],
            [
              -103.49820959378579,
              46.19693774192294
            ],
            [
              -103.44937583817446,
              46.148110963559354
            ],
            [
              -103.44883950463729,
              46.14753817250445
            ],
            [
              -103.4495580717097,
              46.14722308557699
            ],
            [
              -103.4980455488766,
              46.12783086581916
            ],
            [
              -103.49879078856435,
              46.12756006402581
            ],
            [
              -103.49975871836202,
              46.12759349369297
            ],
            [
              -103.50119816310111,
              46.127687348983095
            ],
            [
              -103.50451568726714,
              46.127683193947256
            ],
            [
              -103.50782563337259,
              46.12745904971791
            ],
            [
              -103.51111342973209,
              46.12701590306618
            ],
            [
              -103.51436460217218,
              46.12635570489801
            ],
            [
              -103.51756483775232,
              46.12548136166556
            ],
            [
              -103.52070004777605,
              46.124396722571824
            ],
            [
              -103.52375642981498,
              46.12310656262495
            ],
            [
              -103.5267205284726,
              46.12161656161675
            ],
            [
              -103.52957929462009,
              46.119933279118044
            ],
            [
              -103.53232014284384,
              46.11806412560084
            ],
            [
              -103.53493100685131,
              46.116017329814504
            ],
            [
              -103.53740039259168,
              46.1138019025596
            ],
            [
              -103.53971742885709,
              46.11142759701875
            ],
            [
              -103.54187191514205,
              46.10890486581936
            ],
            [
              -103.54385436655006,
              46.10624481501696
            ],
            [
              -103.54565605554984,
              46.10345915520202
            ],
            [
              -103.54726905039736,
              46.100560149945316
            ],
            [
              -103.54868625005454,
              46.09756056180889
            ],
            [
              -103.54990141545075,
              46.09447359616017
            ],
            [
              -103.55090919694969,
              46.0913128430368
            ],
            [
              -103.55170515790061,
              46.08809221731792
            ],
            [
              -103.55228579417015,
              46.0848258974654
            ],
            [
              -103.55264854956894,
              46.08152826310466
            ],
            [
              -103.55279182710497,
              46.078213831719914
            ],
            [
              -103.55271499601415,
              46.0748971947425
            ],
            [
              -103.55241839453714,
              46.07159295331361
            ],
            [
              -103.5519033284304,
              46.0683156540044
            ],
            [
              -103.55117206521761,
              46.06507972477617
            ],
            [
              -103.55022782420724,
              46.06189941146285
            ],
            [
              -103.54904155554709,
              46.0583411139559
            ],
            [
              -103.5488126775016,
              46.05757028009437
            ],
            [
              -103.54955320846737,
              46.057256937006606
            ],
            [
              -103.67800416410066,
              46.00785978205491
            ],
            [
              -103.67866882768921,
              46.00762861871678
            ]
          ]
        ]
      },
      "properties": {
        "hail_size_bin": "0.5\"",
        "min_size_inches": 0.5
      }
    },
    {
      "type": "Feature",
      "geometry": {
        "type": "Polygon",
        "coordinates": [
          [
            [
              -103.62874276307518,
              43.36836042808697
            ],
            [
              -103.62876789628572,
              43.36913628335558
            ],
            [
              -103.62876789628572,
              43.47746983203375
            ],
            [
              -103.62874161763973,
              43.47826891720249
            ],
            [
              -103.62795231582415,
              43.478393690705964
            ],
            [
              -103.54960077435395,
              43.48818623405512
            ],
            [
              -103.5488157073134,
              43.48825805264062
            ],
            [
              -103.54901723584781,
              43.48749598457525
            ],
            [
              -103.57854438279657,
              43.38908622396824
            ],
            [
              -103.5787958323295,
              43.388336494325074
            ],
            [
              -103.57952025752272,
              43.38801943038083
            ],
            [
              -103.62801294264987,
              43.36862512773654
            ],
            [
              -103.62874276307518,
              43.36836042808697
            ]
          ]
        ]
      },
      "properties": {
        "hail_size_bin": "0.5\"",
        "min_size_inches": 0.5
      }
    },
    {
      "type": "Feature",
      "geometry": {
        "type": "Polygon",
        "coordinates": [
          [
            [
              -103.93865289764584,
              45.01785964998874
            ],
            [
              -103.93798831430524,
              45.01821930489077
            ],
            [
              -103.77948532609328,
              45.09745947573681
            ],
            [
              -103.77883249609218,
              45.0977593131446
            ],
            [
              -103.77926253771206,
              45.09718385360065
            ],
            [
              -103.8582108687721,
              44.998512539706525
            ],
            [
              -103.85874550865934,
              44.99788846632582
            ],
            [
              -103.85954898740138,
              44.99806088820495
            ],
            [
              -103.93792608662895,
              45.017652363429704
            ],
            [
              -103.93865289764584,
              45.01785964998874
            ]
          ]
        ]
      },
      "properties": {
        "hail_size_bin": "0.5\"",
        "min_size_inches": 0.5
      }
    },
    {
      "type": "Feature",
      "geometry": {
        "type": "Polygon",
        "coordinates": [
          [
            [
              -104.34862122371048,
              45.847602486731844
            ],
            [
              -104.34789105616993,
              45.84787249774941
            ],
            [
              -104.25945405598357,
              45.877347285923975
            ],
            [
              -104.25869417211382,
              45.87757320490654
            ],
            [
              -104.25841912280978,
              45.87682981934042
            ],
            [
              -104.22894485363722,
              45.78841964545748
            ],
            [
              -104.22871720491183,
              45.78765278820976
            ],
            [
              -104.22950145501913,
              45.78749516286365
            ],
            [
              -104.28788192031686,
              45.77776647552375
            ],
            [
              -104.28866404638158,
              45.777661815346406
            ],
            [
              -104.28919595235709,
              45.77824388282025
            ],
            [
              -104.34813404859791,
              45.84699517068138
            ],
            [
              -104.34862122371048,
              45.847602486731844
            ]
          ]
        ]
      },
      "properties": {
        "hail_size_bin": "0.5\"",
        "min_size_inches": 0.5
      }
    },
    {
      "type": "Feature",
      "geometry": {
        "type": "Polygon",
        "coordinates": [
          [
            [
              -104.38862678681375,
              41.4288591204095
            ],
            [
              -104.38787361012277,
              41.42905210407414
            ],
            [
              -104.29946827288079,
              41.44869492765264
            ],
            [
              -104.29867904284853,
              41.44884345788658
            ],
            [
              -104.29804562273294,
              41.44834977354289
            ],
            [
              -104.23930787693423,
              41.39940864563202
            ],
            [
              -104.2387351812768,
              41.39889889036878
            ],
            [
              -104.2394761438514,
              41.39870257342511
            ],
            [
              -104.36788057853748,
              41.36907501452341
            ],
            [
              -104.36864572743916,
              41.36892414006223
            ],
            [
              -104.36891584544728,
              41.369655620175756
            ],
            [
              -104.38840475333267,
              41.428113990249216
            ],
            [
              -104.38862678681375,
              41.4288591204095
            ]
          ]
        ]
      },
      "properties": {
        "hail_size_bin": "0.5\"",
        "min_size_inches": 0.5
      }
    },
    {
      "type": "Feature",
      "geometry": {
        "type": "Polygon",
        "coordinates": [
          [
            [
              -104.91855119857463,
              43.92814223727858
            ],
            [
              -104.91776938472833,
              43.92829885220468
            ],
            [
              -104.85859214685715,
              43.938160316
            ],
            [
              -104.8585953866083,
              43.93817975728461
            ],
            [
              -104.8567280282433,
              43.93849107753729
            ],
            [
              -104.85350380308046,
              43.939250978925415
            ],
            [
              -104.85033697065772,
              43.94022270441481
            ],
            [
              -104.8472414309348,
              43.94140198887762
            ],
            [
              -104.84423077095124,
              43.942783656161694
            ],
            [
              -104.84131820518984,
              43.94436164180987
            ],
            [
              -104.83851651757507,
              43.94612901967829
            ],
            [
              -104.83583800536171,
              43.94807803233685
            ],
            [
              -104.83329442515911,
              43.95020012511838
            ],
            [
              -104.8308969413289,
              43.952485983666996
            ],
            [
              -104.82865607698193,
              43.95492557482104
            ],
            [
              -104.82658166778991,
              43.95750819065087
            ],
            [
              -104.78909896823646,
              44.0074779828067
            ],
            [
              -104.78858865944538,
              44.00811333286332
            ],
            [
              -104.78777419227279,
              44.008140314
            ],
            [
              -104.71942997562637,
              44.008140314
            ],
            [
              -104.71865915111765,
              44.008115091277006
            ],
            [
              -104.71906584329325,
              44.007459872579545
            ],
            [
              -104.798140952648,
              43.888864155635204
            ],
            [
              -104.79860694540865,
              43.88821309785368
            ],
            [
              -104.79924792094167,
              43.88869228991979
            ],
            [
              -104.82706161624772,
              43.910940067002336
            ],
            [
              -104.82973535388207,
              43.912936182974505
            ],
            [
              -104.8325362713283,
              43.91474952612218
            ],
            [
              -104.83545189514652,
              43.9163720210104
            ],
            [
              -104.83846924107036,
              43.917796442116554
            ],
            [
              -104.84157487183019,
              43.919016446008044
            ],
            [
              -104.84475495699398,
              43.920026599591814
            ],
            [
              -104.8479953345588,
              43.92082240430973
            ],
            [
              -104.85128157401918,
              43.92140031617221
            ],
            [
              -104.85459904063094,
              43.92175776154079
            ],
            [
              -104.85793296058482,
              43.92189314858943
            ],
            [
              -104.86126848679915,
              43.92180587439349
            ],
            [
              -104.86459076503907,
              43.92149632761469
            ],
            [
              -104.86788500006746,
              43.92096588677032
            ],
            [
              -104.8711365215332,
              43.92021691409421
            ],
            [
              -104.87433084930319,
              43.91925274501692
            ],
            [
              -104.87745375794735,
              43.918077673311906
            ],
            [
              -104.88049134008932,
              43.91669693197389
            ],
            [
              -104.88343006834072,
              43.91511666991455
            ],
            [
              -104.88625685554322,
              43.913343924579344
            ],
            [
              -104.88895911305015,
              43.91138659060734
            ],
            [
              -104.891524806788,
              43.909253384673704
            ],
            [
              -104.89394251084823,
              43.90695380667137
            ],
            [
              -104.89620145837084,
              43.90449809740481
            ],
            [
              -104.8982915894927,
              43.9018971929842
            ],
            [
              -104.90808792400125,
              43.888837279874615
            ],
            [
              -104.90857344056879,
              43.88823281828034
            ],
            [
              -104.9087859433222,
              43.888978251306256
            ],
            [
              -104.91838335387804,
              43.92736240851128
            ],
            [
              -104.91855119857463,
              43.92814223727858
            ]
          ]
        ]
      },
      "properties": {
        "hail_size_bin": "0.5\"",
        "min_size_inches": 0.5
      }
    },
    {
      "type": "Feature",
      "geometry": {
        "type": "Polygon",
        "coordinates": [
          [
            [
              -105.0785242042839,
              43.47833118910552
            ],
            [
              -105.07833867868872,
              43.47906876327125
            ],
            [
              -105.05878968013536,
              43.547480482311904
            ],
            [
              -105.05854157140615,
              43.54825170373807
            ],
            [
              -105.05779656614166,
              43.54856999226402
            ],
            [
              -104.879344221326,
              43.61795821092307
            ],
            [
              -104.87859808000175,
              43.61822084483747
            ],
            [
              -104.87808692985364,
              43.617586365855274
            ],
            [
              -104.87598388000362,
              43.615141662349885
            ],
            [
              -104.87372761220588,
              43.61283761167207
            ],
            [
              -104.87132751198749,
              43.610683798114074
            ],
            [
              -104.86879356318346,
              43.60868918101811
            ],
            [
              -104.86613630640647,
              43.606862057507726
            ],
            [
              -104.86336679520052,
              43.60521002797377
            ],
            [
              -104.86049655006077,
              43.603739964458576
            ],
            [
              -104.85753751051115,
              43.602457982069964
            ],
            [
              -104.85450198543877,
              43.60136941354387
            ],
            [
              -104.85140260189203,
              43.60047878706145
            ],
            [
              -104.84825225255507,
              43.599789807412954
            ],
            [
              -104.84506404211734,
              43.599305340586675
            ],
            [
              -104.84185123276134,
              43.59902740184716
            ],
            [
              -104.83862718899506,
              43.59895714735218
            ],
            [
              -104.83540532205893,
              43.5990948693434
            ],
            [
              -104.8321990341383,
              43.59943999493074
            ],
            [
              -104.8290216626136,
              43.59999108847541
            ],
            [
              -104.82588642458005,
              43.60074585756188
            ],
            [
              -104.82280636186773,
              43.601701162533736
            ],
            [
              -104.81979428679085,
              43.6028530295539
            ],
            [
              -104.81686272885143,
              43.60419666713482
            ],
            [
              -104.81402388261982,
              43.60572648606992
            ],
            [
              -104.81128955700805,
              43.60743612268331
            ],
            [
              -104.8086711261478,
              43.60931846530117
            ],
            [
              -104.8061794820766,
              43.611365683834556
            ],
            [
              -104.80382498942973,
              43.6135692623507
            ],
            [
              -104.80161744232578,
              43.61592003449721
            ],
            [
              -104.79956602362549,
              43.618408221631874
            ],
            [
              -104.79767926673333,
              43.62102347349945
            ],
            [
              -104.79596502010054,
              43.623754911286206
            ],
            [
              -104.7944304145775,
              43.62659117287316
            ],
            [
              -104.78896734130514,
              43.63751575831676
            ],
            [
              -104.7886255807224,
              43.63814679256763
            ],
            [
              -104.78860214885714,
              43.63742953705583
            ],
            [
              -104.78860214885714,
              43.60906880506031
            ],
            [
              -104.78862814885983,
              43.60827068105503
            ],
            [
              -104.7893304068448,
              43.607890534174885
            ],
            [
              -104.80786421678415,
              43.59862495323796
            ],
            [
              -104.8086064895008,
              43.598283883558295
            ],
            [
              -104.80905077798647,
              43.598267850212935
            ],
            [
              -104.81141048293323,
              43.598260086008885
            ],
            [
              -104.81467658188934,
              43.598035092730726
            ],
            [
              -104.81792095567961,
              43.59759684271598
            ],
            [
              -104.82112969499309,
              43.596947214834394
            ],
            [
              -104.82428904329132,
              43.59608899417695
            ],
            [
              -104.82738545578547,
              43.59502586011562
            ],
            [
              -104.83040565750575,
              43.593762370529106
            ],
            [
              -104.83333670021388,
              43.59230394226228
            ],
            [
              -104.836166017915,
              43.59065682790302
            ],
            [
              -104.83888148073069,
              43.58882808897607
            ],
            [
              -104.8414714469023,
              43.586825565668775
            ],
            [
              -104.84392481270163,
              43.58465784321857
            ],
            [
              -104.84623106003488,
              43.582334215106286
            ],
            [
              -104.84838030153604,
              43.579864643213
            ],
            [
              -104.85036332295597,
              43.57725971511141
            ],
            [
              -104.85217162266592,
              43.57453059867466
            ],
            [
              -104.85379744810577,
              43.57168899419734
            ],
            [
              -104.8552338290208,
              43.56874708423385
            ],
            [
              -104.85647460734481,
              43.56571748136927
            ],
            [
              -104.85751446360082,
              43.56261317414653
            ],
            [
              -104.858348939707,
              43.5594474713818
            ],
            [
              -104.85861441990612,
              43.55828749508793
            ],
            [
              -104.85934790890795,
              43.55799411498777
            ],
            [
              -105.07780124597242,
              43.478567887720445
            ],
            [
              -105.0785242042839,
              43.47833118910552
            ]
          ]
        ]
      },
      "properties": {
        "hail_size_bin": "0.5\"",
        "min_size_inches": 0.5
      }
    },
    {
      "type": "Feature",
      "geometry": {
        "type": "Polygon",
        "coordinates": [
          [
            [
              -105.16852305402946,
              32.53145002235567
            ],
            [
              -105.16854785228571,
              32.53222437873329
            ],
            [
              -105.16854785228571,
              32.570591622616476
            ],
            [
              -105.16852180176816,
              32.57138797417034
            ],
            [
              -105.16774613525006,
              32.57156953278337
            ],
            [
              -105.11936679995463,
              32.581244017378204
            ],
            [
              -105.1185746376526,
              32.581375317813695
            ],
            [
              -105.11835418021455,
              32.580603204198205
            ],
            [
              -105.10875664526482,
              32.54221854948872
            ],
            [
              -105.10858880056823,
              32.54143872072142
            ],
            [
              -105.10937061441453,
              32.541282105795325
            ],
            [
              -105.16775504819455,
              32.53155275713621
            ],
            [
              -105.16852305402946,
              32.53145002235567
            ]
          ]
        ]
      },
      "properties": {
        "hail_size_bin": "0.5\"",
        "min_size_inches": 0.5
      }
    },
    {
      "type": "Feature",
      "geometry": {
        "type": "Polygon",
        "coordinates": [
          [
            [
              -106.22835440272702,
              43.50830588568425
            ],
            [
              -106.22799984915615,
              43.509010079389654
            ],
            [
              -106.16879900152874,
              43.61752945950693
            ],
            [
              -106.16839155911026,
              43.618221175712044
            ],
            [
              -106.16760674275022,
              43.61805222627105
            ],
            [
              -106.12918280699175,
              43.608447614810956
            ],
            [
              -106.12843224810675,
              43.60823440451634
            ],
            [
              -106.12826829068932,
              43.60747157082895
            ],
            [
              -106.10856001989202,
              43.499091568726655
            ],
            [
              -106.108444800519,
              43.49831412641853
            ],
            [
              -106.10922944824271,
              43.49835402551993
            ],
            [
              -106.22757122974542,
              43.508214431613084
            ],
            [
              -106.22835440272702,
              43.50830588568425
            ]
          ]
        ]
      },
      "properties": {
        "hail_size_bin": "0.5\"",
        "min_size_inches": 0.5
      }
    },
    {
      "type": "Feature",
      "geometry": {
        "type": "Polygon",
        "coordinates": [
          [
            [
              -106.8382621738588,
              42.94841808900091
            ],
            [
              -106.83749140837364,
              42.948443201428574
            ],
            [
              -106.80831351971429,
              42.948443201428574
            ],
            [
              -106.80831351971429,
              42.94847061166511
            ],
            [
              -106.8066317498751,
              42.948471451074774
            ],
            [
              -106.80332673602196,
              42.94869241916258
            ],
            [
              -106.80004360528125,
              42.94913173226809
            ],
            [
              -106.7967967665829,
              42.94978746234387
            ],
            [
              -106.7936004695792,
              42.9506567315366
            ],
            [
              -106.79046874210614,
              42.95173572481729
            ],
            [
              -106.78741532861845,
              42.95301970672464
            ],
            [
              -106.78445362986817,
              42.95450304214789
            ],
            [
              -106.7815966440918,
              42.956179221058086
            ],
            [
              -106.77885690996395,
              42.95804088707912
            ],
            [
              -106.77624645156774,
              42.96007986977327
            ],
            [
              -106.773776725624,
              42.96228722049938
            ],
            [
              -106.77145857121008,
              42.964653251686514
            ],
            [
              -106.76930216218965,
              42.967167579350495
            ],
            [
              -106.76831114407233,
              42.96840369742803
            ],
            [
              -106.76757819004783,
              42.968067016963275
            ],
            [
              -106.72905896129674,
              42.9488101543544
            ],
            [
              -106.72838619589828,
              42.94844574866031
            ],
            [
              -106.72908689722553,
              42.94813846631297
            ],
            [
              -106.7775680272409,
              42.928748785053
            ],
            [
              -106.77832042973665,
              42.928475705321105
            ],
            [
              -106.77887466253165,
              42.92857015932869
            ],
            [
              -106.78215019816831,
              42.929016880031675
            ],
            [
              -106.78544809409516,
              42.92924617361924
            ],
            [
              -106.78875393363518,
              42.929257037739696
            ],
            [
              -106.79205326538612,
              42.92904942490079
            ],
            [
              -106.79533166639428,
              42.92862424267731
            ],
            [
              -106.79857480520432,
              42.92798334974368
            ],
            [
              -106.80176850450873,
              42.927129547748756
            ],
            [
              -106.80489880312372,
              42.92606656906854
            ],
            [
              -106.80795201702011,
              42.92479906049013
            ],
            [
              -106.81091479914289,
              42.92333256289842
            ],
            [
              -106.81377419775744,
              42.921673487054264
            ],
            [
              -106.8165177130678,
              42.91982908556994
            ],
            [
              -106.81746912765801,
              42.91909372372256
            ],
            [
              -106.81830619990309,
              42.91848924025022
            ],
            [
              -106.81876730227106,
              42.919134493275905
            ],
            [
              -106.83785554070676,
              42.94776276000811
            ],
            [
              -106.8382621738588,
              42.94841808900091
            ]
          ]
        ]
      },
      "properties": {
        "hail_size_bin": "0.5\"",
        "min_size_inches": 0.5
      }
    },
    {
      "type": "Feature",
      "geometry": {
        "type": "Polygon",
        "coordinates": [
          [
            [
              -110.22777875226603,
              30.811893870893627
            ],
            [
              -110.22700970934635,
              30.812047957174237
            ],
            [
              -110.16863543729478,
              30.821775612453923
            ],
            [
              -110.16788214563563,
              30.821876092676455
            ],
            [
              -110.16825179038621,
              30.82121208412452
            ],
            [
              -110.19740941155641,
              30.772622992123722
            ],
            [
              -110.1978315432842,
              30.771968891958934
            ],
            [
              -110.1983186104185,
              30.772576087216418
            ],
            [
              -110.2273289760935,
              30.811251048209485
            ],
            [
              -110.22777875226603,
              30.811893870893627
            ]
          ]
        ]
      },
      "properties": {
        "hail_size_bin": "0.5\"",
        "min_size_inches": 0.5
      }
    },
    {
      "type": "Feature",
      "geometry": {
        "type": "Polygon",
        "coordinates": [
          [
            [
              -110.36777926971386,
              30.452031977155137
            ],
            [
              -110.36780484657143,
              30.45282474978467
            ],
            [
              -110.36780484657143,
              30.511179646464672
            ],
            [
              -110.36777890700284,
              30.511972018315436
            ],
            [
              -110.36698665046463,
              30.51199784257143
            ],
            [
              -110.29863304467824,
              30.51199784257143
            ],
            [
              -110.29784067282742,
              30.51197190300285
            ],
            [
              -110.29781484857143,
              30.511179646464672
            ],
            [
              -110.29781484857143,
              30.422846815636742
            ],
            [
              -110.29784067978575,
              30.4220626062008
            ],
            [
              -110.29857155719911,
              30.42234781679043
            ],
            [
              -110.3670605407631,
              30.451696044515547
            ],
            [
              -110.36777926971386,
              30.452031977155137
            ]
          ]
        ]
      },
      "properties": {
        "hail_size_bin": "0.5\"",
        "min_size_inches": 0.5
      }
    },
    {
      "type": "Feature",
      "geometry": {
        "type": "Polygon",
        "coordinates": [
          [
            [
              -110.48771490703574,
              30.7219224726516
            ],
            [
              -110.4869791493537,
              30.72203889099746
            ],
            [
              -110.40860498282262,
              30.731834262075154
            ],
            [
              -110.40785325421983,
              30.73190350727965
            ],
            [
              -110.40828644842789,
              30.731285315598445
            ],
            [
              -110.41832887617359,
              30.717897325054246
            ],
            [
              -110.42018837735279,
              30.7152433371172
            ],
            [
              -110.42187205388613,
              30.71247446912892
            ],
            [
              -110.4233728333916,
              30.709602351881763
            ],
            [
              -110.42468441175686,
              30.70663904987265
            ],
            [
              -110.42580127962007,
              30.703597010625444
            ],
            [
              -110.4267187455123,
              30.700489012404397
            ],
            [
              -110.42743295556426,
              30.697328110538294
            ],
            [
              -110.42794090969474,
              30.694127582580787
            ],
            [
              -110.42824047421261,
              30.690900872537252
            ],
            [
              -110.42833039077958,
              30.68766153439244
            ],
            [
              -110.42821028169581,
              30.684423175176196
            ],
            [
              -110.42788065148656,
              30.68119939780631
            ],
            [
              -110.42734288478286,
              30.678003743948675
            ],
            [
              -110.42659924050527,
              30.674849637134717
            ],
            [
              -110.4256528423752,
              30.671750326375072
            ],
            [
              -110.4245076657935,
              30.668718830506343
            ],
            [
              -110.42316852114153,
              30.665767883504692
            ],
            [
              -110.42164103357494,
              30.66290988099605
            ],
            [
              -110.41993161939486,
              30.66015682818756
            ],
            [
              -110.38826288002566,
              30.612660506261985
            ],
            [
              -110.38784631548512,
              30.61198839362943
            ],
            [
              -110.38862148926226,
              30.611832704399564
            ],
            [
              -110.44697836755371,
              30.6021079476657
            ],
            [
              -110.44775249801266,
              30.602005104116692
            ],
            [
              -110.44748153505785,
              30.60275641686801
            ],
            [
              -110.44647511460205,
              30.605860907798586
            ],
            [
              -110.44567336314188,
              30.60902444073946
            ],
            [
              -110.44507969637785,
              30.61223353809622
            ],
            [
              -110.44469664350751,
              30.615474528156433
            ],
            [
              -110.44452583645042,
              30.618733603335244
            ],
            [
              -110.44456800289562,
              30.62199687899978
            ],
            [
              -110.44482296320146,
              30.625250452621867
            ],
            [
              -110.44528963116095,
              30.628480463006905
            ],
            [
              -110.4459660186293,
              30.63167314934673
            ],
            [
              -110.44684924399408,
              30.634814909844746
            ],
            [
              -110.44793554445164,
              30.63789235966364
            ],
            [
              -110.44922029203784,
              30.64089238794878
            ],
            [
              -110.45069801334455,
              30.64380221368438
            ],
            [
              -110.45236241283801,
              30.64660944014443
            ],
            [
              -110.4542063996797,
              30.64930210770645
            ],
            [
              -110.45622211793535,
              30.651868744803064
            ],
            [
              -110.45840098004366,
              30.654298416794276
            ],
            [
              -110.4607337034018,
              30.656580772552317
            ],
            [
              -110.46321034991212,
              30.658706088560546
            ],
            [
              -110.46582036832136,
              30.660665310338505
            ],
            [
              -110.46705208507407,
              30.661469895381966
            ],
            [
              -110.46775849441025,
              30.661965947142516
            ],
            [
              -110.46772706544175,
              30.662067724922075
            ],
            [
              -110.46675013358076,
              30.66488983022761
            ],
            [
              -110.46588954624427,
              30.668019709663163
            ],
            [
              -110.46523385947457,
              30.671198833867223
            ],
            [
              -110.46478583679621,
              30.674413803777576
            ],
            [
              -110.46454736649143,
              30.677651069253027
            ],
            [
              -110.46451945364157,
              30.680896986183203
            ],
            [
              -110.46470221589098,
              30.684137873994437
            ],
            [
              -110.4650948829512,
              30.687360073309286
            ],
            [
              -110.46569579984744,
              30.690550003516773
            ],
            [
              -110.46650243389385,
              30.693694220010585
            ],
            [
              -110.46751138536804,
              30.69677947085412
            ],
            [
              -110.46871840183985,
              30.69979275263344
            ],
            [
              -110.47011839609416,
              30.702721365262775
            ],
            [
              -110.47170546757191,
              30.705552965511632
            ],
            [
              -110.47347292723921,
              30.708275619027827
            ],
            [
              -110.4754133257797,
              30.710877850637214
            ],
            [
              -110.4775184849911,
              30.713348692708152
            ],
            [
              -110.47977953225394,
              30.71567773137678
            ],
            [
              -110.48218693792707,
              30.71785515043838
            ],
            [
              -110.48473055551214,
              30.719871772719742
            ],
            [
              -110.48739966441819,
              30.72171909875822
            ],
            [
              -110.48771490703574,
              30.7219224726516
            ]
          ]
        ]
      },
      "properties": {
        "hail_size_bin": "0.5\"",
        "min_size_inches": 0.5
      }
    },
    {
      "type": "Feature",
      "geometry": {
        "type": "Polygon",
        "coordinates": [
          [
            [
              -110.78770623526637,
              30.95185189240859
            ],
            [
              -110.78693717343512,
              30.95198747939138
            ],
            [
              -110.64857640721857,
              30.971750479043976
            ],
            [
              -110.6478973847493,
              30.971824847314732
            ],
            [
              -110.64849811611519,
              30.971499814469716
            ],
            [
              -110.76701590779582,
              30.912249385395732
            ],
            [
              -110.76773619715391,
              30.911918288612465
            ],
            [
              -110.76811361590097,
              30.91261528809451
            ],
            [
              -110.78737992979556,
              30.951142410435967
            ],
            [
              -110.78770623526637,
              30.95185189240859
            ]
          ]
        ]
      },
      "properties": {
        "hail_size_bin": "0.5\"",
        "min_size_inches": 0.5
      }
    },
    {
      "type": "Feature",
      "geometry": {
        "type": "Polygon",
        "coordinates": [
          [
            [
              -110.74765230904434,
              30.472022775201786
            ],
            [
              -110.74698142639478,
              30.472316877771604
            ],
            [
              -110.6984936986845,
              30.491709197732458
            ],
            [
              -110.69775288272841,
              30.491978569705978
            ],
            [
              -110.69696500890954,
              30.49200355742857
            ],
            [
              -110.6585816058211,
              30.49200355742857
            ],
            [
              -110.65778923397028,
              30.49197761785999
            ],
            [
              -110.65776340971429,
              30.491185361321815
            ],
            [
              -110.65776340971429,
              30.46282058374657
            ],
            [
              -110.65778864836405,
              30.462040327529788
            ],
            [
              -110.65856692042725,
              30.46210139592643
            ],
            [
              -110.74692725985521,
              30.471917808672924
            ],
            [
              -110.74765230904434,
              30.472022775201786
            ]
          ]
        ]
      },
      "properties": {
        "hail_size_bin": "0.5\"",
        "min_size_inches": 0.5
      }
    },
    {
      "type": "Feature",
      "geometry": {
        "type": "Polygon",
        "coordinates": [
          [
            [
              -110.97769082819462,
              30.93186311688407
            ],
            [
              -110.9749812192788,
              30.933632163864488
            ],
            [
              -110.97237276387051,
              30.935589012669954
            ],
            [
              -110.96989740862242,
              30.937711726324743
            ],
            [
              -110.9675656820094,
              30.939991276251067
            ],
            [
              -110.96538750160796,
              30.9424179667965
            ],
            [
              -110.96337213191364,
              30.944981476472652
            ],
            [
              -110.96152814493615,
              30.947670901855762
            ],
            [
              -110.95986338373984,
              30.950474803962432
            ],
            [
              -110.95838492908476,
              30.95338125690327
            ],
            [
              -110.95709906930976,
              30.956377898607503
            ],
            [
              -110.95601127358636,
              30.95945198340279
            ],
            [
              -110.95512616865646,
              30.96259043622665
            ],
            [
              -110.9544475191535,
              30.96577990823885
            ],
            [
              -110.95397821159011,
              30.969006833598296
            ],
            [
              -110.95372024208095,
              30.972257487162864
            ],
            [
              -110.95367470785257,
              30.97551804286681
            ],
            [
              -110.95384180257655,
              30.97877463252744
            ],
            [
              -110.95422081554578,
              30.982013404830898
            ],
            [
              -110.95481013469727,
              30.985220584246235
            ],
            [
              -110.95560725346886,
              30.988382529617123
            ],
            [
              -110.9566087814603,
              30.991485792182043
            ],
            [
              -110.95781045885384,
              30.994517172776153
            ],
            [
              -110.95920717453248,
              30.99746377797155
            ],
            [
              -110.96079298781925,
              31.000313074917116
            ],
            [
              -110.9672981072323,
              31.011153391546227
            ],
            [
              -110.96766706083656,
              31.01181647880081
            ],
            [
              -110.96692533174159,
              31.011656553646002
            ],
            [
              -110.92851863804422,
              31.00205625208531
            ],
            [
              -110.92775617867245,
              31.00183892460901
            ],
            [
              -110.92792330746144,
              31.00106403444298
            ],
            [
              -110.93157295237275,
              30.98646754060721
            ],
            [
              -110.93228340518363,
              30.983152196658253
            ],
            [
              -110.93276753286368,
              30.979796325819592
            ],
            [
              -110.93302310915202,
              30.976415360061523
            ],
            [
              -110.93304895878121,
              30.973024846753326
            ],
            [
              -110.93284496288175,
              30.969640377168684
            ],
            [
              -110.93241205952867,
              30.96627751478921
            ],
            [
              -110.93175223942782,
              30.962951723735806
            ],
            [
              -110.9308685367616,
              30.959678297656897
            ],
            [
              -110.92976501523624,
              30.956472289400597
            ],
            [
              -110.92844674939491,
              30.953348441794205
            ],
            [
              -110.92776590214227,
              30.95187649382915
            ],
            [
              -110.9284196950932,
              30.951455256569556
            ],
            [
              -110.97701044752588,
              30.92230497062677
            ],
            [
              -110.97769196950104,
              30.92192610539886
            ],
            [
              -110.97771768628571,
              30.92270543184548
            ],
            [
              -110.97771768628571,
              30.931051130793854
            ],
            [
              -110.97769082819462,
              30.93186311688407
            ]
          ]
        ]
      },
      "properties": {
        "hail_size_bin": "0.5\"",
        "min_size_inches": 0.5
      }
    },
    {
      "type": "Feature",
      "geometry": {
        "type": "Polygon",
        "coordinates": [
          [
            [
              -122.06609267561294,
              43.70822210992406
            ],
            [
              -122.0654518174729,
              43.70868014945963
            ],
            [
              -121.94683834453,
              43.787744499952666
            ],
            [
              -121.94626170183864,
              43.7881019106355
            ],
            [
              -121.9466739462533,
              43.78756317124123
            ],
            [
              -122.03562876766176,
              43.678856145755816
            ],
            [
              -122.03613922026021,
              43.6782717003742
            ],
            [
              -122.03670529481879,
              43.67880245253225
            ],
            [
              -122.06555410282903,
              43.70764713869525
            ],
            [
              -122.06609267561294,
              43.70822210992406
            ]
          ]
        ]
      },
      "properties": {
        "hail_size_bin": "0.5\"",
        "min_size_inches": 0.5
      }
    },
    {
      "type": "Feature",
      "geometry": {
        "type": "Polygon",
        "coordinates": [
          [
            [
              -122.18607907272985,
              43.44828506045047
            ],
            [
              -122.1853346544302,
              43.44856072045685
            ],
            [
              -122.12689869489026,
              43.468036590574435
            ],
            [
              -122.12615772523505,
              43.46825695398852
            ],
            [
              -122.12637458948689,
              43.46694453284614
            ],
            [
              -122.12647863618501,
              43.466421353314864
            ],
            [
              -122.12690559180216,
              43.463177325406264
            ],
            [
              -122.12711945746429,
              43.4599123185687
            ],
            [
              -122.12711931731242,
              43.456640314878115
            ],
            [
              -122.12690517194673,
              43.45337532637382
            ],
            [
              -122.12647793842405,
              43.450131335053264
            ],
            [
              -122.12583944633057,
              43.44692223299546
            ],
            [
              -122.12499242994696,
              43.44376176286956
            ],
            [
              -122.12394051653892,
              43.44066345908317
            ],
            [
              -122.1226882108239,
              43.437640589822536
            ],
            [
              -122.12187158972594,
              43.43598488062439
            ],
            [
              -122.12358800179656,
              43.43594898641465
            ],
            [
              -122.12689139797692,
              43.43566005942225
            ],
            [
              -122.13016837824804,
              43.43515280659169
            ],
            [
              -122.13340452926424,
              43.43442945900459
            ],
            [
              -122.13658561726169,
              43.433493198205525
            ],
            [
              -122.13969765066366,
              43.43234814220846
            ],
            [
              -122.14272694162054,
              43.43099932738424
            ],
            [
              -122.14566016621391,
              43.429452686308814
            ],
            [
              -122.14848442306005,
              43.42771502166959
            ],
            [
              -122.15118729005482,
              43.42579397634478
            ],
            [
              -122.15375687901059,
              43.42369799978724
            ],
            [
              -122.15618188794481,
              43.42143631086071
            ],
            [
              -122.15845165079021,
              43.41901885729197
            ],
            [
              -122.160556184308,
              43.41645627191703
            ],
            [
              -122.16248623199786,
              43.41375982591418
            ],
            [
              -122.16566588854491,
              43.40899102254594
            ],
            [
              -122.16611566971739,
              43.408361957545516
            ],
            [
              -122.16648394573494,
              43.40904195655479
            ],
            [
              -122.18574760025194,
              43.44756376090094
            ],
            [
              -122.18607907272985,
              43.44828506045047
            ]
          ]
        ]
      },
      "properties": {
        "hail_size_bin": "0.5\"",
        "min_size_inches": 0.5
      }
    }
  ]
}