{
  "type": "FeatureCollection",
  "features": [
    {
      "type": "Feature",
      "geometry": {
        "type": "Polygon",
        "coordinates": [
          [
            [
              -104.59856700072179,
              53.60535668156641
            ],
            [
              -104.59715743577075,
              53.60526539292281
            ],
            [
              -103.93022865818152,
              53.54554896112275
            ],
            [
              -103.92874017322119,
              53.54537784015272
            ],
            [
              -103.92772199823047,
              53.54428607698394
            ],
            [
              -103.84970588096638,
              53.4565304851582
            ],
            [
              -103.84881614342558,
              53.455479275659485
            ],
            [
              -103.85019018568273,
              53.45556463113282
            ],
            [
              -104.54717451127351,
              53.51529760903331
            ],
            [
              -104.54861568416761,
              53.51545670286478
            ],
            [
              -104.54934909784062,
              53.516705497689564
            ],
            [
              -104.59791156004728,
              53.60410544038671
            ],
            [
              -104.59856700072179,
              53.60535668156641
            ]
          ]
        ]
      },
      "properties": {
        "hail_size_bin": "2.0\"",
        "min_size_inches": 2.0
      }
    },
    {
      "type": "Feature",
      "geometry": {
        "type": "Polygon",
        "coordinates": [
          [
            [
              -107.86799944806387,
              54.06531788416517
            ],
            [
              -107.86686925845959,
              54.06595006786691
            ],
            [
              -107.6995070564682,
              54.154540927113835
            ],
            [
              -107.6981911605454,
              54.1551960622184
            ],
            [
              -107.69705170892183,
              54.15426761223561
            ],
            [
              -107.62931534678772,
              54.096216168697225
            ],
            [
              -107.62827707021229,
              54.095281153583684
            ],
            [
              -107.62965868856485,
              54.09507440279626
            ],
            [
              -107.86671060186868,
              54.065447147308085
            ],
            [
              -107.86799944806387,
              54.06531788416517
            ]
          ]
        ]
      },
      "properties": {
        "hail_size_bin": "2.0\"",
        "min_size_inches": 2.0
      }
    },
    {
      "type": "Feature",
      "geometry": {
        "type": "Polygon",
        "coordinates": [
          [
            [
              -114.03720043286403,
              54.945023948586616
            ],
            [
              -114.03602972054225,
              54.94579588511519
            ],
            [
              -113.95856393062553,
              54.99420508623632
            ],
            [
              -113.95728635475707,
              54.99495972150961
            ],
            [
              -113.9558551358316,
              54.994569036276175
            ],
            [
              -113.8587034718687,
              54.965427701325055
            ],
            [
              -113.85741520323562,
              54.965006879658745
            ],
            [
              -113.85869013733979,
              54.964547317561006
            ],
            [
              -113.97588032768246,
              54.92548950206286
            ],
            [
              -113.97729055649125,
              54.92505795863887
            ],
            [
              -113.97869773060337,
              54.925489502062895
            ],
            [
              -114.03588125370632,
              54.944547953016496
            ],
            [
              -114.03720043286403,
              54.945023948586616
            ]
          ]
        ]
      },
      "properties": {
        "hail_size_bin": "2.0\"",
        "min_size_inches": 2.0
      }
    },
    {
      "type": "Feature",
      "geometry": {
        "type": "Polygon",
        "coordinates": [
          [
            [
              -101.95894061778502,
              52.68567937923642
            ],
            [
              -101.95796481010119,
              52.68670162249107
            ],
            [
              -101.89004148277837,
              52.754615245094755
            ],
            [
              -101.88900523760303,
              52.75560245793731
            ],
            [
              -101.88668481610482,
              52.755119440220504
            ],
            [
              -101.88571162563304,
              52.75489234218281
            ],
            [
              -101.88001807910528,
              52.75385033219524
            ],
            [
              -101.87428090974434,
              52.75308407858077
            ],
            [
              -101.86851346533642,
              52.75259536406339
            ],
            [
              -101.86272916410404,
              52.752385325659716
            ],
            [
              -101.85694146348789,
              52.75245445203368
            ],
            [
              -101.85116382883744,
              52.75280258235963
            ],
            [
              -101.84540970208327,
              52.753428906696456
            ],
            [
              -101.83969247046377,
              52.754331967872034
            ],
            [
              -101.83402543537909,
              52.755509664873344
            ],
            [
              -101.82842178144487,
              52.756959257734586
            ],
            [
              -101.8228945458176,
              52.758677373911844
            ],
            [
              -101.81745658786312,
              52.760660016129464
            ],
            [
              -101.81212055923864,
              52.762902571679874
            ],
            [
              -101.80689887445818,
              52.7653998231553
            ],
            [
              -101.8018036820096,
              52.76814596058626
            ],
            [
              -101.79684683609052,
              52.77113459495875
            ],
            [
              -101.79203986902911,
              52.77435877307858
            ],
            [
              -101.78739396445351,
              52.777810993748275
            ],
            [
              -101.78291993127264,
              52.78148322521896
            ],
            [
              -101.77862817852878,
              52.78536692387662
            ],
            [
              -101.77452869118048,
              52.78945305411916
            ],
            [
              -101.77063100687204,
              52.79373210937816
            ],
            [
              -101.76902400349712,
              52.79558416950029
            ],
            [
              -101.76773547213824,
              52.79492063096193
            ],
            [
              -101.66034781741232,
              52.736353915630986
            ],
            [
              -101.65911234079394,
              52.735640058661176
            ],
            [
              -101.66131027628049,
              52.7338078596688
            ],
            [
              -101.66207971685697,
              52.73319528261693
            ],
            [
              -101.6668551649599,
              52.7289595208948
            ],
            [
              -101.67139861842253,
              52.72447581566549
            ],
            [
              -101.67569722098105,
              52.719756854127795
            ],
            [
              -101.67822836775387,
              52.716662512572306
            ],
            [
              -101.67907308608095,
              52.71567537061477
            ],
            [
              -101.68021761579006,
              52.714773299935274
            ],
            [
              -101.75783238033839,
              52.65657054358005
            ],
            [
              -101.75904203855693,
              52.65570991519641
            ],
            [
              -101.76044271315865,
              52.656196420586895
            ],
            [
              -101.82387876156282,
              52.67998153989307
            ],
            [
              -101.82946469395237,
              52.681920388033355
            ],
            [
              -101.83513935058697,
              52.68358172630451
            ],
            [
              -101.84088895396273,
              52.68496152114187
            ],
            [
              -101.8466995446125,
              52.68605642254034
            ],
            [
              -101.85255701499813,
              52.68686377218783
            ],
            [
              -101.85844714376205,
              52.68738160991942
            ],
            [
              -101.8643556302554,
              52.68760867847642
            ],
            [
              -101.8702681292586,
              52.68754442655888
            ],
            [
              -101.87617028581006,
              52.6871890101641
            ],
            [
              -101.88204777005868,
              52.68654329220784
            ],
            [
              -101.88788631205522,
              52.6856088404293
            ],
            [
              -101.89367173639839,
              52.684387923584794
            ],
            [
              -101.8993899966513,
              52.682883505939415
            ],
            [
              -101.9050272094448,
              52.68109924007008
            ],
            [
              -101.91056968818496,
              52.67903945799749
            ],
            [
              -101.91767212909411,
              52.676198887545596
            ],
            [
              -101.91901550554492,
              52.67569874584564
            ],
            [
              -101.92041245446374,
              52.676012929315085
            ],
            [
              -101.95757739759746,
              52.68530283758944
            ],
            [
              -101.95894061778502,
              52.68567937923642
            ]
          ]
        ]
      },
      "properties": {
        "hail_size_bin": "1.5\"",
        "min_size_inches": 1.5
      }
    },
    {
      "type": "Feature",
      "geometry": {
        "type": "Polygon",
        "coordinates": [
          [
            [
              -106.7482386767154,
              53.875346292476436
            ],
            [
              -106.74719269147158,
              53.87626106534953
            ],
            [
              -106.68946432380136,
              53.92436116500122
            ],
            [
              -106.68832521851334,
              53.92526376650913
            ],
            [
              -106.68699346315601,
              53.924681806022875
            ],
            [
              -106.53968760809173,
              53.855948895453274
            ],
            [
              -106.53852819682507,
              53.85537282894013
            ],
            [
              -106.5398191986932,
              53.85546545068765
            ],
            [
              -106.7468586478749,
              53.87518067620107
            ],
            [
              -106.7482386767154,
              53.875346292476436
            ]
          ]
        ]
      },
      "properties": {
        "hail_size_bin": "1.5\"",
        "min_size_inches": 1.5
      }
    },
    {
      "type": "Feature",
      "geometry": {
        "type": "Polygon",
        "coordinates": [
          [
            [
              -107.89785691404187,
              54.03540732027219
            ],
            [
              -107.89687349961142,
              54.03597472651392
            ],
            [
              -107.56949223806589,
              54.21452080984682
            ],
            [
              -107.56820229482209,
              54.21518394594516
            ],
            [
              -107.56684346269034,
              54.21467837168519
            ],
            [
              -107.41958772011539,
              54.15578449047156
            ],
            [
              -107.4182907107312,
              54.15522862808418
            ],
            [
              -107.41933964991668,
              54.154285911350954
            ],
            [
              -107.48709875625248,
              54.09621497556797
            ],
            [
              -107.48822542449206,
              54.09529635651931
            ],
            [
              -107.48961272402887,
              54.09572255760171
            ],
            [
              -107.56960372179876,
              54.12238241388553
            ],
            [
              -107.57537405747857,
              54.12414568989151
            ],
            [
              -107.5812257303372,
              54.12561668985295
            ],
            [
              -107.58714394624191,
              54.12679169480448
            ],
            [
              -107.59311374282662,
              54.12766773411197
            ],
            [
              -107.5991200273195,
              54.12824259298279
            ],
            [
              -107.60514761470048,
              54.1285148180653
            ],
            [
              -107.61118126609175,
              54.12848372112314
            ],
            [
              -107.61720572728447,
              54.12814938077524
            ],
            [
              -107.62320576730446,
              54.12751264229707
            ],
            [
              -107.62916621691879,
              54.12657511548361
            ],
            [
              -107.63507200698659,
              54.125339170579466
            ],
            [
              -107.6409082065566,
              54.12380793228649
            ],
            [
              -107.6466600606155,
              54.121985271863906
            ],
            [
              -107.89677481112402,
              54.03575112885572
            ],
            [
              -107.89785691404187,
              54.03540732027219
            ]
          ]
        ]
      },
      "properties": {
        "hail_size_bin": "1.5\"",
        "min_size_inches": 1.5
      }
    },
    {
      "type": "Feature",
      "geometry": {
        "type": "Polygon",
        "coordinates": [
          [
            [
              -114.2271967207045,
              54.99495894460836
            ],
            [
              -114.22578602343073,
              54.99480439004779
            ],
            [
              -114.07875180020113,
              54.97520262800261
            ],
            [
              -114.07728144726099,
              54.97496931382994
            ],
            [
              -114.07708151789805,
              54.974916826805334
            ],
            [
              -114.07174794001425,
              54.973374620264636
            ],
            [
              -114.06593255998116,
              54.972002698547136
            ],
            [
              -114.06005609948375,
              54.970921945962004
            ],
            [
              -114.05413312757919,
              54.97013504193611
            ],
            [
              -114.0481783286369,
              54.969643937380184
            ],
            [
              -114.04220646593257,
              54.96944984985203
            ],
            [
              -114.03623234504677,
              54.96955326053797
            ],
            [
              -114.03027077715863,
              54.969953913059804
            ],
            [
              -114.0243365423256,
              54.97065081411053
            ],
            [
              -114.01844435284036,
              54.97164223591687
            ],
            [
              -114.01260881675582,
              54.97292572052289
            ],
            [
              -114.0068444016684,
              54.974498085883766
            ],
            [
              -114.00116539884978,
              54.976355433754826
            ],
            [
              -113.99558588781551,
              54.97849315935611
            ],
            [
              -113.99011970141879,
              54.980905962788725
            ],
            [
              -113.98478039155579,
              54.98358786217441
            ],
            [
              -113.9795811955674,
              54.98653220848597
            ],
            [
              -113.97453500342097,
              54.98973170203172
            ],
            [
              -113.96965432575314,
              54.99317841055302
            ],
            [
              -113.96727000409562,
              54.994952789673526
            ],
            [
              -113.9659798562153,
              54.99434479273544
            ],
            [
              -113.86863092703828,
              54.945677282635565
            ],
            [
              -113.86743159612892,
              54.94504018967384
            ],
            [
              -113.86878486123136,
              54.94492723401434
            ],
            [
              -114.03581715630422,
              54.93510320872573
            ],
            [
              -114.03836157416757,
              54.935015854619024
            ],
            [
              -114.04365508518073,
              54.93471692297613
            ],
            [
              -114.0489302249571,
              54.93418445765951
            ],
            [
              -114.0541766957575,
              54.933419498108734
            ],
            [
              -114.05938425580818,
              54.93242353762147
            ],
            [
              -114.18583039205195,
              54.90533180835105
            ],
            [
              -114.1872399030601,
              54.90506553083965
            ],
            [
              -114.1878524841792,
              54.90636081340634
            ],
            [
              -114.22665204315398,
              54.99364734803051
            ],
            [
              -114.2271967207045,
              54.99495894460836
            ]
          ]
        ]
      },
      "properties": {
        "hail_size_bin": "1.5\"",
        "min_size_inches": 1.5
      }
    },
    {
      "type": "Feature",
      "geometry": {
        "type": "Polygon",
        "coordinates": [
          [
            [
              -90.00061418257442,
              50.59621039608268
            ],
            [
              -89.99926353367884,
              50.59606371024484
            ],
            [
              -89.8522066156547,
              50.5764589226594
            ],
            [
              -89.85078016332766,
              50.57623275419075
            ],
            [
              -89.8511279075779,
              50.57466251511276
            ],
            [
              -89.85225716664237,
              50.568879485851
            ],
            [
              -89.85310119100448,
              50.56304799578814
            ],
            [
              -89.85365794570664,
              50.55718210474937
            ],
            [
              -89.85392608840347,
              50.551295955501246
            ],
            [
              -89.85390497259819,
              50.54540373965321
            ],
            [
              -89.8535946492014,
              50.53951966344139
            ],
            [
              -89.85299586640825,
              50.53365791347711
            ],
            [
              -89.85211006789461,
              50.52783262254272
            ],
            [
              -89.85093938933629,
              50.522057835517195
            ],
            [
              -89.84948665325989,
              50.516347475513705
            ],
            [
              -89.84775536223768,
              50.510715310310744
            ],
            [
              -89.84574969044276,
              50.505174919157746
            ],
            [
              -89.84347447358516,
              50.49973966003532
            ],
            [
              -89.84093519725275,
              50.49442263744887
            ],
            [
              -89.8381379836855,
              50.48923667083345
            ],
            [
              -89.7909138161162,
              50.40660618531625
            ],
            [
              -89.79078287371001,
              50.40638972489469
            ],
            [
              -89.79182923798388,
              50.40729200365067
            ],
            [
              -89.9996292015134,
              50.59527463212617
            ],
            [
              -90.00061418257442,
              50.59621039608268
            ]
          ]
        ]
      },
      "properties": {
        "hail_size_bin": "1.0\"",
        "min_size_inches": 1.0
      }
    },
    {
      "type": "Feature",
      "geometry": {
        "type": "Polygon",
        "coordinates": [
          [
            [
              -102.48887856958324,
              52.915598908200586
            ],
            [
              -102.48789252621371,
              52.91663245658511
            ],
            [
              -102.42998669877474,
              52.97453001058087
            ],
            [
              -102.4289262709176,
              52.9755391958182
            ],
            [
              -102.42747552037233,
              52.97535202678361
            ],
            [
              -102.30041342315106,
              52.95580680479913
            ],
            [
              -102.29898046852678,
              52.95555023798589
            ],
            [
              -102.29836600639146,
              52.9544509409287
            ],
            [
              -102.29533890945065,
              52.94934152970007
            ],
            [
              -102.29206273206414,
              52.9443881408879
            ],
            [
              -102.28854549845468,
              52.939602906648204
            ],
            [
              -102.28479582325528,
              52.93499754728205
            ],
            [
              -102.28082289040975,
              52.93058334252953
            ],
            [
              -102.27663643067876,
              52.926371103942614
            ],
            [
              -102.27224669780665,
              52.92237114840487
            ],
            [
              -102.26766444340733,
              52.918593272862694
            ],
            [
              -102.2629008906307,
              52.91504673032994
            ],
            [
              -102.25796770667424,
              52.91174020722493
            ],
            [
              -102.2528769742069,
              52.90868180209507
            ],
            [
              -102.24764116177555,
              52.90587900578137
            ],
            [
              -102.24227309326612,
              52.90333868307147
            ],
            [
              -102.23678591649461,
              52.90106705588583
            ],
            [
              -102.23119307100454,
              52.899069688038765
            ],
            [
              -102.22550825515002,
              52.897351471611046
            ],
            [
              -102.21974539254482,
              52.895916614968016
            ],
            [
              -102.21391859795985,
              52.89476863245213
            ],
            [
              -102.20804214275223,
              52.89391033577544
            ],
            [
              -102.2021304199111,
              52.893343827132924
            ],
            [
              -102.19619790880533,
              52.89307049405372
            ],
            [
              -102.19025913971971,
              52.89309100600264
            ],
            [
              -102.18432865826651,
              52.89340531274052
            ],
            [
              -102.17842098975936,
              52.89401264444722
            ],
            [
              -102.17255060363699,
              52.894911513607184
            ],
            [
              -102.16911159268284,
              52.8955255441013
            ],
            [
              -102.1700928067191,
              52.894623439427896
            ],
            [
              -102.24785982507782,
              52.82658702063048
            ],
            [
              -102.248951238534,
              52.82567834767361
            ],
            [
              -102.24951054586575,
              52.82698353539819
            ],
            [
              -102.25350127835812,
              52.83695894116385
            ],
            [
              -102.25583304361939,
              52.84239503355743
            ],
            [
              -102.258429852597,
              52.8477096184781
            ],
            [
              -102.26128539572505,
              52.852889782875984
            ],
            [
              -102.26439273478138,
              52.85792294030788
            ],
            [
              -102.26774431974566,
              52.86279686151902
            ],
            [
              -102.27133200714395,
              52.86749970415698
            ],
            [
              -102.27514707983522,
              52.87202004154545
            ],
            [
              -102.27918026819168,
              52.87634689044811
            ],
            [
              -102.28342177262164,
              52.880469737755
            ],
            [
              -102.28786128737983,
              52.88437856602662
            ],
            [
              -102.29248802560777,
              52.88806387783369
            ],
            [
              -102.29729074554295,
              52.891516718833415
            ],
            [
              -102.3022577778334,
              52.89472869952621
            ],
            [
              -102.30737705389113,
              52.89769201563996
            ],
            [
              -102.31263613521567,
              52.90039946709237
            ],
            [
              -102.31802224361634,
              52.90284447548528
            ],
            [
              -102.32352229225994,
              52.90502110008847
            ],
            [
              -102.32912291746833,
              52.90692405227403
            ],
            [
              -102.33481051118858,
              52.908548708366396
            ],
            [
              -102.34057125405714,
              52.90989112087663
            ],
            [
              -102.3463911489771,
              52.91094802809381
            ],
            [
              -102.35225605512763,
              52.911716862010124
            ],
            [
              -102.3581517223223,
              52.91219575456044
            ],
            [
              -102.3640638256335,
              52.912383542161265
            ],
            [
              -102.36997800019807,
              52.91227976853789
            ],
            [
              -102.37587987612032,
              52.911884685833044
            ],
            [
              -102.38175511338699,
              52.91119925399426
            ],
            [
              -102.38758943670979,
              52.91022513844145
            ],
            [
              -102.39336867021062,
              52.90896470602035
            ],
            [
              -102.39907877186519,
              52.90742101925174
            ],
            [
              -102.40470586762154,
              52.9055978288903
            ],
            [
              -102.41023628511029,
              52.90349956481124
            ],
            [
              -102.41565658686491,
              52.901131325246915
            ],
            [
              -102.44760183360316,
              52.8862256734232
            ],
            [
              -102.44893413667516,
              52.88564339962416
            ],
            [
              -102.45011480838642,
              52.88648652138174
            ],
            [
              -102.48775615264071,
              52.91471349599495
            ],
            [
              -102.48887856958324,
              52.915598908200586
            ]
          ]
        ]
      },
      "properties": {
        "hail_size_bin": "1.0\"",
        "min_size_inches": 1.0
      }
    },
    {
      "type": "Feature",
      "geometry": {
        "type": "Polygon",
        "coordinates": [
          [
            [
              -103.47871926866792,
              53.00558983920933
            ],
            [
              -103.47774835849752,
              53.006609450199704
            ],
            [
              -103.42984865980007,
              53.054502305105174
            ],
            [
              -103.42877858057236,
              53.05552044245131
            ],
            [
              -103.42744404480777,
              53.05560703931467
            ],
            [
              -103.42182178086406,
              53.056112883352
            ],
            [
              -103.41622952672184,
              53.05688257397266
            ],
            [
              -103.41067965746863,
              53.05791440792987
            ],
            [
              -103.40518445439861,
              53.05920610188042
            ],
            [
              -103.39975607783516,
              53.060754797437454
            ],
            [
              -103.39440654022154,
              53.0625570674958
            ],
            [
              -103.38914767953837,
              53.06460892381579
            ],
            [
              -103.38399113310753,
              53.066905825848835
            ],
            [
              -103.37894831183989,
              53.069442690785216
            ],
            [
              -103.37403037498414,
              53.07221390480179
            ],
            [
              -103.36924820543251,
              53.07521333548482
            ],
            [
              -103.3687861820822,
              53.075518494972705
            ],
            [
              -103.3673794520806,
              53.07586537979801
            ],
            [
              -103.19026090413891,
              53.11521943350381
            ],
            [
              -103.18885676409018,
              53.11549563151169
            ],
            [
              -103.18850129879391,
              53.1141097093301
            ],
            [
              -103.15916604545156,
              52.98700844069377
            ],
            [
              -103.15887967991303,
              52.98561226525296
            ],
            [
              -103.16030359262143,
              52.985672231824765
            ],
            [
              -103.3073822811234,
              52.995476076775304
            ],
            [
              -103.30880970500648,
              52.99560556371945
            ],
            [
              -103.31105328641527,
              52.995917801127604
            ],
            [
              -103.31706252634085,
              52.99660023057671
            ],
            [
              -103.32309851714716,
              52.996979030553355
            ],
            [
              -103.32914592713485,
              52.99705323888785
            ],
            [
              -103.33518939559933,
              52.996822667087564
            ],
            [
              -103.34121357184762,
              52.99628790081566
            ],
            [
              -103.34720315418993,
              52.99545029840351
            ],
            [
              -103.35314292880658,
              52.99431198740048
            ],
            [
              -103.35901780839184,
              52.99287585916983
            ],
            [
              -103.3648128704764,
              52.99114556154452
            ],
            [
              -103.37051339533117,
              52.98912548956157
            ],
            [
              -103.37610490335602,
              52.98682077429842
            ],
            [
              -103.37883276564115,
              52.98561511104889
            ],
            [
              -103.38023763460968,
              52.985861105544174
            ],
            [
              -103.47734585778097,
              53.005279975261274
            ],
            [
              -103.47871926866792,
              53.00558983920933
            ]
          ]
        ]
      },
      "properties": {
        "hail_size_bin": "1.0\"",
        "min_size_inches": 1.0
      }
    },
    {
      "type": "Feature",
      "geometry": {
        "type": "Polygon",
        "coordinates": [
          [
            [
              -105.82833403366422,
              53.72531373331959
            ],
            [
              -105.82698374972306,
              53.72517120803855
            ],
            [
              -105.67823440494601,
              53.705771891712395
            ],
            [
              -105.67239563594849,
              53.705155269302345
            ],
            [
              -105.66653369507073,
              53.704824972846794
            ],
            [
              -105.66066261492259,
              53.70478179302607
            ],
            [
              -105.65479644999195,
              53.70502583320621
            ],
            [
              -105.64894924300044,
              53.7055565091915
            ],
            [
              -105.6431349912872,
              53.706372550623016
            ],
            [
              -105.63736761330134,
              53.70747200401958
            ],
            [
              -105.63166091528332,
              53.70885223745418
            ],
            [
              -105.62602855821478,
              53.71050994685439
            ],
            [
              -105.6204840251163,
              53.71244116391178
            ],
            [
              -105.61504058877097,
              53.71464126558153
            ],
            [
              -105.60971127995137,
              53.717104985149234
            ],
            [
              -105.60450885622588,
              53.719826424838686
            ],
            [
              -105.5994457714189,
              53.72279906993023
            ],
            [
              -105.59453414579833,
              53.72601580435607
            ],
            [
              -105.58978573706142,
              53.72946892773499
            ],
            [
              -105.58521191218858,
              53.73315017380604
            ],
            [
              -105.58082362023261,
              53.73705073021661
            ],
            [
              -105.57663136610819,
              53.74116125961794
            ],
            [
              -105.5726451854448,
              53.74547192201736
            ],
            [
              -105.56887462056284,
              53.74997239833368
            ],
            [
              -105.56532869763078,
              53.754651915099636
            ],
            [
              -105.56201590505785,
              53.75949927025185
            ],
            [
              -105.5589441731741,
              53.76450285994699
            ],
            [
              -105.55846724259285,
              53.765324147377704
            ],
            [
              -105.55708139581785,
              53.76570409608365
            ],
            [
              -105.4748043835687,
              53.786270410261295
            ],
            [
              -105.46896922658142,
              53.78788644351792
            ],
            [
              -105.46322301110642,
              53.789794748595064
            ],
            [
              -105.4575803662982,
              53.791990467183815
            ],
            [
              -105.45205565763318,
              53.79446800925597
            ],
            [
              -105.44666295033691,
              53.79722106729559
            ],
            [
              -105.4414159735758,
              53.80024263235709
            ],
            [
              -105.43632808550426,
              53.80352501190921
            ],
            [
              -105.43141223925662,
              53.807059849419225
            ],
            [
              -105.42668094996996,
              53.81083814562765
            ],
            [
              -105.42214626292214,
              53.81485028145922
            ],
            [
              -105.41781972286603,
              53.819086042511906
            ],
            [
              -105.41371234463794,
              53.8235346450615
            ],
            [
              -105.40983458511533,
              53.82818476351562
            ],
            [
              -105.40619631659472,
              53.83302455924732
            ],
            [
              -105.40280680165819,
              53.838041710734736
            ],
            [
              -105.3996746695919,
              53.84322344493016
            ],
            [
              -105.39849107990264,
              53.845298035892846
            ],
            [
              -105.39709074955611,
              53.84568461316659
            ],
            [
              -105.31994386520364,
              53.8649685786151
            ],
            [
              -105.31853611563389,
              53.865284258803754
            ],
            [
              -105.31737413856787,
              53.8640803051013
            ],
            [
              -105.31310317870823,
              53.85987939031227
            ],
            [
              -105.30862788536535,
              53.85589686188393
            ],
            [
              -105.30395941220817,
              53.852142645378734
            ],
            [
              -105.29910939436311,
              53.84862609734266
            ],
            [
              -105.29408991941624,
              53.84535598198613
            ],
            [
              -105.28891349728754,
              53.842340449341165
            ],
            [
              -105.28359302905282,
              53.83958701494924
            ],
            [
              -105.28198574579987,
              53.838854476533456
            ],
            [
              -105.28497786948006,
              53.8377412391321
            ],
            [
              -105.29038867500812,
              53.83541998829218
            ],
            [
              -105.29567911185903,
              53.832836134610034
            ],
            [
              -105.3008364444002,
              53.829995898179035
            ],
            [
              -105.30584825742015,
              53.826906116280995
            ],
            [
              -105.3107024860155,
              53.82357422692684
            ],
            [
              -105.31538744463482,
              53.820008250951105
            ],
            [
              -105.31989185520915,
              53.81621677270349
            ],
            [
              -105.32420487430157,
              53.81220891938374
            ],
            [
              -105.32831611921063,
              53.807994339069865
            ],
            [
              -105.33221569296441,
              53.80358317749234
            ],
            [
              -105.33589420814562,
              53.7989860536104
            ],
            [
              -105.3377286386398,
              53.79644765113102
            ],
            [
              -105.33855245233218,
              53.79536605237827
            ],
            [
              -105.33973047755364,
              53.7945226552771
            ],
            [
              -105.34226626933176,
              53.79279856234583
            ],
            [
              -105.34704999181868,
              53.789183943537076
            ],
            [
              -105.35164719535611,
              53.785334893056785
            ],
            [
              -105.35604640306696,
              53.78126102002473
            ],
            [
              -105.36023663236887,
              53.77697249482814
            ],
            [
              -105.36420742239224,
              53.77248002373144
            ],
            [
              -105.36794886009565,
              53.76779482214817
            ],
            [
              -105.37145160501366,
              53.762928586641756
            ],
            [
              -105.37470691257519,
              53.75789346572521
            ],
            [
              -105.37770665593432,
              53.75270202953242
            ],
            [
              -105.38044334625884,
              53.74736723843697
            ],
            [
              -105.38291015142607,
              53.74190241069665
            ],
            [
              -105.3851009130792,
              53.736321189204574
            ],
            [
              -105.38701016200152,
              53.73063750742979
            ],
            [
              -105.38863313177035,
              53.72486555463252
            ],
            [
              -105.38996577065632,
              53.719019740440814
            ],
            [
              -105.39100475173848,
              53.71311465887699
            ],
            [
              -105.39174748120995,
              53.70716505192387
            ],
            [
              -105.3921921048533,
              53.70118577272147
            ],
            [
              -105.39233751266961,
              53.69519174848634
            ],
            [
              -105.39218334164961,
              53.689197943245844
            ],
            [
              -105.39172997667984,
              53.68321932048064
            ],
            [
              -105.39097854958185,
              53.67727080576847
            ],
            [
              -105.3899309362866,
              53.67136724952261
            ],
            [
              -105.38858975215125,
              53.66552338991791
            ],
            [
              -105.38856351650554,
              53.665420891478185
            ],
            [
              -105.38995978845647,
              53.66559651272038
            ],
            [
              -105.51827305227464,
              53.68484075233024
            ],
            [
              -105.52412288697587,
              53.68557167085516
            ],
            [
              -105.53000155979821,
              53.68601440527882
            ],
            [
              -105.53589488239824,
              53.68616788704914
            ],
            [
              -105.54178863107494,
              53.686031745733516
            ],
            [
              -105.54766858109892,
              53.68560630991288
            ],
            [
              -105.55352054104421,
              53.68489260638863
            ],
            [
              -105.55933038703974,
              53.68389235770444
            ],
            [
              -105.56508409685759,
              53.682607977988845
            ],
            [
              -105.57076778375614,
              53.68104256712867
            ],
            [
              -105.57636772999605,
              53.679199903287376
            ],
            [
              -105.58187041994843,
              53.677084433786334
            ],
            [
              -105.58726257271522,
              53.67470126437112
            ],
            [
              -105.59253117418294,
              53.67205614688863
            ],
            [
              -105.59766350843272,
              53.66915546540483
            ],
            [
              -105.60264718843045,
              53.66600622079665
            ],
            [
              -105.60747018592328,
              53.66261601385518
            ],
            [
              -105.61212086047014,
              53.65899302694089
            ],
            [
              -105.61658798753626,
              53.65514600423534
            ],
            [
              -105.62086078558393,
              53.651084230636805
            ],
            [
              -105.62492894209402,
              53.64681750935093
            ],
            [
              -105.62878263845555,
              53.64235613823041
            ],
            [
              -105.63241257366317,
              53.637710884920814
            ],
            [
              -105.63580998676545,
              53.632892960872596
            ],
            [
              -105.63896667800962,
              53.62791399428194
            ],
            [
              -105.65771365127301,
              53.59667350304589
            ],
            [
              -105.65848838505735,
              53.59545203554327
            ],
            [
              -105.65965764620705,
              53.59630211715249
            ],
            [
              -105.82727605293049,
              53.72446258489322
            ],
            [
              -105.82833403366422,
              53.72531373331959
            ]
          ]
        ]
      },
      "properties": {
        "hail_size_bin": "1.0\"",
        "min_size_inches": 1.0
      }
    },
    {
      "type": "Feature",
      "geometry": {
        "type": "Polygon",
        "coordinates": [
          [
            [
              -106.85824934473018,
              54.07520048390711
            ],
            [
              -106.85695844591085,
              54.074663889237975
            ],
            [
              -106.76965998249653,
              54.03587011571662
            ],
            [
              -106.76835046425727,
              54.03524941884806
            ],
            [
              -106.76813499898138,
              54.03381633635928
            ],
            [
              -106.76708787334593,
              54.02789915501747
            ],
            [
              -106.76574584478469,
              54.02204181206447
            ],
            [
              -106.76411227857476,
              54.016258995400776
            ],
            [
              -106.76219127105438,
              54.01056520604439
            ],
            [
              -106.75998763935094,
              54.004974721768065
            ],
            [
              -106.7575069093016,
              53.99950156129623
            ],
            [
              -106.75475530159659,
              53.99415944915158
            ],
            [
              -106.7517397161802,
              53.98896178123946
            ],
            [
              -106.7484677149485,
              53.98392159125614
            ],
            [
              -106.74494750278701,
              53.97905151800552
            ],
            [
              -106.74118790699619,
              53.97436377370599
            ],
            [
              -106.73719835515594,
              53.969870113367
            ],
            [
              -106.73298885148506,
              53.965581805312176
            ],
            [
              -106.72856995175458,
              53.961509602922774
            ],
            [
              -106.72395273681808,
              53.9576637176725
            ],
            [
              -106.71914878482522,
              53.95405379352113
            ],
            [
              -106.71417014218845,
              53.9506888827313
            ],
            [
              -106.70902929337524,
              53.94757742316899
            ],
            [
              -106.70373912960204,
              53.94472721714469
            ],
            [
              -106.69831291650819,
              53.94214541184833
            ],
            [
              -106.69276426089093,
              53.939838481426904
            ],
            [
              -106.68710707658497,
              53.93781221074989
            ],
            [
              -106.68135554957202,
              53.936071680903076
            ],
            [
              -106.6783064624547,
              53.93523169822612
            ],
            [
              -106.67724340982645,
              53.93429809098362
            ],
            [
              -106.54943767700114,
              53.816340424287326
            ],
            [
              -106.54847211942997,
              53.815404152436436
            ],
            [
              -106.5497777815304,
              53.81572633319729
            ],
            [
              -106.76691053069548,
              53.874935894770424
            ],
            [
              -106.76827730631115,
              53.8753445772656
            ],
            [
              -106.7677876980783,
              53.87744884694944
            ],
            [
              -106.76660297239447,
              53.88317154477311
            ],
            [
              -106.76569826645829,
              53.8889451357264
            ],
            [
              -106.76507572598376,
              53.894755926437185
            ],
            [
              -106.76473682746597,
              53.90059013530571
            ],
            [
              -106.76468237467908,
              53.90643392519079
            ],
            [
              -106.76491249677017,
              53.91227343622769
            ],
            [
              -106.76542664795284,
              53.91809481869995
            ],
            [
              -106.76622360880167,
              53.92388426588706
            ],
            [
              -106.76730148914442,
              53.92962804681026
            ],
            [
              -106.76865773254491,
              53.935312538798605
            ],
            [
              -106.77028912236628,
              53.94092425979823
            ],
            [
              -106.77219178939988,
              53.94644990034808
            ],
            [
              -106.77436122104207,
              53.951876355146275
            ],
            [
              -106.77679227199675,
              53.9571907541323
            ],
            [
              -106.77947917647873,
              53.96238049301125
            ],
            [
              -106.78241556188846,
              53.96743326314777
            ],
            [
              -106.78559446392616,
              53.972337080758734
            ],
            [
              -106.78900834310923,
              53.977080315335506
            ],
            [
              -106.79264910265381,
              53.98165171722831
            ],
            [
              -106.79650810767812,
              53.98604044432729
            ],
            [
              -106.80057620568203,
              53.99023608777705
            ],
            [
              -106.8048437482543,
              53.994228696663576
            ],
            [
              -106.80930061395595,
              53.99800880161508
            ],
            [
              -106.81393623232553,
              54.001567437260746
            ],
            [
              -106.81873960894933,
              54.00489616349413
            ],
            [
              -106.82369935153716,
              54.00798708549078
            ],
            [
              -106.8288036969417,
              54.01083287243258
            ],
            [
              -106.83404053905745,
              54.01342677489444
            ],
            [
              -106.8372396569921,
              54.01482173931512
            ],
            [
              -106.8382802427819,
              54.0153066830851
            ],
            [
              -106.83877670096288,
              54.01668223108806
            ],
            [
              -106.85783987058655,
              54.07386356886172
            ],
            [
              -106.85824934473018,
              54.07520048390711
            ]
          ]
        ]
      },
      "properties": {
        "hail_size_bin": "1.0\"",
        "min_size_inches": 1.0
      }
    },
    {
      "type": "Feature",
      "geometry": {
        "type": "Polygon",
        "coordinates": [
          [
            [
              -107.06809672143275,
              53.405502870294235
            ],
            [
              -107.06693975718078,
              53.406074812449525
            ],
            [
              -106.7896429393772,
              53.534801368808395
            ],
            [
              -106.7883175218635,
              53.53537781695925
            ],
            [
              -106.78706222038352,
              53.53466479785894
            ],
            [
              -106.63960322488472,
              53.44620204170836
            ],
            [
              -106.63844356661807,
              53.44546697367023
            ],
            [
              -106.63980712707087,
              53.44530624032599
            ],
            [
              -107.06680909137455,
              53.40559080262313
            ],
            [
              -107.06809672143275,
              53.405502870294235
            ]
          ]
        ]
      },
      "properties": {
        "hail_size_bin": "1.0\"",
        "min_size_inches": 1.0
      }
    },
    {
      "type": "Feature",
      "geometry": {
        "type": "Polygon",
        "coordinates": [
          [
            [
              -107.98804582262963,
              54.015326775880034
            ],
            [
              -107.98706827961401,
              54.01629318671102
            ],
            [
              -107.8192436340682,
              54.17422322640067
            ],
            [
              -107.81815204951852,
              54.17520097969043
            ],
            [
              -107.81670371681162,
              54.175404690415625
            ],
            [
              -107.38970586433798,
              54.22504850949274
            ],
            [
              -107.38828214222983,
              54.22517841482212
            ],
            [
              -107.38873022102014,
              54.223821411802156
            ],
            [
              -107.43771837798865,
              54.086674170353426
            ],
            [
              -107.43825152604919,
              54.085291789028474
            ],
            [
              -107.43971313926885,
              54.08507046285398
            ],
            [
              -107.98667835264224,
              54.01546665466787
            ],
            [
              -107.98804582262963,
              54.015326775880034
            ]
          ]
        ]
      },
      "properties": {
        "hail_size_bin": "1.0\"",
        "min_size_inches": 1.0
      }
    },
    {
      "type": "Feature",
      "geometry": {
        "type": "Polygon",
        "coordinates": [
          [
            [
              -110.7976975299222,
              54.25523846047242
            ],
            [
              -110.79727313076475,
              54.256622072987675
            ],
            [
              -110.78820660323005,
              54.28381776938182
            ],
            [
              -110.7877185651969,
              54.28517100613592
            ],
            [
              -110.78629704201293,
              54.28539169295484
            ],
            [
              -110.55924096215145,
              54.31500347190831
            ],
            [
              -110.55783791044043,
              54.315151465516486
            ],
            [
              -110.55843770682236,
              54.31387447667037
            ],
            [
              -110.60711723745459,
              54.21652932583085
            ],
            [
              -110.60779013467231,
              54.21526182249173
            ],
            [
              -110.60919992371232,
              54.215523756373294
            ],
            [
              -110.79628834352422,
              54.254905164599684
            ],
            [
              -110.7976975299222,
              54.25523846047242
            ]
          ]
        ]
      },
      "properties": {
        "hail_size_bin": "1.0\"",
        "min_size_inches": 1.0
      }
    },
    {
      "type": "Feature",
      "geometry": {
        "type": "Polygon",
        "coordinates": [
          [
            [
              -113.24735036476076,
              54.665080964509215
            ],
            [
              -113.24616208376996,
              54.66591501249357
            ],
            [
              -113.20627501098156,
              54.69250259504079
            ],
            [
              -113.20148865576651,
              54.69586435187139
            ],
            [
              -113.19687179460541,
              54.69945534034977
            ],
            [
              -113.19243539594372,
              54.703267029233615
            ],
            [
              -113.18818999949556,
              54.70729036295462
            ],
            [
              -113.18414569120411,
              54.711515783132114
            ],
            [
              -113.18031207928009,
              54.71593325128126
            ],
            [
              -113.17669827137517,
              54.72053227266184
            ],
            [
              -113.17331285294462,
              54.725301921211035
            ],
            [
              -113.17016386685049,
              54.7302308655008
            ],
            [
              -113.16725879425388,
              54.73530739565842
            ],
            [
              -113.16460453684174,
              54.74051945118601
            ],
            [
              -113.1622074004302,
              54.74585464961317
            ],
            [
              -113.16007307998369,
              54.75130031591439
            ],
            [
              -113.1582066460851,
              54.756843512621614
            ],
            [
              -113.15661253288957,
              54.76247107056023
            ],
            [
              -113.15529452758993,
              54.76816962013559
            ],
            [
              -113.15425576141946,
              54.77392562309561
            ],
            [
              -113.15349870221283,
              54.77972540469411
            ],
            [
              -113.15302514854322,
              54.785555186178414
            ],
            [
              -113.15283622544935,
              54.791401117523996
            ],
            [
              -113.1529323817627,
              54.79724931033854
            ],
            [
              -113.15331338904122,
              54.80308587085707
            ],
            [
              -113.15397834211201,
              54.808896932949864
            ],
            [
              -113.15492566122181,
              54.81466869106476
            ],
            [
              -113.15615309579006,
              54.82038743302548
            ],
            [
              -113.15713976989959,
              54.82409386257379
            ],
            [
              -113.15734566793707,
              54.82495371924364
            ],
            [
              -113.15626492167371,
              54.824097650708666
            ],
            [
              -113.09854494656538,
              54.776004543859294
            ],
            [
              -113.09745083969253,
              54.77504651491304
            ],
            [
              -113.09749638080572,
              54.77359405310162
            ],
            [
              -113.10733121620304,
              54.59659230914043
            ],
            [
              -113.10744797391538,
              54.59513917595369
            ],
            [
              -113.10878778320644,
              54.59456459829685
            ],
            [
              -113.20604638988168,
              54.55566671405564
            ],
            [
              -113.2073809239703,
              54.55517020687291
            ],
            [
              -113.20789697622484,
              54.556494825191244
            ],
            [
              -113.24688758934516,
              54.663703691342235
            ],
            [
              -113.24735036476076,
              54.665080964509215
            ]
          ]
        ]
      },
      "properties": {
        "hail_size_bin": "1.0\"",
        "min_size_inches": 1.0
      }
    },
    {
      "type": "Feature",
      "geometry": {
        "type": "Polygon",
        "coordinates": [
          [
            [
              -114.39698632711143,
              54.93502601250081
            ],
            [
              -114.39577696167298,
              54.93525257938284
            ],
            [
              -114.028868660542,
              54.99474272178861
            ],
            [
              -114.02727727774163,
              54.99495717187036
            ],
            [
              -114.02567438706456,
              54.995
            ],
            [
              -113.74880080011764,
              54.995
            ],
            [
              -113.74754039235984,
              54.994968928177535
            ],
            [
              -113.7487421716379,
              54.99458771991312
            ],
            [
              -114.05594320116592,
              54.905413067120996
            ],
            [
              -114.05728512925603,
              54.90505700519387
            ],
            [
              -114.05866170275807,
              54.90514782627316
            ],
            [
              -114.39576369035491,
              54.93488786950446
            ],
            [
              -114.39698632711143,
              54.93502601250081
            ]
          ]
        ]
      },
      "properties": {
        "hail_size_bin": "1.0\"",
        "min_size_inches": 1.0
      }
    },
    {
      "type": "Feature",
      "geometry": {
        "type": "Polygon",
        "coordinates": [
          [
            [
              -115.7769806550031,
              52.555718411273915
            ],
            [
              -115.77632306703303,
              52.55697281237418
            ],
            [
              -115.7277563044378,
              52.64438049466482
            ],
            [
              -115.72702820150674,
              52.64561813119089
            ],
            [
              -115.72591756374987,
              52.64471041985608
            ],
            [
              -115.65815295627904,
              52.5866347694882
            ],
            [
              -115.6570994863104,
              52.585686700665605
            ],
            [
              -115.65807714057183,
              52.58466062775766
            ],
            [
              -115.70601616264156,
              52.53672845509833
            ],
            [
              -115.70705258843445,
              52.53574110321031
            ],
            [
              -115.70843646427247,
              52.53610133547267
            ],
            [
              -115.77562868423921,
              52.55529636967451
            ],
            [
              -115.7769806550031,
              52.555718411273915
            ]
          ]
        ]
      },
      "properties": {
        "hail_size_bin": "1.0\"",
        "min_size_inches": 1.0
      }
    },
    {
      "type": "Feature",
      "geometry": {
        "type": "Polygon",
        "coordinates": [
          [
            [
              -76.0325786796589,
              36.2403860527788
            ],
            [
              -76.03137335927788,
              36.24097807055039
            ],
            [
              -75.77409552483618,
              36.359704720648686
            ],
            [
              -75.7727495798489,
              36.36028592589539
            ],
            [
              -75.77145198934184,
              36.359605959260406
            ],
            [
              -75.50407052561431,
              36.21108192541767
            ],
            [
              -75.50292544216482,
              36.21040868868003
            ],
            [
              -75.50425286668923,
              36.21045205465515
            ],
            [
              -76.03124009821983,
              36.24027725862959
            ],
            [
              -76.0325786796589,
              36.2403860527788
            ]
          ]
        ]
      },
      "properties": {
        "hail_size_bin": "0.5\"",
        "min_size_inches": 0.5
      }
    },
    {
      "type": "Feature",
      "geometry": {
        "type": "Polygon",
        "coordinates": [
          [
            [
              -77.06242325716372,
              35.80046675280031
            ],
            [
              -77.06110376655641,
              35.80061325368066
            ],
            [
              -76.8340734339735,
              35.820352201075735
            ],
            [
              -76.83271839509685,
              35.8204363636091
            ],
            [
              -76.83381120337567,
              35.81963089045138
            ],
            [
              -76.93138127978459,
              35.751341595367094
            ],
            [
              -76.93258869670245,
              35.75053976607283
            ],
            [
              -76.93395195495034,
              35.751027017112456
            ],
            [
              -77.06119595409908,
              35.799960024357404
            ],
            [
              -77.06242325716372,
              35.80046675280031
            ]
          ]
        ]
      },
      "properties": {
        "hail_size_bin": "0.5\"",
        "min_size_inches": 0.5
      }
    },
    {
      "type": "Feature",
      "geometry": {
        "type": "Polygon",
        "coordinates": [
          [
            [
              -89.78069354084062,
              49.8964023301902
            ],
            [
              -89.77933409496347,
              49.89598643303403
            ],
            [
              -89.69222591724458,
              49.86695452239564
            ],
            [
              -89.69078085152583,
              49.86643118089446
            ],
            [
              -89.68966682412346,
              49.86537311798848
            ],
            [
              -89.51550867615416,
              49.69123985331007
            ],
            [
              -89.51120549193342,
              49.68714518049655
            ],
            [
              -89.506704955055,
              49.683268466979506
            ],
            [
              -89.50201809300307,
              49.67961921171389
            ],
            [
              -89.49715638980695,
              49.676206356322865
            ],
            [
              -89.49213175790207,
              49.67303826318851
            ],
            [
              -89.48695650894162,
              49.67012269496181
            ],
            [
              -89.4816433236296,
              49.667466795542126
            ],
            [
              -89.47620522064994,
              49.66507707257281
            ],
            [
              -89.47065552476732,
              49.66295938149579
            ],
            [
              -89.46500783417797,
              49.6611189112042
            ],
            [
              -89.45927598719061,
              49.65956017132824
            ],
            [
              -89.45347402831902,
              49.65828698118544
            ],
            [
              -89.44761617386928,
              49.65730246042232
            ],
            [
              -89.44171677710617,
              49.65660902137044
            ],
            [
              -89.4357902930839,
              49.656208363135576
            ],
            [
              -89.42985124322753,
              49.65610146743446
            ],
            [
              -89.42391417975166,
              49.65628859618931
            ],
            [
              -89.42081015180536,
              49.656463416038335
            ],
            [
              -89.42021222273898,
              49.65515854330257
            ],
            [
              -89.39137845248779,
              49.58788935867999
            ],
            [
              -89.39085232685947,
              49.58657433669334
            ],
            [
              -89.39225301036548,
              49.586364592072684
            ],
            [
              -89.46932190537478,
              49.57673235662346
            ],
            [
              -89.47076166578691,
              49.57658839228463
            ],
            [
              -89.47103461469834,
              49.578009257768784
            ],
            [
              -89.47457211150603,
              49.59923120604151
            ],
            [
              -89.47567567240343,
              49.604982530192856
            ],
            [
              -89.47705851182964,
              49.61067316559405
            ],
            [
              -89.47871733636283,
              49.61628955921596
            ],
            [
              -89.48064819528473,
              49.6218183348464
            ],
            [
              -89.48284648998983,
              49.6272463249475
            ],
            [
              -89.48530698493762,
              49.63256060201592
            ],
            [
              -89.48802382012171,
              49.63774850937155
            ],
            [
              -89.49099052502629,
              49.64279769130105
            ],
            [
              -89.4942000340365,
              49.64769612248476
            ],
            [
              -89.49764470326616,
              49.652432136636584
            ],
            [
              -89.5013163287628,
              49.656994454288885
            ],
            [
              -89.50520616604642,
              49.66137220965608
            ],
            [
              -89.50930495093573,
              49.66555497651299
            ],
            [
              -89.51360292161202,
              49.669532793026335
            ],
            [
              -89.5180898418683,
              49.6732961854802
            ],
            [
              -89.52275502548825,
              49.67683619083899
            ],
            [
              -89.52758736169685,
              49.680144378094155
            ],
            [
              -89.53257534162225,
              49.683212868343745
            ],
            [
              -89.53770708570576,
              49.68603435355713
            ],
            [
              -89.74941773342069,
              49.79579456045358
            ],
            [
              -89.75072003742498,
              49.79651164593158
            ],
            [
              -89.75118279303958,
              49.79792446741538
            ],
            [
              -89.78031889821514,
              49.89503094168213
            ],
            [
              -89.78069354084062,
              49.8964023301902
            ]
          ]
        ]
      },
      "properties": {
        "hail_size_bin": "0.5\"",
        "min_size_inches": 0.5
      }
    },
    {
      "type": "Feature",
      "geometry": {
        "type": "Polygon",
        "coordinates": [
          [
            [
              -90.15055724835203,
              50.62619760509171
            ],
            [
              -90.14923686573215,
              50.62604634603697
            ],
            [
              -89.79219560408532,
              50.576464367083744
            ],
            [
              -89.79078849545206,
              50.576233841402804
            ],
            [
              -89.79109917599148,
              50.57502618628811
            ],
            [
              -89.79241670509721,
              50.56930492058681
            ],
            [
              -89.79345282768213,
              50.56352606134312
            ],
            [
              -89.79420506361676,
              50.55770344120542
            ],
            [
              -89.79467161230087,
              50.55185099757094
            ],
            [
              -89.7948513569736,
              50.54598273922438
            ],
            [
              -89.79474386738654,
              50.540112712805524
            ],
            [
              -89.7943494008337,
              50.53425496918635
            ],
            [
              -89.7936689015355,
              50.52842352983791
            ],
            [
              -89.79270399837877,
              50.52263235326769
            ],
            [
              -89.79145700101759,
              50.51689530160759
            ],
            [
              -89.78993089434492,
              50.51122610743267
            ],
            [
              -89.7881293313476,
              50.50563834088994
            ],
            [
              -89.78605662436246,
              50.50014537721601
            ],
            [
              -89.78371773475396,
              50.49476036472126
            ],
            [
              -89.78111826103837,
              50.4894961933172
            ],
            [
              -89.7782644254828,
              50.48436546366236
            ],
            [
              -89.77516305921121,
              50.4793804570005
            ],
            [
              -89.77182158585292,
              50.47455310576351
            ],
            [
              -89.76824800377304,
              50.46989496500913
            ],
            [
              -89.76445086692695,
              50.46541718476201
            ],
            [
              -89.76043926438513,
              50.461130483324325
            ],
            [
              -89.75622279857687,
              50.45704512161976
            ],
            [
              -89.75181156230533,
              50.45317087863228
            ],
            [
              -89.74721611458878,
              50.44951702799853
            ],
            [
              -89.74244745538577,
              50.446092315809906
            ],
            [
              -89.61197645766624,
              50.35714752739492
            ],
            [
              -89.61080533034956,
              50.35630673099769
            ],
            [
              -89.61077115399999,
              50.35486710910312
            ],
            [
              -89.61077115399999,
              50.26782425919939
            ],
            [
              -89.61080644669397,
              50.26638659423279
            ],
            [
              -89.61224384948545,
              50.26635156371428
            ],
            [
              -89.71928732328388,
              50.26635156371428
            ],
            [
              -89.7207178826036,
              50.26638657267343
            ],
            [
              -89.72055405849372,
              50.26876371218815
            ],
            [
              -89.72047632934664,
              50.26959336974718
            ],
            [
              -89.72021487236474,
              50.27535508809759
            ],
            [
              -89.72023056707447,
              50.2811227142799
            ],
            [
              -89.72052337721912,
              50.28688292437347
            ],
            [
              -89.72109262637153,
              50.29262241158971
            ],
            [
              -89.72193699949665,
              50.29832791701241
            ],
            [
              -89.72305454598946,
              50.303986260227454
            ],
            [
              -89.72444268418113,
              50.309584369771194
            ],
            [
              -89.72609820730295,
              50.3151093133271
            ],
            [
              -89.7280172908944,
              50.32054832760102
            ],
            [
              -89.73019550163806,
              50.32588884780593
            ],
            [
              -89.7326278076012,
              50.33111853668812
            ],
            [
              -89.73530858986007,
              50.33622531302779
            ],
            [
              -89.73823165548035,
              50.3411973795481
            ],
            [
              -89.74139025182357,
              50.34602325016835
            ],
            [
              -89.74477708214658,
              50.35069177653821
            ],
            [
              -89.7483843224578,
              50.355192173791785
            ],
            [
              -89.75220363959171,
              50.359514045461964
            ],
            [
              -89.75622621045943,
              50.363647407497524
            ],
            [
              -89.76044274243114,
              50.36758271132753
            ],
            [
              -89.76484349480317,
              50.37131086591966
            ],
            [
              -89.76941830130028,
              50.37482325878164
            ],
            [
              -89.7741565935609,
              50.37811177585713
            ],
            [
              -90.14946562471069,
              50.62543920379908
            ],
            [
              -90.15055724835203,
              50.62619760509171
            ]
          ]
        ]
      },
      "properties": {
        "hail_size_bin": "0.5\"",
        "min_size_inches": 0.5
      }
    },
    {
      "type": "Feature",
      "geometry": {
        "type": "Polygon",
        "coordinates": [
          [
            [
              -100.75911694488889,
              46.84737420064613
            ],
            [
              -100.75852040292364,
              46.84864376710436
            ],
            [
              -100.72985058794517,
              46.90597520451499
            ],
            [
              -100.7291600679967,
              46.90727414883374
            ],
            [
              -100.72768912348478,
              46.907254239405205
            ],
            [
              -100.4706846272165,
              46.89737086340162
            ],
            [
              -100.46949647589118,
              46.89729606081601
            ],
            [
              -100.47066439644202,
              46.897065418031865
            ],
            [
              -100.75772913392413,
              46.84757856934679
            ],
            [
              -100.75911694488889,
              46.84737420064613
            ]
          ]
        ]
      },
      "properties": {
        "hail_size_bin": "0.5\"",
        "min_size_inches": 0.5
      }
    },
    {
      "type": "Feature",
      "geometry": {
        "type": "Polygon",
        "coordinates": [
          [
            [
              -101.59887799558442,
              47.27718473251778
            ],
            [
              -101.59758703733446,
              47.27727947019665
            ],
            [
              -101.40057643920346,
              47.287128592683544
            ],
            [
              -101.39909494848382,
              47.28716577070574
            ],
            [
              -101.39781221574036,
              47.286427517835556
            ],
            [
              -101.1703740560911,
              47.14800667897618
            ],
            [
              -101.1693372914207,
              47.147340383712596
            ],
            [
              -101.1705253256158,
              47.147668069446276
            ],
            [
              -101.59764820053175,
              47.27677979112893
            ],
            [
              -101.59887799558442,
              47.27718473251778
            ]
          ]
        ]
      },
      "properties": {
        "hail_size_bin": "0.5\"",
        "min_size_inches": 0.5
      }
    },
    {
      "type": "Feature",
      "geometry": {
        "type": "Polygon",
        "coordinates": [
          [
            [
              -101.56902125142186,
              53.31544381401902
            ],
            [
              -101.56758577659008,
              53.31538778216791
            ],
            [
              -101.42529163257221,
              53.30649566883178
            ],
            [
              -101.41952274714914,
              53.30627430689936
            ],
            [
              -101.4137498913033,
              53.30633065858725
            ],
            [
              -101.4079864264058,
              53.30666459346853
            ],
            [
              -101.40224569209227,
              53.307275338645354
            ],
            [
              -101.39654097538799,
              53.30816148053782
            ],
            [
              -101.39088547995492,
              53.30932096815574
            ],
            [
              -101.38529229553153,
              53.31075111784569
            ],
            [
              -101.37977436763646,
              53.31244861950237
            ],
            [
              -101.37434446760582,
              53.314409544229875
            ],
            [
              -101.3690151630338,
              53.31662935343523
            ],
            [
              -101.36379878868468,
              53.31910290933301
            ],
            [
              -101.35870741794388,
              53.32182448683685
            ],
            [
              -101.35375283487389,
              53.32478778681023
            ],
            [
              -101.34894650693985,
              53.32798595064594
            ],
            [
              -101.3442995584679,
              53.331411576140454
            ],
            [
              -101.33982274489777,
              53.33505673462644
            ],
            [
              -101.33552642788914,
              53.3389129893238
            ],
            [
              -101.33142055133935,
              53.34297141486673
            ],
            [
              -101.33061550992083,
              53.34384761898881
            ],
            [
              -101.32907724789605,
              53.34543836011452
            ],
            [
              -101.32761392785446,
              53.3455950085262
            ],
            [
              -101.21058782403733,
              53.3553457904773
            ],
            [
              -101.20927550265267,
              53.35542261795926
            ],
            [
              -101.21043680123874,
              53.35480715204567
            ],
            [
              -101.29277935122239,
              53.313641759505074
            ],
            [
              -101.29807552795552,
              53.31082646388499
            ],
            [
              -101.30322441631245,
              53.30775004939653
            ],
            [
              -101.30821315287636,
              53.304420201815546
            ],
            [
              -101.31302927433615,
              53.300845240067275
            ],
            [
              -101.31766074862321,
              53.29703409544326
            ],
            [
              -101.3220960049712,
              53.292996289288375
            ],
            [
              -101.32632396282312,
              53.288741909213755
            ],
            [
              -101.33033405951372,
              53.284281583895016
            ],
            [
              -101.33411627665814,
              53.27962645651874
            ],
            [
              -101.33766116518073,
              53.27478815694356
            ],
            [
              -101.34095986892162,
              53.26977877264538
            ],
            [
              -101.3440041467619,
              53.26461081851942
            ],
            [
              -101.34678639321238,
              53.25929720561428
            ],
            [
              -101.34929965741432,
              53.253851208876476
            ],
            [
              -101.35153766050463,
              53.24828643398574
            ],
            [
              -101.35349481130237,
              53.24261678336406
            ],
            [
              -101.35516622027706,
              53.23685642144347
            ],
            [
              -101.35654771176422,
              53.23101973927911
            ],
            [
              -101.35763583439734,
              53.22512131859623
            ],
            [
              -101.35842786973043,
              53.219175895360834
            ],
            [
              -101.35892183902945,
              53.21319832296491
            ],
            [
              -101.35911650821579,
              53.20720353511839
            ],
            [
              -101.35912883078433,
              53.205553431411474
            ],
            [
              -101.36055134817381,
              53.20580325828305
            ],
            [
              -101.55761447320621,
              53.24521025210991
            ],
            [
              -101.55903210133336,
              53.245530237140265
            ],
            [
              -101.55927270392749,
              53.24696308042827
            ],
            [
              -101.56885300067458,
              53.31401557599218
            ],
            [
              -101.56902125142186,
              53.31544381401902
            ]
          ]
        ]
      },
      "properties": {
        "hail_size_bin": "0.5\"",
        "min_size_inches": 0.5
      }
    },
    {
      "type": "Feature",
      "geometry": {
        "type": "Polygon",
        "coordinates": [
          [
            [
              -105.02852750957634,
              53.87532002707451
            ],
            [
              -105.0277243873549,
              53.876500719785255
            ],
            [
              -104.97944366047362,
              53.944084079893734
            ],
            [
              -104.9785596417455,
              53.94525855599696
            ],
            [
              -104.9771252485533,
              53.944937643779724
            ],
            [
              -104.5800662555935,
              53.845687078244595
            ],
            [
              -104.57878336859355,
              53.84533260763287
            ],
            [
              -104.5798246419697,
              53.84511000372658
            ],
            [
              -104.5855891217783,
              53.843723461747324
            ],
            [
              -104.59127808123353,
              53.84205389101177
            ],
            [
              -104.59687763306141,
              53.84010536709586
            ],
            [
              -104.6023741082403,
              53.837882646525905
            ],
            [
              -104.60775408936807,
              53.835391155167514
            ],
            [
              -104.61300444341535,
              53.83263697498054
            ],
            [
              -104.61811235378438,
              53.82962682917245
            ],
            [
              -104.62306535159559,
              53.826368065786376
            ],
            [
              -104.62785134612515,
              53.822868639763854
            ],
            [
              -104.63245865431969,
              53.819137093526074
            ],
            [
              -104.63687602931559,
              53.81518253612104
            ],
            [
              -104.64109268789369,
              53.811014620987564
            ],
            [
              -104.64509833680208,
              53.806643522390324
            ],
            [
              -104.6488831978829,
              53.80207991058353
            ],
            [
              -104.65243803194167,
              53.79733492576388
            ],
            [
              -104.65575416130109,
              53.79242015087629
            ],
            [
              -104.65882349098402,
              53.78734758333888
            ],
            [
              -104.66163852847403,
              53.78212960575614
            ],
            [
              -104.66419240200537,
              53.77677895569189
            ],
            [
              -104.66647887733754,
              53.77130869457568
            ],
            [
              -104.66849237297372,
              53.76573217581868
            ],
            [
              -104.68815529635722,
              53.706751833839604
            ],
            [
              -104.68863982686733,
              53.705408183558745
            ],
            [
              -104.69004277865633,
              53.7056711222872
            ],
            [
              -105.01713122463649,
              53.77504360673181
            ],
            [
              -105.01852358388348,
              53.775374753542025
            ],
            [
              -105.01839759562189,
              53.77574047114985
            ],
            [
              -105.0166134928078,
              53.781430943332026
            ],
            [
              -105.01511430321118,
              53.78720302502416
            ],
            [
              -105.01390372946557,
              53.79304246058882
            ],
            [
              -105.01298476139358,
              53.79893482804088
            ],
            [
              -105.01235966862279,
              53.80486557466632
            ],
            [
              -105.01202999498024,
              53.81082005296393
            ],
            [
              -105.01199655467963,
              53.816783556821036
            ],
            [
              -105.01225943031037,
              53.822741357834005
            ],
            [
              -105.01281797263358,
              53.82867874168386
            ],
            [
              -105.01367080218566,
              53.83458104447704
            ],
            [
              -105.01481581268507,
              53.84043368896168
            ],
            [
              -105.01625017623448,
              53.84622222052983
            ],
            [
              -105.01797035030488,
              53.85193234291686
            ],
            [
              -105.01997208648486,
              53.85754995350974
            ],
            [
              -105.02225044097302,
              53.86306117817704
            ],
            [
              -105.02479978678817,
              53.868452405534725
            ],
            [
              -105.02761382766633,
              53.873710320562886
            ],
            [
              -105.02852750957634,
              53.87532002707451
            ]
          ]
        ]
      },
      "properties": {
        "hail_size_bin": "0.5\"",
        "min_size_inches": 0.5
      }
    },
    {
      "type": "Feature",
      "geometry": {
        "type": "Polygon",
        "coordinates": [
          [
            [
              -106.57820047242541,
              54.88495608229237
            ],
            [
              -106.57693143712581,
              54.88461533049702
            ],
            [
              -106.40977663894355,
              54.83545917887559
            ],
            [
              -106.40840678067259,
              54.83501971615884
            ],
            [
              -106.4084665316697,
              54.834007466615475
            ],
            [
              -106.40877465953999,
              54.83030492433233
            ],
            [
              -106.40897524910282,
              54.82446692556871
            ],
            [
              -106.40889149901358,
              54.818626082165615
            ],
            [
              -106.40852360772777,
              54.81279623467715
            ],
            [
              -106.40787244700637,
              54.80699119760132
            ],
            [
              -106.40693955985003,
              54.801224726644975
            ],
            [
              -106.40572715684276,
              54.79551048612808
            ],
            [
              -106.40423811091375,
              54.78986201660456
            ],
            [
              -106.40247595052958,
              54.78429270277633
            ],
            [
              -106.4004448513331,
              54.77881574177675
            ],
            [
              -106.39814962624882,
              54.773444111898456
            ],
            [
              -106.39725213965757,
              54.77159792128239
            ],
            [
              -106.39909777140787,
              54.7714779143151
            ],
            [
              -106.40491864221781,
              54.77081286991962
            ],
            [
              -106.41070011584621,
              54.76986451148642
            ],
            [
              -106.4164284111787,
              54.76863509958728
            ],
            [
              -106.42208987386023,
              54.767127564732164
            ],
            [
              -106.42767100884268,
              54.76534550038385
            ],
            [
              -106.42836280329271,
              54.76510584816771
            ],
            [
              -106.42951999151666,
              54.76598732934591
            ],
            [
              -106.57719464671251,
              54.884110173987295
            ],
            [
              -106.57820047242541,
              54.88495608229237
            ]
          ]
        ]
      },
      "properties": {
        "hail_size_bin": "0.5\"",
        "min_size_inches": 0.5
      }
    },
    {
      "type": "Feature",
      "geometry": {
        "type": "Polygon",
        "coordinates": [
          [
            [
              -106.2800864119058,
              54.70359729334554
            ],
            [
              -106.28005684076241,
              54.70359877601415
            ],
            [
              -106.27424387304058,
              54.704174859342956
            ],
            [
              -106.26846582724744,
              54.70503314399816
            ],
            [
              -106.2683853733053,
              54.7050471040814
            ],
            [
              -106.26691798251454,
              54.70508286542857
            ],
            [
              -106.17987687481511,
              54.70508286542857
            ],
            [
              -106.17840531395962,
              54.70504672489384
            ],
            [
              -106.1766670497526,
              54.70437464539689
            ],
            [
              -106.1744389699071,
              54.703453285102405
            ],
            [
              -106.16871460262064,
              54.701418846301095
            ],
            [
              -106.16289460830548,
              54.699676724537774
            ],
            [
              -106.15699390365641,
              54.69823138488529
            ],
            [
              -106.15102761222946,
              54.69708653176142
            ],
            [
              -106.1450110256801,
              54.696245099434435
            ],
            [
              -106.13895956457071,
              54.69570924450252
            ],
            [
              -106.13288873884737,
              54.6954803403664
            ],
            [
              -106.12681410808788,
              54.69555897370932
            ],
            [
              -106.1207512416224,
              54.69594494299336
            ],
            [
              -106.11471567862903,
              54.69663725897596
            ],
            [
              -106.10872288830691,
              54.6976341472454
            ],
            [
              -106.10278823022843,
              54.698933052768595
            ],
            [
              -106.09692691497256,
              54.700530646439674
            ],
            [
              -106.0498231880291,
              54.71465974550307
            ],
            [
              -106.04847948957936,
              54.71502734581835
            ],
            [
              -106.04896543080865,
              54.71372190719107
            ],
            [
              -106.08787186042487,
              54.61646973028968
            ],
            [
              -106.0884489707587,
              54.615123498274784
            ],
            [
              -106.0894954665032,
              54.61297823378154
            ],
            [
              -106.09191703429558,
              54.60769293472029
            ],
            [
              -106.09407977862331,
              54.60229655503453
            ],
            [
              -106.09597862328864,
              54.59680176061828
            ],
            [
              -106.09760911149525,
              54.591221448355675
            ],
            [
              -106.09896741630875,
              54.585568715850634
            ],
            [
              -106.10005034963905,
              54.57985683068529
            ],
            [
              -106.10085536972302,
              54.574099199279544
            ],
            [
              -106.1013805870904,
              54.56830933542476
            ],
            [
              -106.10162476899849,
              54.562500828565355
            ],
            [
              -106.10158734232564,
              54.55668731190294
            ],
            [
              -106.10126839491635,
              54.550882430397685
            ],
            [
              -106.10066867537509,
              54.54509980874209
            ],
            [
              -106.0997895913093,
              54.53935301938234
            ],
            [
              -106.09863320602555,
              54.53365555066233
            ],
            [
              -106.09720223368672,
              54.52802077516499
            ],
            [
              -106.09550003294154,
              54.52246191832539
            ],
            [
              -106.0935305990416,
              54.51699202738921
            ],
            [
              -106.09129855446386,
              54.511623940789406
            ],
            [
              -106.08901245501704,
              54.506480951956725
            ],
            [
              -106.08847983922136,
              54.5051991735012
            ],
            [
              -106.08979043461211,
              54.50565520432418
            ],
            [
              -106.10389251758536,
              54.51094272986246
            ],
            [
              -106.10938593280645,
              54.51285195753642
            ],
            [
              -106.11496539905009,
              54.514492785845015
            ],
            [
              -106.12061781125007,
              54.515861360806014
            ],
            [
              -106.12632989300445,
              54.51695446790665
            ],
            [
              -106.13208822775933,
              54.51776953965384
            ],
            [
              -106.13787929032159,
              54.518304661604745
            ],
            [
              -106.14368947862694,
              54.51855857686339
            ],
            [
              -106.14950514568852,
              54.5185306890329
            ],
            [
              -106.15531263165094,
              54.51822106361629
            ],
            [
              -106.16109829587458,
              54.51763042786261
            ],
            [
              -106.16684854897481,
              54.51676016905882
            ],
            [
              -106.17254988474073,
              54.51561233127128
            ],
            [
              -106.17818891185863,
              54.51418961054465
            ],
            [
              -106.1837523853655,
              54.51249534856944
            ],
            [
              -106.18922723775889,
              54.510533524833015
            ],
            [
              -106.19460060968989,
              54.508308747272565
            ],
            [
              -106.19985988016715,
              54.50582624145198
            ],
            [
              -106.20499269620117,
              54.50309183828801
            ],
            [
              -106.209987001819,
              54.50011196035461
            ],
            [
              -106.21483106638136,
              54.496893606797585
            ],
            [
              -106.21951351213556,
              54.493444336894946
            ],
            [
              -106.22402334093965,
              54.48977225230169
            ],
            [
              -106.22834996009487,
              54.4858859780206
            ],
            [
              -106.23248320722581,
              54.481794642143775
            ],
            [
              -106.23641337414979,
              54.47750785441263
            ],
            [
              -106.2384356119518,
              54.47519187049826
            ],
            [
              -106.23983756697646,
              54.4754576712049
            ],
            [
              -106.376936325491,
              54.504831779100336
            ],
            [
              -106.37829733950318,
              54.50515847898711
            ],
            [
              -106.3772260159203,
              54.50605903839418
            ],
            [
              -106.32951114327821,
              54.544225482600254
            ],
            [
              -106.32836167607462,
              54.54510035751708
            ],
            [
              -106.3265374355921,
              54.54622929282786
            ],
            [
              -106.32521836903481,
              54.547002516581635
            ],
            [
              -106.32035625903993,
              54.550178318186234
            ],
            [
              -106.31565349051792,
              54.55358563350222
            ],
            [
              -106.31112107768885,
              54.55721648235355
            ],
            [
              -106.30676963578762,
              54.56106236103265
            ],
            [
              -106.30260935620221,
              54.56511426221671
            ],
            [
              -106.29864998260481,
              54.56936269606349
            ],
            [
              -106.29490078813147,
              54.57379771243722
            ],
            [
              -106.29137055366365,
              54.57840892421249
            ],
            [
              -106.28806754726284,
              54.58318553160168
            ],
            [
              -106.28499950480618,
              54.5881163474488
            ],
            [
              -106.2821736118684,
              54.593189823430656
            ],
            [
              -106.27959648689281,
              54.59839407710379
            ],
            [
              -106.27727416569033,
              54.60371691973407
            ],
            [
              -106.27521208730322,
              54.609145884843514
            ],
            [
              -106.27341508126648,
              54.61466825740774
            ],
            [
              -106.27188735629673,
              54.62027110363542
            ],
            [
              -106.27063249043506,
              54.62594130126014
            ],
            [
              -106.26965342266702,
              54.63166557027372
            ],
            [
              -106.26895244603931,
              54.63743050402889
            ],
            [
              -106.26853120228931,
              54.643222600638694
            ],
            [
              -106.268390678,
              54.64902829459879
            ],
            [
              -106.268390678,
              54.65195654321037
            ],
            [
              -106.26853369808765,
              54.65781353614944
            ],
            [
              -106.26896241743815,
              54.66365656796113
            ],
            [
              -106.26967581412686,
              54.66947171079672
            ],
            [
              -106.2706721876528,
              54.6752451032856
            ],
            [
              -106.27194916299221,
              54.68096298357609
            ],
            [
              -106.27350369625964,
              54.6866117221392
            ],
            [
              -106.2753320819637,
              54.69217785425684
            ],
            [
              -106.27742996183963,
              54.6976481121173
            ],
            [
              -106.27979233523807,
              54.70300945644127
            ],
            [
              -106.2800864119058,
              54.70359729334554
            ]
          ]
        ]
      },
      "properties": {
        "hail_size_bin": "0.5\"",
        "min_size_inches": 0.5
      }
    },
    {
      "type": "Feature",
      "geometry": {
        "type": "Polygon",
        "coordinates": [
          [
            [
              -107.71812426544479,
              45.06785878501275
            ],
            [
              -107.71729712846499,
              45.06901907804823
            ],
            [
              -107.65908130243646,
              45.14662908910617
            ],
            [
              -107.65818781940452,
              45.14776088605389
            ],
            [
              -107.65742222628205,
              45.14700638214057
            ],
            [
              -107.65304014856507,
              45.142908490179984
            ],
            [
              -107.64845873047098,
              45.13903474110635
            ],
            [
              -107.64368942405721,
              45.13539481803436
            ],
            [
              -107.63874415104101,
              45.13199781958963
            ],
            [
              -107.63363527299893,
              45.128852237165106
            ],
            [
              -107.62837556046698,
              45.12596593369534
            ],
            [
              -107.62297816101842,
              45.12334612400168
            ],
            [
              -107.61745656639907,
              45.12099935675758
            ],
            [
              -107.61182457880237,
              45.11893149811905
            ],
            [
              -107.60609627636833,
              45.117147717061165
            ],
            [
              -107.60028597799278,
              45.11565247245727
            ],
            [
              -107.5944082075348,
              45.114449501933315
            ],
            [
              -107.58847765751172,
              45.113541812524936
            ],
            [
              -107.58250915237268,
              45.112931673160894
            ],
            [
              -107.57651761144227,
              45.11262060899145
            ],
            [
              -107.57051801162707,
              45.112609397576016
            ],
            [
              -107.56452534997828,
              45.112898066939486
            ],
            [
              -107.55855460620391,
              45.1134858955022
            ],
            [
              -107.55262070522441,
              45.114371413883646
            ],
            [
              -107.54673847986523,
              45.11555240857544
            ],
            [
              -107.5409226337795,
              45.11702592747437
            ],
            [
              -107.53821508956773,
              45.1177844293478
            ],
            [
              -107.53650475003589,
              45.11660156693041
            ],
            [
              -107.53512466819556,
              45.11559712941386
            ],
            [
              -107.53020298889025,
              45.1123718500443
            ],
            [
              -107.52512911921062,
              45.10939171570672
            ],
            [
              -107.51991525947156,
              45.10666389224884
            ],
            [
              -107.51457394659948,
              45.10419493882714
            ],
            [
              -107.50911802398676,
              45.101990792135155
            ],
            [
              -107.50356061060927,
              45.10005675212842
            ],
            [
              -107.49791506948138,
              45.098397469280556
            ],
            [
              -107.49219497552399,
              45.09701693340106
            ],
            [
              -107.48641408292318,
              45.09591846404155
            ],
            [
              -107.48058629205768,
              45.0951047025139
            ],
            [
              -107.4747256160749,
              45.09457760553902
            ],
            [
              -107.46884614719583,
              45.09433844054186
            ],
            [
              -107.46296202282963,
              45.094387782603874
            ],
            [
              -107.45708739157982,
              45.094725513080164
            ],
            [
              -107.4512363792233,
              45.09535081988481
            ],
            [
              -107.44542305474451,
              45.09626219944353
            ],
            [
              -107.43966139650584,
              45.097457460309094
            ],
            [
              -107.43822310117031,
              45.09779281692085
            ],
            [
              -107.43680900961117,
              45.09749608016714
            ],
            [
              -107.27021624164237,
              45.05830338237869
            ],
            [
              -107.2663150015126,
              45.057245664116714
            ],
            [
              -106.87971495467377,
              44.93830879938803
            ],
            [
              -106.87846855268823,
              44.93789150458208
            ],
            [
              -106.8797746893,
              44.93774666345691
            ],
            [
              -107.106878073925,
              44.91800136461796
            ],
            [
              -107.10827196080517,
              44.91791283183935
            ],
            [
              -107.10961170260056,
              44.91827465770435
            ],
            [
              -107.24405257395225,
              44.9578104408715
            ],
            [
              -107.2496293537484,
              44.95930565374202
            ],
            [
              -107.25527159906005,
              44.960530889338195
            ],
            [
              -107.26096624803664,
              44.961483311228186
            ],
            [
              -107.2667001175126,
              44.96216071454643
            ],
            [
              -107.27245993352659,
              44.96256153109792
            ],
            [
              -107.27823236205077,
              44.96268483298859
            ],
            [
              -107.28400403985921,
              44.96253033477342
            ],
            [
              -107.28976160546392,
              44.96209839411722
            ],
            [
              -107.29549173004678,
              44.96139001096664
            ],
            [
              -107.30118114831586,
              44.96040682523529
            ],
            [
              -107.3068166892148,
              44.95915111300731
            ],
            [
              -107.31238530641377,
              44.95762578126823
            ],
            [
              -107.37678564857562,
              44.93830843902876
            ],
            [
              -107.37823157061052,
              44.93791409900151
            ],
            [
              -107.37958278398034,
              44.93854983121144
            ],
            [
              -107.47691537880344,
              44.98720917530127
            ],
            [
              -107.47819312249219,
              44.98788719624055
            ],
            [
              -107.47965011255775,
              44.99026906672932
            ],
            [
              -107.47977312550533,
              44.99048151512903
            ],
            [
              -107.48294028144731,
              44.99538483236028
            ],
            [
              -107.486342135176,
              45.000128331895404
            ],
            [
              -107.48997063719756,
              45.004700789627385
            ],
            [
              -107.4938172017211,
              45.00909138616969
            ],
            [
              -107.4978727269745,
              45.01328973245724
            ],
            [
              -107.50212761674108,
              45.01728589432902
            ],
            [
              -107.50657180306618,
              45.02107041603446
            ],
            [
              -107.51119477008012,
              45.02463434260765
            ],
            [
              -107.51598557888094,
              45.02796924105665
            ],
            [
              -107.52093289341803,
              45.03106722031776
            ],
            [
              -107.52602500731567,
              45.03392094992735
            ],
            [
              -107.53124987157271,
              45.0365236773673
            ],
            [
              -107.53659512307301,
              45.03886924404287
            ],
            [
              -107.54204811383921,
              45.04095209985519
            ],
            [
              -107.54759594096038,
              45.042767316333965
            ],
            [
              -107.55322547712305,
              45.04431059829927
            ],
            [
              -107.55892340167314,
              45.04557829402481
            ],
            [
              -107.56467623213545,
              45.04656740387869
            ],
            [
              -107.57047035611595,
              45.04727558742117
            ],
            [
              -107.57629206351153,
              45.04770116894261
            ],
            [
              -107.582127578951,
              45.04784314142857
            ],
            [
              -107.60672647099817,
              45.04784314142857
            ],
            [
              -107.60819113656261,
              45.0478790980407
            ],
            [
              -107.61082415138779,
              45.04904627309952
            ],
            [
              -107.6162154960426,
              45.05128093685839
            ],
            [
              -107.62170911390429,
              45.0532508307875
            ],
            [
              -107.62729201091878,
              45.054951295496835
            ],
            [
              -107.63295098186005,
              45.0563783088773
            ],
            [
              -107.6386726415644,
              45.05752849561422
            ],
            [
              -107.64444345659041,
              45.05839913517096
            ],
            [
              -107.65024977722958,
              45.05898816822381
            ],
            [
              -107.65607786979197,
              45.059294201532936
            ],
            [
              -107.66191394909053,
              45.059316511237746
            ],
            [
              -107.66774421104721,
              45.059055044569114
            ],
            [
              -107.67355486534365,
              45.05851041997413
            ],
            [
              -107.67703668958397,
              45.058012314177674
            ],
            [
              -107.67819250119744,
              45.05787526948252
            ],
            [
              -107.67959779741885,
              45.05819238075509
            ],
            [
              -107.71675044505379,
              45.06747921559393
            ],
            [
              -107.71812426544479,
              45.06785878501275
            ]
          ]
        ]
      },
      "properties": {
        "hail_size_bin": "0.5\"",
        "min_size_inches": 0.5
      }
    },
    {
      "type": "Feature",
      "geometry": {
        "type": "Polygon",
        "coordinates": [
          [
            [
              -107.31814538363155,
              54.815050326234164
            ],
            [
              -107.31684630186261,
              54.81554934332736
            ],
            [
              -107.17967679730575,
              54.86453145265344
            ],
            [
              -107.17825876093484,
              54.86499810038087
            ],
            [
              -107.17685264405353,
              54.86450921903127
            ],
            [
              -107.09965831044744,
              54.83556547993069
            ],
            [
              -107.09835786672255,
              54.8350409370279
            ],
            [
              -107.09959628941695,
              54.83438371017694
            ],
            [
              -107.21692258462078,
              54.775728944222294
            ],
            [
              -107.21825671739272,
              54.77510287129497
            ],
            [
              -107.21963799689483,
              54.77561600851461
            ],
            [
              -107.31686593751886,
              54.81450162808793
            ],
            [
              -107.31814538363155,
              54.815050326234164
            ]
          ]
        ]
      },
      "properties": {
        "hail_size_bin": "0.5\"",
        "min_size_inches": 0.5
      }
    },
    {
      "type": "Feature",
      "geometry": {
        "type": "Polygon",
        "coordinates": [
          [
            [
              -108.12784394688822,
              54.65506830645258
            ],
            [
              -108.12665672442304,
              54.65509715257143
            ],
            [
              -107.88963189862832,
              54.65509715257143
            ],
            [
              -107.88819423366138,
              54.655061859877435
            ],
            [
              -107.88815920314286,
              54.65362445708632
            ],
            [
              -107.88815920314286,
              54.60659165077103
            ],
            [
              -107.88819568133636,
              54.605113240932
            ],
            [
              -107.88822906901098,
              54.60492336962602
            ],
            [
              -107.88909091473126,
              54.59915814141451
            ],
            [
              -107.88967176625158,
              54.59335786160336
            ],
            [
              -107.88997025289812,
              54.58753621749725
            ],
            [
              -107.8899808130937,
              54.58354344424411
            ],
            [
              -107.89156936059408,
              54.58523848759182
            ],
            [
              -107.89579473967086,
              54.5893260680821
            ],
            [
              -107.90021524382585,
              54.59320179841618
            ],
            [
              -107.90482026319138,
              54.59685637626459
            ],
            [
              -107.90959874503575,
              54.600281030096724
            ],
            [
              -107.91453922029156,
              54.60346754023381
            ],
            [
              -107.91962983108306,
              54.6064082585774
            ],
            [
              -107.92485835918693,
              54.60909612696592
            ],
            [
              -107.93021225535776,
              54.611524694115296
            ],
            [
              -107.9356786694481,
              54.61368813110301
            ],
            [
              -107.94124448125079,
              54.615581245358406
            ],
            [
              -107.94689633198935,
              54.61719949312558
            ],
            [
              -107.95262065638106,
              54.61853899036911
            ],
            [
              -108.12668757653753,
              54.65479775076494
            ],
            [
              -108.12784394688822,
              54.65506830645258
            ]
          ]
        ]
      },
      "properties": {
        "hail_size_bin": "0.5\"",
        "min_size_inches": 0.5
      }
    },
    {
      "type": "Feature",
      "geometry": {
        "type": "Polygon",
        "coordinates": [
          [
            [
              -108.5479768533587,
              52.88562814905251
            ],
            [
              -108.54689000123271,
              52.88648396453276
            ],
            [
              -108.46926432658894,
              52.944694902290465
            ],
            [
              -108.46806287795664,
              52.94555024461279
            ],
            [
              -108.46659140935697,
              52.94558577285714
            ],
            [
              -108.37956192928755,
              52.94558577285714
            ],
            [
              -108.37809096323048,
              52.94554966157191
            ],
            [
              -108.37676294886354,
              52.94545169836599
            ],
            [
              -108.37104855836765,
              52.945166934661
            ],
            [
              -108.36532708970651,
              52.945154873688324
            ],
            [
              -108.35961154942697,
              52.94541554286604
            ],
            [
              -108.35391493059889,
              52.945948349617986
            ],
            [
              -108.34825018327827,
              52.946752082720906
            ],
            [
              -108.34263018506793,
              52.94782491505787
            ],
            [
              -108.33706771184315,
              52.94916440777186
            ],
            [
              -108.33157540870828,
              52.95076751580999
            ],
            [
              -108.32616576125083,
              52.95263059484578
            ],
            [
              -108.32085106715822,
              52.95474940956377
            ],
            [
              -108.31564340826141,
              52.95711914328759
            ],
            [
              -108.31055462306959,
              52.95973440892971
            ],
            [
              -108.30559627985774,
              52.962589261237774
            ],
            [
              -108.30077965036865,
              52.96567721030991
            ],
            [
              -108.29611568418896,
              52.96899123634814
            ],
            [
              -108.29161498385766,
              52.9725238056164
            ],
            [
              -108.28884918571293,
              52.9749162537841
            ],
            [
              -108.2881007631143,
              52.9755309895136
            ],
            [
              -108.28698779406564,
              52.97460236693061
            ],
            [
              -108.20922630309775,
              52.90657078390917
            ],
            [
              -108.20821368932417,
              52.9056398416962
            ],
            [
              -108.2095860019079,
              52.905731049098996
            ],
            [
              -108.31664578583649,
              52.915462366143366
            ],
            [
              -108.31809284443177,
              52.91562943499749
            ],
            [
              -108.31966711687318,
              52.91604960854244
            ],
            [
              -108.32232957978741,
              52.91682806125112
            ],
            [
              -108.32813614979021,
              52.9182164185252
            ],
            [
              -108.33400458559882,
              52.919314258348685
            ],
            [
              -108.33992036128964,
              52.92011886327897
            ],
            [
              -108.34586883376036,
              52.92062824170704
            ],
            [
              -108.35183527897554,
              52.920841132787174
            ],
            [
              -108.3578049284125,
              52.920757009557896
            ],
            [
              -108.36376300561723,
              52.92037608024634
            ],
            [
              -108.36969476278006,
              52.919699287752856
            ],
            [
              -108.37558551724031,
              52.91872830731703
            ],
            [
              -108.38142068782987,
              52.91746554237109
            ],
            [
              -108.38718583096527,
              52.91591411859071
            ],
            [
              -108.39286667639944,
              52.91407787615821
            ],
            [
              -108.39844916254432,
              52.911961360257024
            ],
            [
              -108.40391947127702,
              52.90956980982124
            ],
            [
              -108.40926406214321,
              52.90690914456781
            ],
            [
              -108.41446970587344,
              52.90398595034372
            ],
            [
              -108.41952351712898,
              52.90080746282426
            ],
            [
              -108.42441298639642,
              52.897381549602855
            ],
            [
              -108.42912601095209,
              52.89371669071668
            ],
            [
              -108.43365092481937,
              52.889821957656316
            ],
            [
              -108.4379765276452,
              52.88570699091149
            ],
            [
              -108.4470360997261,
              52.876648713240115
            ],
            [
              -108.44809277736235,
              52.87564289520468
            ],
            [
              -108.44954691185384,
              52.87575252635775
            ],
            [
              -108.54660363848288,
              52.885456812297846
            ],
            [
              -108.5479768533587,
              52.88562814905251
            ]
          ]
        ]
      },
      "properties": {
        "hail_size_bin": "0.5\"",
        "min_size_inches": 0.5
      }
    },
    {
      "type": "Feature",
      "geometry": {
        "type": "Polygon",
        "coordinates": [
          [
            [
              -107.98807379353516,
              52.915616233739925
            ],
            [
              -107.9870995205485,
              52.91663958980245
            ],
            [
              -107.93921093645406,
              52.96452133169292
            ],
            [
              -107.93814537479214,
              52.965534850688755
            ],
            [
              -107.93684694116124,
              52.964846034186564
            ],
            [
              -107.77946746694074,
              52.876332728309706
            ],
            [
              -107.77835642653316,
              52.87567119576651
            ],
            [
              -107.77963168575434,
              52.87588321429406
            ],
            [
              -107.98669271149603,
              52.91531777455464
            ],
            [
              -107.98807379353516,
              52.915616233739925
            ]
          ]
        ]
      },
      "properties": {
        "hail_size_bin": "0.5\"",
        "min_size_inches": 0.5
      }
    },
    {
      "type": "Feature",
      "geometry": {
        "type": "Polygon",
        "coordinates": [
          [
            [
              -109.16791834624995,
              53.97526093693499
            ],
            [
              -109.16649894301419,
              53.97538993473642
            ],
            [
              -109.14947612739209,
              53.976524626966004
            ],
            [
              -109.14369018944177,
              53.97705125655882
            ],
            [
              -109.13793652231661,
              53.97785731567934
            ],
            [
              -109.13222861293866,
              53.978940914879246
            ],
            [
              -109.12657984097123,
              53.98029951414058
            ],
            [
              -109.12100344745618,
              53.98192992882961
            ],
            [
              -109.11551250377616,
              53.98382833716183
            ],
            [
              -109.1101198810146,
              53.98599028916046
            ],
            [
              -109.10483821978507,
              53.98841071708738
            ],
            [
              -109.09967990060105,
              53.991083947322274
            ],
            [
              -109.09465701485526,
              53.99400371366185
            ],
            [
              -109.08978133647676,
              53.99716317200821
            ],
            [
              -109.0850642943322,
              54.0005549164118
            ],
            [
              -109.08051694543587,
              54.00417099643139
            ],
            [
              -109.07614994903152,
              54.00800293577032
            ],
            [
              -109.07197354160635,
              54.01204175214546
            ],
            [
              -109.06799751289628,
              54.016277978342146
            ],
            [
              -109.06423118293807,
              54.02070168440594
            ],
            [
              -109.06068338022276,
              54.025302500918926
            ],
            [
              -109.05736242100112,
              54.03006964330626
            ],
            [
              -109.05427608978992,
              54.034991937115834
            ],
            [
              -109.05143162112456,
              54.04005784421178
            ],
            [
              -109.04883568260092,
              54.045255489820555
            ],
            [
              -109.04649435924613,
              54.05057269036607
            ],
            [
              -109.04441313925489,
              54.055996982028674
            ],
            [
              -109.04259690112492,
              54.06151564996108
            ],
            [
              -109.04104990222142,
              54.06711575809267
            ],
            [
              -109.03977576879753,
              54.07278417945237
            ],
            [
              -109.03877748749427,
              54.07850762693902
            ],
            [
              -109.03805739833963,
              54.08427268446712
            ],
            [
              -109.03795873657396,
              54.085255495197984
            ],
            [
              -109.03752732915801,
              54.08666249183074
            ],
            [
              -109.01846300786475,
              54.14384728411949
            ],
            [
              -109.01797636673055,
              54.14519586888427
            ],
            [
              -109.01665339352222,
              54.144645478456916
            ],
            [
              -108.92937305286333,
              54.10585975834271
            ],
            [
              -108.92807245675138,
              54.105242659958705
            ],
            [
              -108.9290649160621,
              54.104200147718565
            ],
            [
              -108.95065184294239,
              54.082616305125676
            ],
            [
              -108.95476593407044,
              54.078292940263935
            ],
            [
              -108.95865998778564,
              54.07377037736213
            ],
            [
              -108.96232437246263,
              54.069059802612
            ],
            [
              -108.9657500245438,
              54.0641728672373
            ],
            [
              -108.96892847095712,
              54.059121658675465
            ],
            [
              -108.97185185007378,
              54.05391867068029
            ],
            [
              -108.97451293115313,
              54.04857677241968
            ],
            [
              -108.97690513222742,
              54.043109176644776
            ],
            [
              -108.97902253638175,
              54.03752940700931
            ],
            [
              -108.98085990638903,
              54.03185126461994
            ],
            [
              -108.98241269766392,
              54.02608879390034
            ],
            [
              -108.98367706950339,
              54.020256247853446
            ],
            [
              -108.98464989458647,
              54.01436805280782
            ],
            [
              -108.9853287667094,
              54.0084387727353
            ],
            [
              -108.98571200673717,
              54.00248307322822
            ],
            [
              -108.98579866675671,
              53.99651568522519
            ],
            [
              -108.9855885324215,
              53.99055136857542
            ],
            [
              -108.98508212348175,
              53.98460487553133
            ],
            [
              -108.9842806924988,
              53.97869091426014
            ],
            [
              -108.98318622174706,
              53.972824112464345
            ],
            [
              -108.98180141831095,
              53.96701898120131
            ],
            [
              -108.98012970738924,
              53.96128987899139
            ],
            [
              -108.97817522382299,
              53.9556509763032
            ],
            [
              -108.97805067315441,
              53.95531858603833
            ],
            [
              -108.97941134328383,
              53.95482794443333
            ],
            [
              -109.12658605283605,
              53.90577671723696
            ],
            [
              -109.12796695728335,
              53.905353809644794
            ],
            [
              -109.1287121534326,
              53.906589002163095
            ],
            [
              -109.1672416247226,
              53.97400594317625
            ],
            [
              -109.16791834624995,
              53.97526093693499
            ]
          ]
        ]
      },
      "properties": {
        "hail_size_bin": "0.5\"",
        "min_size_inches": 0.5
      }
    },
    {
      "type": "Feature",
      "geometry": {
        "type": "Polygon",
        "coordinates": [
          [
            [
              -109.28780188083095,
              54.735188670492136
            ],
            [
              -109.28690959277209,
              54.73612371355357
            ],
            [
              -109.19903189503827,
              54.82398885553653
            ],
            [
              -109.19796454600858,
              54.82500402695755
            ],
            [
              -109.19663143627376,
              54.82437837876389
            ],
            [
              -109.09930337037636,
              54.77572129881338
            ],
            [
              -109.09810799855806,
              54.77508656938737
            ],
            [
              -109.09945445006025,
              54.774949945823366
            ],
            [
              -109.20453335977427,
              54.76686810764675
            ],
            [
              -109.21030570592612,
              54.7662834728204
            ],
            [
              -109.21604304705768,
              54.76542051585908
            ],
            [
              -109.22173197142565,
              54.76428125403123
            ],
            [
              -109.22735918046692,
              54.762868350502046
            ],
            [
              -109.23291151988556,
              54.76118510810797
            ],
            [
              -109.23837601040262,
              54.75923546163594
            ],
            [
              -109.24373987809682,
              54.7570239686253
            ],
            [
              -109.24899058426513,
              54.754555798714016
            ],
            [
              -109.2866316068742,
              54.73573797643817
            ],
            [
              -109.28780188083095,
              54.735188670492136
            ]
          ]
        ]
      },
      "properties": {
        "hail_size_bin": "0.5\"",
        "min_size_inches": 0.5
      }
    },
    {
      "type": "Feature",
      "geometry": {
        "type": "Polygon",
        "coordinates": [
          [
            [
              -109.93778499025876,
              53.31551420704392
            ],
            [
              -109.93682482848745,
              53.316521358140015
            ],
            [
              -109.87890540190547,
              53.374432509335776
            ],
            [
              -109.87786167892487,
              53.375426584570825
            ],
            [
              -109.87544358057932,
              53.37526985668669
            ],
            [
              -109.86946633365356,
              53.375031857664624
            ],
            [
              -109.86348465295067,
              53.37509202671533
            ],
            [
              -109.85751340299885,
              53.37545021431819
            ],
            [
              -109.85156742240578,
              53.376105530373934
            ],
            [
              -109.8456614869846,
              53.377056346416495
            ],
            [
              -109.83981027303581,
              53.3783002996598
            ],
            [
              -109.83402832087661,
              53.37983429886929
            ],
            [
              -109.82832999870806,
              53.3816545320437
            ],
            [
              -109.8227294669099,
              53.38375647588785
            ],
            [
              -109.81724064285207,
              53.38613490705316
            ],
            [
              -109.81187716630973,
              53.38878391511763
            ],
            [
              -109.80665236556838,
              53.39169691727335
            ],
            [
              -109.801579224303,
              53.39486667468481
            ],
            [
              -109.79667034931344,
              53.398285310477476
            ],
            [
              -109.79193793919644,
              53.40194432931188
            ],
            [
              -109.78739375403201,
              53.40583463849462
            ],
            [
              -109.78304908615951,
              53.40994657057377
            ],
            [
              -109.77891473211612,
              53.41426990736264
            ],
            [
              -109.77786280499716,
              53.415426295557076
            ],
            [
              -109.77660042985421,
              53.416176274741545
            ],
            [
              -109.61920958813732,
              53.50469597392154
            ],
            [
              -109.6179029201044,
              53.50538877426363
            ],
            [
              -109.61642843089308,
              53.50530214285766
            ],
            [
              -109.5821351352883,
              53.50244477653579
            ],
            [
              -109.57619156147443,
              53.50209775500051
            ],
            [
              -109.57023809102478,
              53.502045955077556
            ],
            [
              -109.56428937877631,
              53.502289504275645
            ],
            [
              -109.5583600678534,
              53.50282780308331
            ],
            [
              -109.55246475362283,
              53.50365952644464
            ],
            [
              -109.54661794776644,
              53.504782627020965
            ],
            [
              -109.54083404255967,
              53.50619434023051
            ],
            [
              -109.53512727544413,
              53.50789119105361
            ],
            [
              -109.5295116939812,
              53.509869002586655
            ],
            [
              -109.52400112127319,
              53.512122906323825
            ],
            [
              -109.51860912193673,
              53.5146473541412
            ],
            [
              -109.51334896871285,
              53.517436131953815
            ],
            [
              -109.50823360979511,
              53.520482375012016
            ],
            [
              -109.50327563695696,
              53.52377858479948
            ],
            [
              -109.49848725455618,
              53.527316647491254
            ],
            [
              -109.49388024949324,
              53.531087853926465
            ],
            [
              -109.489465962197,
              53.53508292104644
            ],
            [
              -109.48525525870957,
              53.53929201474554
            ],
            [
              -109.48125850393888,
              53.543704774078414
            ],
            [
              -109.47748553614484,
              53.548310336764125
            ],
            [
              -109.4739456427218,
              53.553097365924316
            ],
            [
              -109.47064753733713,
              53.558054077989624
            ],
            [
              -109.46759933848186,
              53.56316827170572
            ],
            [
              -109.46480854948668,
              53.568427358167376
            ],
            [
              -109.46228204005186,
              53.573818391806924
            ],
            [
              -109.46002602933719,
              53.57932810226049
            ],
            [
              -109.45804607065301,
              53.58494292703388
            ],
            [
              -109.45790599439584,
              53.585373967782594
            ],
            [
              -109.45648550927714,
              53.58569272867113
            ],
            [
              -109.40940252288542,
              53.59510798052906
            ],
            [
              -109.40794433744988,
              53.595362111117325
            ],
            [
              -109.40654224491145,
              53.594891104745564
            ],
            [
              -109.29933432545529,
              53.555911976799955
            ],
            [
              -109.29828159080309,
              53.55549985653032
            ],
            [
              -109.2993974093556,
              53.555681370221656
            ],
            [
              -109.36478229819546,
              53.567939285247895
            ],
            [
              -109.37052039155162,
              53.56887175745564
            ],
            [
              -109.37629691166492,
              53.569525236730556
            ],
            [
              -109.38209830167658,
              53.56989818942851
            ],
            [
              -109.38791094636083,
              53.56998974027042
            ],
            [
              -109.3937212040785,
              53.56979967439654
            ],
            [
              -109.39951543879232,
              53.569328437870595
            ],
            [
              -109.40528005206926,
              53.56857713663301
            ],
            [
              -109.41100151499454,
              53.56754753390534
            ],
            [
              -109.41666639992253,
              53.5662420460522
            ],
            [
              -109.42226141198998,
              53.564663736910326
            ],
            [
              -109.42777342031752,
              53.562816310598066
            ],
            [
              -109.4331894888265,
              53.56070410282225
            ],
            [
              -109.43849690659847,
              53.55833207070274
            ],
            [
              -109.44368321770632,
              53.55570578113861
            ],
            [
              -109.44873625044706,
              53.552831397743276
            ],
            [
              -109.45364414590729,
              53.54971566637914
            ],
            [
              -109.458395385795,
              53.54636589932579
            ],
            [
              -109.46297881947153,
              53.542789958118924
            ],
            [
              -109.46738369012103,
              53.53899623510012
            ],
            [
              -109.47159965999545,
              53.53499363372101
            ],
            [
              -109.47561683467616,
              53.53079154764778
            ],
            [
              -109.47942578629501,
              53.52639983871532
            ],
            [
              -109.48301757566054,
              53.52182881378256
            ],
            [
              -109.48638377323725,
              53.51708920054342
            ],
            [
              -109.48951647892883,
              53.512192122350044
            ],
            [
              -109.49240834061882,
              53.50714907210756
            ],
            [
              -109.49505257142515,
              53.50197188530149
            ],
            [
              -109.4974429656283,
              53.49667271222111
            ],
            [
              -109.49795871534874,
              53.49545126192453
            ],
            [
              -109.49917629010828,
              53.4946492675494
            ],
            [
              -109.65667886072,
              53.39622422565624
            ],
            [
              -109.65792335182752,
              53.39548766052548
            ],
            [
              -109.65827890593609,
              53.39532118516688
            ],
            [
              -109.66285340916885,
              53.39331220412981
            ],
            [
              -109.66803672349882,
              53.390730760498336
            ],
            [
              -109.67308947265438,
              53.38790227598598
            ],
            [
              -109.67799989123944,
              53.38483333675796
            ],
            [
              -109.68275654527655,
              53.38153108888161
            ],
            [
              -109.68734835883119,
              53.378003221686654
            ],
            [
              -109.69176463980212,
              53.37425794986055
            ],
            [
              -109.6959951048182,
              53.370303994320395
            ],
            [
              -109.70002990318325,
              53.366150561906224
            ],
            [
              -109.70385963981363,
              53.36180732394272
            ],
            [
              -109.70747539711475,
              53.35728439371939
            ],
            [
              -109.71086875574585,
              53.35259230294166
            ],
            [
              -109.71403181422454,
              53.34774197720765
            ],
            [
              -109.71695720732554,
              53.34274471056773
            ],
            [
              -109.71963812323061,
              53.33761213922623
            ],
            [
              -109.72206831939012,
              53.33235621444632
            ],
            [
              -109.72424213705877,
              53.32698917472137
            ],
            [
              -109.72615451447211,
              53.32152351727742
            ],
            [
              -109.72780099863297,
              53.31597196897323
            ],
            [
              -109.72792462618861,
              53.315514953154775
            ],
            [
              -109.72937554810656,
              53.315480048
            ],
            [
              -109.93639354728388,
              53.315480048
            ],
            [
              -109.93778499025876,
              53.31551420704392
            ]
          ]
        ]
      },
      "properties": {
        "hail_size_bin": "0.5\"",
        "min_size_inches": 0.5
      }
    },
    {
      "type": "Feature",
      "geometry": {
        "type": "Polygon",
        "coordinates": [
          [
            [
              -111.00759614276744,
              48.426891943185844
            ],
            [
              -111.00635803412712,
              48.427470218293365
            ],
            [
              -110.84906632193051,
              48.49627551024249
            ],
            [
              -110.8477379960113,
              48.49681867539274
            ],
            [
              -110.8464671622115,
              48.49615237418739
            ],
            [
              -110.75902554923118,
              48.44758064111173
            ],
            [
              -110.75783351357015,
              48.44688000815123
            ],
            [
              -110.75914470197496,
              48.446442267580466
            ],
            [
              -110.88625349903,
              48.40733745648492
            ],
            [
              -110.88773350731609,
              48.40692354030032
            ],
            [
              -110.88925489186492,
              48.407137066773586
            ],
            [
              -111.0062541537914,
              48.42663415766653
            ],
            [
              -111.00759614276744,
              48.426891943185844
            ]
          ]
        ]
      },
      "properties": {
        "hail_size_bin": "0.5\"",
        "min_size_inches": 0.5
      }
    },
    {
      "type": "Feature",
      "geometry": {
        "type": "Polygon",
        "coordinates": [
          [
            [
              -111.31759867338783,
              52.16582652138808
            ],
            [
              -111.31658598122706,
              52.16680137401726
            ],
            [
              -111.22178997179186,
              52.253685300462394
            ],
            [
              -111.21753893869051,
              52.25777835123591
            ],
            [
              -111.21349426812188,
              52.26207544176959
            ],
            [
              -111.20966574154511,
              52.26656618016259
            ],
            [
              -111.20606261770592,
              52.27123970620433
            ],
            [
              -111.20269361024563,
              52.276084717638355
            ],
            [
              -111.19956686662847,
              52.28108949749525
            ],
            [
              -111.19668994843813,
              52.28624194242843
            ],
            [
              -111.1940698130911,
              52.29152959198439
            ],
            [
              -111.19171279701119,
              52.29693965873651
            ],
            [
              -111.18962460030573,
              52.30245905920963
            ],
            [
              -111.18781027298077,
              52.30807444552059
            ],
            [
              -111.18627420272828,
              52.31377223765815
            ],
            [
              -111.1850201043152,
              52.319538656324326
            ],
            [
              -111.1840510105997,
              52.32535975625767
            ],
            [
              -111.18336926519682,
              52.331221459957874
            ],
            [
              -111.1829765168106,
              52.33710959173022
            ],
            [
              -111.18287371524703,
              52.34300991196746
            ],
            [
              -111.18306110911702,
              52.34890815158626
            ],
            [
              -111.18353824523521,
              52.35479004653501
            ],
            [
              -111.18430396971596,
              52.36064137228931
            ],
            [
              -111.18535643076373,
              52.366447978252026
            ],
            [
              -111.18669308315155,
              52.372195821974465
            ],
            [
              -111.18710998100667,
              52.373658454533704
            ],
            [
              -111.18764510869939,
              52.375731796365926
            ],
            [
              -111.18638489840494,
              52.3764723105871
            ],
            [
              -111.09898239973106,
              52.425022316597264
            ],
            [
              -111.09777815631757,
              52.42565324379246
            ],
            [
              -111.09835638458084,
              52.42442285739213
            ],
            [
              -111.14703782230153,
              52.32707389292062
            ],
            [
              -111.14772086026402,
              52.3257875491375
            ],
            [
              -111.14925387604943,
              52.32485800003881
            ],
            [
              -111.15114104783484,
              52.32377586590458
            ],
            [
              -111.15604226398708,
              52.32064032438046
            ],
            [
              -111.16078573216771,
              52.3172708956396
            ],
            [
              -111.1653603007662,
              52.31367550100782
            ],
            [
              -111.16975521524482,
              52.309862593043285
            ],
            [
              -111.173960143422,
              52.30584113566501
            ],
            [
              -111.17796519976257,
              52.30162058307925
            ],
            [
              -111.18176096861818,
              52.29721085755318
            ],
            [
              -111.18533852636283,
              52.2926223260883
            ],
            [
              -111.18868946237178,
              52.287865776048164
            ],
            [
              -111.19180589879454,
              52.282952389798
            ],
            [
              -111.1946805090751,
              52.27789371841558
            ],
            [
              -111.19730653517628,
              52.27270165453535
            ],
            [
              -111.19967780346747,
              52.267388404389564
            ],
            [
              -111.20178873923847,
              52.26196645911216
            ],
            [
              -111.20363437980528,
              52.25644856537283
            ],
            [
              -111.2372486635166,
              52.14721775217303
            ],
            [
              -111.23770434176625,
              52.14585643530318
            ],
            [
              -111.23910504074296,
              52.146170442446156
            ],
            [
              -111.31624372506612,
              52.16545235818023
            ],
            [
              -111.31759867338783,
              52.16582652138808
            ]
          ]
        ]
      },
      "properties": {
        "hail_size_bin": "0.5\"",
        "min_size_inches": 0.5
      }
    },
    {
      "type": "Feature",
      "geometry": {
        "type": "Polygon",
        "coordinates": [
          [
            [
              -112.6771276380567,
              53.27551891031322
            ],
            [
              -112.67602462855619,
              53.27572041637024
            ],
            [
              -112.62859776969599,
              53.28320779783757
            ],
            [
              -112.62275895883597,
              53.28427822506877
            ],
            [
              -112.61698022725102,
              53.285636086617494
            ],
            [
              -112.61127571578896,
              53.28727805972802
            ],
            [
              -112.60565938367725,
              53.28920012640926
            ],
            [
              -112.60014497436396,
              53.29139758326707
            ],
            [
              -112.594745981887,
              53.293865053013604
            ],
            [
              -112.58947561785341,
              53.29659649762588
            ],
            [
              -112.58434677910998,
              53.299585233121064
            ],
            [
              -112.57937201618394,
              53.30282394591259
            ],
            [
              -112.57456350257122,
              53.30630471070681
            ],
            [
              -112.5699330049473,
              53.3100190098966
            ],
            [
              -112.56549185437356,
              53.3139577544044
            ],
            [
              -112.56125091856958,
              53.31811130592362
            ],
            [
              -112.55722057531929,
              53.32246950050409
            ],
            [
              -112.55341068707602,
              53.32702167342372
            ],
            [
              -112.5498305768286,
              53.33175668528565
            ],
            [
              -112.54648900528744,
              53.336662949276885
            ],
            [
              -112.54339414944677,
              53.341728459521846
            ],
            [
              -112.54055358257499,
              53.34694082046132
            ],
            [
              -112.53797425568261,
              53.352287277185034
            ],
            [
              -112.5356624805127,
              53.357754746643586
            ],
            [
              -112.53362391409577,
              53.36332984966327
            ],
            [
              -112.53186354490671,
              53.368998943685654
            ],
            [
              -112.53038568065779,
              53.374748156151554
            ],
            [
              -112.52919393775737,
              53.380563418447935
            ],
            [
              -112.5282912324605,
              53.38643050033448
            ],
            [
              -112.5276797737326,
              53.39233504476571
            ],
            [
              -112.52742751068268,
              53.39554390712164
            ],
            [
              -112.5269730240655,
              53.39685216086758
            ],
            [
              -112.49801403472857,
              53.47406509886026
            ],
            [
              -112.4974769093286,
              53.47539753466817
            ],
            [
              -112.49493104150874,
              53.4751933260689
            ],
            [
              -112.48900857908417,
              53.4748672870454
            ],
            [
              -112.48307724077021,
              53.474834295823825
            ],
            [
              -112.4771515179231,
              53.47509443300785
            ],
            [
              -112.47124588817945,
              53.475647063034216
            ],
            [
              -112.46537478008467,
              53.47649083572559
            ],
            [
              -112.45955253784145,
              53.47762368958927
            ],
            [
              -112.45379338626414,
              53.4790428568538
            ],
            [
              -112.44811139602491,
              53.48074487023115
            ],
            [
              -112.44252044927657,
              53.48272557138792
            ],
            [
              -112.4370342057358,
              53.48498012110494
            ],
            [
              -112.43166606930998,
              53.48750301110039
            ],
            [
              -112.42642915534901,
              53.49028807748751
            ],
            [
              -112.42133625860203,
              53.49332851583416
            ],
            [
              -112.41639982195746,
              53.49661689778725
            ],
            [
              -112.41163190604281,
              53.50014518922165
            ],
            [
              -112.40704415975826,
              53.50390476986898
            ],
            [
              -112.40264779181626,
              53.507886454378564
            ],
            [
              -112.39845354335662,
              53.51208051475892
            ],
            [
              -112.39447166170386,
              53.516476704145035
            ],
            [
              -112.3907118753311,
              53.521064281833375
            ],
            [
              -112.38782300311112,
              53.524967759880774
            ],
            [
              -112.38750111194418,
              53.525381595614604
            ],
            [
              -112.3860810850156,
              53.52515099311911
            ],
            [
              -112.22899197774154,
              53.49570099385048
            ],
            [
              -112.22784800664401,
              53.49545721569211
            ],
            [
              -112.2290172891974,
              53.495428614285714
            ],
            [
              -112.26751932985903,
              53.495428614285714
            ],
            [
              -112.27331874772602,
              53.49528839383
            ],
            [
              -112.27910461230941,
              53.49486806015912
            ],
            [
              -112.28486340199971,
              53.49416859559605
            ],
            [
              -112.29058165846169,
              53.4931916347948
            ],
            [
              -112.29624601808656,
              53.49193946092017
            ],
            [
              -112.30184324322286,
              53.49041500031203
            ],
            [
              -112.30736025311293,
              53.48862181564638
            ],
            [
              -112.31278415446275,
              53.486564097609424
            ],
            [
              -112.31810227157366,
              53.48424665510383
            ],
            [
              -112.32330217596561,
              53.48167490401035
            ],
            [
              -112.3283717154225,
              53.4788548545308
            ],
            [
              -112.33329904239216,
              53.47579309714225
            ],
            [
              -112.338072641674,
              53.47249678719496
            ],
            [
              -112.34268135733025,
              53.46897362819033
            ],
            [
              -112.34711441875744,
              53.4652318537777
            ],
            [
              -112.35136146585731,
              53.46128020851229
            ],
            [
              -112.35541257324856,
              53.457127927419116
            ],
            [
              -112.35925827346243,
              53.45278471441061
            ],
            [
              -112.36288957906831,
              53.44826071960857
            ],
            [
              -112.36629800367743,
              53.44356651562322
            ],
            [
              -112.36947558177557,
              53.438713072844905
            ],
            [
              -112.3724148873386,
              53.43371173380628
            ],
            [
              -112.3751090511871,
              53.42857418667465
            ],
            [
              -112.37755177703967,
              53.4233124379367
            ],
            [
              -112.37973735622745,
              53.417938784339185
            ],
            [
              -112.38166068103529,
              53.41246578415137
            ],
            [
              -112.38331725663848,
              53.406906227816286
            ],
            [
              -112.38470321160727,
              53.401273108059286
            ],
            [
              -112.38581530695438,
              53.39557958952405
            ],
            [
              -112.38665094370452,
              53.38983897800662
            ],
            [
              -112.38720816896826,
              53.38406468935973
            ],
            [
              -112.38748568050593,
              53.3782702181398
            ],
            [
              -112.38755154831505,
              53.375489422121
            ],
            [
              -112.38947214647158,
              53.37494968759146
            ],
            [
              -112.3910954998787,
              53.374536179297905
            ],
            [
              -112.39663046480925,
              53.372838124102095
            ],
            [
              -112.40207708643503,
              53.37087508026759
            ],
            [
              -112.40742268652313,
              53.368651617218994
            ],
            [
              -112.412654821991,
              53.36617291056503
            ],
            [
              -112.41776131387034,
              53.36344473005109
            ],
            [
              -112.42273027565655,
              53.360473426128955
            ],
            [
              -112.4275501409771,
              53.35726591517461
            ],
            [
              -112.43220969051494,
              53.35382966338887
            ],
            [
              -112.4366980781239,
              53.350172669418114
            ],
            [
              -112.44100485607564,
              53.34630344573564
            ],
            [
              -112.44511999937893,
              53.342230998827
            ],
            [
              -112.44903392911523,
              53.33796480822532
            ],
            [
              -112.45273753473562,
              53.33351480444565
            ],
            [
              -112.45622219526774,
              53.32889134586939
            ],
            [
              -112.45947979938299,
              53.32410519463288
            ],
            [
              -112.46250276427752,
              53.31916749157609
            ],
            [
              -112.4652840533228,
              53.314089730309846
            ],
            [
              -112.46781719244511,
              53.30888373046183
            ],
            [
              -112.47009628519523,
              53.30356161016378
            ],
            [
              -112.47211602647384,
              53.29813575784383
            ],
            [
              -112.47387171488035,
              53.29261880338962
            ],
            [
              -112.47535926365637,
              53.28702358874947
            ],
            [
              -112.47657521019866,
              53.28136313803978
            ],
            [
              -112.47751672411906,
              53.27565062722857
            ],
            [
              -112.47753429390569,
              53.275525243891046
            ],
            [
              -112.47895926741369,
              53.27549147771428
            ],
            [
              -112.67600666825439,
              53.27549147771428
            ],
            [
              -112.6771276380567,
              53.27551891031322
            ]
          ]
        ]
      },
      "properties": {
        "hail_size_bin": "0.5\"",
        "min_size_inches": 0.5
      }
    },
    {
      "type": "Feature",
      "geometry": {
        "type": "Polygon",
        "coordinates": [
          [
            [
              -112.78723241759181,
              54.68510891093787
            ],
            [
              -112.78603247617151,
              54.68541066680212
            ],
            [
              -112.47892702055883,
              54.75474715196166
            ],
            [
              -112.47760617176375,
              54.755011777673246
            ],
            [
              -112.47853545149567,
              54.75403663196737
            ],
            [
              -112.55645763137214,
              54.67612558542169
            ],
            [
              -112.55750598486652,
              54.675127276797326
            ],
            [
              -112.55895315698973,
              54.67515496038192
            ],
            [
              -112.78599794863015,
              54.685025062644314
            ],
            [
              -112.78723241759181,
              54.68510891093787
            ]
          ]
        ]
      },
      "properties": {
        "hail_size_bin": "0.5\"",
        "min_size_inches": 0.5
      }
    },
    {
      "type": "Feature",
      "geometry": {
        "type": "Polygon",
        "coordinates": [
          [
            [
              -113.36669300113168,
              53.99600947832924
            ],
            [
              -113.36399552289578,
              53.99893564767732
            ],
            [
              -113.36017468049681,
              54.003517933452954
            ],
            [
              -113.3565863158195,
              54.00828446453015
            ],
            [
              -113.3532392991467,
              54.01322345824945
            ],
            [
              -113.35014190415943,
              54.018322705631185
            ],
            [
              -113.34730178748464,
              54.02356960155553
            ],
            [
              -113.34472596976838,
              54.02895117592182
            ],
            [
              -113.34242081832106,
              54.03445412571009
            ],
            [
              -113.34039203137776,
              54.040064847865565
            ],
            [
              -113.33864462401237,
              54.045769472924825
            ],
            [
              -113.33718291574061,
              54.0515538993005
            ],
            [
              -113.33601051984238,
              54.05740382813982
            ],
            [
              -113.33513033442979,
              54.063304798670735
            ],
            [
              -113.33454453528327,
              54.06924222394835
            ],
            [
              -113.33425457047306,
              54.07520142691319
            ],
            [
              -113.33426115677972,
              54.08116767667228
            ],
            [
              -113.33456427792213,
              54.087126224913284
            ],
            [
              -113.3351631845979,
              54.09306234236166
            ],
            [
              -113.33605639633556,
              54.09896135519086
            ],
            [
              -113.33724170515416,
              54.10480868129532
            ],
            [
              -113.33734068425349,
              54.105241415405686
            ],
            [
              -113.33625261530692,
              54.106194060765446
            ],
            [
              -113.2185283306769,
              54.204283614491864
            ],
            [
              -113.21756454948984,
              54.20504739348525
            ],
            [
              -113.21826335446421,
              54.204035525190534
            ],
            [
              -113.22864149684918,
              54.18976761826623
            ],
            [
              -113.23196729205293,
              54.18495273812042
            ],
            [
              -113.23505440352686,
              54.17998144781474
            ],
            [
              -113.2378954899517,
              54.17486556934839
            ],
            [
              -113.24048379506912,
              54.169617268559094
            ],
            [
              -113.24281316374855,
              54.16424902619207
            ],
            [
              -113.24487805662436,
              54.15877360822014
            ],
            [
              -113.24667356326877,
              54.153204035485565
            ],
            [
              -113.24819541386917,
              54.14755355273576
            ],
            [
              -113.24943998938191,
              54.141835597126544
            ],
            [
              -113.25040433013862,
              54.1360637662679
            ],
            [
              -113.25108614288445,
              54.13025178588808
            ],
            [
              -113.25148380623152,
              54.124413477193066
            ],
            [
              -113.25159637451473,
              54.118562723999034
            ],
            [
              -113.25142358004058,
              54.11271343971585
            ],
            [
              -113.25096583372374,
              54.106879534260216
            ],
            [
              -113.25022422410989,
              54.101074880977166
            ],
            [
              -113.24920051478708,
              54.095313283648444
            ],
            [
              -113.24789714019188,
              54.08960844366643
            ],
            [
              -113.24631719982008,
              54.0839739274514
            ],
            [
              -113.24446445085597,
              54.07842313418991
            ],
            [
              -113.24234329923753,
              54.072969263970755
            ],
            [
              -113.23995878917886,
              54.06762528639446
            ],
            [
              -113.2373165911748,
              54.06240390973086
            ],
            [
              -113.23442298851617,
              54.05731755069814
            ],
            [
              -113.23128486234774,
              54.05237830493518
            ],
            [
              -113.2279096753045,
              54.04759791823754
            ],
            [
              -113.22430545376514,
              54.042987758625216
            ],
            [
              -113.22048076876486,
              54.03855878930895
            ],
            [
              -113.21644471561295,
              54.03432154261908
            ],
            [
              -113.17844479665565,
              53.996327052997415
            ],
            [
              -113.17748497996708,
              53.99531906871285
            ],
            [
              -113.17887607785897,
              53.99528574285714
            ],
            [
              -113.36589795917202,
              53.99528574285714
            ],
            [
              -113.36729814520471,
              53.99532024471535
            ],
            [
              -113.36669300113168,
              53.99600947832924
            ]
          ]
        ]
      },
      "properties": {
        "hail_size_bin": "0.5\"",
        "min_size_inches": 0.5
      }
    },
    {
      "type": "Feature",
      "geometry": {
        "type": "Polygon",
        "coordinates": [
          [
            [
              -113.61724309396389,
              53.185517141856984
            ],
            [
              -113.61594280281301,
              53.186025363841246
            ],
            [
              -113.50873745008062,
              53.225003558566115
            ],
            [
              -113.50736719566963,
              53.2254640894422
            ],
            [
              -113.50641520853866,
              53.2243767539226
            ],
            [
              -113.40830581469041,
              53.10666230246145
            ],
            [
              -113.40747454242076,
              53.10561404615726
            ],
            [
              -113.40873571584078,
              53.106060071820316
            ],
            [
              -113.61595069148306,
              53.18498783154321
            ],
            [
              -113.61724309396389,
              53.185517141856984
            ]
          ]
        ]
      },
      "properties": {
        "hail_size_bin": "0.5\"",
        "min_size_inches": 0.5
      }
    },
    {
      "type": "Feature",
      "geometry": {
        "type": "Polygon",
        "coordinates": [
          [
            [
              -114.54649419323859,
              54.79513059579141
            ],
            [
              -114.54574761749707,
              54.7952442970576
            ],
            [
              -114.51747687178212,
              54.79886823378322
            ],
            [
              -114.51161975216937,
              54.799766539734684
            ],
            [
              -114.5058141183937,
              54.80095288715574
            ],
            [
              -114.50007412684953,
              54.80242438326969
            ],
            [
              -114.49441377386994,
              54.804177439996394
            ],
            [
              -114.4888468615982,
              54.80620778270134
            ],
            [
              -114.48338696433284,
              54.80851046061892
            ],
            [
              -114.47804739542804,
              54.81107985892428
            ],
            [
              -114.47284117483072,
              54.813909712424476
            ],
            [
              -114.46778099733267,
              54.816993120835434
            ],
            [
              -114.46287920161578,
              54.820322565607555
            ],
            [
              -114.45814774016557,
              54.82388992825883
            ],
            [
              -114.45359815012627,
              54.82768651017087
            ],
            [
              -114.44924152516887,
              54.831703053799565
            ],
            [
              -114.44508848844039,
              54.83592976524849
            ],
            [
              -114.44114916666052,
              54.84035633815033
            ],
            [
              -114.43743316542876,
              54.844971978797744
            ],
            [
              -114.43394954580216,
              54.84976543246267
            ],
            [
              -114.43070680220103,
              54.8547250108397
            ],
            [
              -114.42771284169619,
              54.85983862054675
            ],
            [
              -114.42497496472843,
              54.86509379261339
            ],
            [
              -114.42249984730725,
              54.870477712885084
            ],
            [
              -114.4202935247321,
              54.87597725326906
            ],
            [
              -114.418361376876,
              54.88157900374572
            ],
            [
              -114.41670811506735,
              54.8872693050675
            ],
            [
              -114.41533777060177,
              54.89303428206539
            ],
            [
              -114.41425368491234,
              54.89885987748205
            ],
            [
              -114.41345850142186,
              54.904731886248825
            ],
            [
              -114.41295415909711,
              54.910635990123254
            ],
            [
              -114.41274188772094,
              54.91655779260252
            ],
            [
              -114.41282220489357,
              54.92248285402772
            ],
            [
              -114.41319491477049,
              54.928396726793366
            ],
            [
              -114.41385910853997,
              54.93428499057628
            ],
            [
              -114.41481316663912,
              54.94013328749795
            ],
            [
              -114.41605476270306,
              54.94592735713462
            ],
            [
              -114.41758086923737,
              54.95165307128977
            ],
            [
              -114.41938776500048,
              54.957296468444135
            ],
            [
              -114.42147104407735,
              54.96284378779932
            ],
            [
              -114.42382562662289,
              54.96828150283202
            ],
            [
              -114.42644577124857,
              54.9735963542769
            ],
            [
              -114.42716779725458,
              54.9749740987624
            ],
            [
              -114.42576054012933,
              54.97504582393227
            ],
            [
              -113.69880967360277,
              54.99495944041342
            ],
            [
              -113.6975898988924,
              54.99496273530018
            ],
            [
              -113.69876191417268,
              54.99462477630138
            ],
            [
              -114.07663258165927,
              54.89567278914108
            ],
            [
              -114.08239356221553,
              54.89400930788888
            ],
            [
              -114.08806425298687,
              54.892060120103665
            ],
            [
              -114.09363049454711,
              54.88983009280811
            ],
            [
              -114.09907838827452,
              54.88732479426682
            ],
            [
              -114.1043943310558,
              54.8845504800827
            ],
            [
              -114.1095650492525,
              54.88151407757703
            ],
            [
              -114.11457763184453,
              54.87822316849226
            ],
            [
              -114.11941956266836,
              54.87468597006084
            ],
            [
              -114.12407875166924,
              54.87091131448714
            ],
            [
              -114.12854356508947,
              54.86690862689396
            ],
            [
              -114.13280285451725,
              54.86268790178842
            ],
            [
              -114.13684598472373,
              54.85825967810623
            ],
            [
              -114.14066286021864,
              54.85363501289646
            ],
            [
              -114.14424395045819,
              54.848825453712685
            ],
            [
              -114.14758031364238,
              54.84384300977931
            ],
            [
              -114.15066361904222,
              54.83870012200517
            ],
            [
              -114.15348616780109,
              54.83340963191919
            ],
            [
              -114.15604091215845,
              54.827984749605754
            ],
            [
              -114.15732177110691,
              54.82507866512753
            ],
            [
              -114.15875302259887,
              54.82493399935971
            ],
            [
              -114.54574000569512,
              54.7951700231027
            ],
            [
              -114.54649419323859,
              54.79513059579141
            ]
          ]
        ]
      },
      "properties": {
        "hail_size_bin": "0.5\"",
        "min_size_inches": 0.5
      }
    },
    {
      "type": "Feature",
      "geometry": {
        "type": "Polygon",
        "coordinates": [
          [
            [
              -114.22720294443555,
              53.5253542106856
            ],
            [
              -114.22594115758025,
              53.5247254735344
            ],
            [
              -114.05858117035223,
              53.43613578664172
            ],
            [
              -114.05740964333407,
              53.43547829515357
            ],
            [
              -114.05875253505617,
              53.43544575885714
            ],
            [
              -114.20580741956135,
              53.43544575885714
            ],
            [
              -114.20722888407452,
              53.43548008620782
            ],
            [
              -114.20757048532846,
              53.436859996314965
            ],
            [
              -114.22693119968274,
              53.52397076295706
            ],
            [
              -114.22720294443555,
              53.5253542106856
            ]
          ]
        ]
      },
      "properties": {
        "hail_size_bin": "0.5\"",
        "min_size_inches": 0.5
      }
    },
    {
      "type": "Feature",
      "geometry": {
        "type": "Polygon",
        "coordinates": [
          [
            [
              -115.02702834537595,
              54.855053580020105
            ],
            [
              -115.0257924229514,
              54.855661411905814
            ],
            [
              -114.89852699444813,
              54.91439090965795
            ],
            [
              -114.89715251938479,
              54.914983758835945
            ],
            [
              -114.89572674816695,
              54.914545985533294
            ],
            [
              -114.80858440962201,
              54.88550268957982
            ],
            [
              -114.80720933058595,
              54.88500612049419
            ],
            [
              -114.8073812435467,
              54.883555975727056
            ],
            [
              -114.81696106665346,
              54.81650679517185
            ],
            [
              -114.81719865814922,
              54.815092321970866
            ],
            [
              -114.81861318884529,
              54.81532647702114
            ],
            [
              -115.02568214195666,
              54.85476254704114
            ],
            [
              -115.02702834537595,
              54.855053580020105
            ]
          ]
        ]
      },
      "properties": {
        "hail_size_bin": "0.5\"",
        "min_size_inches": 0.5
      }
    },
    {
      "type": "Feature",
      "geometry": {
        "type": "Polygon",
        "coordinates": [
          [
            [
              -115.21705464781091,
              54.435165599558886
            ],
            [
              -115.2160063218877,
              54.43610747686928
            ],
            [
              -115.1482521639971,
              54.49417417173383
            ],
            [
              -115.14714162669434,
              54.49507912297583
            ],
            [
              -115.14676076149917,
              54.493698712364086
            ],
            [
              -115.11748336412616,
              54.37660585520418
            ],
            [
              -115.11717899161489,
              54.37524772732597
            ],
            [
              -115.1183889973824,
              54.37593476708328
            ],
            [
              -115.21586331148978,
              54.43441099941253
            ],
            [
              -115.21705464781091,
              54.435165599558886
            ]
          ]
        ]
      },
      "properties": {
        "hail_size_bin": "0.5\"",
        "min_size_inches": 0.5
      }
    },
    {
      "type": "Feature",
      "geometry": {
        "type": "Polygon",
        "coordinates": [
          [
            [
              -116.10692903217002,
              52.945572320395456
            ],
            [
              -116.10563164575836,
              52.946118711203454
            ],
            [
              -115.82220340325317,
              53.05775630849467
            ],
            [
              -115.81689075226504,
              53.05999776607124
            ],
            [
              -115.81169190810749,
              53.06249184145398
            ],
            [
              -115.80661887447577,
              53.06523277603195
            ],
            [
              -115.80168336457918,
              53.06821424121703
            ],
            [
              -115.79689677409623,
              53.07142935305609
            ],
            [
              -115.79227015486299,
              53.074870688125486
            ],
            [
              -115.78781418935534,
              53.07853030067109
            ],
            [
              -115.78353916602403,
              53.082399740954386
            ],
            [
              -115.77945495553946,
              53.0864700747622
            ],
            [
              -115.7755709880012,
              53.09073190403505
            ],
            [
              -115.77189623116463,
              53.09517538856651
            ],
            [
              -115.76843916973517,
              53.09979026872336
            ],
            [
              -115.76520778577778,
              53.10456588913428
            ],
            [
              -115.76220954028707,
              53.109491223292146
            ],
            [
              -115.7594513559605,
              53.11455489901339
            ],
            [
              -115.7569396012144,
              53.119745224695336
            ],
            [
              -115.72766359440409,
              53.18414323733242
            ],
            [
              -115.72701290636005,
              53.18548397842701
            ],
            [
              -115.72554405260111,
              53.1857247935923
            ],
            [
              -115.36853026414258,
              53.23530295737011
            ],
            [
              -115.36709643438454,
              53.235466777163246
            ],
            [
              -115.3658438648756,
              53.234755082416605
            ],
            [
              -115.2183867533148,
              53.14629345646733
            ],
            [
              -115.21722952443267,
              53.14555962920662
            ],
            [
              -115.21859813171912,
              53.1454923787124
            ],
            [
              -115.58461464966135,
              53.1365664220686
            ],
            [
              -115.59043610346487,
              53.13628287307696
            ],
            [
              -115.59623692303138,
              53.135716996081634
            ],
            [
              -115.60200342417743,
              53.13487012599135
            ],
            [
              -115.60772200367697,
              53.13374426057995
            ],
            [
              -115.61337917135157,
              53.13234205577369
            ],
            [
              -115.61896158189379,
              53.130666819385816
            ],
            [
              -115.62445606634893,
              53.128722503313426
            ],
            [
              -115.62984966318069,
              53.12651369421495
            ],
            [
              -115.63512964884757,
              53.12404560269013
            ],
            [
              -115.64028356781772,
              53.12132405098821
            ],
            [
              -115.64529926195178,
              53.11835545927315
            ],
            [
              -115.65016489918393,
              53.11514683047845
            ],
            [
              -115.65486900143395,
              53.11170573378719
            ],
            [
              -115.65940047168394,
              53.108040286776166
            ],
            [
              -115.82591212425481,
              52.96652560425248
            ],
            [
              -115.82702979817316,
              52.96562161827333
            ],
            [
              -115.82833067169265,
              52.96623295526292
            ],
            [
              -115.838346873431,
              52.97124034058686
            ],
            [
              -115.84372234124947,
              52.973763429738185
            ],
            [
              -115.84921604335456,
              52.97601750833349
            ],
            [
              -115.85481452718315,
              52.977997056755235
            ],
            [
              -115.86050408359063,
              52.97969722763465
            ],
            [
              -115.86627078042069,
              52.981113857721624
            ],
            [
              -115.87210049662139,
              52.98224347807931
            ],
            [
              -115.87797895682368,
              52.98308332257864
            ],
            [
              -115.88389176629795,
              52.9836313346718
            ],
            [
              -115.8898244462026,
              52.98388617242812
            ],
            [
              -115.89576246903887,
              52.983847211820155
            ],
            [
              -115.90169129422463,
              52.9835145482517
            ],
            [
              -115.90759640370027,
              52.98288899632418
            ],
            [
              -115.91346333747936,
              52.981972087841946
            ],
            [
              -115.91927772905731,
              52.980766068061286
            ],
            [
              -115.92502534059088,
              52.97927389019242
            ],
            [
              -115.93069209776274,
              52.97749920816787
            ],
            [
              -115.93626412424565,
              52.97544636769505
            ],
            [
              -115.94172777568171,
              52.97312039561475
            ],
            [
              -115.94706967309368,
              52.97052698759186
            ],
            [
              -115.95227673564635,
              52.96767249416819
            ],
            [
              -115.95733621267794,
              52.9645639052118
            ],
            [
              -115.96223571492301,
              52.961208832800686
            ],
            [
              -115.96696324485022,
              52.95761549258295
            ],
            [
              -115.96999909044762,
              52.955187163108405
            ],
            [
              -115.97447700309537,
              52.95142274569246
            ],
            [
              -115.97876613378568,
              52.9474445679584
            ],
            [
              -115.98285628911944,
              52.943262084305346
            ],
            [
              -115.98673774857546,
              52.93888523467877
            ],
            [
              -115.99040128761192,
              52.93432442094756
            ],
            [
              -115.99383819958909,
              52.929590482183336
            ],
            [
              -115.9970403164613,
              52.92469466890063
            ],
            [
              -116.00000002818871,
              52.91964861631936
            ],
            [
              -116.00271030082318,
              52.91446431671293
            ],
            [
              -116.00516469322486,
              52.90915409090784
            ],
            [
              -116.00735737236991,
              52.90373055900241
            ],
            [
              -116.00928312721322,
              52.898206610374324
            ],
            [
              -116.01093738107268,
              52.89259537304813
            ],
            [
              -116.01231620250599,
              52.8869101824957
            ],
            [
              -116.01341631465395,
              52.881164549943556
            ],
            [
              -116.01423510302826,
              52.87537213026259
            ],
            [
              -116.01477062172488,
              52.86954668951635
            ],
            [
              -116.01502159804865,
              52.86370207224511
            ],
            [
              -116.01498743553796,
              52.857852168563404
            ],
            [
              -116.01466821538224,
              52.85201088114927
            ],
            [
              -116.01406469622906,
              52.84619209220361
            ],
            [
              -116.01317831238104,
              52.84040963045827
            ],
            [
              -116.01201117038732,
              52.83467723831111
            ],
            [
              -116.010566044037,
              52.829008539166324
            ],
            [
              -116.00884636776725,
              52.82341700505755
            ],
            [
              -116.00685622850098,
              52.817915924630654
            ],
            [
              -116.00460035593407,
              52.81251837156243
            ],
            [
              -116.00208411129499,
              52.80723717349015
            ],
            [
              -115.9993134746034,
              52.802084881525836
            ],
            [
              -115.99629503045827,
              52.797073740427734
            ],
            [
              -115.9930359523892,
              52.792215659499824
            ],
            [
              -115.98954398580801,
              52.78752218428862
            ],
            [
              -115.98582742960126,
              52.78300446914439
            ],
            [
              -115.98189511640742,
              52.77867325071213
            ],
            [
              -115.97775639162553,
              52.77453882241523
            ],
            [
              -115.97342109120527,
              52.77061100999247
            ],
            [
              -115.9688995182711,
              52.76689914814652
            ],
            [
              -115.96420241863635,
              52.76341205835939
            ],
            [
              -115.95934095526493,
              52.76015802792764
            ],
            [
              -115.95432668174197,
              52.757144790267034
            ],
            [
              -115.94917151481586,
              52.7543795065336
            ],
            [
              -115.94388770607739,
              52.75186874860469
            ],
            [
              -115.938487812843,
              52.74961848346044
            ],
            [
              -115.93298466831149,
              52.74763405900287
            ],
            [
              -115.8684220276956,
              52.726116253648385
            ],
            [
              -115.86705308178948,
              52.72562219624786
            ],
            [
              -115.86691514534843,
              52.72410431127898
            ],
            [
              -115.86674077005885,
              52.721449221575625
            ],
            [
              -115.86607942433133,
              52.71567436257148
            ],
            [
              -115.86513921172768,
              52.70993830338864
            ],
            [
              -115.86392233824617,
              52.70425450240522
            ],
            [
              -115.8624316590079,
              52.698636295387175
            ],
            [
              -115.86067067155778,
              52.69309686419889
            ],
            [
              -115.85864350765847,
              52.687649205874955
            ],
            [
              -115.856354923596,
              52.68230610212544
            ],
            [
              -115.85381028902029,
              52.677080089346546
            ],
            [
              -115.85101557434639,
              52.67198342920674
            ],
            [
              -115.84797733674637,
              52.6670280798775
            ],
            [
              -115.84470270476422,
              52.66222566797611
            ],
            [
              -115.84119936159044,
              52.65758746128647
            ],
            [
              -115.83747552703511,
              52.6531243423217
            ],
            [
              -115.83353993824197,
              52.64884678279081
            ],
            [
              -115.8294018291886,
              52.64476481902915
            ],
            [
              -115.82507090902105,
              52.640888028450405
            ],
            [
              -115.82055733927346,
              52.63722550707534
            ],
            [
              -115.8158717100263,
              52.633785848190044
            ],
            [
              -115.8110250150591,
              52.630577122183674
            ],
            [
              -115.80602862605603,
              52.6276068576131
            ],
            [
              -115.80089426592482,
              52.62488202353887
            ],
            [
              -115.7956339812915,
              52.62240901317384
            ],
            [
              -115.79026011423578,
              52.6201936288829
            ],
            [
              -115.78478527333307,
              52.618241068569105
            ],
            [
              -115.77922230407127,
              52.616555913477896
            ],
            [
              -115.77358425871178,
              52.61514211744825
            ],
            [
              -115.76788436566522,
              52.61400299763589
            ],
            [
              -115.76213599845397,
              52.61314122673032
            ],
            [
              -115.75635264433417,
              52.612558826683944
            ],
            [
              -115.7505478726509,
              52.61225716396803
            ],
            [
              -115.74473530300077,
              52.61223694636657
            ],
            [
              -115.73892857327654,
              52.61249822131564
            ],
            [
              -115.73314130766896,
              52.61304037579209
            ],
            [
              -115.72738708470051,
              52.61386213775187
            ],
            [
              -115.72167940536659,
              52.61496157911461
            ],
            [
              -115.71603166145832,
              52.61633612028741
            ],
            [
              -115.60846566541765,
              52.64529205839959
            ],
            [
              -115.60706925097259,
              52.64563175948538
            ],
            [
              -115.606154200722,
              52.64452375555203
            ],
            [
              -115.49798064887553,
              52.50686799665842
            ],
            [
              -115.49713238752702,
              52.50573231445932
            ],
            [
              -115.49850504108424,
              52.50538080891692
            ],
            [
              -115.62565567138944,
              52.476042548147625
            ],
            [
              -115.62705111295298,
              52.47575551582687
            ],
            [
              -115.6283772809725,
              52.47627166536935
            ],
            [
              -115.86567015958518,
              52.57512957153003
            ],
            [
              -115.86698812985887,
              52.57571670653409
            ],
            [
              -115.86722996192711,
              52.577595670962864
            ],
            [
              -115.86811887400889,
              52.583352574773855
            ],
            [
              -115.8692861122556,
              52.589059558307525
            ],
            [
              -115.87072892619139,
              52.5947031736492
            ],
            [
              -115.8724439159749,
              52.60027012220479
            ],
            [
              -115.87442704041062,
              52.60574728603752
            ],
            [
              -115.87667362647154,
              52.61112175877901
            ],
            [
              -115.87917838031066,
              52.616380876041774
            ],
            [
              -115.8819353997354,
              52.62151224526156
            ],
            [
              -115.88493818811548,
              52.62650377489911
            ],
            [
              -115.8881796696916,
              52.63134370293265
            ],
            [
              -115.89165220624868,
              52.63602062457384
            ],
            [
              -115.89534761511456,
              52.640523519142015
            ],
            [
              -115.89925718844161,
              52.64484177603324
            ],
            [
              -115.90337171372583,
              52.648965219723124
            ],
            [
              -115.90768149551523,
              52.65288413374436
            ],
            [
              -115.91217637825612,
              52.65658928358259
            ],
            [
              -115.9168457702236,
              52.6600719384366
            ],
            [
              -115.9216786684799,
              52.6633238917915
            ],
            [
              -115.92666368480161,
              52.66633748075656
            ],
            [
              -115.93178907251493,
              52.669105604122
            ],
            [
              -115.9370427541754,
              52.67162173909228
            ],
            [
              -115.94241235002717,
              52.67387995665636
            ],
            [
              -115.94788520717468,
              52.6758749355588
            ],
            [
              -115.95344842939777,
              52.67760197483878
            ],
            [
              -115.9590889075404,
              52.67905700490739
            ],
            [
              -115.96479335040097,
              52.680236597137224
            ],
            [
              -115.97054831605162,
              52.681137971941546
            ],
            [
              -115.97634024351282,
              52.68175900532415
            ],
            [
              -115.98215548470836,
              52.68209823388429
            ],
            [
              -115.98798033662558,
              52.68215485826505
            ],
            [
              -115.99380107360523,
              52.68192874503696
            ],
            [
              -115.99960397968442,
              52.68142042701238
            ],
            [
              -116.00537538091699,
              52.68063110199
            ],
            [
              -116.01110167759461,
              52.679562629932356
            ],
            [
              -116.01676937629321,
              52.67821752858301
            ],
            [
              -116.02236512166876,
              52.676598967533764
            ],
            [
              -116.05559012425303,
              52.66610836054102
            ],
            [
              -116.05695340910556,
              52.66571436272292
            ],
            [
              -116.05686973982614,
              52.667130615907205
            ],
            [
              -116.04711511022471,
              52.784169446512486
            ],
            [
              -116.04695768898868,
              52.78562676747768
            ],
            [
              -116.04648231633831,
              52.78714450866329
            ],
            [
              -116.04483766272213,
              52.79290168660302
            ],
            [
              -116.04348222544623,
              52.79873373368256
            ],
            [
              -116.04241937898308,
              52.80462613054146
            ],
            [
              -116.04165176937632,
              52.810564207573506
            ],
            [
              -116.04118130765312,
              52.816533181447966
            ],
            [
              -116.04100916506663,
              52.82251819191386
            ],
            [
              -116.04113577017992,
              52.8285043387958
            ],
            [
              -116.0415608077992,
              52.83447671908922
            ],
            [
              -116.04228321975837,
              52.84042046406256
            ],
            [
              -116.04330120755351,
              52.84632077627429
            ],
            [
              -116.04461223682031,
              52.85216296641229
            ],
            [
              -116.04621304364372,
              52.85793248986411
            ],
            [
              -116.04809964268355,
              52.863614982927
            ],
            [
              -116.05026733709651,
              52.86919629856751
            ],
            [
              -116.05271073022921,
              52.87466254164169
            ],
            [
              -116.05542373905362,
              52.88000010348822
            ],
            [
              -116.05839960931137,
              52.88519569580826
            ],
            [
              -116.06163093232888,
              52.890236383747755
            ],
            [
              -116.06510966346197,
              52.895109618099866
            ],
            [
              -116.06882714212361,
              52.89980326654721
            ],
            [
              -116.10605364037235,
              52.94446868184829
            ],
            [
              -116.10692903217002,
              52.945572320395456
            ]
          ]
        ]
      },
      "properties": {
        "hail_size_bin": "0.5\"",
        "min_size_inches": 0.5
      }
    },
    {
      "type": "Feature",
      "geometry": {
        "type": "Polygon",
        "coordinates": [
          [
            [
              -116.32688699119568,
              54.22522143030405
            ],
            [
              -116.32569581021981,
              54.22595958543228
            ],
            [
              -116.15827568036514,
              54.32442794382955
            ],
            [
              -116.15697312086695,
              54.32515067464924
            ],
            [
              -116.15554877719151,
              54.32471526206218
            ],
            [
              -116.09839399699811,
              54.30566639070952
            ],
            [
              -116.09706067765251,
              54.30518506312328
            ],
            [
              -116.09817338888884,
              54.30430683170271
            ],
            [
              -116.25580061599926,
              54.18610330241486
            ],
            [
              -116.25696737366486,
              54.18527172832837
            ],
            [
              -116.25822504012693,
              54.1859523717892
            ],
            [
              -116.32568660838228,
              54.2244963315099
            ],
            [
              -116.32688699119568,
              54.22522143030405
            ]
          ]
        ]
      },
      "properties": {
        "hail_size_bin": "0.5\"",
        "min_size_inches": 0.5
      }
    },
    {
      "type": "Feature",
      "geometry": {
        "type": "Polygon",
        "coordinates": [
          [
            [
              -116.87681518655813,
              54.10526727998719
            ],
            [
              -116.87586191530083,
              54.10630910340539
            ],
            [
              -116.6379773296688,
              54.354070142221374
            ],
            [
              -116.63688676014314,
              54.35514905160216
            ],
            [
              -116.63545620200016,
              54.35570164099184
            ],
            [
              -116.49831512879769,
              54.40467359771357
            ],
            [
              -116.49704033655581,
              54.405093856098475
            ],
            [
              -116.4979165515765,
              54.404077192501525
            ],
            [
              -116.68591300718093,
              54.1963213242
            ],
            [
              -116.68692742709162,
              54.19525417327811
            ],
            [
              -116.68887656236018,
              54.193880061403576
            ],
            [
              -116.6898006281912,
              54.19326176100081
            ],
            [
              -116.69453411638513,
              54.18974605875622
            ],
            [
              -116.69908919640288,
              54.1860020877645
            ],
            [
              -116.70345487086641,
              54.18203888713454
            ],
            [
              -116.70762059968156,
              54.17786602526366
            ],
            [
              -116.71157632548507,
              54.17349357673654
            ],
            [
              -116.71531249792616,
              54.16893209800204
            ],
            [
              -116.71882009672407,
              54.164192601886654
            ],
            [
              -116.72209065344583,
              54.159286531006146
            ],
            [
              -116.72511627195163,
              54.154225730139466
            ],
            [
              -116.72788964745865,
              54.14902241763184
            ],
            [
              -116.73040408417694,
              54.143689155895856
            ],
            [
              -116.73265351147529,
              54.13823882108189
            ],
            [
              -116.73463249853751,
              54.132684571991106
            ],
            [
              -116.73633626747412,
              54.127039818306
            ],
            [
              -116.73776070485772,
              54.121318188215284
            ],
            [
              -116.73890237165402,
              54.115533495511166
            ],
            [
              -116.73975851152476,
              54.10969970623861
            ],
            [
              -116.74032705748238,
              54.10383090497694
            ],
            [
              -116.74060663688033,
              54.097941260835306
            ],
            [
              -116.7405965747271,
              54.09204499324403
            ],
            [
              -116.74029689531588,
              54.08615633762451
            ],
            [
              -116.73970832216582,
              54.08028951102046
            ],
            [
              -116.73883227627535,
              54.074458677773606
            ],
            [
              -116.73767087269134,
              54.068677915326504
            ],
            [
              -116.73622691540277,
              54.06296118023524
            ],
            [
              -116.73450389057106,
              54.057322274474
            ],
            [
              -116.73250595811332,
              54.051774812112775
            ],
            [
              -116.7302379416591,
              54.046332186448794
            ],
            [
              -116.72770531690458,
              54.04100753767093
            ],
            [
              -116.72491419839254,
              54.03581372113521
            ],
            [
              -116.72187132475005,
              54.030763276328
            ],
            [
              -116.71858404241921,
              54.02586839659177
            ],
            [
              -116.71506028792062,
              54.02114089968658
            ],
            [
              -116.71130856869215,
              54.016592199258376
            ],
            [
              -116.70733794254933,
              54.01223327728284
            ],
            [
              -116.70315799581697,
              54.008074657551546
            ],
            [
              -116.69877882018481,
              54.00412638026422
            ],
            [
              -116.69421098834304,
              54.0003979777886
            ],
            [
              -116.68946552845654,
              53.996898451646345
            ],
            [
              -116.68455389753943,
              53.993636250780526
            ],
            [
              -116.67948795379434,
              53.990619251157305
            ],
            [
              -116.67427992798301,
              53.98785473675088
            ],
            [
              -116.66894239389738,
              53.98534938195771
            ],
            [
              -116.66348823800263,
              53.983109235482445
            ],
            [
              -116.65793062832519,
              53.981139705734485
            ],
            [
              -116.65228298266106,
              53.97944554777039
            ],
            [
              -116.64655893618108,
              53.978030851813706
            ],
            [
              -116.64077230851139,
              53.976899033379894
            ],
            [
              -116.63493707036854,
              53.976052825030195
            ],
            [
              -116.62906730982988,
              53.975494269774416
            ],
            [
              -116.62317719832056,
              53.97522471613842
            ],
            [
              -116.61728095639928,
              53.97524481490842
            ],
            [
              -116.61694668686,
              53.97525416988336
            ],
            [
              -116.61691181085715,
              53.97381559068021
            ],
            [
              -116.61691181085715,
              53.9567730396055
            ],
            [
              -116.61694721438377,
              53.95533395990904
            ],
            [
              -116.61838563857312,
              53.955374731368224
            ],
            [
              -116.80541737351943,
              53.9652171004371
            ],
            [
              -116.80684226730602,
              53.96532712490594
            ],
            [
              -116.80624950404172,
              53.96796549029848
            ],
            [
              -116.80613939177748,
              53.96840643393966
            ],
            [
              -116.80499088259181,
              53.97420854019774
            ],
            [
              -116.80412966195266,
              53.98006019034025
            ],
            [
              -116.80355782211845,
              53.98594716830722
            ],
            [
              -116.80327675232284,
              53.9918551722129
            ],
            [
              -116.80328713539974,
              53.997769849090915
            ],
            [
              -116.80358894612439,
              54.00367682976348
            ],
            [
              -116.80418145127466,
              54.00956176375007
            ],
            [
              -116.80506321141236,
              54.015410354130594
            ],
            [
              -116.80623208438018,
              54.02120839227851
            ],
            [
              -116.80768523050595,
              54.02694179237938
            ],
            [
              -116.80941911950129,
              54.03259662565115
            ],
            [
              -116.81142953903814,
              54.03815915418279
            ],
            [
              -116.81371160498233,
              54.043615864309416
            ],
            [
              -116.81625977325899,
              54.04895349944245
            ],
            [
              -116.81906785332153,
              54.054159092275356
            ],
            [
              -116.82212902319088,
              54.05921999628655
            ],
            [
              -116.82543584602901,
              54.06412391646298
            ],
            [
              -116.828980288206,
              54.06885893916975
            ],
            [
              -116.83275373881698,
              54.073413561093254
            ],
            [
              -116.83674703060164,
              54.07777671718742
            ],
            [
              -116.84095046221525,
              54.08193780755527
            ],
            [
              -116.84535382179709,
              54.08588672320042
            ],
            [
              -116.84994641177946,
              54.08961387058594
            ],
            [
              -116.85471707487628,
              54.093110194941076
            ],
            [
              -116.85965422118878,
              54.09636720225892
            ],
            [
              -116.86474585636218,
              54.09937697993187
            ],
            [
              -116.86997961072481,
              54.10213221597462
            ],
            [
              -116.87534276933916,
              54.104626216787956
            ],
            [
              -116.87681518655813,
              54.10526727998719
            ]
          ]
        ]
      },
      "properties": {
        "hail_size_bin": "0.5\"",
        "min_size_inches": 0.5
      }
    },
    {
      "type": "Feature",
      "geometry": {
        "type": "Polygon",
        "coordinates": [
          [
            [
              -117.25672629193052,
              53.88533029067964
            ],
            [
              -117.25551752613407,
              53.886018602420464
            ],
            [
              -117.12813398799544,
              53.95459993820726
            ],
            [
              -117.12685689610937,
              53.955247644560515
            ],
            [
              -117.12633623598416,
              53.95391493640375
            ],
            [
              -117.08734586361497,
              53.846706732223744
            ],
            [
              -117.08689857373402,
              53.845376520538125
            ],
            [
              -117.08827212342307,
              53.84566443132062
            ],
            [
              -117.25538002879148,
              53.88497832059097
            ],
            [
              -117.25672629193052,
              53.88533029067964
            ]
          ]
        ]
      },
      "properties": {
        "hail_size_bin": "0.5\"",
        "min_size_inches": 0.5
      }
    },
    {
      "type": "Feature",
      "geometry": {
        "type": "Polygon",
        "coordinates": [
          [
            [
              -117.88665820816128,
              54.515183426237435
            ],
            [
              -117.88589720913221,
              54.51634040454988
            ],
            [
              -117.7975858940498,
              54.64388296742829
            ],
            [
              -117.79675688881258,
              54.64501929634147
            ],
            [
              -117.79635365871152,
              54.64367187506742
            ],
            [
              -117.76713572954752,
              54.53655477494947
            ],
            [
              -117.7667916493077,
              54.535159025103724
            ],
            [
              -117.76820275681321,
              54.534888932280474
            ],
            [
              -117.88528672242415,
              54.51537772612384
            ],
            [
              -117.88665820816128,
              54.515183426237435
            ]
          ]
        ]
      },
      "properties": {
        "hail_size_bin": "0.5\"",
        "min_size_inches": 0.5
      }
    },
    {
      "type": "Feature",
      "geometry": {
        "type": "Polygon",
        "coordinates": [
          [
            [
              -118.31662519543336,
              53.87534942183386
            ],
            [
              -118.31622907943171,
              53.87671261442143
            ],
            [
              -118.2571170501056,
              54.06387396230986
            ],
            [
              -118.2566517389429,
              54.065231353933264
            ],
            [
              -118.25521793352425,
              54.06526574085714
            ],
            [
              -118.1281805676926,
              54.06526574085714
            ],
            [
              -118.12682212965818,
              54.06523212536863
            ],
            [
              -118.12887684753211,
              54.063990057978
            ],
            [
              -118.13386089793048,
              54.06080618485556
            ],
            [
              -118.13868202552811,
              54.057380614082604
            ],
            [
              -118.143328519737,
              54.05372166641966
            ],
            [
              -118.14778909415605,
              54.04983822950305
            ],
            [
              -118.15205291398608,
              54.045739736256714
            ],
            [
              -118.15610962234761,
              54.04143614197951
            ],
            [
              -118.15994936543785,
              54.03693790016362
            ],
            [
              -118.1635628164658,
              54.03225593710291
            ],
            [
              -118.16694119830711,
              54.027401625352766
            ],
            [
              -118.17007630482387,
              54.02238675610603
            ],
            [
              -118.17296052079737,
              54.01722351055198
            ],
            [
              -118.1755868404257,
              54.01192443028809
            ],
            [
              -118.17794888434082,
              54.00650238685629
            ],
            [
              -118.1800409151042,
              54.00097055047781
            ],
            [
              -118.1818578511431,
              53.9953423580625
            ],
            [
              -118.18339527909389,
              53.98963148057043
            ],
            [
              -118.184649464522,
              53.983851789804895
            ],
            [
              -118.18561736099304,
              53.97801732471763
            ],
            [
              -118.18629661747262,
              53.97214225730795
            ],
            [
              -118.18668558403702,
              53.96624085819884
            ],
            [
              -118.18672420567027,
              53.96530330285726
            ],
            [
              -118.18735451902695,
              53.9639604282701
            ],
            [
              -118.23601937291254,
              53.866644626729936
            ],
            [
              -118.23670114826893,
              53.8653612830083
            ],
            [
              -118.23814671701335,
              53.86550616086612
            ],
            [
              -118.31521979147624,
              53.8751389186724
            ],
            [
              -118.31662519543336,
              53.87534942183386
            ]
          ]
        ]
      },
      "properties": {
        "hail_size_bin": "0.5\"",
        "min_size_inches": 0.5
      }
    }
  ]
}