{
  "type": "FeatureCollection",
  "features": [
    {
      "type": "Feature",
      "geometry": {
        "type": "Polygon",
        "coordinates": [
          [
            [
              -83.57159142078459,
              43.89818325374193
            ],
            [
              -83.57111393410399,
              43.89882196481215
            ],
            [
              -83.5321442687143,
              43.94752708668597
            ],
            [
              -83.53165590312278,
              43.94809860910156
            ],
            [
              -83.53152571158348,
              43.94735825985979
            ],
            [
              -83.52175698692892,
              43.878986957398396
            ],
            [
              -83.52167258862832,
              43.87821723381455
            ],
            [
              -83.52240057470841,
              43.87848111586307
            ],
            [
              -83.57086099513965,
              43.897862514472955
            ],
            [
              -83.57159142078459,
              43.89818325374193
            ]
          ]
        ]
      },
      "properties": {
        "hail_size_bin": "1.5\"",
        "min_size_inches": 1.5
      }
    },
    {
      "type": "Feature",
      "geometry": {
        "type": "Polygon",
        "coordinates": [
          [
            [
              -92.66026139067674,
              43.46827097119806
            ],
            [
              -92.65952713772047,
              43.46829461514285
            ],
            [
              -92.59116355067817,
              43.46829461514285
            ],
            [
              -92.59037117882741,
              43.46826867557427
            ],
            [
              -92.59034535457143,
              43.467476419036096
            ],
            [
              -92.59034535457143,
              43.419138894506496
            ],
            [
              -92.5903712513974,
              43.41835907725798
            ],
            [
              -92.59102077962284,
              43.41879127982023
            ],
            [
              -92.65967764934985,
              43.4678248942496
            ],
            [
              -92.66026139067674,
              43.46827097119806
            ]
          ]
        ]
      },
      "properties": {
        "hail_size_bin": "1.5\"",
        "min_size_inches": 1.5
      }
    },
    {
      "type": "Feature",
      "geometry": {
        "type": "Polygon",
        "coordinates": [
          [
            [
              -102.08895259089718,
              38.36977738096072
            ],
            [
              -102.08872991463289,
              38.37052587007452
            ],
            [
              -102.06924493588681,
              38.42897245441423
            ],
            [
              -102.06897373951871,
              38.429706425995384
            ],
            [
              -102.06819817689738,
              38.42960267450039
            ],
            [
              -102.00982477587473,
              38.41987516437143
            ],
            [
              -102.00902649137251,
              38.41971451238353
            ],
            [
              -102.00899937114286,
              38.41890082963995
            ],
            [
              -102.00899937114286,
              38.370570099821045
            ],
            [
              -102.00902531071145,
              38.369777727970266
            ],
            [
              -102.00981756724961,
              38.36975190371429
            ],
            [
              -102.08817209644968,
              38.36975190371429
            ],
            [
              -102.08895259089718,
              38.36977738096072
            ]
          ]
        ]
      },
      "properties": {
        "hail_size_bin": "1.5\"",
        "min_size_inches": 1.5
      }
    },
    {
      "type": "Feature",
      "geometry": {
        "type": "Polygon",
        "coordinates": [
          [
            [
              -103.7386785445995,
              43.26834519827272
            ],
            [
              -103.7379626340011,
              43.26854912172624
            ],
            [
              -103.65956864211597,
              43.288144819511984
            ],
            [
              -103.65876793561604,
              43.28831695454971
            ],
            [
              -103.65805687468864,
              43.28791119713464
            ],
            [
              -103.52949607508585,
              43.208808162580986
            ],
            [
              -103.52881503045388,
              43.20835696685533
            ],
            [
              -103.52904728188055,
              43.207573730844715
            ],
            [
              -103.53852653283667,
              43.17914004109303
            ],
            [
              -103.53879570229029,
              43.17841157935648
            ],
            [
              -103.53951379515986,
              43.17870730106269
            ],
            [
              -103.73801000520187,
              43.268017833287395
            ],
            [
              -103.7386785445995,
              43.26834519827272
            ]
          ]
        ]
      },
      "properties": {
        "hail_size_bin": "1.5\"",
        "min_size_inches": 1.5
      }
    },
    {
      "type": "Feature",
      "geometry": {
        "type": "Polygon",
        "coordinates": [
          [
            [
              -104.66856428307223,
              44.038156702095236
            ],
            [
              -104.66808071207298,
              44.038747177278225
            ],
            [
              -104.59917472766315,
              44.117485622182265
            ],
            [
              -104.59861459532071,
              44.11808444507831
            ],
            [
              -104.5984506987255,
              44.118121166916474
            ],
            [
              -104.59523550584392,
              44.1189618457425
            ],
            [
              -104.59208326021252,
              44.120014249483276
            ],
            [
              -104.58900788745153,
              44.12127372895325
            ],
            [
              -104.58602297358128,
              44.12273472017207
            ],
            [
              -104.5831417050034,
              44.12439076894444
            ],
            [
              -104.58037681024757,
              44.12623455937275
            ],
            [
              -104.57774050374087,
              44.12825794617635
            ],
            [
              -104.5752444318483,
              44.13045199067486
            ],
            [
              -104.57289962142289,
              44.132807000276365
            ],
            [
              -104.57071643109254,
              44.135312571296254
            ],
            [
              -104.56870450549886,
              44.137957634917385
            ],
            [
              -104.56861807465724,
              44.13807946462798
            ],
            [
              -104.56782978468549,
              44.13821797945485
            ],
            [
              -104.49945208489655,
              44.14798482661916
            ],
            [
              -104.49879875046398,
              44.14805646345146
            ],
            [
              -104.50000810212309,
              44.14748477576173
            ],
            [
              -104.50296138092621,
              44.14596673203868
            ],
            [
              -104.50580738658022,
              44.14425601164906
            ],
            [
              -104.50853356670608,
              44.14236015976789
            ],
            [
              -104.5111278974183,
              44.140287538097226
            ],
            [
              -104.51357893635647,
              44.138047287986716
            ],
            [
              -104.51587587315213,
              44.13564929011541
            ],
            [
              -104.51800857710819,
              44.13310412091282
            ],
            [
              -104.5199676418806,
              44.13042300591126
            ],
            [
              -104.52174442696524,
              44.12761777023542
            ],
            [
              -104.52333109580714,
              44.124700786447285
            ],
            [
              -104.52472065036373,
              44.12168491997671
            ],
            [
              -104.52590696196994,
              44.118583472378084
            ],
            [
              -104.5268847983688,
              44.11541012266349
            ],
            [
              -104.52764984678846,
              44.1121788669711
            ],
            [
              -104.52819873296377,
              44.10890395683483
            ],
            [
              -104.52852903601853,
              44.105599836327634
            ],
            [
              -104.52863929914287,
              44.102281078355524
            ],
            [
              -104.52863929914287,
              44.06894094422384
            ],
            [
              -104.52866481258229,
              44.0681611875392
            ],
            [
              -104.53004316785817,
              44.0686785194825
            ],
            [
              -104.5331712469179,
              44.06973584524908
            ],
            [
              -104.53636229148115,
              44.07058440342387
            ],
            [
              -104.53960238499873,
              44.07122049333729
            ],
            [
              -104.54287739701277,
              44.07164134092073
            ],
            [
              -104.54617304478144,
              44.07184511080461
            ],
            [
              -104.54947495556772,
              44.07183091432268
            ],
            [
              -104.5527687293208,
              44.07159881338761
            ],
            [
              -104.55604000147655,
              44.07114982022094
            ],
            [
              -104.55927450560307,
              44.070485892938684
            ],
            [
              -104.56245813561856,
              44.069609927011754
            ],
            [
              -104.5655770073096,
              44.0685257426384
            ],
            [
              -104.56861751888206,
              44.067238068083896
            ],
            [
              -104.5715664102802,
              44.06575251905992
            ],
            [
              -104.57441082101543,
              44.06407557423377
            ],
            [
              -104.57713834625257,
              44.062214546974054
            ],
            [
              -104.57973709090888,
              44.060177553456164
            ],
            [
              -104.58219572153004,
              44.05797347726662
            ],
            [
              -104.58450351571678,
              44.055611930660625
            ],
            [
              -104.58665040888657,
              44.05310321264177
            ],
            [
              -104.59812946289797,
              44.03875644525153
            ],
            [
              -104.59864141842922,
              44.03815696381523
            ],
            [
              -104.59942935262963,
              44.03813174171428
            ],
            [
              -104.66780147324494,
              44.03813174171428
            ],
            [
              -104.66856428307223,
              44.038156702095236
            ]
          ]
        ]
      },
      "properties": {
        "hail_size_bin": "1.5\"",
        "min_size_inches": 1.5
      }
    },
    {
      "type": "Feature",
      "geometry": {
        "type": "Polygon",
        "coordinates": [
          [
            [
              -77.04250005167447,
              35.22059543459788
            ],
            [
              -77.04181235718355,
              35.22031654376272
            ],
            [
              -76.95331161274733,
              35.18098849946674
            ],
            [
              -76.95260520307842,
              35.18064710031076
            ],
            [
              -76.95258008714285,
              35.17986292099859
            ],
            [
              -76.95258008714285,
              35.16148733439247
            ],
            [
              -76.95260602671144,
              35.16069496254169
            ],
            [
              -76.9533982832496,
              35.16066913828571
            ],
            [
              -77.00175392980715,
              35.16066913828571
            ],
            [
              -77.00255897098381,
              35.16069551893315
            ],
            [
              -77.00302729449778,
              35.161350568371695
            ],
            [
              -77.04210897295967,
              35.219964710222335
            ],
            [
              -77.04250005167447,
              35.22059543459788
            ]
          ]
        ]
      },
      "properties": {
        "hail_size_bin": "1.0\"",
        "min_size_inches": 1.0
      }
    },
    {
      "type": "Feature",
      "geometry": {
        "type": "Polygon",
        "coordinates": [
          [
            [
              -77.73244269671713,
              34.420854763744025
            ],
            [
              -77.73165044017897,
              34.420880588
            ],
            [
              -77.69329254782103,
              34.420880588
            ],
            [
              -77.69250017597027,
              34.42085464843142
            ],
            [
              -77.69247435171428,
              34.42006239189325
            ],
            [
              -77.69247435171428,
              34.38171240857469
            ],
            [
              -77.69249993440737,
              34.380933029895736
            ],
            [
              -77.69320815257453,
              34.38125886572257
            ],
            [
              -77.73174037829806,
              34.400522225889176
            ],
            [
              -77.73244263628303,
              34.40090237276932
            ],
            [
              -77.73246863628572,
              34.4017004967746
            ],
            [
              -77.73246863628572,
              34.42006239189325
            ],
            [
              -77.73244269671713,
              34.420854763744025
            ]
          ]
        ]
      },
      "properties": {
        "hail_size_bin": "1.0\"",
        "min_size_inches": 1.0
      }
    },
    {
      "type": "Feature",
      "geometry": {
        "type": "Polygon",
        "coordinates": [
          [
            [
              -78.5123198497561,
              35.58056140168609
            ],
            [
              -78.5119279512123,
              35.581235802907045
            ],
            [
              -78.46278914861949,
              35.65984665372416
            ],
            [
              -78.4623516678571,
              35.66049902780951
            ],
            [
              -78.46157091821456,
              35.66041293855157
            ],
            [
              -78.39318261906755,
              35.65064457740959
            ],
            [
              -78.39242098291476,
              35.65051027972184
            ],
            [
              -78.39287565344696,
              35.649884659864924
            ],
            [
              -78.46186919898643,
              35.56119134683758
            ],
            [
              -78.46237264388036,
              35.56058552439911
            ],
            [
              -78.46311307554348,
              35.56085429668294
            ],
            [
              -78.51160529548778,
              35.580248413280685
            ],
            [
              -78.5123198497561,
              35.58056140168609
            ]
          ]
        ]
      },
      "properties": {
        "hail_size_bin": "1.0\"",
        "min_size_inches": 1.0
      }
    },
    {
      "type": "Feature",
      "geometry": {
        "type": "Polygon",
        "coordinates": [
          [
            [
              -83.11166156293652,
              44.19809514887362
            ],
            [
              -83.11121349751383,
              44.19873448169907
            ],
            [
              -83.08219029533254,
              44.23742655558844
            ],
            [
              -83.08171881196698,
              44.238014426665046
            ],
            [
              -83.08157100144976,
              44.2372755297402
            ],
            [
              -83.07183859974204,
              44.178889462744664
            ],
            [
              -83.07173779276243,
              44.17813498770008
            ],
            [
              -83.07242899893305,
              44.17845337221825
            ],
            [
              -83.11097485410151,
              44.19772354613365
            ],
            [
              -83.11166156293652,
              44.19809514887362
            ]
          ]
        ]
      },
      "properties": {
        "hail_size_bin": "1.0\"",
        "min_size_inches": 1.0
      }
    },
    {
      "type": "Feature",
      "geometry": {
        "type": "Polygon",
        "coordinates": [
          [
            [
              -83.64158592845287,
              43.83817138115061
            ],
            [
              -83.64082034010283,
              43.838389821975845
            ],
            [
              -83.60512487120569,
              43.847312414179775
            ],
            [
              -83.60203935130743,
              43.84818975152828
            ],
            [
              -83.59901643946472,
              43.849263137692176
            ],
            [
              -83.59606857816874,
              43.85052815454793
            ],
            [
              -83.59320790099804,
              43.85197959520832
            ],
            [
              -83.59044618267589,
              43.85361148545425
            ],
            [
              -83.58779479060489,
              43.855417108325035
            ],
            [
              -83.58526463807799,
              43.85738903176581
            ],
            [
              -83.58286613935871,
              43.85951913921832
            ],
            [
              -83.5806091668154,
              43.861798663029205
            ],
            [
              -83.57850301028596,
              43.864218220538156
            ],
            [
              -83.57655633884026,
              43.86676785269754
            ],
            [
              -83.57477716509783,
              43.86943706506449
            ],
            [
              -83.57317281224726,
              43.87221487099661
            ],
            [
              -83.57174988390364,
              43.87508983687373
            ],
            [
              -83.57051423692761,
              43.878050129159334
            ],
            [
              -83.56947095731815,
              43.881083563108206
            ],
            [
              -83.56862433927837,
              43.8841776529195
            ],
            [
              -83.56797786754021,
              43.88731966312913
            ],
            [
              -83.56753420302114,
              43.89049666102969
            ],
            [
              -83.56729517187163,
              43.893695569902285
            ],
            [
              -83.5672617579586,
              43.89690322284113
            ],
            [
              -83.56743409881577,
              43.9001064169493
            ],
            [
              -83.56781148507757,
              43.9032919676827
            ],
            [
              -83.5683923633989,
              43.906446763118446
            ],
            [
              -83.56917434284887,
              43.90955781792437
            ],
            [
              -83.57140734916749,
              43.917372223376816
            ],
            [
              -83.5715996307941,
              43.91814024490489
            ],
            [
              -83.57080860256897,
              43.918166030857144
            ],
            [
              -83.48245551254448,
              43.918166030857144
            ],
            [
              -83.48164873353181,
              43.91813993379749
            ],
            [
              -83.48072699396424,
              43.9179274616922
            ],
            [
              -83.47942560196553,
              43.91758325159981
            ],
            [
              -83.47624174483008,
              43.91695880395671
            ],
            [
              -83.47302409164342,
              43.91654216371809
            ],
            [
              -83.46978619114661,
              43.91633508525284
            ],
            [
              -83.46654167733709,
              43.91633844051712
            ],
            [
              -83.46330421205931,
              43.91655221538275
            ],
            [
              -83.46008742747813,
              43.91697550969668
            ],
            [
              -83.45690486867707,
              43.91760654107134
            ],
            [
              -83.4537699366234,
              43.918442652389835
            ],
            [
              -83.45069583173995,
              43.91948032299438
            ],
            [
              -83.44769549832138,
              43.92071518351094
            ],
            [
              -83.44478157002895,
              43.92214203424757
            ],
            [
              -83.44196631669338,
              43.92375486708904
            ],
            [
              -83.43926159264952,
              43.92554689079551
            ],
            [
              -83.43667878682076,
              43.92751055959878
            ],
            [
              -83.43422877476308,
              43.92963760497563
            ],
            [
              -83.43192187287073,
              43.93191907046453
            ],
            [
              -83.4297677949365,
              43.9343453493791
            ],
            [
              -83.42777561124933,
              43.93690622525945
            ],
            [
              -83.42595371040156,
              43.939590914891205
            ],
            [
              -83.42430976396662,
              43.94238811371093
            ],
            [
              -83.42285069419601,
              43.94528604340685
            ],
            [
              -83.4216872559117,
              43.94802612585412
            ],
            [
              -83.42163593366072,
              43.94813678302963
            ],
            [
              -83.42088252893014,
              43.948415117632905
            ],
            [
              -83.3924394865174,
              43.95789477714633
            ],
            [
              -83.39166924707105,
              43.958123654576454
            ],
            [
              -83.39116681328136,
              43.9574972419295
            ],
            [
              -83.36215060334331,
              43.91881448969907
            ],
            [
              -83.36170257077417,
              43.918175017700236
            ],
            [
              -83.36238924675563,
              43.917803554133656
            ],
            [
              -83.40091876994302,
              43.89854154504206
            ],
            [
              -83.40165340066314,
              43.89820417096738
            ],
            [
              -83.40265267171524,
              43.8991548085519
            ],
            [
              -83.40295619110923,
              43.89946343030569
            ],
            [
              -83.40539331258306,
              43.901637458499735
            ],
            [
              -83.40796716168002,
              43.9036477471588
            ],
            [
              -83.41066675737187,
              43.90548571961978
            ],
            [
              -83.41348058214707,
              43.90714353438663
            ],
            [
              -83.41639663114903,
              43.90861411858515
            ],
            [
              -83.41940246339331,
              43.90989119813866
            ],
            [
              -83.42248525484572,
              43.91096932453555
            ],
            [
              -83.42563185313455,
              43.91184389807476
            ],
            [
              -83.42882883366362,
              43.91251118748984
            ],
            [
              -83.43206255688678,
              43.91296834586801
            ],
            [
              -83.43531922649944,
              43.913213422796126
            ],
            [
              -83.43858494829891,
              43.91324537268195
            ],
            [
              -83.44184578946239,
              43.913064059214996
            ],
            [
              -83.44508783798975,
              43.912670255948115
            ],
            [
              -83.44829726205745,
              43.91206564299721
            ],
            [
              -83.45146036903043,
              43.91125279987323
            ],
            [
              -83.45456366388014,
              43.910235194476954
            ],
            [
              -83.45759390675948,
              43.909017168303635
            ],
            [
              -83.46053816948914,
              43.90760391792048
            ],
            [
              -83.4633838907141,
              43.90600147279613
            ],
            [
              -83.46611892949524,
              43.904216669576606
            ],
            [
              -83.46873161710722,
              43.902257122917575
            ],
            [
              -83.47121080682177,
              43.900131192997286
            ],
            [
              -83.4735459214639,
              43.89784794984885
            ],
            [
              -83.47572699853815,
              43.89541713466401
            ],
            [
              -83.4777447327325,
              43.892849118233435
            ],
            [
              -83.47959051561834,
              43.890154856701
            ],
            [
              -83.48125647237731,
              43.88734584482066
            ],
            [
              -83.48273549539842,
              43.884434066915354
            ],
            [
              -83.48402127460166,
              43.88143194574738
            ],
            [
              -83.48510832435943,
              43.87835228951804
            ],
            [
              -83.48599200690015,
              43.875208237223
            ],
            [
              -83.4866685520949,
              43.872013202596236
            ],
            [
              -83.48713507354216,
              43.868780816881944
            ],
            [
              -83.49155449607046,
              43.82901169705379
            ],
            [
              -83.49166806064201,
              43.828226687611426
            ],
            [
              -83.49242828631195,
              43.82845260101906
            ],
            [
              -83.51054271861061,
              43.834489882403325
            ],
            [
              -83.51372867788348,
              43.835435303122125
            ],
            [
              -83.51697040306149,
              43.836166996154844
            ],
            [
              -83.52025357329616,
              43.83668172912842
            ],
            [
              -83.52356368464869,
              43.836977228126194
            ],
            [
              -83.52688611416355,
              43.83705218773325
            ],
            [
              -83.53020618446769,
              43.836906276803326
            ],
            [
              -83.53350922861026,
              43.8365401399217
            ],
            [
              -83.53678065485627,
              43.83595539455764
            ],
            [
              -83.54000601114792,
              43.83515462391892
            ],
            [
              -83.54317104894892,
              43.83414136554017
            ],
            [
              -83.54626178618975,
              43.832920095655155
            ],
            [
              -83.54926456903569,
              43.831496209422326
            ],
            [
              -83.55216613220487,
              43.82987599709084
            ],
            [
              -83.55495365756984,
              43.828066616212304
            ],
            [
              -83.55761483078366,
              43.82607606002121
            ],
            [
              -83.56013789568063,
              43.82391312212344
            ],
            [
              -83.56251170621097,
              43.82158735764914
            ],
            [
              -83.56472577568039,
              43.81910904104135
            ],
            [
              -83.56677032307671,
              43.816489120666965
            ],
            [
              -83.5686363162791,
              43.81373917045059
            ],
            [
              -83.57031551195892,
              43.810871338744796
            ],
            [
              -83.57148812061364,
              43.80852368616075
            ],
            [
              -83.57165180670178,
              43.8082205093253
            ],
            [
              -83.57243177021674,
              43.80803796806238
            ],
            [
              -83.62082750922616,
              43.798360203193496
            ],
            [
              -83.62161269233692,
              43.7982296557314
            ],
            [
              -83.62199172098346,
              43.79892957890015
            ],
            [
              -83.64125358979587,
              43.83744781234739
            ],
            [
              -83.64158592845287,
              43.83817138115061
            ]
          ]
        ]
      },
      "properties": {
        "hail_size_bin": "1.0\"",
        "min_size_inches": 1.0
      }
    },
    {
      "type": "Feature",
      "geometry": {
        "type": "Polygon",
        "coordinates": [
          [
            [
              -97.57960221458146,
              45.26780641799425
            ],
            [
              -97.57951587886107,
              45.26859549347991
            ],
            [
              -97.56974952214874,
              45.336950222713824
            ],
            [
              -97.56961685214173,
              45.33770213748006
            ],
            [
              -97.56910121046307,
              45.33713902931513
            ],
            [
              -97.51818960712205,
              45.27775064523044
            ],
            [
              -97.51596887559805,
              45.27532624405278
            ],
            [
              -97.51359361418677,
              45.273053029852576
            ],
            [
              -97.51107409291957,
              45.27094083143479
            ],
            [
              -97.50842120557107,
              45.268998781412755
            ],
            [
              -97.50564642255718,
              45.26723527672103
            ],
            [
              -97.50276174133992,
              45.2656579423092
            ],
            [
              -97.50195922288458,
              45.26528539974215
            ],
            [
              -97.50442468902605,
              45.26604147182885
            ],
            [
              -97.5076421766127,
              45.26679969938201
            ],
            [
              -97.51090273348983,
              45.26734367019345
            ],
            [
              -97.51419210823884,
              45.267671006646076
            ],
            [
              -97.51749592348244,
              45.267780278
            ],
            [
              -97.57880886051197,
              45.267780278
            ],
            [
              -97.57960221458146,
              45.26780641799425
            ]
          ]
        ]
      },
      "properties": {
        "hail_size_bin": "1.0\"",
        "min_size_inches": 1.0
      }
    },
    {
      "type": "Feature",
      "geometry": {
        "type": "Polygon",
        "coordinates": [
          [
            [
              -97.49576526902504,
              45.26279186277405
            ],
            [
              -97.49357508527758,
              45.26210696262897
            ],
            [
              -97.49037946969463,
              45.26133403920588
            ],
            [
              -97.48713996636262,
              45.26077280152557
            ],
            [
              -97.48387058207703,
              45.26042567623825
            ],
            [
              -97.48058545283108,
              45.260294164226124
            ],
            [
              -97.47729878269521,
              45.26037883411397
            ],
            [
              -97.47402478240228,
              45.26067931981054
            ],
            [
              -97.47077760790395,
              45.26119432209147
            ],
            [
              -97.46757129916392,
              45.26192161421675
            ],
            [
              -97.46441971945262,
              45.26285805155864
            ],
            [
              -97.42043139426916,
              45.2775187316383
            ],
            [
              -97.41967151039955,
              45.277744650620825
            ],
            [
              -97.41939646109553,
              45.277001265054786
            ],
            [
              -97.41741294681742,
              45.27105157241945
            ],
            [
              -97.41630902927895,
              45.26806151071178
            ],
            [
              -97.41501684499401,
              45.26514785961371
            ],
            [
              -97.41354164493592,
              45.26232245915784
            ],
            [
              -97.41188942378834,
              45.259596790757804
            ],
            [
              -97.41006689558519,
              45.25698193055195
            ],
            [
              -97.4080814664271,
              45.25448850439389
            ],
            [
              -97.4059412043858,
              45.252126644672835
            ],
            [
              -97.4036548067182,
              45.249905949139205
            ],
            [
              -97.40123156452404,
              45.24783544190282
            ],
            [
              -97.3986813249901,
              45.24592353676215
            ],
            [
              -97.39601445137474,
              45.244178003013644
            ],
            [
              -97.39324178089541,
              45.242605933880135
            ],
            [
              -97.39037458069006,
              45.24121371768648
            ],
            [
              -97.3874245020315,
              45.240007011899735
            ],
            [
              -97.38440353298085,
              45.238990720139235
            ],
            [
              -97.38132394967235,
              45.238168972250016
            ],
            [
              -97.37819826642753,
              45.237545107520646
            ],
            [
              -97.32049490987458,
              45.227929255514276
            ],
            [
              -97.3196966253725,
              45.2277686035264
            ],
            [
              -97.31966950514285,
              45.226954920782816
            ],
            [
              -97.31966950514285,
              45.17864278178861
            ],
            [
              -97.31969675297988,
              45.1778289484131
            ],
            [
              -97.32049490987458,
              45.17766844705715
            ],
            [
              -97.37886812790879,
              45.167940967421934
            ],
            [
              -97.37964007837576,
              45.16783770497495
            ],
            [
              -97.37977396762058,
              45.168665596879954
            ],
            [
              -97.37997692337912,
              45.1702273480291
            ],
            [
              -97.38061154862812,
              45.17344371236233
            ],
            [
              -97.38145558538717,
              45.17661157452475
            ],
            [
              -97.38250540505825,
              45.179717315561746
            ],
            [
              -97.38375649436217,
              45.18274758358361
            ],
            [
              -97.38520347474153,
              45.18568935116663
            ],
            [
              -97.3868401254837,
              45.18852997135927
            ],
            [
              -97.38865941046431,
              45.19125723205272
            ],
            [
              -97.39065350839624,
              45.193859408481906
            ],
            [
              -97.39281384645408,
              45.19632531363146
            ],
            [
              -97.39513113712955,
              45.198644346329814
            ],
            [
              -97.39759541815953,
              45.200806536824665
            ],
            [
              -97.40019609535467,
              45.20280258964396
            ],
            [
              -97.40292198814495,
              45.20462392355803
            ],
            [
              -97.40576137764609,
              45.20626270847118
            ],
            [
              -97.4087020570401,
              45.20771189908401
            ],
            [
              -97.41173138405372,
              45.2089652651819
            ],
            [
              -97.41483633530869,
              45.2100174184193
            ],
            [
              -97.41800356231066,
              45.210863835484744
            ],
            [
              -97.42121944883564,
              45.211500877547074
            ],
            [
              -97.4244701694675,
              45.21192580589907
            ],
            [
              -97.42774174903482,
              45.212136793731474
            ],
            [
              -97.43102012269154,
              45.21213293398661
            ],
            [
              -97.43429119638314,
              45.211914243257894
            ],
            [
              -97.43754090743838,
              45.21148166171853
            ],
            [
              -97.45885364033028,
              45.20793004708842
            ],
            [
              -97.45963362940736,
              45.20782580771717
            ],
            [
              -97.45994918927653,
              45.20854653585887
            ],
            [
              -97.47107300399333,
              45.236352099292134
            ],
            [
              -97.47240161522437,
              45.2393789669122
            ],
            [
              -97.47392732710013,
              45.24231142981304
            ],
            [
              -97.47564347095648,
              45.245136670627005
            ],
            [
              -97.47754254577896,
              45.247842340638535
            ],
            [
              -97.47961625098846,
              45.25041661375861
            ],
            [
              -97.48185552272194,
              45.25284823821487
            ],
            [
              -97.48425057344926,
              45.25512658573143
            ],
            [
              -97.48679093475296,
              45.25724169798361
            ],
            [
              -97.4894655030843,
              45.2591843301242
            ],
            [
              -97.49226258829516,
              45.26094599119144
            ],
            [
              -97.49516996473402,
              45.262518981221746
            ],
            [
              -97.49576526902504,
              45.26279186277405
            ]
          ]
        ]
      },
      "properties": {
        "hail_size_bin": "1.0\"",
        "min_size_inches": 1.0
      }
    },
    {
      "type": "Feature",
      "geometry": {
        "type": "Polygon",
        "coordinates": [
          [
            [
              -97.9095272532306,
              45.19778778325138
            ],
            [
              -97.90879039865587,
              45.19797687785687
            ],
            [
              -97.82038568149676,
              45.217619563658864
            ],
            [
              -97.8196390612972,
              45.21776034378406
            ],
            [
              -97.81991592531426,
              45.217052990712375
            ],
            [
              -97.87927078221838,
              45.07857811238249
            ],
            [
              -97.87955211456489,
              45.077976313465896
            ],
            [
              -97.87950014086444,
              45.07863858875588
            ],
            [
              -97.87274561398002,
              45.139420645082836
            ],
            [
              -97.87249213589433,
              45.14265402052802
            ],
            [
              -97.8724488165976,
              45.145897027057146
            ],
            [
              -97.87261583835954,
              45.14913601943757
            ],
            [
              -97.87299249842151,
              45.15235736932653
            ],
            [
              -97.8735772119535,
              45.15554752261359
            ],
            [
              -97.87436751872234,
              45.15869305645072
            ],
            [
              -97.87536009344342,
              45.16178073573013
            ],
            [
              -97.87655075977209,
              45.164797568772116
            ],
            [
              -97.87793450787596,
              45.167730861988694
            ],
            [
              -97.87950551551431,
              45.17056827329298
            ],
            [
              -97.88125717253554,
              45.17329786402959
            ],
            [
              -97.88318210869006,
              45.17590814920758
            ],
            [
              -97.88527222464123,
              45.178388145824535
            ],
            [
              -97.88751872604398,
              45.180727419078536
            ],
            [
              -97.88991216054785,
              45.182916126273454
            ],
            [
              -97.89244245756855,
              45.184945058233
            ],
            [
              -97.90893381966686,
              45.19731181262256
            ],
            [
              -97.9095272532306,
              45.19778778325138
            ]
          ]
        ]
      },
      "properties": {
        "hail_size_bin": "1.0\"",
        "min_size_inches": 1.0
      }
    },
    {
      "type": "Feature",
      "geometry": {
        "type": "Polygon",
        "coordinates": [
          [
            [
              -98.15951807022375,
              41.308925740926554
            ],
            [
              -98.15932286041294,
              41.30970487894241
            ],
            [
              -98.13978126054774,
              41.37809070627443
            ],
            [
              -98.13953589644726,
              41.378852327243756
            ],
            [
              -98.13882398617574,
              41.37848723514975
            ],
            [
              -98.0626100418701,
              41.3361522045701
            ],
            [
              -98.05967487966129,
              41.33464628442133
            ],
            [
              -98.05664680153487,
              41.33333719483435
            ],
            [
              -98.05353898928745,
              41.33223063452363
            ],
            [
              -98.05036497181334,
              41.33133142055544
            ],
            [
              -98.04713856621075,
              41.3306434673782
            ],
            [
              -98.04636957222701,
              41.33053189045495
            ],
            [
              -98.04706947179865,
              41.330092604829794
            ],
            [
              -98.04967422880527,
              41.32821436861817
            ],
            [
              -98.05215304361965,
              41.326172798769676
            ],
            [
              -98.05449569110058,
              41.3239763167847
            ],
            [
              -98.09897696191436,
              41.279501401346295
            ],
            [
              -98.09956353572777,
              41.27895224924938
            ],
            [
              -98.10029305294916,
              41.27928783882432
            ],
            [
              -98.15881173388294,
              41.30854299878809
            ],
            [
              -98.15951807022375,
              41.308925740926554
            ]
          ]
        ]
      },
      "properties": {
        "hail_size_bin": "1.0\"",
        "min_size_inches": 1.0
      }
    },
    {
      "type": "Feature",
      "geometry": {
        "type": "Polygon",
        "coordinates": [
          [
            [
              -98.3394676822913,
              40.97901700805373
            ],
            [
              -98.3388672147841,
              40.97949845470042
            ],
            [
              -98.26018784797976,
              41.03849954866683
            ],
            [
              -98.25954818200485,
              41.03894738954096
            ],
            [
              -98.25927718796176,
              41.03821506704588
            ],
            [
              -98.22979812419041,
              40.9497905114218
            ],
            [
              -98.2295782689028,
              40.94905129273324
            ],
            [
              -98.23032847300111,
              40.949229836541605
            ],
            [
              -98.33873202870019,
              40.978790218522626
            ],
            [
              -98.3394676822913,
              40.97901700805373
            ]
          ]
        ]
      },
      "properties": {
        "hail_size_bin": "1.0\"",
        "min_size_inches": 1.0
      }
    },
    {
      "type": "Feature",
      "geometry": {
        "type": "Polygon",
        "coordinates": [
          [
            [
              -98.69935581566445,
              41.72872142620527
            ],
            [
              -98.6987128611773,
              41.72848806644636
            ],
            [
              -98.55025683052838,
              41.66911413860085
            ],
            [
              -98.54961341658648,
              41.668831941525255
            ],
            [
              -98.5503155962456,
              41.668808952285715
            ],
            [
              -98.62867707835217,
              41.668808952285715
            ],
            [
              -98.62947284174398,
              41.66883459036303
            ],
            [
              -98.63009375058023,
              41.66933295659777
            ],
            [
              -98.69885125198846,
              41.72825953731577
            ],
            [
              -98.69935581566445,
              41.72872142620527
            ]
          ]
        ]
      },
      "properties": {
        "hail_size_bin": "1.0\"",
        "min_size_inches": 1.0
      }
    },
    {
      "type": "Feature",
      "geometry": {
        "type": "Polygon",
        "coordinates": [
          [
            [
              -100.70915234295683,
              45.59766968422809
            ],
            [
              -100.70840886012759,
              45.59794470003493
            ],
            [
              -100.6799689925174,
              45.60742330143204
            ],
            [
              -100.67919674033315,
              45.607652776949266
            ],
            [
              -100.67886847971006,
              45.60733896852754
            ],
            [
              -100.67729275236958,
              45.60572795757707
            ],
            [
              -100.67490154916027,
              45.60357872534346
            ],
            [
              -100.67237715983653,
              45.601587617479886
            ],
            [
              -100.66973002229584,
              45.59976286686054
            ],
            [
              -100.66697108197752,
              45.59811201850221
            ],
            [
              -100.66411174660539,
              45.59664189836703
            ],
            [
              -100.66116383901878,
              45.5953585851383
            ],
            [
              -100.6581395482873,
              45.59426738508624
            ],
            [
              -100.65505137931112,
              45.59337281012751
            ],
            [
              -100.65191210111554,
              45.592678559169265
            ],
            [
              -100.64873469405335,
              45.59218750281479
            ],
            [
              -100.6455322961333,
              45.59190167149411
            ],
            [
              -100.64231814869692,
              45.591822247068514
            ],
            [
              -100.63910554166785,
              45.59194955794377
            ],
            [
              -100.63590775860042,
              45.592283077712224
            ],
            [
              -100.63273802175459,
              45.592821427329405
            ],
            [
              -100.62960943742414,
              45.59356238081612
            ],
            [
              -100.62653494174462,
              45.594502874462485
            ],
            [
              -100.6235272472047,
              45.59563901949581
            ],
            [
              -100.62059879008231,
              45.59696611816
            ],
            [
              -100.61919288258889,
              45.5976585571825
            ],
            [
              -100.61838961917867,
              45.59755127492213
            ],
            [
              -100.56002531849107,
              45.58782528129898
            ],
            [
              -100.55926032165978,
              45.5876715426496
            ],
            [
              -100.55979353394221,
              45.587101945638125
            ],
            [
              -100.57491708053662,
              45.57198055985913
            ],
            [
              -100.57714274924798,
              45.569605382983646
            ],
            [
              -100.57920915935554,
              45.567090424600295
            ],
            [
              -100.58110755335836,
              45.5644463431695
            ],
            [
              -100.58282988581223,
              45.561684344378605
            ],
            [
              -100.58436885742648,
              45.558816133651845
            ],
            [
              -100.58571794599852,
              45.555853866542456
            ],
            [
              -100.58687143405517,
              45.552810097217126
            ],
            [
              -100.58782443308337,
              45.549697725251114
            ],
            [
              -100.58832602868614,
              45.54757480222296
            ],
            [
              -100.58950896710262,
              45.547334485932026
            ],
            [
              -100.59263079285844,
              45.546486831265454
            ],
            [
              -100.59569127289102,
              45.54543908298758
            ],
            [
              -100.5986775968701,
              45.5441956266854
            ],
            [
              -100.60157726486241,
              45.54276166712604
            ],
            [
              -100.60437813965284,
              45.541143206471006
            ],
            [
              -100.60706849754752,
              45.53934701915281
            ],
            [
              -100.60879519697444,
              45.538025131437365
            ],
            [
              -100.60919531605978,
              45.53773987794106
            ],
            [
              -100.6098285243065,
              45.53844813964418
            ],
            [
              -100.61061504821683,
              45.539390641613274
            ],
            [
              -100.61284104144278,
              45.54173239846775
            ],
            [
              -100.61521362907253,
              45.54392550105237
            ],
            [
              -100.61772290425155,
              45.54596079196116
            ],
            [
              -100.62035838937992,
              45.54782977273839
            ],
            [
              -100.62310907986188,
              45.54952463936438
            ],
            [
              -100.62596349005621,
              45.551038314841485
            ],
            [
              -100.62890970123496,
              45.552364478744494
            ],
            [
              -100.63193541135077,
              45.55349759361183
            ],
            [
              -100.63502798640458,
              45.55443292806753
            ],
            [
              -100.63817451319957,
              45.555166576577285
            ],
            [
              -100.6413618532608,
              45.555695475756245
            ],
            [
              -100.64457669769558,
              45.55601741716029
            ],
            [
              -100.64780562276536,
              45.55613105650749
            ],
            [
              -100.65103514593723,
              45.55603591929126
            ],
            [
              -100.65425178218084,
              45.555732402761656
            ],
            [
              -100.65744210027587,
              45.55522177426663
            ],
            [
              -100.66059277889471,
              45.55450616596018
            ],
            [
              -100.66369066222627,
              45.55358856589943
            ],
            [
              -100.66672281490877,
              45.552472805567845
            ],
            [
              -100.6696765760419,
              45.5511635438767
            ],
            [
              -100.67253961205307,
              45.549666247711556
            ],
            [
              -100.67529996819687,
              45.54798716910502
            ],
            [
              -100.67794611847258,
              45.546133319131094
            ],
            [
              -100.68853532487731,
              45.53819254904751
            ],
            [
              -100.6891749908523,
              45.53774470817333
            ],
            [
              -100.68944598489539,
              45.5384770306684
            ],
            [
              -100.70892633884361,
              45.59690974259687
            ],
            [
              -100.70915234295683,
              45.59766968422809
            ]
          ]
        ]
      },
      "properties": {
        "hail_size_bin": "1.0\"",
        "min_size_inches": 1.0
      }
    },
    {
      "type": "Feature",
      "geometry": {
        "type": "Polygon",
        "coordinates": [
          [
            [
              -100.52917343951619,
              45.487681985448475
            ],
            [
              -100.52841220038258,
              45.48751778269406
            ],
            [
              -100.45002626864917,
              45.46792409965834
            ],
            [
              -100.44924905884207,
              45.46770221483877
            ],
            [
              -100.44922227285714,
              45.46689439650003
            ],
            [
              -100.44922227285714,
              45.40856697377757
            ],
            [
              -100.44924902295156,
              45.40775825269179
            ],
            [
              -100.44998985945712,
              45.407433283228364
            ],
            [
              -100.49844451963558,
              45.388054188390385
            ],
            [
              -100.49919834263231,
              45.38778135820193
            ],
            [
              -100.49945364561277,
              45.388540932065894
            ],
            [
              -100.52897426218176,
              45.486928927850485
            ],
            [
              -100.52917343951619,
              45.487681985448475
            ]
          ]
        ]
      },
      "properties": {
        "hail_size_bin": "1.0\"",
        "min_size_inches": 1.0
      }
    },
    {
      "type": "Feature",
      "geometry": {
        "type": "Polygon",
        "coordinates": [
          [
            [
              -100.9191219487208,
              45.47774177998095
            ],
            [
              -100.91892957638663,
              45.47850954986059
            ],
            [
              -100.89938413888468,
              45.54690880700205
            ],
            [
              -100.89914929725227,
              45.547638769227554
            ],
            [
              -100.89872166463618,
              45.54700227430293
            ],
            [
              -100.84959513124699,
              45.46841105140679
            ],
            [
              -100.84921405754241,
              45.46775498361469
            ],
            [
              -100.84996823019783,
              45.46783784326853
            ],
            [
              -100.91834249419169,
              45.477604199675106
            ],
            [
              -100.9191219487208,
              45.47774177998095
            ]
          ]
        ]
      },
      "properties": {
        "hail_size_bin": "1.0\"",
        "min_size_inches": 1.0
      }
    },
    {
      "type": "Feature",
      "geometry": {
        "type": "Polygon",
        "coordinates": [
          [
            [
              -102.17894151441872,
              38.32974267297801
            ],
            [
              -102.1781726389401,
              38.32987795156863
            ],
            [
              -102.15147568998707,
              38.33369125650551
            ],
            [
              -102.14819550745042,
              38.33427188055562
            ],
            [
              -102.14496126649705,
              38.33506963190586
            ],
            [
              -102.14178732291575,
              38.33608096958634
            ],
            [
              -102.13868776485403,
              38.337301404583904
            ],
            [
              -102.13567635028525,
              38.33872551976753
            ],
            [
              -102.13276644594124,
              38.340346993933224
            ],
            [
              -102.12997096798156,
              38.34215862986193
            ],
            [
              -102.12730232466264,
              38.344152386265705
            ],
            [
              -102.12477236126142,
              38.346319413480536
            ],
            [
              -102.1223923074979,
              38.348650092747185
            ],
            [
              -102.12017272768982,
              38.351134078905936
            ],
            [
              -102.118123473861,
              38.35376034631547
            ],
            [
              -102.11625364201129,
              38.356517237792296
            ],
            [
              -102.11457153174217,
              38.359392516353374
            ],
            [
              -102.1130846094175,
              38.362373419532226
            ],
            [
              -102.11179947502261,
              38.36544671602758
            ],
            [
              -102.11072183286902,
              38.36859876443299
            ],
            [
              -102.10985646627479,
              38.37181557378681
            ],
            [
              -102.10920721633283,
              38.375082865673704
            ],
            [
              -102.10877696486156,
              38.37838613760207
            ],
            [
              -102.10856762161329,
              38.38171072737612
            ],
            [
              -102.10858011579754,
              38.38504187817676
            ],
            [
              -102.10881439195653,
              38.38836480406257
            ],
            [
              -102.1089566376,
              38.38973152841418
            ],
            [
              -102.1082531915477,
              38.390112082083604
            ],
            [
              -102.0097358962947,
              38.43936369175482
            ],
            [
              -102.00901463606851,
              38.43969504966818
            ],
            [
              -102.00873894413083,
              38.43895073230568
            ],
            [
              -101.98926600344748,
              38.380540256994315
            ],
            [
              -101.98903649137965,
              38.37976673364936
            ],
            [
              -101.98980108574187,
              38.37950942346191
            ],
            [
              -102.01046491691304,
              38.37331115982988
            ],
            [
              -102.01356788513328,
              38.37226853071564
            ],
            [
              -102.01659598004719,
              38.37102509658461
            ],
            [
              -102.01953622264976,
              38.36958618703784
            ],
            [
              -102.02237601048817,
              38.36795796952208
            ],
            [
              -102.02510317167825,
              38.36614742289495
            ],
            [
              -102.02770601707566,
              38.36416230751215
            ],
            [
              -102.0301733903777,
              38.36201113196512
            ],
            [
              -102.03249471594154,
              38.35970311661151
            ],
            [
              -102.03466004411335,
              38.35724815405496
            ],
            [
              -102.03666009387462,
              38.354656766743446
            ],
            [
              -102.03848629262222,
              38.35194006186804
            ],
            [
              -102.04013081291242,
              38.34910968375534
            ],
            [
              -102.04158660601072,
              38.34617776395755
            ],
            [
              -102.04284743210421,
              38.34315686925435
            ],
            [
              -102.04390788704649,
              38.34005994778922
            ],
            [
              -102.04476342552098,
              38.33690027357114
            ],
            [
              -102.04541038052308,
              38.33369138957962
            ],
            [
              -102.04584597907754,
              38.33044704971685
            ],
            [
              -102.04606835412405,
              38.32718115985581
            ],
            [
              -102.0460765525198,
              38.323907718236946
            ],
            [
              -102.04587053912493,
              38.32064075546904
            ],
            [
              -102.04545119695295,
              38.31739427439123
            ],
            [
              -102.04482032338616,
              38.314182190054154
            ],
            [
              -102.04398062247161,
              38.311018270077305
            ],
            [
              -102.04293569333109,
              38.30791607563835
            ],
            [
              -102.04169001473454,
              38.304888903347276
            ],
            [
              -102.04024892590321,
              38.3019497282545
            ],
            [
              -102.03936631076479,
              38.30041299301643
            ],
            [
              -102.0390316627499,
              38.29978214968376
            ],
            [
              -102.03972328720525,
              38.29937476102883
            ],
            [
              -102.14826871898063,
              38.24017662117292
            ],
            [
              -102.14896506063094,
              38.23982560521775
            ],
            [
              -102.14923537506192,
              38.240556964309555
            ],
            [
              -102.178718717762,
              38.328994354885744
            ],
            [
              -102.17894151441872,
              38.32974267297801
            ]
          ]
        ]
      },
      "properties": {
        "hail_size_bin": "1.0\"",
        "min_size_inches": 1.0
      }
    },
    {
      "type": "Feature",
      "geometry": {
        "type": "Polygon",
        "coordinates": [
          [
            [
              -102.27893507574325,
              44.068162292007635
            ],
            [
              -102.278960792,
              44.068946425636746
            ],
            [
              -102.278960792,
              44.0972964010361
            ],
            [
              -102.27893485243142,
              44.098088772886875
            ],
            [
              -102.27814259589326,
              44.09811459714285
            ],
            [
              -102.20978537575898,
              44.09811459714285
            ],
            [
              -102.20908221123118,
              44.098091679660236
            ],
            [
              -102.20971952937435,
              44.097793756401344
            ],
            [
              -102.27820408337215,
              44.068447426790506
            ],
            [
              -102.27893507574325,
              44.068162292007635
            ]
          ]
        ]
      },
      "properties": {
        "hail_size_bin": "1.0\"",
        "min_size_inches": 1.0
      }
    },
    {
      "type": "Feature",
      "geometry": {
        "type": "Polygon",
        "coordinates": [
          [
            [
              -103.22876486248003,
              43.28833143224357
            ],
            [
              -103.22802591812685,
              43.28847921856823
            ],
            [
              -103.16961495900478,
              43.29821298748604
            ],
            [
              -103.16884197349381,
              43.298316754250145
            ],
            [
              -103.16827347750282,
              43.29778312524943
            ],
            [
              -103.13941624987348,
              43.2689300206703
            ],
            [
              -103.13888898346265,
              43.268367160847774
            ],
            [
              -103.13963987010666,
              43.26819139466651
            ],
            [
              -103.18803793021416,
              43.25851316564434
            ],
            [
              -103.1888249764349,
              43.25838208759639
            ],
            [
              -103.18947762533891,
              43.258839696330774
            ],
            [
              -103.2281768953517,
              43.287860001897464
            ],
            [
              -103.22876486248003,
              43.28833143224357
            ]
          ]
        ]
      },
      "properties": {
        "hail_size_bin": "1.0\"",
        "min_size_inches": 1.0
      }
    },
    {
      "type": "Feature",
      "geometry": {
        "type": "Polygon",
        "coordinates": [
          [
            [
              -103.79870500640922,
              43.28832582555145
            ],
            [
              -103.7979359445781,
              43.28846141253422
            ],
            [
              -103.65958468589501,
              43.30822305416181
            ],
            [
              -103.6587700452295,
              43.30831195907501
            ],
            [
              -103.65807346868797,
              43.30788030571957
            ],
            [
              -103.47947043601724,
              43.188828629515854
            ],
            [
              -103.4788690976798,
              43.18839871482641
            ],
            [
              -103.47960788174437,
              43.188374623142856
            ],
            [
              -103.61798912642925,
              43.188374623142856
            ],
            [
              -103.61876383368387,
              43.18839880605515
            ],
            [
              -103.61945428057872,
              43.188748181818006
            ],
            [
              -103.69077428506844,
              43.227644444251624
            ],
            [
              -103.69366889732429,
              43.22910341381874
            ],
            [
              -103.69665196214358,
              43.23037175785462
            ],
            [
              -103.69971094185725,
              43.23144414557406
            ],
            [
              -103.7028329797298,
              43.23231606978625
            ],
            [
              -103.70600495399552,
              43.232983865838264
            ],
            [
              -103.70921353300857,
              43.2334447270174
            ],
            [
              -103.71244523127525,
              43.23369671634767
            ],
            [
              -103.71568646613281,
              43.23373877473078
            ],
            [
              -103.7189236148367,
              43.2335707253975
            ],
            [
              -103.72214307181623,
              43.23319327465059
            ],
            [
              -103.72533130585818,
              43.23260800889626
            ],
            [
              -103.7284749169777,
              43.231817387976584
            ],
            [
              -103.73156069273784,
              43.230824734830904
            ],
            [
              -103.73457566378067,
              43.22963422152969
            ],
            [
              -103.7375071583369,
              43.22825085173955
            ],
            [
              -103.74034285548463,
              43.22668043969304
            ],
            [
              -103.74307083693358,
              43.224929585751795
            ],
            [
              -103.74567963711708,
              43.22300564866549
            ],
            [
              -103.74815829138117,
              43.220916714643444
            ],
            [
              -103.75049638206862,
              43.218671563368645
            ],
            [
              -103.75268408230367,
              43.21627963109723
            ],
            [
              -103.75471219729397,
              43.21375097099837
            ],
            [
              -103.7582570582138,
              43.209025165080014
            ],
            [
              -103.75874517882353,
              43.20841706187073
            ],
            [
              -103.75911624065584,
              43.20910264246255
            ],
            [
              -103.79837870093829,
              43.28761634357853
            ],
            [
              -103.79870500640922,
              43.28832582555145
            ]
          ]
        ]
      },
      "properties": {
        "hail_size_bin": "1.0\"",
        "min_size_inches": 1.0
      }
    },
    {
      "type": "Feature",
      "geometry": {
        "type": "Polygon",
        "coordinates": [
          [
            [
              -103.55871905763047,
              38.069853741395235
            ],
            [
              -103.55814740743548,
              38.07034194718522
            ],
            [
              -103.55667170181398,
              38.07152234300626
            ],
            [
              -103.55415820429056,
              38.07367298373474
            ],
            [
              -103.5517924166867,
              38.07598512005354
            ],
            [
              -103.54958469445725,
              38.07844863134861
            ],
            [
              -103.54754470117803,
              38.081052734411855
            ],
            [
              -103.5456813662467,
              38.083786030641136
            ],
            [
              -103.54400284579728,
              38.08663655593381
            ],
            [
              -103.54251648699936,
              38.08959183305569
            ],
            [
              -103.54122879589828,
              38.09263892625602
            ],
            [
              -103.54014540893706,
              38.09576449788943
            ],
            [
              -103.53927106828478,
              38.0989548667971
            ],
            [
              -103.5386096010792,
              38.10219606819153
            ],
            [
              -103.53816390267485,
              38.10547391478276
            ],
            [
              -103.53793592396946,
              38.10877405887859
            ],
            [
              -103.5379266628646,
              38.11208205518681
            ],
            [
              -103.53813615989775,
              38.115383424044786
            ],
            [
              -103.53856349806469,
              38.11866371479933
            ],
            [
              -103.53875288640057,
              38.11981795744875
            ],
            [
              -103.53832804797844,
              38.12050230443819
            ],
            [
              -103.51923171697929,
              38.149142708281204
            ],
            [
              -103.51877215166722,
              38.14978592801299
            ],
            [
              -103.51799997477201,
              38.14961888539839
            ],
            [
              -103.47959006841697,
              38.140017780788035
            ],
            [
              -103.47885125986643,
              38.13980696635365
            ],
            [
              -103.47946221762803,
              38.139371889105
            ],
            [
              -103.48210945406265,
              38.13735053858323
            ],
            [
              -103.48461624047638,
              38.13515742651389
            ],
            [
              -103.48697145303589,
              38.13280228480431
            ],
            [
              -103.48916464051499,
              38.13029556436632
            ],
            [
              -103.49118607067169,
              38.12764838874044
            ],
            [
              -103.49302677343503,
              38.12487250473535
            ],
            [
              -103.49467858070955,
              38.121980230301524
            ],
            [
              -103.49613416262116,
              38.11898439987053
            ],
            [
              -103.49738706004338,
              38.11589830740236
            ],
            [
              -103.4984317132596,
              38.11273564739368
            ],
            [
              -103.49926348663426,
              38.10951045410863
            ],
            [
              -103.49987868918342,
              38.10623703930201
            ],
            [
              -103.5002745909535,
              38.102929928711006
            ],
            [
              -103.50044943513534,
              38.09960379759742
            ],
            [
              -103.50040244586009,
              38.09627340562639
            ],
            [
              -103.50013383164205,
              38.092953531370554
            ],
            [
              -103.49964478445345,
              38.08965890673032
            ],
            [
              -103.49893747443507,
              38.08640415156125
            ],
            [
              -103.49801504026625,
              38.083203708798614
            ],
            [
              -103.49688157523705,
              38.08007178036708
            ],
            [
              -103.48909163888983,
              38.06059972201674
            ],
            [
              -103.48882767973015,
              38.05987174504447
            ],
            [
              -103.48959742438052,
              38.059956113775996
            ],
            [
              -103.55797863332081,
              38.069723462176015
            ],
            [
              -103.55871905763047,
              38.069853741395235
            ]
          ]
        ]
      },
      "properties": {
        "hail_size_bin": "1.0\"",
        "min_size_inches": 1.0
      }
    },
    {
      "type": "Feature",
      "geometry": {
        "type": "Polygon",
        "coordinates": [
          [
            [
              -103.61871678468918,
              40.909009773037624
            ],
            [
              -103.61795813752711,
              40.90917358444173
            ],
            [
              -103.50958251742712,
              40.92887542728828
            ],
            [
              -103.5088102393459,
              40.92899010012073
            ],
            [
              -103.50878504257143,
              40.92820985662005
            ],
            [
              -103.50878504257143,
              40.879846646457366
            ],
            [
              -103.50881070846498,
              40.87905660722907
            ],
            [
              -103.50958884160023,
              40.87891987711657
            ],
            [
              -103.57795542323858,
              40.86915461803256
            ],
            [
              -103.57876550271544,
              40.869066162592794
            ],
            [
              -103.57936052167518,
              40.86962294402308
            ],
            [
              -103.61818628605008,
              40.90844316106755
            ],
            [
              -103.61871678468918,
              40.909009773037624
            ]
          ]
        ]
      },
      "properties": {
        "hail_size_bin": "1.0\"",
        "min_size_inches": 1.0
      }
    },
    {
      "type": "Feature",
      "geometry": {
        "type": "Polygon",
        "coordinates": [
          [
            [
              -103.99868185964546,
              39.739311724110244
            ],
            [
              -103.9980178220952,
              39.738942171883366
            ],
            [
              -103.89941623460393,
              39.67978967216102
            ],
            [
              -103.89875118723471,
              39.679361146543336
            ],
            [
              -103.89857219746506,
              39.67859209442685
            ],
            [
              -103.88889169943988,
              39.63019651993052
            ],
            [
              -103.88876556284667,
              39.62943714204587
            ],
            [
              -103.88946472675276,
              39.62975880565598
            ],
            [
              -103.98796406063519,
              39.67900143592504
            ],
            [
              -103.98869133248273,
              39.67939613877919
            ],
            [
              -103.98885476598512,
              39.68020731334356
            ],
            [
              -103.99858134625634,
              39.738558456710734
            ],
            [
              -103.99868185964546,
              39.739311724110244
            ]
          ]
        ]
      },
      "properties": {
        "hail_size_bin": "1.0\"",
        "min_size_inches": 1.0
      }
    },
    {
      "type": "Feature",
      "geometry": {
        "type": "Polygon",
        "coordinates": [
          [
            [
              -104.42861641583666,
              43.55829414347324
            ],
            [
              -104.4283515597571,
              43.559023860296115
            ],
            [
              -104.38896319191156,
              43.65748071062548
            ],
            [
              -104.38864481220347,
              43.658206718759764
            ],
            [
              -104.38789965982616,
              43.657936510087715
            ],
            [
              -104.33941567099862,
              43.63854568546626
            ],
            [
              -104.33869867436665,
              43.638231725390426
            ],
            [
              -104.33894981235622,
              43.63749050701406
            ],
            [
              -104.36838213222633,
              43.559015534608385
            ],
            [
              -104.36867945218418,
              43.558293686695656
            ],
            [
              -104.36945958284862,
              43.55826889828572
            ],
            [
              -104.42784045271662,
              43.55826889828572
            ],
            [
              -104.42861641583666,
              43.55829414347324
            ]
          ]
        ]
      },
      "properties": {
        "hail_size_bin": "1.0\"",
        "min_size_inches": 1.0
      }
    },
    {
      "type": "Feature",
      "geometry": {
        "type": "Polygon",
        "coordinates": [
          [
            [
              -104.75856997279675,
              43.958195561110394
            ],
            [
              -104.7584066171694,
              43.9589537599814
            ],
            [
              -104.73881269669131,
              44.037318243767665
            ],
            [
              -104.73858495361026,
              44.038114587364845
            ],
            [
              -104.73791155373586,
              44.038596834858076
            ],
            [
              -104.52931744127144,
              44.17763970755609
            ],
            [
              -104.5286492382802,
              44.17805431191521
            ],
            [
              -104.52827478305942,
              44.177362809709706
            ],
            [
              -104.49901119225574,
              44.11884399032316
            ],
            [
              -104.49867555724263,
              44.118113758630834
            ],
            [
              -104.49922479777511,
              44.117527753267055
            ],
            [
              -104.59809054931038,
              44.01867612742893
            ],
            [
              -104.59864225018836,
              44.01815713888548
            ],
            [
              -104.59934265215144,
              44.01786998666412
            ],
            [
              -104.75783511038264,
              43.958443806708196
            ],
            [
              -104.75856997279675,
              43.958195561110394
            ]
          ]
        ]
      },
      "properties": {
        "hail_size_bin": "1.0\"",
        "min_size_inches": 1.0
      }
    },
    {
      "type": "Feature",
      "geometry": {
        "type": "Polygon",
        "coordinates": [
          [
            [
              -107.22820319370761,
              44.93786063799436
            ],
            [
              -107.22745331821265,
              44.93807459193599
            ],
            [
              -107.18904005199991,
              44.94767653639075
            ],
            [
              -107.18827211468826,
              44.947842428465634
            ],
            [
              -107.18789924070363,
              44.947151853702636
            ],
            [
              -107.16862805774394,
              44.90861499462241
            ],
            [
              -107.16829683770216,
              44.90789464507501
            ],
            [
              -107.16899397188092,
              44.907517252202084
            ],
            [
              -107.18752422447943,
              44.898253449681455
            ],
            [
              -107.18825434960526,
              44.897917958751364
            ],
            [
              -107.18884031551414,
              44.898467012203355
            ],
            [
              -107.22767023763782,
              44.937291386402606
            ],
            [
              -107.22820319370761,
              44.93786063799436
            ]
          ]
        ]
      },
      "properties": {
        "hail_size_bin": "1.0\"",
        "min_size_inches": 1.0
      }
    },
    {
      "type": "Feature",
      "geometry": {
        "type": "Polygon",
        "coordinates": [
          [
            [
              -107.4581812127107,
              44.907897813251175
            ],
            [
              -107.45779429779736,
              44.90859362090746
            ],
            [
              -107.42864203741392,
              44.95717377954025
            ],
            [
              -107.42821974295684,
              44.95782842425184
            ],
            [
              -107.42765169132207,
              44.95729570093937
            ],
            [
              -107.33881520398268,
              44.86847190634036
            ],
            [
              -107.33832455732497,
              44.86794819326919
            ],
            [
              -107.33901242777921,
              44.86815275074791
            ],
            [
              -107.45743457180406,
              44.907621158800616
            ],
            [
              -107.4581812127107,
              44.907897813251175
            ]
          ]
        ]
      },
      "properties": {
        "hail_size_bin": "1.0\"",
        "min_size_inches": 1.0
      }
    },
    {
      "type": "Feature",
      "geometry": {
        "type": "Polygon",
        "coordinates": [
          [
            [
              -108.83791067084661,
              46.11759448724127
            ],
            [
              -108.83737463247877,
              46.118023948970716
            ],
            [
              -108.71870880865039,
              46.20701060082965
            ],
            [
              -108.71803604929198,
              46.20748083239032
            ],
            [
              -108.71725856474336,
              46.207218455394205
            ],
            [
              -108.66510057309807,
              46.187662003104656
            ],
            [
              -108.6619841916574,
              46.18660908761135
            ],
            [
              -108.65880532163946,
              46.18576336323018
            ],
            [
              -108.6555777217841,
              46.185128490413355
            ],
            [
              -108.65231536174295,
              46.18470721700833
            ],
            [
              -108.6490323616162,
              46.18450136636464
            ],
            [
              -108.6457429308381,
              46.18451182944212
            ],
            [
              -108.64246130667603,
              46.18473856095462
            ],
            [
              -108.63920169260884,
              46.18518057956604
            ],
            [
              -108.6374012422045,
              46.185546642346814
            ],
            [
              -108.63764591426943,
              46.18407184517429
            ],
            [
              -108.63796909646128,
              46.18081775937744
            ],
            [
              -108.6380788778922,
              46.17754950768276
            ],
            [
              -108.63807888654603,
              46.17753957054398
            ],
            [
              -108.63883711109891,
              46.177284763978236
            ],
            [
              -108.83724666038574,
              46.117770403673745
            ],
            [
              -108.83791067084661,
              46.11759448724127
            ]
          ]
        ]
      },
      "properties": {
        "hail_size_bin": "1.0\"",
        "min_size_inches": 1.0
      }
    },
    {
      "type": "Feature",
      "geometry": {
        "type": "Polygon",
        "coordinates": [
          [
            [
              -108.59820621583548,
              46.22645817090397
            ],
            [
              -108.59812990686244,
              46.22686414257097
            ],
            [
              -108.59803175321007,
              46.22750108770409
            ],
            [
              -108.59775572632857,
              46.22826092686747
            ],
            [
              -108.57836638866408,
              46.27672734527566
            ],
            [
              -108.57805113171149,
              46.27744583543917
            ],
            [
              -108.57747846069664,
              46.27690960958728
            ],
            [
              -108.52864636718064,
              46.22808449308156
            ],
            [
              -108.52812759666101,
              46.22753068564076
            ],
            [
              -108.52888597720614,
              46.227505964857144
            ],
            [
              -108.58807889685198,
              46.227505964857144
            ],
            [
              -108.59134724291123,
              46.22739902964612
            ],
            [
              -108.59460160891946,
              46.227078681418625
            ],
            [
              -108.59782807462402,
              46.22654629043487
            ],
            [
              -108.59820621583548,
              46.22645817090397
            ]
          ]
        ]
      },
      "properties": {
        "hail_size_bin": "1.0\"",
        "min_size_inches": 1.0
      }
    },
    {
      "type": "Feature",
      "geometry": {
        "type": "Polygon",
        "coordinates": [
          [
            [
              -111.04765939531832,
              53.88528594404687
            ],
            [
              -111.0468920382252,
              53.885215233381054
            ],
            [
              -110.96853469560436,
              53.875421964991666
            ],
            [
              -110.96774503833353,
              53.875296788841915
            ],
            [
              -110.96771911514286,
              53.87449810631946
            ],
            [
              -110.96771911514286,
              53.84614619395495
            ],
            [
              -110.9677451656604,
              53.845349842401085
            ],
            [
              -110.96852083217851,
              53.845168283788055
            ],
            [
              -111.01691989687431,
              53.83548985387693
            ],
            [
              -111.01769968415817,
              53.83535995986545
            ],
            [
              -111.01812760140055,
              53.83602408031283
            ],
            [
              -111.04728472856517,
              53.88461234908866
            ],
            [
              -111.04765939531832,
              53.88528594404687
            ]
          ]
        ]
      },
      "properties": {
        "hail_size_bin": "1.0\"",
        "min_size_inches": 1.0
      }
    },
    {
      "type": "Feature",
      "geometry": {
        "type": "Polygon",
        "coordinates": [
          [
            [
              -111.50759893952775,
              54.37517018013534
            ],
            [
              -111.50691219003507,
              54.37554199184881
            ],
            [
              -111.48838451891415,
              54.384804503815076
            ],
            [
              -111.48765695159524,
              54.38513863407163
            ],
            [
              -111.4874839710551,
              54.384806136590946
            ],
            [
              -111.48638627091805,
              54.382516302851165
            ],
            [
              -111.48474585672567,
              54.37960949775326
            ],
            [
              -111.48291516274904,
              54.376818613634605
            ],
            [
              -111.48090234690807,
              54.37415608720466
            ],
            [
              -111.47871637869225,
              54.37163378318665
            ],
            [
              -111.47636699919094,
              54.369262941446124
            ],
            [
              -111.47386467768521,
              54.367054126903945
            ],
            [
              -111.47122056499472,
              54.36501718245703
            ],
            [
              -111.46844644378758,
              54.363161185116546
            ],
            [
              -111.46555467607453,
              54.36149440555897
            ],
            [
              -111.46255814812147,
              54.36002427127043
            ],
            [
              -111.45947021302582,
              54.35875733344842
            ],
            [
              -111.45630463121257,
              54.35769923780838
            ],
            [
              -111.45307550911525,
              54.356854699425355
            ],
            [
              -111.44979723631494,
              54.356227481722705
            ],
            [
              -111.44648442141758,
              54.35582037970158
            ],
            [
              -111.44315182695524,
              54.355635207485875
            ],
            [
              -111.43981430360154,
              54.35567279023814
            ],
            [
              -111.43648672399412,
              54.355932960482484
            ],
            [
              -111.43318391645941,
              54.35641455885092
            ],
            [
              -111.4299205989348,
              54.35711543924969
            ],
            [
              -111.3984497760117,
              54.36498202086189
            ],
            [
              -111.39776219534153,
              54.36513021968738
            ],
            [
              -111.39831088620996,
              54.36469017905381
            ],
            [
              -111.43700062402833,
              54.33567702161148
            ],
            [
              -111.43765662592921,
              54.33521767915252
            ],
            [
              -111.43782326134004,
              54.335269495574074
            ],
            [
              -111.4409869925241,
              54.33613846632344
            ],
            [
              -111.44420090206079,
              54.336798080345595
            ],
            [
              -111.4474511517489,
              54.337245497525885
            ],
            [
              -111.4507237469166,
              54.337478791410284
            ],
            [
              -111.45400459667869,
              54.337496957500164
            ],
            [
              -111.45727957460794,
              54.3372999175774
            ],
            [
              -111.4605345795596,
              54.33688852004112
            ],
            [
              -111.46375559638703,
              54.33626453625479
            ],
            [
              -111.466928756287,
              54.33543065291916
            ],
            [
              -111.46764065293108,
              54.335218371190145
            ],
            [
              -111.46822369416341,
              54.33576452986281
            ],
            [
              -111.50706500079696,
              54.374600286945316
            ],
            [
              -111.50759893952775,
              54.37517018013534
            ]
          ]
        ]
      },
      "properties": {
        "hail_size_bin": "1.0\"",
        "min_size_inches": 1.0
      }
    },
    {
      "type": "Feature",
      "geometry": {
        "type": "Polygon",
        "coordinates": [
          [
            [
              -112.45747271234647,
              54.945033729391724
            ],
            [
              -112.45724843052857,
              54.94578753134781
            ],
            [
              -112.44776639976166,
              54.97422955934038
            ],
            [
              -112.44749120462228,
              54.9749730178242
            ],
            [
              -112.44673146658786,
              54.974747025923975
            ],
            [
              -112.41829746877103,
              54.9652703808451
            ],
            [
              -112.41753326350552,
              54.964987237808366
            ],
            [
              -112.41725005495248,
              54.96422305682027
            ],
            [
              -112.40777158097903,
              54.93579169768357
            ],
            [
              -112.40755107502153,
              54.93505043661377
            ],
            [
              -112.40831397130201,
              54.935177244011086
            ],
            [
              -112.45670695678383,
              54.94485445825313
            ],
            [
              -112.45747271234647,
              54.945033729391724
            ]
          ]
        ]
      },
      "properties": {
        "hail_size_bin": "1.0\"",
        "min_size_inches": 1.0
      }
    },
    {
      "type": "Feature",
      "geometry": {
        "type": "Polygon",
        "coordinates": [
          [
            [
              -73.8429561993834,
              33.661198656468095
            ],
            [
              -73.84270069187662,
              33.6618531075873
            ],
            [
              -73.8133472812223,
              33.73033461324555
            ],
            [
              -73.81301460945747,
              33.731046265234966
            ],
            [
              -73.8122617010272,
              33.730822104683206
            ],
            [
              -73.78381140269178,
              33.72134002687445
            ],
            [
              -73.78308004661918,
              33.721069306031126
            ],
            [
              -73.78361322914513,
              33.72050049660876
            ],
            [
              -73.84244330570573,
              33.66167882554584
            ],
            [
              -73.8429561993834,
              33.661198656468095
            ]
          ]
        ]
      },
      "properties": {
        "hail_size_bin": "0.5\"",
        "min_size_inches": 0.5
      }
    },
    {
      "type": "Feature",
      "geometry": {
        "type": "Polygon",
        "coordinates": [
          [
            [
              -76.1926581657816,
              34.850742410346896
            ],
            [
              -76.19193138774193,
              34.8510605923089
            ],
            [
              -76.1434436710201,
              34.87045290787501
            ],
            [
              -76.14270918094113,
              34.870719555599436
            ],
            [
              -76.1423785081449,
              34.870011704506304
            ],
            [
              -76.11302602793496,
              34.801532369574744
            ],
            [
              -76.11274200771967,
              34.8008041119372
            ],
            [
              -76.11351906858326,
              34.800888982918536
            ],
            [
              -76.18187613892546,
              34.8106528834401
            ],
            [
              -76.18266887716682,
              34.8107928529399
            ],
            [
              -76.18288955645129,
              34.81156682353326
            ],
            [
              -76.19249083848281,
              34.84996646442846
            ],
            [
              -76.1926581657816,
              34.850742410346896
            ]
          ]
        ]
      },
      "properties": {
        "hail_size_bin": "0.5\"",
        "min_size_inches": 0.5
      }
    },
    {
      "type": "Feature",
      "geometry": {
        "type": "Polygon",
        "coordinates": [
          [
            [
              -76.88250275230504,
              51.06611967206859
            ],
            [
              -76.88178934986875,
              51.06632312564518
            ],
            [
              -76.80338246154243,
              51.08592204708057
            ],
            [
              -76.8026089517921,
              51.086089139169495
            ],
            [
              -76.80203228004856,
              51.0855480959516
            ],
            [
              -76.77764779137344,
              51.06116709127268
            ],
            [
              -76.77521138190166,
              51.058888399790206
            ],
            [
              -76.77262844800885,
              51.056777244066
            ],
            [
              -76.77229853412756,
              51.05654246259135
            ],
            [
              -76.77261880683076,
              51.05615218785208
            ],
            [
              -76.77342402749186,
              51.05612582685714
            ],
            [
              -76.85179003711538,
              51.05612582685714
            ],
            [
              -76.85259271137456,
              51.0561516584175
            ],
            [
              -76.85335744921103,
              51.05638014834736
            ],
            [
              -76.88180705732609,
              51.06586199611554
            ],
            [
              -76.88250275230504,
              51.06611967206859
            ]
          ]
        ]
      },
      "properties": {
        "hail_size_bin": "0.5\"",
        "min_size_inches": 0.5
      }
    },
    {
      "type": "Feature",
      "geometry": {
        "type": "Polygon",
        "coordinates": [
          [
            [
              -76.70255775353344,
              51.06611912767945
            ],
            [
              -76.70185039617891,
              51.06642909064148
            ],
            [
              -76.6534029076937,
              51.08580531721202
            ],
            [
              -76.65262757596325,
              51.086085579118404
            ],
            [
              -76.65197759343486,
              51.08557953189234
            ],
            [
              -76.59375417453212,
              51.037066948489986
            ],
            [
              -76.5926341404786,
              51.03619461502926
            ],
            [
              -76.59265103725635,
              51.036153128775915
            ],
            [
              -76.5934169813838,
              51.03593520592432
            ],
            [
              -76.6318536372068,
              51.02632741490245
            ],
            [
              -76.63262258840815,
              51.026161016632415
            ],
            [
              -76.6333168968523,
              51.026529249165804
            ],
            [
              -76.70190004010573,
              51.06571401731516
            ],
            [
              -76.70255775353344,
              51.06611912767945
            ]
          ]
        ]
      },
      "properties": {
        "hail_size_bin": "0.5\"",
        "min_size_inches": 0.5
      }
    },
    {
      "type": "Feature",
      "geometry": {
        "type": "Polygon",
        "coordinates": [
          [
            [
              -76.77254603986056,
              35.17062660164609
            ],
            [
              -76.77182090181616,
              35.17047008270465
            ],
            [
              -76.733410826125,
              35.1608689357663
            ],
            [
              -76.73262331833178,
              35.16064427568342
            ],
            [
              -76.73180843892035,
              35.159993801197395
            ],
            [
              -76.72919784027361,
              35.15804700547915
            ],
            [
              -76.72646604860998,
              35.15627428069241
            ],
            [
              -76.72362465245072,
              35.1546831469051
            ],
            [
              -76.72068570526982,
              35.15328035385877
            ],
            [
              -76.717661674362,
              35.15207185233555
            ],
            [
              -76.71456538795535,
              35.15106276891437
            ],
            [
              -76.7114099807926,
              35.15025738422352
            ],
            [
              -76.70820883841243,
              35.149659114781805
            ],
            [
              -76.70497554036669,
              35.14927049850535
            ],
            [
              -76.70172380261458,
              35.149093183941545
            ],
            [
              -76.69846741933837,
              35.14912792327571
            ],
            [
              -76.69522020442702,
              35.14937456914025
            ],
            [
              -76.69199593287645,
              35.149832075239864
            ],
            [
              -76.68880828235464,
              35.15049850078996
            ],
            [
              -76.68567077517969,
              35.15137101874968
            ],
            [
              -76.68259672095677,
              35.15244592781447
            ],
            [
              -76.67959916011763,
              35.15371866811737
            ],
            [
              -76.67669080860175,
              35.15518384057243
            ],
            [
              -76.67388400391414,
              35.15683522977809
            ],
            [
              -76.67119065278845,
              35.158665830383555
            ],
            [
              -76.6686221806775,
              35.16066787680616
            ],
            [
              -76.63323589870342,
              35.190152231863266
            ],
            [
              -76.6326202579225,
              35.19063290711523
            ],
            [
              -76.63187244065674,
              35.19040947857499
            ],
            [
              -76.57341063674018,
              35.17092499489607
            ],
            [
              -76.5726989657863,
              35.17066163288298
            ],
            [
              -76.57336625254196,
              35.17030039872712
            ],
            [
              -76.6519027184123,
              35.13103777634119
            ],
            [
              -76.65262593514176,
              35.130704881452594
            ],
            [
              -76.65340414103935,
              35.130872979713416
            ],
            [
              -76.69183178204493,
              35.14047851735293
            ],
            [
              -76.69282006046069,
              35.140759843279454
            ],
            [
              -76.6954719514659,
              35.14160885291396
            ],
            [
              -76.69859982472354,
              35.142392027222826
            ],
            [
              -76.70177167347387,
              35.14297196568429
            ],
            [
              -76.70497430669175,
              35.143346256461165
            ],
            [
              -76.70819440532625,
              35.143513342959984
            ],
            [
              -76.71141857769155,
              35.14347253030455
            ],
            [
              -76.71463341516007,
              35.14322398822577
            ],
            [
              -76.71782554792605,
              35.14276875035578
            ],
            [
              -76.72098170060762,
              35.14210870992929
            ],
            [
              -76.7240887474562,
              35.141246611910056
            ],
            [
              -76.7271337669436,
              35.14018604157515
            ],
            [
              -76.73010409549991,
              35.13893140960459
            ],
            [
              -76.73298738017841,
              35.13748793373828
            ],
            [
              -76.73577163002889,
              35.135861617076586
            ],
            [
              -76.73844526596527,
              35.13405922311475
            ],
            [
              -76.74099716892056,
              35.13208824761495
            ],
            [
              -76.74182811528947,
              35.13135627648103
            ],
            [
              -76.74260638709633,
              35.13071595445454
            ],
            [
              -76.7431047808148,
              35.13133719989434
            ],
            [
              -76.77212032947739,
              35.170019070550154
            ],
            [
              -76.77254603986056,
              35.17062660164609
            ]
          ]
        ]
      },
      "properties": {
        "hail_size_bin": "0.5\"",
        "min_size_inches": 0.5
      }
    },
    {
      "type": "Feature",
      "geometry": {
        "type": "Polygon",
        "coordinates": [
          [
            [
              -76.74256050691675,
              34.83073884472878
            ],
            [
              -76.74179591603796,
              34.83076343342857
            ],
            [
              -76.69343767439408,
              34.83076343342857
            ],
            [
              -76.69263872212952,
              34.83073720676827
            ],
            [
              -76.6924414089947,
              34.82987641313508
            ],
            [
              -76.69214697097767,
              34.8283698385096
            ],
            [
              -76.6912945324462,
              34.825158531851926
            ],
            [
              -76.69023070113029,
              34.8220109288225
            ],
            [
              -76.68896017454392,
              34.818940928155904
            ],
            [
              -76.6874885628964,
              34.815962085921335
            ],
            [
              -76.68582236431963,
              34.81308755566365
            ],
            [
              -76.68396893617464,
              34.81033003032181
            ],
            [
              -76.68193646256393,
              34.807701686181225
            ],
            [
              -76.67973391819335,
              34.805214129107476
            ],
            [
              -76.67737102874283,
              34.802878343298765
            ],
            [
              -76.67485822792115,
              34.80070464278349
            ],
            [
              -76.67220661139423,
              34.79870262587702
            ],
            [
              -76.66942788779053,
              34.796881132798845
            ],
            [
              -76.66653432699972,
              34.79524820663719
            ],
            [
              -76.66353870599305,
              34.7938110578335
            ],
            [
              -76.66045425240468,
              34.792576032343604
            ],
            [
              -76.65729458612292,
              34.791548583616155
            ],
            [
              -76.65407365914957,
              34.79073324851207
            ],
            [
              -76.65080569399261,
              34.79013362727131
            ],
            [
              -76.64750512086444,
              34.78975236761546
            ],
            [
              -76.64418651396312,
              34.789591153056314
            ],
            [
              -76.64086452711764,
              34.78965069546201
            ],
            [
              -76.6375538290817,
              34.78993073191372
            ],
            [
              -76.63426903876142,
              34.79043002586661
            ],
            [
              -76.63263435088682,
              34.790734382099856
            ],
            [
              -76.63225735454884,
              34.79003805638589
            ],
            [
              -76.622987661037,
              34.771501318224544
            ],
            [
              -76.62266458225953,
              34.7707995930887
            ],
            [
              -76.62342211334307,
              34.77064811794252
            ],
            [
              -76.68180646998833,
              34.76091878213737
            ],
            [
              -76.68260155855363,
              34.76081306074642
            ],
            [
              -76.68313941421326,
              34.762138078271434
            ],
            [
              -76.68333704127288,
              34.762673300008395
            ],
            [
              -76.68472405601692,
              34.76576652149771
            ],
            [
              -76.68631748030184,
              34.76875864919056
            ],
            [
              -76.68810998958386,
              34.77163592907892
            ],
            [
              -76.69009334417886,
              34.77438513507932
            ],
            [
              -76.69225842713801,
              34.77699362982957
            ],
            [
              -76.69459528615602,
              34.77944942277934
            ],
            [
              -76.69709317931908,
              34.78174122530748
            ],
            [
              -76.69974062448269,
              34.78385850261283
            ],
            [
              -76.70252545205193,
              34.785791522139824
            ],
            [
              -76.70543486092181,
              34.787531398316446
            ],
            [
              -76.70845547732054,
              34.78907013339884
            ],
            [
              -76.71157341628519,
              34.79040065423478
            ],
            [
              -76.71259813297432,
              34.79079743193557
            ],
            [
              -76.71310664264334,
              34.791431119937165
            ],
            [
              -76.74212154220731,
              34.83011212525181
            ],
            [
              -76.74256050691675,
              34.83073884472878
            ]
          ]
        ]
      },
      "properties": {
        "hail_size_bin": "0.5\"",
        "min_size_inches": 0.5
      }
    },
    {
      "type": "Feature",
      "geometry": {
        "type": "Polygon",
        "coordinates": [
          [
            [
              -76.78257890262722,
              37.38007013234117
            ],
            [
              -76.78260437771428,
              37.380850596015385
            ],
            [
              -76.78260437771428,
              37.4292001111396
            ],
            [
              -76.7825787950212,
              37.429979489818564
            ],
            [
              -76.78187057685402,
              37.429653653991714
            ],
            [
              -76.72334481968481,
              37.40039495641573
            ],
            [
              -76.72267754123419,
              37.40003360538733
            ],
            [
              -76.72338920388304,
              37.39977036024679
            ],
            [
              -76.7818304243026,
              37.380292736753226
            ],
            [
              -76.78257890262722,
              37.38007013234117
            ]
          ]
        ]
      },
      "properties": {
        "hail_size_bin": "0.5\"",
        "min_size_inches": 0.5
      }
    },
    {
      "type": "Feature",
      "geometry": {
        "type": "Polygon",
        "coordinates": [
          [
            [
              -77.462462617645,
              34.9907188713744
            ],
            [
              -77.4618496764947,
              34.99121079831117
            ],
            [
              -77.42316136324472,
              35.020222887479854
            ],
            [
              -77.42252191434387,
              35.020670777545305
            ],
            [
              -77.4221504233419,
              35.01998423084364
            ],
            [
              -77.4157311743068,
              35.00714756710665
            ],
            [
              -77.41406098130604,
              35.00408036633862
            ],
            [
              -77.41218075194284,
              35.001137238282794
            ],
            [
              -77.41009965967972,
              34.998332542184556
            ],
            [
              -77.40782785797035,
              34.99567996189275
            ],
            [
              -77.40537643072192,
              34.993192439097506
            ],
            [
              -77.40275733821775,
              34.99088211018892
            ],
            [
              -77.40253318548004,
              34.99069789458963
            ],
            [
              -77.40194167134796,
              34.990143679376416
            ],
            [
              -77.38644752260417,
              34.97465174439877
            ],
            [
              -77.38403001874785,
              34.97238959588607
            ],
            [
              -77.38146810488007,
              34.97029239820274
            ],
            [
              -77.37877301411268,
              34.968369346839836
            ],
            [
              -77.37595656349241,
              34.966628873716665
            ],
            [
              -77.37303110218728,
              34.9650786102097
            ],
            [
              -77.37000945733966,
              34.96372535369163
            ],
            [
              -77.36690487782371,
              34.96257503772717
            ],
            [
              -77.36373097615365,
              34.9616327060565
            ],
            [
              -77.36050166879744,
              34.960902490480116
            ],
            [
              -77.35723111515799,
              34.960387592742364
            ],
            [
              -77.35393365548897,
              34.96009027049286
            ],
            [
              -77.35062374801774,
              34.96001182738748
            ],
            [
              -77.347315905551,
              34.960152607372294
            ],
            [
              -77.34402463184112,
              34.96051199317544
            ],
            [
              -77.34334053817294,
              34.96060970687923
            ],
            [
              -77.34256895833147,
              34.960694066933094
            ],
            [
              -77.34289311374957,
              34.95998888815936
            ],
            [
              -77.36215304797742,
              34.921474523328406
            ],
            [
              -77.36253245615197,
              34.92077446361545
            ],
            [
              -77.36322793213812,
              34.92116151289467
            ],
            [
              -77.41182056139962,
              34.95031292477384
            ],
            [
              -77.41249946181965,
              34.950750685010696
            ],
            [
              -77.41271119898587,
              34.95090749051162
            ],
            [
              -77.41547735253651,
              34.95281549716134
            ],
            [
              -77.41836541874581,
              34.954533393669244
            ],
            [
              -77.42136235268671,
              34.956053420575216
            ],
            [
              -77.42445461769435,
              34.95736871216406
            ],
            [
              -77.4276282465088,
              34.95847332747683
            ],
            [
              -77.43086890436304,
              34.959362277145175
            ],
            [
              -77.43416195373074,
              34.960031545927514
            ],
            [
              -77.43749252044158,
              34.960478110845216
            ],
            [
              -77.4408455608655,
              34.96069995483692
            ],
            [
              -77.4424885053423,
              34.96075329650134
            ],
            [
              -77.44252726876971,
              34.96092414959354
            ],
            [
              -77.44335949481459,
              34.96410396614379
            ],
            [
              -77.44439884562254,
              34.96722223222945
            ],
            [
              -77.44564082960436,
              34.97026547215952
            ],
            [
              -77.44708007948478,
              34.973220534471
            ],
            [
              -77.44871037549738,
              34.976074648763436
            ],
            [
              -77.45052467226353,
              34.97881548088661
            ],
            [
              -77.45251512923913,
              34.98143118624298
            ],
            [
              -77.4546731445979,
              34.983910460974485
            ],
            [
              -77.45698939240442,
              34.986242590812594
            ],
            [
              -77.45945386291645,
              34.98841749738034
            ],
            [
              -77.46205590584235,
              34.99042578174635
            ],
            [
              -77.462462617645,
              34.9907188713744
            ]
          ]
        ]
      },
      "properties": {
        "hail_size_bin": "0.5\"",
        "min_size_inches": 0.5
      }
    },
    {
      "type": "Feature",
      "geometry": {
        "type": "Polygon",
        "coordinates": [
          [
            [
              -77.26253579257143,
              35.00074737475503
            ],
            [
              -77.26253579257143,
              35.01989047450521
            ],
            [
              -77.26251000328341,
              35.02067780163815
            ],
            [
              -77.26173301835478,
              35.020548610382065
            ],
            [
              -77.17919043080168,
              35.00404245156812
            ],
            [
              -77.17596964177781,
              35.00350709717739
            ],
            [
              -77.17272077975542,
              35.003183088196785
            ],
            [
              -77.1694576979943,
              35.003071806211786
            ],
            [
              -77.16619431038764,
              35.003173725732616
            ],
            [
              -77.16294453213281,
              35.00348841217092
            ],
            [
              -77.16178652173711,
              35.00367748221179
            ],
            [
              -77.162542346636,
              35.000865536353245
            ],
            [
              -77.16257148954378,
              35.000740810964054
            ],
            [
              -77.16336799424546,
              35.00071485714285
            ],
            [
              -77.26171759646468,
              35.00071485714285
            ],
            [
              -77.26252741559516,
              35.00074136787623
            ],
            [
              -77.26253579257143,
              35.00074737475503
            ]
          ]
        ]
      },
      "properties": {
        "hail_size_bin": "0.5\"",
        "min_size_inches": 0.5
      }
    },
    {
      "type": "Feature",
      "geometry": {
        "type": "Polygon",
        "coordinates": [
          [
            [
              -77.12145926661059,
              35.038905496600705
            ],
            [
              -77.12114456060918,
              35.03992769510911
            ],
            [
              -77.12038956821905,
              35.04310418259544
            ],
            [
              -77.11984349818181,
              35.04632317215343
            ],
            [
              -77.11950867895894,
              35.04957093790052
            ],
            [
              -77.11938653823114,
              35.05283363125151
            ],
            [
              -77.1194775968107,
              35.05609733996938
            ],
            [
              -77.11978146642069,
              35.05934814748753
            ],
            [
              -77.12029685135062,
              35.062572192250556
            ],
            [
              -77.12102155398135,
              35.06575572682034
            ],
            [
              -77.12195248415587,
              35.06888517649563
            ],
            [
              -77.12229701284362,
              35.06991861488263
            ],
            [
              -77.12252301695682,
              35.070678556513805
            ],
            [
              -77.12177953412758,
              35.07095357232065
            ],
            [
              -77.06335158335114,
              35.09042677323182
            ],
            [
              -77.062597132737,
              35.09065069494155
            ],
            [
              -77.06270080435928,
              35.0898706493764
            ],
            [
              -77.07242723369033,
              35.03152041152091
            ],
            [
              -77.07258427923529,
              35.03073838742441
            ],
            [
              -77.07336366412414,
              35.03090643707255
            ],
            [
              -77.10172862060651,
              35.03799666301421
            ],
            [
              -77.10495870911295,
              35.0386915476889
            ],
            [
              -77.10822763821528,
              35.039171588306445
            ],
            [
              -77.1115211340215,
              35.03943468875289
            ],
            [
              -77.11482481536827,
              35.03947970019105
            ],
            [
              -77.11812425661671,
              35.039306426076905
            ],
            [
              -77.1214050506425,
              35.03891562301788
            ],
            [
              -77.12145926661059,
              35.038905496600705
            ]
          ]
        ]
      },
      "properties": {
        "hail_size_bin": "0.5\"",
        "min_size_inches": 0.5
      }
    },
    {
      "type": "Feature",
      "geometry": {
        "type": "Polygon",
        "coordinates": [
          [
            [
              -77.01459724218807,
              35.15197514073247
            ],
            [
              -77.01504501263946,
              35.153848960693914
            ],
            [
              -77.01600058233883,
              35.15694490795332
            ],
            [
              -77.01715466162183,
              35.1599724653668
            ],
            [
              -77.0185024042774,
              35.162918919611776
            ],
            [
              -77.02003815086302,
              35.165771897934185
            ],
            [
              -77.02175545246985,
              35.16851942010416
            ],
            [
              -77.02364709780302,
              35.171149948723446
            ],
            [
              -77.02570514346326,
              35.17365243767322
            ],
            [
              -77.02792094730285,
              35.176016378499
            ],
            [
              -77.05197906117978,
              35.20007105501137
            ],
            [
              -77.05250946810906,
              35.20063780655168
            ],
            [
              -77.05174020240895,
              35.20074025639176
            ],
            [
              -76.95336639410019,
              35.21057623168169
            ],
            [
              -76.95258924390286,
              35.21062919700245
            ],
            [
              -76.95202127193257,
              35.210096115774725
            ],
            [
              -76.88317292442942,
              35.14125760515532
            ],
            [
              -76.88265553800034,
              35.140705010765146
            ],
            [
              -76.88341143766985,
              35.14074328907408
            ],
            [
              -77.0017776793835,
              35.15060573322693
            ],
            [
              -77.00256921165888,
              35.15069720091994
            ],
            [
              -77.00332316036831,
              35.15083352719746
            ],
            [
              -77.0050232232057,
              35.151196318666585
            ],
            [
              -77.00823588495713,
              35.15166641951127
            ],
            [
              -77.01147228407838,
              35.151927017019275
            ],
            [
              -77.01459724218807,
              35.15197514073247
            ]
          ]
        ]
      },
      "properties": {
        "hail_size_bin": "0.5\"",
        "min_size_inches": 0.5
      }
    },
    {
      "type": "Feature",
      "geometry": {
        "type": "Polygon",
        "coordinates": [
          [
            [
              -77.3324920798017,
              35.70048936188383
            ],
            [
              -77.33170558993773,
              35.70051483714286
            ],
            [
              -77.29336254904479,
              35.70051483714286
            ],
            [
              -77.29254702296934,
              35.7004877201608
            ],
            [
              -77.29212787175175,
              35.699788399302534
            ],
            [
              -77.24293359364538,
              35.61125135047602
            ],
            [
              -77.24257575349299,
              35.61055490868597
            ],
            [
              -77.24331008252726,
              35.6102834466596
            ],
            [
              -77.30175861628034,
              35.59080338573649
            ],
            [
              -77.30251282794316,
              35.590578989922754
            ],
            [
              -77.30274406728942,
              35.59133078728848
            ],
            [
              -77.33230995280522,
              35.699723545074136
            ],
            [
              -77.3324920798017,
              35.70048936188383
            ]
          ]
        ]
      },
      "properties": {
        "hail_size_bin": "0.5\"",
        "min_size_inches": 0.5
      }
    },
    {
      "type": "Feature",
      "geometry": {
        "type": "Polygon",
        "coordinates": [
          [
            [
              -77.84239307848182,
              34.500833007787826
            ],
            [
              -77.8416346979367,
              34.50085772857143
            ],
            [
              -77.7233068118986,
              34.50085772857143
            ],
            [
              -77.72248501108717,
              34.50083021529961
            ],
            [
              -77.72202079062843,
              34.500151826635005
            ],
            [
              -77.65292659101308,
              34.391590740398854
            ],
            [
              -77.65252410432204,
              34.3909093350672
            ],
            [
              -77.65330333510093,
              34.3907715673812
            ],
            [
              -77.72165044780996,
              34.38100908917543
            ],
            [
              -77.72246052728687,
              34.380920633735656
            ],
            [
              -77.72305554624661,
              34.38147741516594
            ],
            [
              -77.8418743079621,
              34.50027920034691
            ],
            [
              -77.84239307848182,
              34.500833007787826
            ]
          ]
        ]
      },
      "properties": {
        "hail_size_bin": "0.5\"",
        "min_size_inches": 0.5
      }
    },
    {
      "type": "Feature",
      "geometry": {
        "type": "Polygon",
        "coordinates": [
          [
            [
              -77.83231634186512,
              34.76074868156225
            ],
            [
              -77.83163572997861,
              34.76070902626734
            ],
            [
              -77.72327536423822,
              34.75085949140589
            ],
            [
              -77.72255392846809,
              34.7507703126803
            ],
            [
              -77.72319333661574,
              34.750424708790334
            ],
            [
              -77.76171738598244,
              34.73116543621804
            ],
            [
              -77.76246570647143,
              34.73082206925784
            ],
            [
              -77.76323195115953,
              34.73112093275952
            ],
            [
              -77.83169880061507,
              34.76045967579351
            ],
            [
              -77.83231634186512,
              34.76074868156225
            ]
          ]
        ]
      },
      "properties": {
        "hail_size_bin": "0.5\"",
        "min_size_inches": 0.5
      }
    },
    {
      "type": "Feature",
      "geometry": {
        "type": "Polygon",
        "coordinates": [
          [
            [
              -78.27232126974995,
              34.88072977033719
            ],
            [
              -78.27156793989754,
              34.88081248631936
            ],
            [
              -78.14323148035254,
              34.89068311117667
            ],
            [
              -78.14243593365454,
              34.89071798624867
            ],
            [
              -78.14241005314285,
              34.88992243566616
            ],
            [
              -78.14241005314285,
              34.84159736293147
            ],
            [
              -78.14243730097988,
              34.840783529555964
            ],
            [
              -78.14323545787472,
              34.84062302819999
            ],
            [
              -78.20159450648568,
              34.83089790979789
            ],
            [
              -78.20239520006709,
              34.83079127058149
            ],
            [
              -78.20306722874794,
              34.83123890030529
            ],
            [
              -78.27171932586334,
              34.880269106213426
            ],
            [
              -78.27232126974995,
              34.88072977033719
            ]
          ]
        ]
      },
      "properties": {
        "hail_size_bin": "0.5\"",
        "min_size_inches": 0.5
      }
    },
    {
      "type": "Feature",
      "geometry": {
        "type": "Polygon",
        "coordinates": [
          [
            [
              -78.53232476815761,
              35.60053029533408
            ],
            [
              -78.5316407168308,
              35.60095113081401
            ],
            [
              -78.39309043589864,
              35.68011140807477
            ],
            [
              -78.39239562353616,
              35.68047853726949
            ],
            [
              -78.39228324103337,
              35.67970085300518
            ],
            [
              -78.38246801927124,
              35.59137647852021
            ],
            [
              -78.3824052702336,
              35.59056594880024
            ],
            [
              -78.38317894955978,
              35.590316819076946
            ],
            [
              -78.52156163239775,
              35.55078455877461
            ],
            [
              -78.52233586056445,
              35.550590795613104
            ],
            [
              -78.52251774971104,
              35.55136754854358
            ],
            [
              -78.5321931229681,
              35.599737502860314
            ],
            [
              -78.53232476815761,
              35.60053029533408
            ]
          ]
        ]
      },
      "properties": {
        "hail_size_bin": "0.5\"",
        "min_size_inches": 0.5
      }
    },
    {
      "type": "Feature",
      "geometry": {
        "type": "Polygon",
        "coordinates": [
          [
            [
              -78.57231294429872,
              35.89045275943952
            ],
            [
              -78.5716545956805,
              35.89087689646749
            ],
            [
              -78.55028825518096,
              35.90369486910488
            ],
            [
              -78.54759227961877,
              35.90543217932401
            ],
            [
              -78.5450132333615,
              35.90733876040862
            ],
            [
              -78.54256172818486,
              35.90940676751652
            ],
            [
              -78.54024785108251,
              35.911627691599996
            ],
            [
              -78.53808112276187,
              35.91399239441725
            ],
            [
              -78.53607045847019,
              35.916491146132714
            ],
            [
              -78.53422413131172,
              35.91911366535157
            ],
            [
              -78.53254973820711,
              35.92184916142369
            ],
            [
              -78.531054168635,
              35.92468637884298
            ],
            [
              -78.5297435762845,
              35.92761364355943
            ],
            [
              -78.52862335373518,
              35.93061891101332
            ],
            [
              -78.52769811026866,
              35.933689815693874
            ],
            [
              -78.52697165290317,
              35.93681372201857
            ],
            [
              -78.52644697072921,
              35.93997777632369
            ],
            [
              -78.52612622261056,
              35.94316895975209
            ],
            [
              -78.52601072830142,
              35.946374141820854
            ],
            [
              -78.52610096301609,
              35.949580134448055
            ],
            [
              -78.5263965554737,
              35.95277374621663
            ],
            [
              -78.53225321808246,
              35.99962035280143
            ],
            [
              -78.53232529073878,
              36.000403481414374
            ],
            [
              -78.53153927047906,
              36.000429114285716
            ],
            [
              -78.48317969292044,
              36.000429114285716
            ],
            [
              -78.48241203352056,
              36.00040398295646
            ],
            [
              -78.4827085017304,
              35.99999086129201
            ],
            [
              -78.48448729727221,
              35.99733335131204
            ],
            [
              -78.48609257332156,
              35.9945675672137
            ],
            [
              -78.48751776335367,
              35.991704822683424
            ],
            [
              -78.48875703750163,
              35.98875682803291
            ],
            [
              -78.48980532640408,
              35.985735642297115
            ],
            [
              -78.49065834194182,
              35.9826536239056
            ],
            [
              -78.49131259477873,
              35.97952338012937
            ],
            [
              -78.49176540863526,
              35.97635771550964
            ],
            [
              -78.49201493123596,
              35.97316957947977
            ],
            [
              -78.49206014188637,
              35.9699720133944
            ],
            [
              -78.49190085564834,
              35.96677809718266
            ],
            [
              -78.49153772409637,
              35.963600895843555
            ],
            [
              -78.4909722326525,
              35.96045340600241
            ],
            [
              -78.49020669450985,
              35.95734850274701
            ],
            [
              -78.48924424117047,
              35.95429888696092
            ],
            [
              -78.48808880963554,
              35.95131703336939
            ],
            [
              -78.48674512630075,
              35.94841513951037
            ],
            [
              -78.48521868762256,
              35.94560507583938
            ],
            [
              -78.4835157376345,
              35.942898337172394
            ],
            [
              -78.48164324240528,
              35.94030599566523
            ],
            [
              -78.47960886154358,
              35.937838655521915
            ],
            [
              -78.47742091686568,
              35.93550640961728
            ],
            [
              -78.46294331059957,
              35.921030871876184
            ],
            [
              -78.46240473781565,
              35.92045590064737
            ],
            [
              -78.46304559595568,
              35.919997861111796
            ],
            [
              -78.55167071693641,
              35.86092288881854
            ],
            [
              -78.5523443732108,
              35.860505017888464
            ],
            [
              -78.55280533031775,
              35.861149811492666
            ],
            [
              -78.57189963520683,
              35.889787176604806
            ],
            [
              -78.57231294429872,
              35.89045275943952
            ]
          ]
        ]
      },
      "properties": {
        "hail_size_bin": "0.5\"",
        "min_size_inches": 0.5
      }
    },
    {
      "type": "Feature",
      "geometry": {
        "type": "Polygon",
        "coordinates": [
          [
            [
              -79.0220485227227,
              35.62055725184142
            ],
            [
              -79.021468689249,
              35.620673614559905
            ],
            [
              -78.90309426409121,
              35.64039986657807
            ],
            [
              -78.90232625825624,
              35.64050260135862
            ],
            [
              -78.90230145999999,
              35.639728244981
            ],
            [
              -78.90230145999999,
              35.62135589267819
            ],
            [
              -78.90232739956858,
              35.62056352082741
            ],
            [
              -78.90311965610674,
              35.62053769657143
            ],
            [
              -79.02145744191786,
              35.62053769657143
            ],
            [
              -79.0220485227227,
              35.62055725184142
            ]
          ]
        ]
      },
      "properties": {
        "hail_size_bin": "0.5\"",
        "min_size_inches": 0.5
      }
    },
    {
      "type": "Feature",
      "geometry": {
        "type": "Polygon",
        "coordinates": [
          [
            [
              -80.02206491777001,
              32.85133533415314
            ],
            [
              -80.02138794493888,
              32.85165207945942
            ],
            [
              -79.95290819847416,
              32.880996348993314
            ],
            [
              -79.95214241134937,
              32.88129505370616
            ],
            [
              -79.95066471925553,
              32.88165685626979
            ],
            [
              -79.9506527449008,
              32.88165935945805
            ],
            [
              -79.95063911749602,
              32.88166312468137
            ],
            [
              -79.95054604326047,
              32.88168591325631
            ],
            [
              -79.95054671484806,
              32.88168865533893
            ],
            [
              -79.94759319633631,
              32.88250470630054
            ],
            [
              -79.94459345173541,
              32.88354248326687
            ],
            [
              -79.94166560060722,
              32.88476850792962
            ],
            [
              -79.93882144271728,
              32.88617783918934
            ],
            [
              -79.93607244053237,
              32.887764797188105
            ],
            [
              -79.93342967302468,
              32.889522986200355
            ],
            [
              -79.93090379102159,
              32.891445320408806
            ],
            [
              -79.92850497428093,
              32.89352405246157
            ],
            [
              -79.92624289046469,
              32.895750804695396
            ],
            [
              -79.92412665617667,
              32.898116602899115
            ],
            [
              -79.92216480022087,
              32.900611912481345
            ],
            [
              -79.92036522922889,
              32.903226676896615
            ],
            [
              -79.91873519579485,
              32.905950358175026
            ],
            [
              -79.91728126924602,
              32.90877197939218
            ],
            [
              -79.91600930916735,
              32.91168016890815
            ],
            [
              -79.91245406970452,
              32.92056699765538
            ],
            [
              -79.91214109715754,
              32.92128213313826
            ],
            [
              -79.91136704381306,
              32.92118766555837
            ],
            [
              -79.78296192691434,
              32.901435854683115
            ],
            [
              -79.78219210865448,
              32.901292234527055
            ],
            [
              -79.78181994227718,
              32.90060346221981
            ],
            [
              -79.77254470202074,
              32.882055632154284
            ],
            [
              -79.7722175155349,
              32.881343790734576
            ],
            [
              -79.7729973281758,
              32.88126937815237
            ],
            [
              -79.89588537227243,
              32.87358997276781
            ],
            [
              -79.89908152580858,
              32.873286968564166
            ],
            [
              -79.90225164488525,
              32.87277947076734
            ],
            [
              -79.90538265947053,
              32.87206957173167
            ],
            [
              -79.90846166075576,
              32.87116019828823
            ],
            [
              -79.91147595437707,
              32.870055099677884
            ],
            [
              -79.91441311275275,
              32.86875883209354
            ],
            [
              -79.91726102632074,
              32.867276739895566
            ],
            [
              -79.92000795346493,
              32.86561493357755
            ],
            [
              -79.92264256892446,
              32.86378026457349
            ],
            [
              -79.92515401048651,
              32.86178029701012
            ],
            [
              -79.92753192376985,
              32.85962327652089
            ],
            [
              -79.92976650491485,
              32.857318096250175
            ],
            [
              -79.93184854100356,
              32.854874260187884
            ],
            [
              -79.93376944804356,
              32.85230184398561
            ],
            [
              -79.93552130635875,
              32.8496114534159
            ],
            [
              -79.93709689324122,
              32.846814180645886
            ],
            [
              -79.93848971272968,
              32.84392155850557
            ],
            [
              -79.93969402239149,
              32.8409455129393
            ],
            [
              -79.94070485699814,
              32.83789831383651
            ],
            [
              -79.94151804899622,
              32.83479252444437
            ],
            [
              -79.94213024568974,
              32.83164094957099
            ],
            [
              -79.94217445953483,
              32.831366541246005
            ],
            [
              -79.94294045739952,
              32.83153179064592
            ],
            [
              -80.02134614993766,
              32.85113041317698
            ],
            [
              -80.02206491777001,
              32.85133533415314
            ]
          ]
        ]
      },
      "properties": {
        "hail_size_bin": "0.5\"",
        "min_size_inches": 0.5
      }
    },
    {
      "type": "Feature",
      "geometry": {
        "type": "Polygon",
        "coordinates": [
          [
            [
              -81.33191265103919,
              28.952430608192923
            ],
            [
              -81.33118023118317,
              28.952701570075753
            ],
            [
              -81.24273834759614,
              28.98217798581797
            ],
            [
              -81.24204017102375,
              28.982385716936456
            ],
            [
              -81.24249620983794,
              28.98181783119494
            ],
            [
              -81.25814255542016,
              28.963566369445935
            ],
            [
              -81.26021646066039,
              28.960978148417137
            ],
            [
              -81.2621142148379,
              28.95825813001259
            ],
            [
              -81.2638274678563,
              28.955418282281773
            ],
            [
              -81.26534868142218,
              28.952471100521798
            ],
            [
              -81.26667116221344,
              28.94942955229827
            ],
            [
              -81.26778909132994,
              28.946307020388133
            ],
            [
              -81.26869754989652,
              28.943117243895628
            ],
            [
              -81.26939254070598,
              28.939874257800362
            ],
            [
              -81.26987100580685,
              28.93659233120359
            ],
            [
              -81.27013083995818,
              28.933285904544324
            ],
            [
              -81.27017089989278,
              28.92996952606156
            ],
            [
              -81.26999100934734,
              28.926657787782194
            ],
            [
              -81.26959195983821,
              28.923365261316306
            ],
            [
              -81.2689755071786,
              28.920106433742195
            ],
            [
              -81.26814436375307,
              28.916895643863437
            ],
            [
              -81.26710218658306,
              28.91374701911831
            ],
            [
              -81.26585356123604,
              28.910674413419212
            ],
            [
              -81.2644039816491,
              28.907691346195627
            ],
            [
              -81.2627598259556,
              28.90481094290878
            ],
            [
              -81.26092832842156,
              28.90204587729977
            ],
            [
              -81.25891754761491,
              28.899408315625244
            ],
            [
              -81.25673633094792,
              28.896909863126012
            ],
            [
              -81.25439427574862,
              28.89456151296413
            ],
            [
              -81.25206257000163,
              28.89251481580713
            ],
            [
              -81.25199172066031,
              28.892448458157617
            ],
            [
              -81.25196567857142,
              28.891642549893245
            ],
            [
              -81.25196567857142,
              28.85329034700741
            ],
            [
              -81.25199050506468,
              28.852531953077886
            ],
            [
              -81.2525442543723,
              28.853050668849654
            ],
            [
              -81.29138135224783,
              28.89188221777548
            ],
            [
              -81.29193615660866,
              28.892474492724805
            ],
            [
              -81.29205992689218,
              28.892882425608427
            ],
            [
              -81.29265612659715,
              28.895113725116282
            ],
            [
              -81.29367689038989,
              28.898142784518093
            ],
            [
              -81.29488911284966,
              28.9011004316046
            ],
            [
              -81.29628783978832,
              28.903974578874895
            ],
            [
              -81.29786735479934,
              28.90675348008045
            ],
            [
              -81.29962120261995,
              28.90942577823044
            ],
            [
              -81.30154221551292,
              28.911980552006195
            ],
            [
              -81.3024556602475,
              28.913117771054388
            ],
            [
              -81.33146467890545,
              28.951790936281302
            ],
            [
              -81.33191265103919,
              28.952430608192923
            ]
          ]
        ]
      },
      "properties": {
        "hail_size_bin": "0.5\"",
        "min_size_inches": 0.5
      }
    },
    {
      "type": "Feature",
      "geometry": {
        "type": "Polygon",
        "coordinates": [
          [
            [
              -81.6518175364272,
              29.26218181471554
            ],
            [
              -81.65021948255506,
              29.25981262364783
            ],
            [
              -81.64825767043975,
              29.257272392583893
            ],
            [
              -81.64613692214438,
              29.254863262595357
            ],
            [
              -81.64386597640797,
              29.252595160724585
            ],
            [
              -81.6414541908719,
              29.25047743289458
            ],
            [
              -81.63891150352099,
              29.24851880539823
            ],
            [
              -81.63624839173302,
              29.24672734894083
            ],
            [
              -81.63347582910582,
              29.245110445383975
            ],
            [
              -81.63060524023945,
              29.24367475732794
            ],
            [
              -81.62764845366017,
              29.242426200657803
            ],
            [
              -81.62461765307985,
              29.241369920166512
            ],
            [
              -81.62152532719188,
              29.240510268355276
            ],
            [
              -81.61838421821037,
              29.239850787498685
            ],
            [
              -81.61520726936465,
              29.23939419504845
            ],
            [
              -81.55272781667342,
              29.232453025517383
            ],
            [
              -81.55204758368812,
              29.23235505802243
            ],
            [
              -81.55270859251175,
              29.232167176582493
            ],
            [
              -81.63112020596411,
              29.212567074034364
            ],
            [
              -81.63189607874142,
              29.21239981404468
            ],
            [
              -81.63221429536496,
              29.213126483499316
            ],
            [
              -81.65160636535866,
              29.261599731754554
            ],
            [
              -81.6518175364272,
              29.26218181471554
            ]
          ]
        ]
      },
      "properties": {
        "hail_size_bin": "0.5\"",
        "min_size_inches": 0.5
      }
    },
    {
      "type": "Feature",
      "geometry": {
        "type": "Polygon",
        "coordinates": [
          [
            [
              -81.93182150452365,
              28.45259777482601
            ],
            [
              -81.93128832199761,
              28.4531665842485
            ],
            [
              -81.87245824543726,
              28.51198825531119
            ],
            [
              -81.87194535175948,
              28.51246842438904
            ],
            [
              -81.87220085926627,
              28.511813973269803
            ],
            [
              -81.90155426992054,
              28.443332467611633
            ],
            [
              -81.9018869416854,
              28.442620815622174
            ],
            [
              -81.90263985011553,
              28.4428449761739
            ],
            [
              -81.93109014845122,
              28.45232705398275
            ],
            [
              -81.93182150452365,
              28.45259777482601
            ]
          ]
        ]
      },
      "properties": {
        "hail_size_bin": "0.5\"",
        "min_size_inches": 0.5
      }
    },
    {
      "type": "Feature",
      "geometry": {
        "type": "Polygon",
        "coordinates": [
          [
            [
              -82.54172151562469,
              44.557958434644966
            ],
            [
              -82.54096313507956,
              44.55798315542857
            ],
            [
              -82.47261319519951,
              44.55798315542857
            ],
            [
              -82.4718651581343,
              44.55795855819575
            ],
            [
              -82.47244886157748,
              44.55749009820234
            ],
            [
              -82.51113611607344,
              44.5284788029857
            ],
            [
              -82.51178350861491,
              44.528025401717755
            ],
            [
              -82.5123597597949,
              44.5285657629093
            ],
            [
              -82.54120274510497,
              44.55740462720405
            ],
            [
              -82.54172151562469,
              44.557958434644966
            ]
          ]
        ]
      },
      "properties": {
        "hail_size_bin": "0.5\"",
        "min_size_inches": 0.5
      }
    },
    {
      "type": "Feature",
      "geometry": {
        "type": "Polygon",
        "coordinates": [
          [
            [
              -83.11164701641513,
              44.198088535780634
            ],
            [
              -83.11099774671959,
              44.19852481291948
            ],
            [
              -83.03241329574057,
              44.24763307730982
            ],
            [
              -83.03170319277096,
              44.2480447895414
            ],
            [
              -83.03149607822836,
              44.24805763340371
            ],
            [
              -83.02872918171207,
              44.24813466688384
            ],
            [
              -83.02553199175901,
              44.248429836735596
            ],
            [
              -83.02236033864106,
              44.248929602017284
            ],
            [
              -83.02183423634372,
              44.24904753280122
            ],
            [
              -83.02409974729235,
              44.24782760644952
            ],
            [
              -83.02687919041873,
              44.24608674775304
            ],
            [
              -83.02953852886785,
              44.24416742180187
            ],
            [
              -83.0320663212157,
              44.242077886221885
            ],
            [
              -83.03445169199655,
              44.239827130941634
            ],
            [
              -83.0366843784932,
              44.23742483951437
            ],
            [
              -83.03875477489072,
              44.234881347455996
            ],
            [
              -83.04065397360418,
              44.232207597778
            ],
            [
              -83.04237380360226,
              44.229415093906645
            ],
            [
              -83.07129699161776,
              44.17880674670986
            ],
            [
              -83.07171612341556,
              44.17812640671044
            ],
            [
              -83.07244224541427,
              44.17845999451255
            ],
            [
              -83.11095931096659,
              44.19771577567658
            ],
            [
              -83.11164701641513,
              44.198088535780634
            ]
          ]
        ]
      },
      "properties": {
        "hail_size_bin": "0.5\"",
        "min_size_inches": 0.5
      }
    },
    {
      "type": "Feature",
      "geometry": {
        "type": "Polygon",
        "coordinates": [
          [
            [
              -83.00883390234199,
              44.25362145424459
            ],
            [
              -83.00733619842721,
              44.25439627277185
            ],
            [
              -83.00458500341973,
              44.25605158992217
            ],
            [
              -83.00194572349557,
              44.25788007298724
            ],
            [
              -82.99942924214653,
              44.25987418192542
            ],
            [
              -82.99704593648495,
              44.26202569371037
            ],
            [
              -82.99480563445194,
              44.26432573624002
            ],
            [
              -82.99271757429031,
              44.26676482492204
            ],
            [
              -82.99169221379998,
              44.26804348171784
            ],
            [
              -82.9909110525911,
              44.268181147953925
            ],
            [
              -82.9225392392159,
              44.277947154322135
            ],
            [
              -82.92176440625197,
              44.27803199664459
            ],
            [
              -82.92198653336904,
              44.27728485282621
            ],
            [
              -82.94146474527261,
              44.21885856611354
            ],
            [
              -82.94173550062573,
              44.218127301108645
            ],
            [
              -82.94230433079517,
              44.218660354193446
            ],
            [
              -82.96361036049585,
              44.23996333974063
            ],
            [
              -82.96600436880016,
              44.24220490556226
            ],
            [
              -82.9685401776566,
              44.24428470520103
            ],
            [
              -82.97120687710958,
              44.24619379061592
            ],
            [
              -82.9739929940654,
              44.24792394823947
            ],
            [
              -82.97688654165361,
              44.2494677343155
            ],
            [
              -82.97987507079881,
              44.25081850692483
            ],
            [
              -82.982945723781,
              44.25197045456114
            ],
            [
              -82.9860852895541,
              44.25291862113418
            ],
            [
              -82.98928026058456,
              44.253658927292626
            ],
            [
              -82.99251689096569,
              44.254188187974925
            ],
            [
              -82.9957812555573,
              44.25450412611256
            ],
            [
              -82.9990593098968,
              44.254605382426774
            ],
            [
              -83.00233695062335,
              44.254491521276755
            ],
            [
              -83.00560007615564,
              44.25416303253383
            ],
            [
              -83.00883390234199,
              44.25362145424459
            ]
          ]
        ]
      },
      "properties": {
        "hail_size_bin": "0.5\"",
        "min_size_inches": 0.5
      }
    },
    {
      "type": "Feature",
      "geometry": {
        "type": "Polygon",
        "coordinates": [
          [
            [
              -82.84277437367079,
              44.32884911094348
            ],
            [
              -82.84307972036191,
              44.330239426699734
            ],
            [
              -82.84399413271908,
              44.33339635108397
            ],
            [
              -82.84511397395129,
              44.336486379747484
            ],
            [
              -82.86143088325566,
              44.37727282470804
            ],
            [
              -82.86170048595241,
              44.37801661862662
            ],
            [
              -82.86093966123644,
              44.378233553544995
            ],
            [
              -82.82253120571156,
              44.38783429549963
            ],
            [
              -82.82177998747788,
              44.387996283267036
            ],
            [
              -82.82180870322576,
              44.387903766545165
            ],
            [
              -82.82278563278294,
              44.38508176298845
            ],
            [
              -82.82365186097748,
              44.38192463507282
            ],
            [
              -82.82430962665781,
              44.3787175877906
            ],
            [
              -82.82475610990143,
              44.375474370148524
            ],
            [
              -82.82498939657968,
              44.372208886220164
            ],
            [
              -82.82500848656383,
              44.368935135537356
            ],
            [
              -82.82481329801276,
              44.365667153072565
            ],
            [
              -82.82440466772384,
              44.36241894906917
            ],
            [
              -82.82378434754546,
              44.35920444897788
            ],
            [
              -82.82295499686663,
              44.35603743375654
            ],
            [
              -82.82192017121588,
              44.35293148078954
            ],
            [
              -82.82068430701823,
              44.34989990567986
            ],
            [
              -82.81925270257575,
              44.34695570516343
            ],
            [
              -82.81763149535306,
              44.34411150139055
            ],
            [
              -82.81582763566517,
              44.34137948781314
            ],
            [
              -82.81384885688082,
              44.33877137690997
            ],
            [
              -82.81170364226841,
              44.33629834997374
            ],
            [
              -82.80940118862722,
              44.33397100917557
            ],
            [
              -82.80695136685964,
              44.33179933211216
            ],
            [
              -82.80436467965336,
              44.32979262903059
            ],
            [
              -82.80186198261686,
              44.32810126624933
            ],
            [
              -82.80182279668624,
              44.32807288184475
            ],
            [
              -82.80256074237552,
              44.32804887628571
            ],
            [
              -82.84091185895954,
              44.32804887628571
            ],
            [
              -82.84172984803021,
              44.32807593069604
            ],
            [
              -82.84250040735496,
              44.32863587031084
            ],
            [
              -82.84277437367079,
              44.32884911094348
            ]
          ]
        ]
      },
      "properties": {
        "hail_size_bin": "0.5\"",
        "min_size_inches": 0.5
      }
    },
    {
      "type": "Feature",
      "geometry": {
        "type": "Polygon",
        "coordinates": [
          [
            [
              -88.31085342210545,
              34.940940865779275
            ],
            [
              -88.31065592819363,
              34.94148433729442
            ],
            [
              -88.29126680412809,
              34.989950221781555
            ],
            [
              -88.29094160695985,
              34.990691092215016
            ],
            [
              -88.2901331318167,
              34.99071771457143
            ],
            [
              -88.280961192,
              34.99071771457143
            ],
            [
              -88.280961192,
              34.99074386799087
            ],
            [
              -88.27928240412355,
              34.99074384339104
            ],
            [
              -88.27599275713396,
              34.99096105619475
            ],
            [
              -88.2727245755549,
              34.991394585760645
            ],
            [
              -88.26949206807863,
              34.992042547282736
            ],
            [
              -88.26630928830129,
              34.9929021236942
            ],
            [
              -88.26319007362368,
              34.99396957791483
            ],
            [
              -88.260147985092,
              34.995240269098296
            ],
            [
              -88.25719624844015,
              34.99670867280857
            ],
            [
              -88.25434769658965,
              34.998368405037944
            ],
            [
              -88.25161471385748,
              35.000212249961976
            ],
            [
              -88.25096522442881,
              35.00068232236704
            ],
            [
              -88.25031414374261,
              35.00022642581708
            ],
            [
              -88.21162440592424,
              34.97121326837476
            ],
            [
              -88.21107575845535,
              34.97077313654806
            ],
            [
              -88.21176329572614,
              34.97092142656671
            ],
            [
              -88.24632779118608,
              34.979561315809015
            ],
            [
              -88.24960842008582,
              34.98026531063099
            ],
            [
              -88.25292887811176,
              34.980747693451114
            ],
            [
              -88.25627421239842,
              34.981006291977096
            ],
            [
              -88.25962935805623,
              34.98103994167412
            ],
            [
              -88.26297920601249,
              34.98084849100905
            ],
            [
              -88.2663086710514,
              34.980432802132846
            ],
            [
              -88.26960275974666,
              34.979794746998046
            ],
            [
              -88.27284663798055,
              34.978937198928904
            ],
            [
              -88.27602569774585,
              34.97786401968209
            ],
            [
              -88.27912562292937,
              34.976580042056206
            ],
            [
              -88.28213245378102,
              34.97509104812847
            ],
            [
              -88.28503264977807,
              34.97340374321655
            ],
            [
              -88.28781315060172,
              34.971525725682845
            ],
            [
              -88.29046143495083,
              34.969465452717074
            ],
            [
              -88.29296557692864,
              34.96723220225146
            ],
            [
              -88.29531429974809,
              34.96483603117982
            ],
            [
              -88.29749702651405,
              34.96228773006881
            ],
            [
              -88.29950392785373,
              34.959598774565286
            ],
            [
              -88.30132596618094,
              34.95678127371854
            ],
            [
              -88.31053996253128,
              34.9414268072568
            ],
            [
              -88.31085342210545,
              34.940940865779275
            ]
          ]
        ]
      },
      "properties": {
        "hail_size_bin": "0.5\"",
        "min_size_inches": 0.5
      }
    },
    {
      "type": "Feature",
      "geometry": {
        "type": "Polygon",
        "coordinates": [
          [
            [
              -89.00078624144678,
              38.079817000028505
            ],
            [
              -89.00003329739201,
              38.079917259044585
            ],
            [
              -88.90169312332706,
              38.08974987139069
            ],
            [
              -88.90101450365769,
              38.089795184181824
            ],
            [
              -88.90163055740669,
              38.0895071204622
            ],
            [
              -88.97010209311061,
              38.060166369323014
            ],
            [
              -88.97085994108095,
              38.05987090341118
            ],
            [
              -88.97155106074445,
              38.06029939168123
            ],
            [
              -89.00016840564409,
              38.07937489576341
            ],
            [
              -89.00078624144678,
              38.079817000028505
            ]
          ]
        ]
      },
      "properties": {
        "hail_size_bin": "0.5\"",
        "min_size_inches": 0.5
      }
    },
    {
      "type": "Feature",
      "geometry": {
        "type": "Polygon",
        "coordinates": [
          [
            [
              -89.27078845073947,
              44.43800476580992
            ],
            [
              -89.27009343701404,
              44.438380541749986
            ],
            [
              -89.231546170037,
              44.45765142146882
            ],
            [
              -89.23083324554682,
              44.45797956013019
            ],
            [
              -89.23002484764996,
              44.456912517446185
            ],
            [
              -89.22799888362451,
              44.454411199116706
            ],
            [
              -89.2258161729281,
              44.452045422788814
            ],
            [
              -89.2234857616949,
              44.449824993302904
            ],
            [
              -89.22101730819641,
              44.44775911311673
            ],
            [
              -89.2184210428134,
              44.44585634416629
            ],
            [
              -89.21570772563649,
              44.444124572381305
            ],
            [
              -89.21288860187155,
              44.4425709750024
            ],
            [
              -89.20997535523452,
              44.44120199083535
            ],
            [
              -89.2069800595288,
              44.440023293565865
            ],
            [
              -89.20391512860603,
              44.439039768245166
            ],
            [
              -89.20079326491748,
              44.438255491044224
            ],
            [
              -89.19762740686939,
              44.437673712360265
            ],
            [
              -89.19443067520038,
              44.43729684334563
            ],
            [
              -89.19121631860328,
              44.43712644591489
            ],
            [
              -89.18799765881647,
              44.43716322627159
            ],
            [
              -89.18478803541277,
              44.4374070319814
            ],
            [
              -89.18160075051408,
              44.437856852603886
            ],
            [
              -89.18083477273824,
              44.4379902296606
            ],
            [
              -89.1800776412213,
              44.43771550626346
            ],
            [
              -89.13160419513827,
              44.4183288981373
            ],
            [
              -89.1308571110188,
              44.41800117902018
            ],
            [
              -89.13036680915127,
              44.417329262427764
            ],
            [
              -89.12836229374,
              44.414762919742245
            ],
            [
              -89.12619497702075,
              44.41233250104335
            ],
            [
              -89.1238740520547,
              44.41004831538636
            ],
            [
              -89.12140936345995,
              44.407920051553
            ],
            [
              -89.11881136565364,
              44.40595673695468
            ],
            [
              -89.11609107850782,
              44.40416669934116
            ],
            [
              -89.11326004060659,
              44.402557531476916
            ],
            [
              -89.11033026030319,
              44.40113605893504
            ],
            [
              -89.1073141647844,
              44.39990831114536
            ],
            [
              -89.10422454735841,
              44.398879495819564
            ],
            [
              -89.10107451318974,
              44.39805397686173
            ],
            [
              -89.10085079047624,
              44.39800307045103
            ],
            [
              -89.10006938822079,
              44.39777069868066
            ],
            [
              -89.04163096669178,
              44.378294008017306
            ],
            [
              -89.04089961061918,
              44.37802328717398
            ],
            [
              -89.04143279314513,
              44.37745447775161
            ],
            [
              -89.06027120043625,
              44.35861876204612
            ],
            [
              -89.060849822658,
              44.35807689756001
            ],
            [
              -89.06142828184949,
              44.358618762046156
            ],
            [
              -89.09048764052503,
              44.38767396879149
            ],
            [
              -89.09287562479506,
              44.389910253228344
            ],
            [
              -89.09540474385173,
              44.39198558302229
            ],
            [
              -89.09806416958848,
              44.39389107290869
            ],
            [
              -89.10084251600703,
              44.39561856477118
            ],
            [
              -89.10372788796508,
              44.397160662569675
            ],
            [
              -89.1067079321039,
              44.39851076400554
            ],
            [
              -89.10976988973766,
              44.39966308878854
            ],
            [
              -89.11290065147816,
              44.40061270338441
            ],
            [
              -89.11608681336104,
              44.40135554213716
            ],
            [
              -89.11931473423314,
              44.40188842467569
            ],
            [
              -89.12257059415546,
              44.40220906953013
            ],
            [
              -89.12584045357143,
              44.40231610389969
            ],
            [
              -89.1291103129874,
              44.40220906953013
            ],
            [
              -89.13236617290971,
              44.40188842467569
            ],
            [
              -89.13559409378182,
              44.40135554213716
            ],
            [
              -89.1387802556647,
              44.40061270338441
            ],
            [
              -89.14191101740519,
              44.39966308878854
            ],
            [
              -89.14497297503895,
              44.39851076400554
            ],
            [
              -89.14795301917778,
              44.397160662569675
            ],
            [
              -89.15083839113582,
              44.39561856477118
            ],
            [
              -89.15361673755437,
              44.39389107290869
            ],
            [
              -89.15627616329112,
              44.39198558302229
            ],
            [
              -89.1588052823478,
              44.389910253228344
            ],
            [
              -89.16119326661783,
              44.38767396879149
            ],
            [
              -89.18025401905628,
              44.36861593970681
            ],
            [
              -89.18082371305186,
              44.368082438391674
            ],
            [
              -89.18125360486114,
              44.36903153118217
            ],
            [
              -89.18272859751656,
              44.37201816452494
            ],
            [
              -89.1843991762788,
              44.37489996060669
            ],
            [
              -89.18625792673036,
              44.37766412934547
            ],
            [
              -89.188296599304,
              44.38029840271685
            ],
            [
              -89.19050614589617,
              44.3827910892023
            ],
            [
              -89.19287676002465,
              44.385131125678825
            ],
            [
              -89.19539792035202,
              44.387308126519734
            ],
            [
              -89.19805843738176,
              44.38931242968845
            ],
            [
              -89.20084650311986,
              44.39113513962085
            ],
            [
              -89.20374974348147,
              44.392768166705885
            ],
            [
              -89.20675527320988,
              44.39420426318915
            ],
            [
              -89.20984975306443,
              44.395437055340096
            ],
            [
              -89.21301944902305,
              44.396461071740134
            ],
            [
              -89.21625029323711,
              44.39727176756606
            ],
            [
              -89.21952794646775,
              44.39786554476106
            ],
            [
              -89.22082202774996,
              44.39805570160717
            ],
            [
              -89.22162769561096,
              44.39822904972665
            ],
            [
              -89.2600093487294,
              44.40782309203704
            ],
            [
              -89.26079998888402,
              44.40804908670168
            ],
            [
              -89.26108581521056,
              44.40881985705071
            ],
            [
              -89.2705629242912,
              44.43724712209397
            ],
            [
              -89.27078845073947,
              44.43800476580992
            ]
          ]
        ]
      },
      "properties": {
        "hail_size_bin": "0.5\"",
        "min_size_inches": 0.5
      }
    },
    {
      "type": "Feature",
      "geometry": {
        "type": "Polygon",
        "coordinates": [
          [
            [
              -89.22077987916808,
              37.12013430500871
            ],
            [
              -89.22037318699253,
              37.12078952370608
            ],
            [
              -89.2012840887835,
              37.14941907991402
            ],
            [
              -89.20081553905005,
              37.150074250411954
            ],
            [
              -89.20001072409286,
              37.15010051
            ],
            [
              -89.15165507753532,
              37.15010051
            ],
            [
              -89.15086270568456,
              37.15007457043142
            ],
            [
              -89.15083688142857,
              37.149282313893245
            ],
            [
              -89.15083688142857,
              37.11092260956449
            ],
            [
              -89.15086213757604,
              37.11014394768769
            ],
            [
              -89.15162335331335,
              37.11030852959318
            ],
            [
              -89.1848604435755,
              37.11861661495015
            ],
            [
              -89.18785173423308,
              37.11926772958462
            ],
            [
              -89.1908772650644,
              37.1197345628034
            ],
            [
              -89.19392569423772,
              37.120015364585065
            ],
            [
              -89.19698559408215,
              37.120109082285715
            ],
            [
              -89.22000905465934,
              37.120109082285715
            ],
            [
              -89.22077987916808,
              37.12013430500871
            ]
          ]
        ]
      },
      "properties": {
        "hail_size_bin": "0.5\"",
        "min_size_inches": 0.5
      }
    },
    {
      "type": "Feature",
      "geometry": {
        "type": "Polygon",
        "coordinates": [
          [
            [
              -90.53058737329128,
              34.98074507787603
            ],
            [
              -90.53012160848505,
              34.98134219196113
            ],
            [
              -90.48117833780407,
              35.040065725304316
            ],
            [
              -90.4806567577757,
              35.040650887347084
            ],
            [
              -90.48038429294985,
              35.03991588853012
            ],
            [
              -90.46090772679568,
              34.98149453836023
            ],
            [
              -90.4606850505314,
              34.98074604924643
            ],
            [
              -90.46146554497889,
              34.980720571999996
            ],
            [
              -90.529830483902,
              34.980720571999996
            ],
            [
              -90.53058737329128,
              34.98074507787603
            ]
          ]
        ]
      },
      "properties": {
        "hail_size_bin": "0.5\"",
        "min_size_inches": 0.5
      }
    },
    {
      "type": "Feature",
      "geometry": {
        "type": "Polygon",
        "coordinates": [
          [
            [
              -91.09053443930478,
              33.16128184561876
            ],
            [
              -91.09055968314286,
              33.162061014860406
            ],
            [
              -91.09055968314286,
              33.21040721386408
            ],
            [
              -91.09053329554217,
              33.21121235908873
            ],
            [
              -91.08987810165286,
              33.211680659595345
            ],
            [
              -91.06124402204489,
              33.23076731855574
            ],
            [
              -91.06058139567621,
              33.23117837850539
            ],
            [
              -91.06040366486621,
              33.23041921227947
            ],
            [
              -91.05072534646021,
              33.18203453432197
            ],
            [
              -91.05059474317308,
              33.18124926165181
            ],
            [
              -91.05129479380471,
              33.18087026363332
            ],
            [
              -91.08982588228261,
              33.161607472008285
            ],
            [
              -91.09053443930478,
              33.16128184561876
            ]
          ]
        ]
      },
      "properties": {
        "hail_size_bin": "0.5\"",
        "min_size_inches": 0.5
      }
    },
    {
      "type": "Feature",
      "geometry": {
        "type": "Polygon",
        "coordinates": [
          [
            [
              -91.3204917793739,
              33.01130458192405
            ],
            [
              -91.32026413064854,
              33.012071439171706
            ],
            [
              -91.31078505813005,
              33.040504593686954
            ],
            [
              -91.31050822549578,
              33.04125304150239
            ],
            [
              -91.31045992195514,
              33.04126496494423
            ],
            [
              -91.30737644134787,
              33.04192272639366
            ],
            [
              -91.30421054268712,
              33.0428193583621
            ],
            [
              -91.30111047333932,
              33.04392227869281
            ],
            [
              -91.2980896589152,
              33.04522671091875
            ],
            [
              -91.2951611817926,
              33.04672700587621
            ],
            [
              -91.29233772445998,
              33.04841666616987
            ],
            [
              -91.28963151459192,
              33.05028837431138
            ],
            [
              -91.28778901202901,
              33.051750834887656
            ],
            [
              -91.28771918179454,
              33.05158533116977
            ],
            [
              -91.28624653496169,
              33.04864968759211
            ],
            [
              -91.28458433788622,
              33.04581705757891
            ],
            [
              -91.28273976241123,
              33.04309966301307
            ],
            [
              -91.28072076728365,
              33.04050922857379
            ],
            [
              -91.27853606381487,
              33.03805693114834
            ],
            [
              -91.27619507829417,
              33.03575335160744
            ],
            [
              -91.27370791131737,
              33.03360842915222
            ],
            [
              -91.27108529420605,
              33.03163141842975
            ],
            [
              -91.27055665114229,
              33.031259495514576
            ],
            [
              -91.27026931250371,
              33.03048393037786
            ],
            [
              -91.260797832139,
              33.00207354906969
            ],
            [
              -91.2605737705936,
              33.00131886275965
            ],
            [
              -91.26135390547401,
              33.00142274218305
            ],
            [
              -91.3197075292666,
              33.01114695657794
            ],
            [
              -91.3204917793739,
              33.01130458192405
            ]
          ]
        ]
      },
      "properties": {
        "hail_size_bin": "0.5\"",
        "min_size_inches": 0.5
      }
    },
    {
      "type": "Feature",
      "geometry": {
        "type": "Polygon",
        "coordinates": [
          [
            [
              -91.2739583024277,
              33.11123069303188
            ],
            [
              -91.27437623758395,
              33.11217538466958
            ],
            [
              -91.27590250815554,
              33.115090408058734
            ],
            [
              -91.27761720292722,
              33.1178987323023
            ],
            [
              -91.27951289599268,
              33.120588195263295
            ],
            [
              -91.28158137758813,
              33.12314714956268
            ],
            [
              -91.28381368964662,
              33.12556451302118
            ],
            [
              -91.28620016459325,
              33.127829816653396
            ],
            [
              -91.2887304672129,
              33.12993325000629
            ],
            [
              -91.28968482280838,
              33.13062575045605
            ],
            [
              -91.29049393589175,
              33.13125488707546
            ],
            [
              -91.29003523152203,
              33.131910267790566
            ],
            [
              -91.2610248658471,
              33.17058522878353
            ],
            [
              -91.26053766516179,
              33.17119241715126
            ],
            [
              -91.2601156669849,
              33.17053832387618
            ],
            [
              -91.2309580458148,
              33.121949231875526
            ],
            [
              -91.23058840106418,
              33.12128522332355
            ],
            [
              -91.23134169272338,
              33.12138570354608
            ],
            [
              -91.23409622358659,
              33.12184472642984
            ],
            [
              -91.23735184251159,
              33.12227789767149
            ],
            [
              -91.24062887598735,
              33.12249640055041
            ],
            [
              -91.24391318467369,
              33.12249929229731
            ],
            [
              -91.24719059784024,
              33.12228656043525
            ],
            [
              -91.25044697450855,
              33.12185912283343
            ],
            [
              -91.25366826446589,
              33.12121882374695
            ],
            [
              -91.25684056888731,
              33.120368425859404
            ],
            [
              -91.25995020030467,
              33.11931159836279
            ],
            [
              -91.26298374166352,
              33.118052901126156
            ],
            [
              -91.26592810421346,
              33.11659776502121
            ],
            [
              -91.2687705839818,
              33.11495246848991
            ],
            [
              -91.27149891658716,
              33.11312411045496
            ],
            [
              -91.2739583024277,
              33.11123069303188
            ]
          ]
        ]
      },
      "properties": {
        "hail_size_bin": "0.5\"",
        "min_size_inches": 0.5
      }
    },
    {
      "type": "Feature",
      "geometry": {
        "type": "Polygon",
        "coordinates": [
          [
            [
              -91.38048631833347,
              30.552006313036728
            ],
            [
              -91.38034318394607,
              30.552803253717272
            ],
            [
              -91.35069214893137,
              30.69115498027092
            ],
            [
              -91.35050185693751,
              30.691920973903102
            ],
            [
              -91.34971313257319,
              30.691946408857145
            ],
            [
              -91.29134694983593,
              30.691946408857145
            ],
            [
              -91.29056645538856,
              30.691920931610714
            ],
            [
              -91.29078913165289,
              30.69117244249674
            ],
            [
              -91.34026715186995,
              30.542759589741614
            ],
            [
              -91.34054075737575,
              30.54201986682696
            ],
            [
              -91.3413117236628,
              30.54218618263447
            ],
            [
              -91.37970779250224,
              30.55178382836019
            ],
            [
              -91.38048631833347,
              30.552006313036728
            ]
          ]
        ]
      },
      "properties": {
        "hail_size_bin": "0.5\"",
        "min_size_inches": 0.5
      }
    },
    {
      "type": "Feature",
      "geometry": {
        "type": "Polygon",
        "coordinates": [
          [
            [
              -91.54040877198135,
              34.08099373510556
            ],
            [
              -91.53975614732829,
              34.08134730638279
            ],
            [
              -91.4612465197712,
              34.120596511529406
            ],
            [
              -91.46052036177427,
              34.12092999456459
            ],
            [
              -91.46019964086007,
              34.12019848415675
            ],
            [
              -91.44081688604577,
              34.07174852052269
            ],
            [
              -91.44054953563735,
              34.07101032926372
            ],
            [
              -91.4413326637675,
              34.07106288530378
            ],
            [
              -91.53967301626749,
              34.08089551549083
            ],
            [
              -91.54040877198135,
              34.08099373510556
            ]
          ]
        ]
      },
      "properties": {
        "hail_size_bin": "0.5\"",
        "min_size_inches": 0.5
      }
    },
    {
      "type": "Feature",
      "geometry": {
        "type": "Polygon",
        "coordinates": [
          [
            [
              -91.58041934227731,
              32.9412892871248
            ],
            [
              -91.5796887281001,
              32.94141789122946
            ],
            [
              -91.5619044964762,
              32.943958132751796
            ],
            [
              -91.55862769806376,
              32.944538040883316
            ],
            [
              -91.55539673093747,
              32.945334629048986
            ],
            [
              -91.55222590660327,
              32.94634436877704
            ],
            [
              -91.54912927016574,
              32.94756278744504
            ],
            [
              -91.54612053811562,
              32.94898448809123
            ],
            [
              -91.5432130375729,
              32.95060317332031
            ],
            [
              -91.54041964725455,
              32.952411673197616
            ],
            [
              -91.53775274042857,
              32.954401977008175
            ],
            [
              -91.53522413010676,
              32.95656526874006
            ],
            [
              -91.53284501671925,
              32.958891966134686
            ],
            [
              -91.53062593850244,
              32.96137176313131
            ],
            [
              -91.52857672482003,
              32.96399367551745
            ],
            [
              -91.52670645262408,
              32.9667460895833
            ],
            [
              -91.52502340624886,
              32.96961681356439
            ],
            [
              -91.52353504071547,
              32.97259313164481
            ],
            [
              -91.52224794871003,
              32.97566186028161
            ],
            [
              -91.52116783138149,
              32.97880940660111
            ],
            [
              -91.5207022418275,
              32.98053181789338
            ],
            [
              -91.52047458554215,
              32.981278373858046
            ],
            [
              -91.51992128622553,
              32.981868931340394
            ],
            [
              -91.49108062394303,
              33.0107054729395
            ],
            [
              -91.49049912663399,
              33.01125005737421
            ],
            [
              -91.48982230490444,
              33.010830067585914
            ],
            [
              -91.46118768284504,
              32.99174304704291
            ],
            [
              -91.46054269932819,
              32.99128194033095
            ],
            [
              -91.4609607519857,
              32.99060839273606
            ],
            [
              -91.48004803463408,
              32.96198155947998
            ],
            [
              -91.48051966975943,
              32.961322232554025
            ],
            [
              -91.48191011373348,
              32.96109678369146
            ],
            [
              -91.48250762874638,
              32.96101930812344
            ],
            [
              -91.4858150813483,
              32.96036123439006
            ],
            [
              -91.48907065228488,
              32.95948171086586
            ],
            [
              -91.49225953221944,
              32.958384738434304
            ],
            [
              -91.4953672151875,
              32.95707530713688
            ],
            [
              -91.49837956458317,
              32.95555937347377
            ],
            [
              -91.50128287746556,
              32.9538438333082
            ],
            [
              -91.50406394689223,
              32.95193649049772
            ],
            [
              -91.50671012199668,
              32.949846021395054
            ],
            [
              -91.5092093655361,
              32.94758193538004
            ],
            [
              -91.51155030864778,
              32.94515453160225
            ],
            [
              -91.51372230256531,
              32.9425748521309
            ],
            [
              -91.51571546705883,
              32.939854631725424
            ],
            [
              -91.51752073537953,
              32.93700624445489
            ],
            [
              -91.51912989550353,
              32.93404264740941
            ],
            [
              -91.5301283574058,
              32.91204886647161
            ],
            [
              -91.53050776558054,
              32.91134880675831
            ],
            [
              -91.53120324156669,
              32.91173585603753
            ],
            [
              -91.57979587082818,
              32.94088726791669
            ],
            [
              -91.58041934227731,
              32.9412892871248
            ]
          ]
        ]
      },
      "properties": {
        "hail_size_bin": "0.5\"",
        "min_size_inches": 0.5
      }
    },
    {
      "type": "Feature",
      "geometry": {
        "type": "Polygon",
        "coordinates": [
          [
            [
              -91.82041820469382,
              33.11128015633038
            ],
            [
              -91.82015334861428,
              33.112009873153184
            ],
            [
              -91.80076527527102,
              33.16047313120991
            ],
            [
              -91.8004400781027,
              33.161214001643586
            ],
            [
              -91.79963160295955,
              33.161240624
            ],
            [
              -91.73129390212192,
              33.161240624
            ],
            [
              -91.73052093398067,
              33.161215088501265
            ],
            [
              -91.7309840705829,
              33.16059592325495
            ],
            [
              -91.76996268661225,
              33.111879614680106
            ],
            [
              -91.7704746421435,
              33.11128013324381
            ],
            [
              -91.7712625763439,
              33.11125491114286
            ],
            [
              -91.81964224157377,
              33.11125491114286
            ],
            [
              -91.82041820469382,
              33.11128015633038
            ]
          ]
        ]
      },
      "properties": {
        "hail_size_bin": "0.5\"",
        "min_size_inches": 0.5
      }
    },
    {
      "type": "Feature",
      "geometry": {
        "type": "Polygon",
        "coordinates": [
          [
            [
              -92.8202549602368,
              43.4983025880583
            ],
            [
              -92.81968772623483,
              43.49883263379492
            ],
            [
              -92.80000790230768,
              43.51605001940164
            ],
            [
              -92.79765537025766,
              43.51824578691889
            ],
            [
              -92.7954489589796,
              43.52058833922529
            ],
            [
              -92.79339780813686,
              43.52306797271767
            ],
            [
              -92.79151041425428,
              43.5256744159586
            ],
            [
              -92.7897945955228,
              43.528396872223986
            ],
            [
              -92.78825745941411,
              43.53122406422658
            ],
            [
              -92.78690537323907,
              43.53414428083009
            ],
            [
              -92.7857439377724,
              43.53714542556051
            ],
            [
              -92.78477796405238,
              43.54021506671356
            ],
            [
              -92.78401145345211,
              43.54334048885078
            ],
            [
              -92.78344758110435,
              43.54650874547101
            ],
            [
              -92.78308868274931,
              43.54970671263891
            ],
            [
              -92.78293624505909,
              43.5529211433485
            ],
            [
              -92.78299089947951,
              43.55613872239656
            ],
            [
              -92.78325241961443,
              43.559346121538425
            ],
            [
              -92.78371972216354,
              43.562530054697866
            ],
            [
              -92.78439087140978,
              43.565677333002284
            ],
            [
              -92.78526308723767,
              43.56877491941525
            ],
            [
              -92.78633275664939,
              43.57180998274009
            ],
            [
              -92.7875954487311,
              43.57476995077083
            ],
            [
              -92.7890459330071,
              43.57764256237027
            ],
            [
              -92.79067820110619,
              43.580415918259604
            ],
            [
              -92.79248549165024,
              43.583078530308995
            ],
            [
              -92.79446031826201,
              43.58561936912514
            ],
            [
              -92.79659450057613,
              43.588027909738514
            ],
            [
              -92.79887919812478,
              43.59029417520121
            ],
            [
              -92.80130494695774,
              43.59240877791463
            ],
            [
              -92.80386169884514,
              43.59436295851593
            ],
            [
              -92.8065388629004,
              43.59614862216214
            ],
            [
              -92.80932534945114,
              43.59775837206157
            ],
            [
              -92.81028770716964,
              43.59827375359769
            ],
            [
              -92.81031391971429,
              43.599075058240665
            ],
            [
              -92.81031391971429,
              43.627430700178955
            ],
            [
              -92.8102879801457,
              43.62822307202973
            ],
            [
              -92.80949572360754,
              43.62824889628571
            ],
            [
              -92.771148326034,
              43.62824889628571
            ],
            [
              -92.77034054622429,
              43.62822211293774
            ],
            [
              -92.77011862104872,
              43.627444954790775
            ],
            [
              -92.76359868282124,
              43.60136892809224
            ],
            [
              -92.76273008741411,
              43.59831151307715
            ],
            [
              -92.76166899122418,
              43.595315462438144
            ],
            [
              -92.76041968203275,
              43.592392882909714
            ],
            [
              -92.75898720817061,
              43.58955558433712
            ],
            [
              -92.75737735811825,
              43.58681503195398
            ],
            [
              -92.75559663711526,
              43.584182300052454
            ],
            [
              -92.75365224087327,
              43.58166802723315
            ],
            [
              -92.7515520264988,
              43.57928237341563
            ],
            [
              -92.74930448074355,
              43.5770349787832
            ],
            [
              -92.74691868571027,
              43.57493492482795
            ],
            [
              -92.74440428215291,
              43.572990697653324
            ],
            [
              -92.74177143051935,
              43.571210153682685
            ],
            [
              -92.73903076989399,
              43.56960048791228
            ],
            [
              -92.73619337500641,
              43.56816820483702
            ],
            [
              -92.7332707114794,
              43.566919092166465
            ],
            [
              -92.73027458949768,
              43.56585819743728
            ],
            [
              -92.72721711608402,
              43.56498980761667
            ],
            [
              -92.7011298266444,
              43.55846891707882
            ],
            [
              -92.70034605908036,
              43.55824529307621
            ],
            [
              -92.70001602182388,
              43.55779554911684
            ],
            [
              -92.69803402756803,
              43.55526897007309
            ],
            [
              -92.69589393684541,
              43.5528748283493
            ],
            [
              -92.69360457701912,
              43.55062299920828
            ],
            [
              -92.69117539115163,
              43.5485227709074
            ],
            [
              -92.68861639905448,
              43.54658280638676
            ],
            [
              -92.68593815595887,
              43.54481110753668
            ],
            [
              -92.68315170897787,
              43.543214982191756
            ],
            [
              -92.68026855153977,
              43.541801013987815
            ],
            [
              -92.6773005759804,
              43.54057503520598
            ],
            [
              -92.67426002449002,
              43.53954210271591
            ],
            [
              -92.67115943861737,
              43.53870647711743
            ],
            [
              -92.66801160753857,
              43.538071605166536
            ],
            [
              -92.66482951530503,
              43.537640105558395
            ],
            [
              -92.66162628728718,
              43.53741375812584
            ],
            [
              -92.65841513603552,
              43.53739349649795
            ],
            [
              -92.65520930678201,
              43.537579404249115
            ],
            [
              -92.65202202280663,
              43.53797071455426
            ],
            [
              -92.65032651802348,
              43.53823439011429
            ],
            [
              -92.64965814120886,
              43.53778993938767
            ],
            [
              -92.59535875993876,
              43.49901020859687
            ],
            [
              -92.59268574515487,
              43.49722801678817
            ],
            [
              -92.58990379553272,
              43.495621165215134
            ],
            [
              -92.58702439631314,
              43.49419628774242
            ],
            [
              -92.58405943505629,
              43.492959266957115
            ],
            [
              -92.58102115256399,
              43.49191520988255
            ],
            [
              -92.57792209234381,
              43.49106842689402
            ],
            [
              -92.57477504882333,
              43.49042241392347
            ],
            [
              -92.5715930145285,
              43.489979838026585
            ],
            [
              -92.56838912644425,
              43.48974252637187
            ],
            [
              -92.56517661177851,
              43.489711458697236
            ],
            [
              -92.561968733354,
              43.48988676326516
            ],
            [
              -92.3512054770222,
              43.50821138439494
            ],
            [
              -92.35040270208926,
              43.508254431224344
            ],
            [
              -92.35023950286309,
              43.50727769787983
            ],
            [
              -92.35007448991689,
              43.50603677601841
            ],
            [
              -92.34942605732351,
              43.502806545696714
            ],
            [
              -92.3485662971311,
              43.49962603234649
            ],
            [
              -92.34749894236775,
              43.496509045569404
            ],
            [
              -92.34622862742499,
              43.493469119138446
            ],
            [
              -92.34476086793549,
              43.490519452235155
            ],
            [
              -92.34310203682452,
              43.48767285213949
            ],
            [
              -92.34125933663903,
              43.48494167862141
            ],
            [
              -92.33924076827473,
              43.48233779027549
            ],
            [
              -92.33705509623657,
              43.47987249303155
            ],
            [
              -92.33471181058378,
              43.477556491065044
            ],
            [
              -92.3322210857247,
              43.475399840320094
            ],
            [
              -92.32959373623993,
              43.47341190484722
            ],
            [
              -92.32684116992621,
              43.47160131614516
            ],
            [
              -92.32397533826438,
              43.46997593568343
            ],
            [
              -92.32100868452669,
              43.468542820768256
            ],
            [
              -92.32039529650685,
              43.468271056391536
            ],
            [
              -92.31973707437537,
              43.467809539954935
            ],
            [
              -92.28105890534607,
              43.43880505786473
            ],
            [
              -92.28041544457643,
              43.43828801697091
            ],
            [
              -92.28028587611168,
              43.43747312179386
            ],
            [
              -92.27049057056531,
              43.35912187365757
            ],
            [
              -92.27041751963729,
              43.35833262380563
            ],
            [
              -92.2704883055502,
              43.35823212197482
            ],
            [
              -92.27228127011662,
              43.35584910895622
            ],
            [
              -92.27402105387917,
              43.35319324768195
            ],
            [
              -92.27679292011454,
              43.35249793801719
            ],
            [
              -92.27990824503755,
              43.351495763522536
            ],
            [
              -92.28295133893238,
              43.35029194350242
            ],
            [
              -92.28590916566793,
              43.34889163493069
            ],
            [
              -92.28876905438405,
              43.347300836506946
            ],
            [
              -92.36966955066865,
              43.2987674740554
            ],
            [
              -92.37035414308058,
              43.298386901939416
            ],
            [
              -92.37039673425132,
              43.298816825238895
            ],
            [
              -92.37054644930072,
              43.301097998906386
            ],
            [
              -92.37097038771952,
              43.30432468966069
            ],
            [
              -92.37160333709437,
              43.307516966606016
            ],
            [
              -92.37244261593347,
              43.31066130565216
            ],
            [
              -92.37348466862964,
              43.313744385797925
            ],
            [
              -92.37472508052375,
              43.316753145565634
            ],
            [
              -92.37615859660731,
              43.3196748383361
            ],
            [
              -92.37777914378542,
              43.32249708634971
            ],
            [
              -92.3795798566054,
              43.32520793314486
            ],
            [
              -92.38155310634238,
              43.327795894211484
            ],
            [
              -92.38369053331829,
              43.330250005645276
            ],
            [
              -92.38598308231775,
              43.33255987059628
            ],
            [
              -92.38842104095052,
              43.33471570331513
            ],
            [
              -92.39099408079802,
              43.3367083706105
            ],
            [
              -92.39369130116971,
              43.3385294305418
            ],
            [
              -92.39650127528392,
              43.34017116818352
            ],
            [
              -92.39941209867747,
              43.34162662830954
            ],
            [
              -92.40241143963887,
              43.34288964485896
            ],
            [
              -92.40548659145173,
              43.34395486705863
            ],
            [
              -92.40862452622679,
              43.34481778209171
            ],
            [
              -92.41181195009456,
              43.34547473421625
            ],
            [
              -92.65950510388348,
              43.38817434869832
            ],
            [
              -92.66031465054627,
              43.38834217031001
            ],
            [
              -92.66060180716022,
              43.389116724126694
            ],
            [
              -92.66754944050496,
              43.40995664617822
            ],
            [
              -92.66867194868544,
              43.41299244821634
            ],
            [
              -92.66998852058931,
              43.41594926357275
            ],
            [
              -92.67149363919117,
              43.418814701868065
            ],
            [
              -92.67318099737062,
              43.42157675563368
            ],
            [
              -92.67504352434186,
              43.424223850628444
            ],
            [
              -92.67707341528352,
              43.42674489433987
            ],
            [
              -92.67926216404425,
              43.429129322466764
            ],
            [
              -92.68160059878738,
              43.43136714318835
            ],
            [
              -92.68407892042502,
              43.4334489790345
            ],
            [
              -92.68668674368058,
              43.4353661061815
            ],
            [
              -92.68941314060771,
              43.43711049100877
            ],
            [
              -92.6922466863834,
              43.43867482376335
            ],
            [
              -92.69517550718292,
              43.44005254919105
            ],
            [
              -92.69818732993667,
              43.44123789400585
            ],
            [
              -92.70126953375963,
              43.4422258910826
            ],
            [
              -92.70440920283865,
              43.44301240027146
            ],
            [
              -92.70759318055543,
              43.44359412574702
            ],
            [
              -92.71080812461868,
              43.44396862981922
            ],
            [
              -92.71404056297423,
              43.444134343148434
            ],
            [
              -92.71727695025902,
              43.44409057132167
            ],
            [
              -92.72050372456218,
              43.44383749776246
            ],
            [
              -92.7695146627876,
              43.43839261602221
            ],
            [
              -92.77028824953747,
              43.4383319610409
            ],
            [
              -92.77013701095186,
              43.43924006336594
            ],
            [
              -92.76970540632502,
              43.442483176802604
            ],
            [
              -92.76948682242191,
              43.44574757389766
            ],
            [
              -92.76948219513724,
              43.44901927772062
            ],
            [
              -92.76969154428332,
              43.4522842800563
            ],
            [
              -92.77011397350522,
              43.455528601382774
            ],
            [
              -92.7707476741186,
              43.4587383507265
            ],
            [
              -92.77158993285386,
              43.46189978513825
            ],
            [
              -92.7726371434733,
              43.46499936853533
            ],
            [
              -92.77388482221176,
              43.46802382965801
            ],
            [
              -92.77532762697433,
              43.47096021889209
            ],
            [
              -92.7769593802093,
              43.473795963714366
            ],
            [
              -92.7787730953581,
              43.476518922523454
            ],
            [
              -92.78076100676908,
              43.47911743662559
            ],
            [
              -92.78291460294724,
              43.48158038015283
            ],
            [
              -92.78522466299718,
              43.48389720769985
            ],
            [
              -92.78768129610359,
              43.48605799947543
            ],
            [
              -92.79027398388001,
              43.488053503775326
            ],
            [
              -92.79299162540465,
              43.4898751765946
            ],
            [
              -92.79582258475038,
              43.491515218209855
            ],
            [
              -92.79875474080544,
              43.49296660657475
            ],
            [
              -92.8017755391715,
              43.49422312738577
            ],
            [
              -92.80487204591694,
              43.4952794006896
            ],
            [
              -92.8080310029551,
              43.496130903917994
            ],
            [
              -92.81123888481048,
              43.496773991251814
            ],
            [
              -92.81949366636856,
              43.49814959160766
            ],
            [
              -92.8202549602368,
              43.4983025880583
            ]
          ]
        ]
      },
      "properties": {
        "hail_size_bin": "0.5\"",
        "min_size_inches": 0.5
      }
    },
    {
      "type": "Feature",
      "geometry": {
        "type": "Polygon",
        "coordinates": [
          [
            [
              -92.22037792658426,
              43.27832374444583
            ],
            [
              -92.21959333305587,
              43.278348906285714
            ],
            [
              -92.17123682375755,
              43.278348906285714
            ],
            [
              -92.17044059158421,
              43.278322417642364
            ],
            [
              -92.1706443153571,
              43.277552524134926
            ],
            [
              -92.17208882316055,
              43.27273818608254
            ],
            [
              -92.1729379390984,
              43.269523528393215
            ],
            [
              -92.17357152692512,
              43.26625954487591
            ],
            [
              -92.17398678490977,
              43.26296066889436
            ],
            [
              -92.1741818767779,
              43.259641488107114
            ],
            [
              -92.17415593983156,
              43.25631667996073
            ],
            [
              -92.17390908876415,
              43.25300094678601
            ],
            [
              -92.17344241515326,
              43.24970895078413
            ],
            [
              -92.1727579826337,
              43.24645524919032
            ],
            [
              -92.17185881777206,
              43.24325422990155
            ],
            [
              -92.17074889668326,
              43.240120047853225
            ],
            [
              -92.16943312744809,
              43.237066562425845
            ],
            [
              -92.16791732840966,
              43.23410727615877
            ],
            [
              -92.1662082024446,
              43.23125527504183
            ],
            [
              -92.16431330732293,
              43.228523170649005
            ],
            [
              -92.1622410222875,
              43.22592304436987
            ],
            [
              -92.16000051100094,
              43.22346639398567
            ],
            [
              -92.1576016810238,
              43.22116408282593
            ],
            [
              -92.1550551400033,
              43.21902629173083
            ],
            [
              -92.15237214876616,
              43.21706247403132
            ],
            [
              -92.14956457152319,
              43.21528131374652
            ],
            [
              -92.14664482340557,
              43.21369068718283
            ],
            [
              -92.14362581556512,
              43.21229762810487
            ],
            [
              -92.14052089808096,
              43.21110829663211
            ],
            [
              -92.13734380092549,
              43.21012795199876
            ],
            [
              -92.1341085732502,
              43.209360929297375
            ],
            [
              -92.13082952126024,
              43.20881062030909
            ],
            [
              -92.1275211449523,
              43.20847945850507
            ],
            [
              -92.12419807399542,
              43.20836890828571
            ],
            [
              -92.08124006348524,
              43.20836890828571
            ],
            [
              -92.08049202642002,
              43.20834431105289
            ],
            [
              -92.08107572986295,
              43.207875851059676
            ],
            [
              -92.1197598554488,
              43.178866902190315
            ],
            [
              -92.12040753792378,
              43.17841344883007
            ],
            [
              -92.12124294726803,
              43.17944518707805
            ],
            [
              -92.12153616742702,
              43.179832753348634
            ],
            [
              -92.12364290374262,
              43.182273011174345
            ],
            [
              -92.1259025195367,
              43.18457243123657
            ],
            [
              -92.12830562095716,
              43.1867214542058
            ],
            [
              -92.13084221764225,
              43.18871114599514
            ],
            [
              -92.1335017642532,
              43.190533234901764
            ],
            [
              -92.13627320431415,
              43.19218014599468
            ],
            [
              -92.13914501617701,
              43.1936450326059
            ],
            [
              -92.14210526092018,
              43.19492180479384
            ],
            [
              -92.14514163198194,
              43.196005154660995
            ],
            [
              -92.14824150632228,
              43.19689057842028
            ],
            [
              -92.15139199690036,
              43.19757439511858
            ],
            [
              -92.15458000624953,
              43.198053761939455
            ],
            [
              -92.15779228092721,
              43.198326686021545
            ],
            [
              -92.16101546661304,
              43.19839203274345
            ],
            [
              -92.16423616362658,
              43.19824953044064
            ],
            [
              -92.16744098263352,
              43.19789977153487
            ],
            [
              -92.1706166003088,
              43.197344210071314
            ],
            [
              -92.17374981472548,
              43.19658515567368
            ],
            [
              -92.17682760023871,
              43.19562576394246
            ],
            [
              -92.17983716163707,
              43.19447002333624
            ],
            [
              -92.18276598733578,
              43.193122738590546
            ],
            [
              -92.18560190139084,
              43.19158951074325
            ],
            [
              -92.18833311411781,
              43.18987671384945
            ],
            [
              -92.19094827110486,
              43.18799146848279
            ],
            [
              -92.19343650041615,
              43.185941612133234
            ],
            [
              -92.19578745778956,
              43.18373566662443
            ],
            [
              -92.19799136964063,
              43.181382802686144
            ],
            [
              -92.20003907369409,
              43.178892801828944
            ],
            [
              -92.20041233701761,
              43.17840785452067
            ],
            [
              -92.20120482067414,
              43.17857838703083
            ],
            [
              -92.23961485625158,
              43.188179523942175
            ],
            [
              -92.24036584886636,
              43.18839313792948
            ],
            [
              -92.24022081530667,
              43.18915998260799
            ],
            [
              -92.22057285105116,
              43.27756318911865
            ],
            [
              -92.22037792658426,
              43.27832374444583
            ]
          ]
        ]
      },
      "properties": {
        "hail_size_bin": "0.5\"",
        "min_size_inches": 0.5
      }
    },
    {
      "type": "Feature",
      "geometry": {
        "type": "Polygon",
        "coordinates": [
          [
            [
              -92.6403030636667,
              45.96759822851623
            ],
            [
              -92.64003346097014,
              45.968342022434314
            ],
            [
              -92.62064810898522,
              46.016798478067265
            ],
            [
              -92.62032291181698,
              46.017539348500726
            ],
            [
              -92.61951443667384,
              46.01756597085714
            ],
            [
              -92.57116864925122,
              46.01756597085714
            ],
            [
              -92.57035907677543,
              46.01753939557442
            ],
            [
              -92.57032371568239,
              46.01750613450288
            ],
            [
              -92.56814258213669,
              46.01531285726932
            ],
            [
              -92.5657310770421,
              46.01318155354288
            ],
            [
              -92.56318745273347,
              46.011209806152344
            ],
            [
              -92.56052224776415,
              46.00940578429355
            ],
            [
              -92.55774650441137,
              46.00777696225446
            ],
            [
              -92.55487172292668,
              46.006330088448344
            ],
            [
              -92.55190981388901,
              46.00507115745416
            ],
            [
              -92.54887304885763,
              46.00400538518034
            ],
            [
              -92.5457740095295,
              46.00313718725459
            ],
            [
              -92.54262553561183,
              46.0024701607294
            ],
            [
              -92.53944067162548,
              46.00200706917903
            ],
            [
              -92.53623261285995,
              46.00174983124962
            ],
            [
              -92.53301465070354,
              46.00169951271007
            ],
            [
              -92.52980011757558,
              46.00185632203637
            ],
            [
              -92.52660233168851,
              46.00221960954788
            ],
            [
              -92.52343454186887,
              46.002787870099056
            ],
            [
              -92.52030987266568,
              46.003558749315424
            ],
            [
              -92.51724126997394,
              46.004529053348065
            ],
            [
              -92.51424144739802,
              46.00569476210611
            ],
            [
              -92.51132283357774,
              46.007051045912526
            ],
            [
              -92.51035359688271,
              46.007539977292886
            ],
            [
              -92.50956689481208,
              46.007331894958064
            ],
            [
              -92.41113703752089,
              45.97780715679599
            ],
            [
              -92.41037997673982,
              45.977553413324536
            ],
            [
              -92.41031477176948,
              45.977516467608524
            ],
            [
              -92.40763556436372,
              45.97588751699858
            ],
            [
              -92.40470956080043,
              45.974363159843456
            ],
            [
              -92.40168939678082,
              45.97303508948256
            ],
            [
              -92.39858822229425,
              45.9719090884201
            ],
            [
              -92.39541954005487,
              45.97099005933747
            ],
            [
              -92.39219714670999,
              45.97028200374671
            ],
            [
              -92.38893507276848,
              45.96978800456762
            ],
            [
              -92.38564752151113,
              45.969510212704556
            ],
            [
              -92.38234880714863,
              45.96944983768125
            ],
            [
              -92.37905329249652,
              45.96960714237445
            ],
            [
              -92.37577532643859,
              45.969981441869365
            ],
            [
              -92.37252918145094,
              45.97057110644178
            ],
            [
              -92.36932899145866,
              45.97137356865406
            ],
            [
              -92.36618869029583,
              45.97238533453385
            ],
            [
              -92.36312195103666,
              45.9736019987871
            ],
            [
              -92.36014212646215,
              45.97501826397904
            ],
            [
              -92.35726219092106,
              45.97662796359947
            ],
            [
              -92.3544946838389,
              45.97842408891219
            ],
            [
              -92.35185165512038,
              45.98039881947152
            ],
            [
              -92.3310124708953,
              45.99706778489018
            ],
            [
              -92.33039691865217,
              45.9975283965012
            ],
            [
              -92.33018682379802,
              45.9967890733115
            ],
            [
              -92.32058058375948,
              45.95836960322187
            ],
            [
              -92.32041620248033,
              45.9576080450116
            ],
            [
              -92.32119463359084,
              45.95758311542857
            ],
            [
              -92.37039897976412,
              45.95758311542857
            ],
            [
              -92.37377145958652,
              45.95746924957272
            ],
            [
              -92.37712857899687,
              45.957128170622475
            ],
            [
              -92.38045504754417,
              45.9565614320677
            ],
            [
              -92.38373571438089,
              45.95577161519523
            ],
            [
              -92.38695563726957,
              45.95476231733203
            ],
            [
              -92.39010015063916,
              45.9535381354607
            ],
            [
              -92.39315493238142,
              45.952104645281885
            ],
            [
              -92.39610606908286,
              45.95046837581904
            ],
            [
              -92.39894011939523,
              45.94863677968108
            ],
            [
              -92.40164417525595,
              45.94661819911847
            ],
            [
              -92.40420592067963,
              45.94442182802735
            ],
            [
              -92.40661368785285,
              45.94205767007468
            ],
            [
              -92.40885651027683,
              45.939536493135215
            ],
            [
              -92.40978427028249,
              45.938339939231184
            ],
            [
              -92.41038290981186,
              45.93761705366586
            ],
            [
              -92.41118627509256,
              45.937705270945514
            ],
            [
              -92.54953748411812,
              45.95746690548018
            ],
            [
              -92.55034231794217,
              45.957608997746775
            ],
            [
              -92.5512134822193,
              45.95808896617642
            ],
            [
              -92.55418135420699,
              45.95959713606194
            ],
            [
              -92.55724300871084,
              45.9609044662566
            ],
            [
              -92.56038487299942,
              45.96200516118757
            ],
            [
              -92.56359301876034,
              45.96289434132429
            ],
            [
              -92.56685322384646,
              45.96356806481009
            ],
            [
              -92.57015103532454,
              45.96402334493699
            ],
            [
              -92.57347183354707,
              45.96425816338618
            ],
            [
              -92.57680089696322,
              45.964271479175466
            ],
            [
              -92.58012346738136,
              45.96406323327415
            ],
            [
              -92.58342481539424,
              45.96363434886469
            ],
            [
              -92.58669030567644,
              45.96298672725008
            ],
            [
              -92.58990546186473,
              45.96212323942517
            ],
            [
              -92.59305603073378,
              45.96104771334909
            ],
            [
              -92.59612804538261,
              45.959764916975445
            ],
            [
              -92.59910788715185,
              45.95828053711529
            ],
            [
              -92.60034824839312,
              45.957610224989466
            ],
            [
              -92.60112475457133,
              45.9577782947521
            ],
            [
              -92.63954223895084,
              45.96738129359789
            ],
            [
              -92.6403030636667,
              45.96759822851623
            ]
          ]
        ]
      },
      "properties": {
        "hail_size_bin": "0.5\"",
        "min_size_inches": 0.5
      }
    },
    {
      "type": "Feature",
      "geometry": {
        "type": "Polygon",
        "coordinates": [
          [
            [
              -92.56031214258483,
              34.66077621735015
            ],
            [
              -92.55955099952544,
              34.66061237783693
            ],
            [
              -92.48116037612509,
              34.64101752205205
            ],
            [
              -92.4803837168323,
              34.64079595682744
            ],
            [
              -92.48024066383134,
              34.640207328363736
            ],
            [
              -92.47981014079592,
              34.63814560650574
            ],
            [
              -92.47891223146766,
              34.63493345159889
            ],
            [
              -92.47780216948799,
              34.63178830570265
            ],
            [
              -92.47648489426875,
              34.628724163685035
            ],
            [
              -92.47496626725277,
              34.62575465997336
            ],
            [
              -92.47325304583232,
              34.6228930078855
            ],
            [
              -92.47135285328103,
              34.620151940834994
            ],
            [
              -92.46927414483272,
              34.617543655671476
            ],
            [
              -92.4670261700584,
              34.61507975840872
            ],
            [
              -92.46461893170878,
              34.6127712125817
            ],
            [
              -92.46206314120523,
              34.61062829046242
            ],
            [
              -92.45937017097751,
              34.6086605273517
            ],
            [
              -92.45655200386015,
              34.6068766791502
            ],
            [
              -92.45362117977282,
              34.60528468339752
            ],
            [
              -92.45059073992178,
              34.6038916239528
            ],
            [
              -92.44747416877074,
              34.60270369947381
            ],
            [
              -92.44428533403945,
              34.60172619583498
            ],
            [
              -92.44195317207326,
              34.6011783463568
            ],
            [
              -92.44195430095567,
              34.60117352194516
            ],
            [
              -92.44038434696233,
              34.6008061624425
            ],
            [
              -92.44000346331148,
              34.60010260987326
            ],
            [
              -92.40073484380817,
              34.521576592075554
            ],
            [
              -92.40041979430573,
              34.5208919972432
            ],
            [
              -92.40114681422197,
              34.52109022932448
            ],
            [
              -92.52957262541956,
              34.560600217641806
            ],
            [
              -92.53033292597378,
              34.56086161976368
            ],
            [
              -92.53058884835795,
              34.56162354092926
            ],
            [
              -92.56011306132463,
              34.66002352299335
            ],
            [
              -92.56031214258483,
              34.66077621735015
            ]
          ]
        ]
      },
      "properties": {
        "hail_size_bin": "0.5\"",
        "min_size_inches": 0.5
      }
    },
    {
      "type": "Feature",
      "geometry": {
        "type": "Polygon",
        "coordinates": [
          [
            [
              -92.54030835752656,
              30.791909401597447
            ],
            [
              -92.53960506498491,
              30.792238117606015
            ],
            [
              -92.47112005526729,
              30.82158464249744
            ],
            [
              -92.47041480763406,
              30.82185970525189
            ],
            [
              -92.47073112586958,
              30.8211721175973
            ],
            [
              -92.48999369955305,
              30.782652474609336
            ],
            [
              -92.49037846473993,
              30.781942149634997
            ],
            [
              -92.49113584908436,
              30.781661993653632
            ],
            [
              -92.51958305300282,
              30.772180947169826
            ],
            [
              -92.52034833701164,
              30.771953286661418
            ],
            [
              -92.52093103056413,
              30.772499141170375
            ],
            [
              -92.53977746272862,
              30.791342880602663
            ],
            [
              -92.54030835752656,
              30.791909401597447
            ]
          ]
        ]
      },
      "properties": {
        "hail_size_bin": "0.5\"",
        "min_size_inches": 0.5
      }
    },
    {
      "type": "Feature",
      "geometry": {
        "type": "Polygon",
        "coordinates": [
          [
            [
              -92.90024024056231,
              45.92768612826963
            ],
            [
              -92.90001036309509,
              45.92836676870322
            ],
            [
              -92.87058754570579,
              46.00681640478054
            ],
            [
              -92.87029296464276,
              46.007531101376735
            ],
            [
              -92.8696366792189,
              46.007123113742395
            ],
            [
              -92.84099089938448,
              45.9880286557455
            ],
            [
              -92.84035002670353,
              45.98757046935894
            ],
            [
              -92.84088861402812,
              45.986995644980965
            ],
            [
              -92.89971567416801,
              45.928176989907776
            ],
            [
              -92.90024024056231,
              45.92768612826963
            ]
          ]
        ]
      },
      "properties": {
        "hail_size_bin": "0.5\"",
        "min_size_inches": 0.5
      }
    },
    {
      "type": "Feature",
      "geometry": {
        "type": "Polygon",
        "coordinates": [
          [
            [
              -93.38011283339948,
              43.31836056663603
            ],
            [
              -93.37946940004304,
              43.31864266288656
            ],
            [
              -93.33099594605314,
              43.338029274175035
            ],
            [
              -93.33025230921984,
              43.338298935150505
            ],
            [
              -93.33007396652248,
              43.337960637350974
            ],
            [
              -93.32847466180154,
              43.33515103921554
            ],
            [
              -93.3266971323253,
              43.33245066771625
            ],
            [
              -93.32474880931686,
              43.32987081215288
            ],
            [
              -93.3226378380268,
              43.32742225799061
            ],
            [
              -93.32037304368069,
              43.325115241769836
            ],
            [
              -93.31796389458404,
              43.32295940831079
            ],
            [
              -93.31542046253855,
              43.32096377039195
            ],
            [
              -93.31275338073559,
              43.319136671070815
            ],
            [
              -93.30997379930238,
              43.31748574880453
            ],
            [
              -93.30709333868752,
              43.31601790551615
            ],
            [
              -93.30412404107973,
              43.31473927774019
            ],
            [
              -93.30107832006391,
              43.3136552109679
            ],
            [
              -93.29796890872417,
              43.31277023729969
            ],
            [
              -93.24105289225669,
              43.298543266188176
            ],
            [
              -93.24029460695581,
              43.29832690519883
            ],
            [
              -93.2407101741532,
              43.29765674657608
            ],
            [
              -93.25979526950222,
              43.26903319380027
            ],
            [
              -93.26026381923566,
              43.26837802330233
            ],
            [
              -93.26106863419285,
              43.268351763714286
            ],
            [
              -93.32942092591244,
              43.268351763714286
            ],
            [
              -93.33021374163786,
              43.268377733591585
            ],
            [
              -93.33026289404589,
              43.269926907440926
            ],
            [
              -93.33047400292897,
              43.273193715088965
            ],
            [
              -93.33089843055048,
              43.276439706519014
            ],
            [
              -93.33153435754218,
              43.27965096733543
            ],
            [
              -93.33237905791418,
              43.282813732020216
            ],
            [
              -93.33342891074035,
              43.28591444294083
            ],
            [
              -93.33467941567996,
              43.28893980846682
            ],
            [
              -93.33612521226888,
              43.29187685994633
            ],
            [
              -93.33776010289814,
              43.294713007297965
            ],
            [
              -93.33957707938069,
              43.29743609297999
            ],
            [
              -93.34156835299308,
              43.30003444410531
            ],
            [
              -93.34372538786285,
              43.3024969224789
            ],
            [
              -93.34603893755875,
              43.304812972343306
            ],
            [
              -93.3484990847269,
              43.30697266562729
            ],
            [
              -93.35109528360283,
              43.30896674450396
            ],
            [
              -93.35381640521749,
              43.310786661075696
            ],
            [
              -93.356650785103,
              43.31242461401593
            ],
            [
              -93.35958627329411,
              43.313873582010615
            ],
            [
              -93.36261028641071,
              43.31512735385607
            ],
            [
              -93.36570986159822,
              43.316180555084166
            ],
            [
              -93.36887171209466,
              43.317028671000735
            ],
            [
              -93.37208228418629,
              43.31766806603846
            ],
            [
              -93.37532781530743,
              43.31809599934119
            ],
            [
              -93.37859439303561,
              43.31831063651306
            ],
            [
              -93.38011283339948,
              43.31836056663603
            ]
          ]
        ]
      },
      "properties": {
        "hail_size_bin": "0.5\"",
        "min_size_inches": 0.5
      }
    },
    {
      "type": "Feature",
      "geometry": {
        "type": "Polygon",
        "coordinates": [
          [
            [
              -93.15020633288202,
              43.288375670861676
            ],
            [
              -93.1492035982749,
              43.28960029823131
            ],
            [
              -93.14921828517603,
              43.28961232223807
            ],
            [
              -93.1480243974043,
              43.291070562614514
            ],
            [
              -93.1461150947682,
              43.29374301636563
            ],
            [
              -93.14438536618191,
              43.296535055875694
            ],
            [
              -93.14284267538659,
              43.29943463355496
            ],
            [
              -93.1414936790595,
              43.302429237788836
            ],
            [
              -93.14034419809043,
              43.3055059469252
            ],
            [
              -93.13939919246475,
              43.30865148503107
            ],
            [
              -93.13866273986118,
              43.311852279177955
            ],
            [
              -93.13813801805668,
              43.31509451800875
            ],
            [
              -93.1378272912144,
              43.31836421133344
            ],
            [
              -93.13773190011395,
              43.321647250496476
            ],
            [
              -93.1378522563658,
              43.32492946925528
            ],
            [
              -93.13818784063538,
              43.328196704907334
            ],
            [
              -93.13873720488387,
              43.33143485940188
            ],
            [
              -93.13949797861645,
              43.33462996017273
            ],
            [
              -93.14046687911106,
              43.33776822042955
            ],
            [
              -93.14163972558312,
              43.34083609864764
            ],
            [
              -93.14301145722563,
              43.343820356999224
            ],
            [
              -93.15989795724286,
              43.377588531629925
            ],
            [
              -93.16022610281163,
              43.378302190595704
            ],
            [
              -93.15935032229153,
              43.37851132593986
            ],
            [
              -93.15796428982262,
              43.37879515234871
            ],
            [
              -93.15480019831803,
              43.37966271475473
            ],
            [
              -93.15169981518407,
              43.380735917438535
            ],
            [
              -93.1486764896035,
              43.38201013955874
            ],
            [
              -93.14574323897571,
              43.383479894753435
            ],
            [
              -93.14291269286836,
              43.3851388547626
            ],
            [
              -93.14019703863883,
              43.3869798766754
            ],
            [
              -93.13760796895957,
              43.38899503368509
            ],
            [
              -93.13515663147355,
              43.39117564921916
            ],
            [
              -93.13285358079631,
              43.393512334297604
            ],
            [
              -93.13070873307142,
              43.39599502795869
            ],
            [
              -93.12873132327499,
              43.39861304057799
            ],
            [
              -93.12692986545306,
              43.40135509989419
            ],
            [
              -93.125312116063,
              43.40420939954362
            ],
            [
              -93.12388504057688,
              43.407163649894336
            ],
            [
              -93.12265478349062,
              43.4102051309611
            ],
            [
              -93.1216266418678,
              43.41332074717322
            ],
            [
              -93.12080504253241,
              43.41649708375958
            ],
            [
              -93.1201935230084,
              43.41972046450804
            ],
            [
              -93.11979471628837,
              43.422977010650484
            ],
            [
              -93.11961033949682,
              43.42625270062002
            ],
            [
              -93.11964118649675,
              43.429533430423035
            ],
            [
              -93.11988712447159,
              43.432805074366115
            ],
            [
              -93.12034709449708,
              43.43605354587645
            ],
            [
              -93.12101911610057,
              43.43926485815373
            ],
            [
              -93.12190029578835,
              43.442425184392526
            ],
            [
              -93.12298683950394,
              43.44552091731574
            ],
            [
              -93.12427406896407,
              43.448538727762866
            ],
            [
              -93.12575644180171,
              43.45146562208074
            ],
            [
              -93.12742757542959,
              43.45428899806979
            ],
            [
              -93.12928027452148,
              43.45699669924472
            ],
            [
              -93.13023559761072,
              43.45829905346344
            ],
            [
              -93.12981050098962,
              43.45898391742399
            ],
            [
              -93.11072337045202,
              43.48761052254649
            ],
            [
              -93.11026045672583,
              43.48825801298375
            ],
            [
              -93.1094975393118,
              43.488031098895604
            ],
            [
              -93.08105160301521,
              43.47855047489205
            ],
            [
              -93.08030804724352,
              43.4782753132002
            ],
            [
              -93.08053412429926,
              43.47751551745396
            ],
            [
              -93.09001710186993,
              43.44907064945597
            ],
            [
              -93.09029652509841,
              43.44831519768098
            ],
            [
              -93.09046300567869,
              43.448156380007
            ],
            [
              -93.09273446923467,
              43.44584428007845
            ],
            [
              -93.09485135964319,
              43.44338987021779
            ],
            [
              -93.09680478143204,
              43.44080346420159
            ],
            [
              -93.09858652604723,
              43.4380959304729
            ],
            [
              -93.10018910634645,
              43.43527864647048
            ],
            [
              -93.10160578806118,
              43.43236345081925
            ],
            [
              -93.10283061809494,
              43.4293625935827
            ],
            [
              -93.10385844953908,
              43.426288684786364
            ],
            [
              -93.10468496330085,
              43.42315464142876
            ],
            [
              -93.10530668625282,
              43.419973633202304
            ],
            [
              -93.10572100582738,
              43.41675902715242
            ],
            [
              -93.10592618099524,
              43.413524331507354
            ],
            [
              -93.10592134958137,
              43.410283138914615
            ],
            [
              -93.10570653188807,
              43.407049069322845
            ],
            [
              -93.10528263060961,
              43.40383571274881
            ],
            [
              -93.10465142703895,
              43.40065657217026
            ],
            [
              -93.10381557358257,
              43.39752500678451
            ],
            [
              -93.10277858261465,
              43.394454175871196
            ],
            [
              -93.10154481171755,
              43.39145698349511
            ],
            [
              -93.10011944537067,
              43.38854602428156
            ],
            [
              -93.09850847316454,
              43.385733530491905
            ],
            [
              -93.09671866463168,
              43.38303132062191
            ],
            [
              -93.0947575408001,
              43.380450749738756
            ],
            [
              -93.09263334258888,
              43.37800266176542
            ],
            [
              -93.09035499617863,
              43.37569734391301
            ],
            [
              -93.08793207550245,
              43.373544483452434
            ],
            [
              -93.08537476201491,
              43.37155312700713
            ],
            [
              -93.08269380190815,
              43.369731642537886
            ],
            [
              -93.08065086369952,
              43.36852931693568
            ],
            [
              -93.08029293322922,
              43.36830218753626
            ],
            [
              -93.07973897228943,
              43.367697515840405
            ],
            [
              -93.02081103231372,
              43.298958075262256
            ],
            [
              -93.02033406252224,
              43.29836376942503
            ],
            [
              -93.0210914276739,
              43.29828108384519
            ],
            [
              -93.14944599757123,
              43.28840906608289
            ],
            [
              -93.15020633288202,
              43.288375670861676
            ]
          ]
        ]
      },
      "properties": {
        "hail_size_bin": "0.5\"",
        "min_size_inches": 0.5
      }
    },
    {
      "type": "Feature",
      "geometry": {
        "type": "Polygon",
        "coordinates": [
          [
            [
              -93.6801582487491,
              34.71076744848894
            ],
            [
              -93.67939493746665,
              34.71066529621552
            ],
            [
              -93.62100914330993,
              34.70093572085935
            ],
            [
              -93.6202579741305,
              34.70078500827718
            ],
            [
              -93.62084020472484,
              34.70028703543318
            ],
            [
              -93.62421332480466,
              34.697588924923856
            ],
            [
              -93.62671880515872,
              34.69544561539953
            ],
            [
              -93.62907757851806,
              34.69314183681621
            ],
            [
              -93.63127938779681,
              34.69068760711593
            ],
            [
              -93.63331465846473,
              34.68809359847484
            ],
            [
              -93.6351745401819,
              34.68537109089545
            ],
            [
              -93.63685094528427,
              34.6825319231557
            ],
            [
              -93.63833658395274,
              34.679588441328264
            ],
            [
              -93.6396249959128,
              34.67655344509385
            ],
            [
              -93.64071057852694,
              34.673440132082035
            ],
            [
              -93.6415886111576,
              34.67026204048153
            ],
            [
              -93.64225527569481,
              34.667032990169666
            ],
            [
              -93.64270767315917,
              34.66376702261687
            ],
            [
              -93.64294383630796,
              34.660478339827534
            ],
            [
              -93.64296273818978,
              34.6571812425829
            ],
            [
              -93.64276429661008,
              34.65389006825431
            ],
            [
              -93.64234937448873,
              34.65061912845742
            ],
            [
              -93.64171977610751,
              34.64738264681835
            ],
            [
              -93.64087823926428,
              34.64419469712251
            ],
            [
              -93.63982842336772,
              34.64106914211499
            ],
            [
              -93.63857489352439,
              34.63801957321864
            ],
            [
              -93.63712310068753,
              34.63505925143198
            ],
            [
              -93.63547935795363,
              34.63220104966401
            ],
            [
              -93.63365081311004,
              34.62945739675654
            ],
            [
              -93.63164541755292,
              34.62684022343763
            ],
            [
              -93.62947189171079,
              34.62436091044099
            ],
            [
              -93.62713968712386,
              34.62203023901705
            ],
            [
              -93.62465894534414,
              34.6198583440509
            ],
            [
              -93.62204045383508,
              34.61785466999089
            ],
            [
              -93.5708746487734,
              34.58131288812204
            ],
            [
              -93.57026598222134,
              34.580847213385006
            ],
            [
              -93.57100823876753,
              34.580656469703314
            ],
            [
              -93.65940390362987,
              34.5610157952354
            ],
            [
              -93.66015722583033,
              34.56087378157166
            ],
            [
              -93.65997051949556,
              34.56161728877598
            ],
            [
              -93.64780062013942,
              34.60420585070324
            ],
            [
              -93.64700897257937,
              34.60736145320734
            ],
            [
              -93.64642422015145,
              34.61056185905992
            ],
            [
              -93.64604883858817,
              34.613793518340415
            ],
            [
              -93.64588441718499,
              34.61704274880706
            ],
            [
              -93.64593165207141,
              34.620295793824994
            ],
            [
              -93.64619034326374,
              34.62353888060925
            ],
            [
              -93.6466593955118,
              34.626758278536165
            ],
            [
              -93.64733682293598,
              34.62994035727627
            ],
            [
              -93.6482197574351,
              34.63307164450255
            ],
            [
              -93.64930446082943,
              34.63613888292979
            ],
            [
              -93.65058634068738,
              34.63912908644343
            ],
            [
              -93.6520599697691,
              34.64202959508033
            ],
            [
              -93.65371910900433,
              34.64482812862871
            ],
            [
              -93.65555673390742,
              34.64751283862026
            ],
            [
              -93.65756506431781,
              34.650072358494356
            ],
            [
              -93.65973559733968,
              34.65249585172195
            ],
            [
              -93.66205914334164,
              34.654773057685404
            ],
            [
              -93.66452586486395,
              34.65689433512003
            ],
            [
              -93.66712531826842,
              34.6588507029334
            ],
            [
              -93.66984649795491,
              34.66063387822962
            ],
            [
              -93.67016751357062,
              34.6608296135772
            ],
            [
              -93.67035303247468,
              34.66162186636083
            ],
            [
              -93.68003159037787,
              34.710007741633106
            ],
            [
              -93.6801582487491,
              34.71076744848894
            ]
          ]
        ]
      },
      "properties": {
        "hail_size_bin": "0.5\"",
        "min_size_inches": 0.5
      }
    },
    {
      "type": "Feature",
      "geometry": {
        "type": "Polygon",
        "coordinates": [
          [
            [
              -93.70010350306728,
              34.970802506657044
            ],
            [
              -93.69971899896167,
              34.97139155176511
            ],
            [
              -93.63066145795256,
              35.07003108638838
            ],
            [
              -93.63020941668826,
              35.07063418493481
            ],
            [
              -93.63003782435824,
              35.069900323328135
            ],
            [
              -93.62036296945823,
              35.02153296042628
            ],
            [
              -93.62022896582164,
              35.02072230142436
            ],
            [
              -93.62091064611504,
              35.02026391601432
            ],
            [
              -93.6994951084886,
              34.9711556445034
            ],
            [
              -93.70010350306728,
              34.970802506657044
            ]
          ]
        ]
      },
      "properties": {
        "hail_size_bin": "0.5\"",
        "min_size_inches": 0.5
      }
    },
    {
      "type": "Feature",
      "geometry": {
        "type": "Polygon",
        "coordinates": [
          [
            [
              -93.92011548837833,
              43.648203170823734
            ],
            [
              -93.91963178131181,
              43.64805323045286
            ],
            [
              -93.91645502439027,
              43.64718419980143
            ],
            [
              -93.91322794750789,
              43.64652619250138
            ],
            [
              -93.90996455230433,
              43.64608206351448
            ],
            [
              -93.90667899799713,
              43.64585373982736
            ],
            [
              -93.90338553994776,
              43.64584221209072
            ],
            [
              -93.90009846781044,
              43.64604753032111
            ],
            [
              -93.8968320435322,
              43.646468803683895
            ],
            [
              -93.89360043947315,
              43.64710420435839
            ],
            [
              -93.89041767691542,
              43.64795097546846
            ],
            [
              -93.88729756522773,
              43.64900544304402
            ],
            [
              -93.88425364194913,
              43.65026303196164
            ],
            [
              -93.88129911405254,
              43.65171828579514
            ],
            [
              -93.87844680064217,
              43.65336489048987
            ],
            [
              -93.8757090773341,
              43.65519570175816
            ],
            [
              -93.87309782256091,
              43.65720277607696
            ],
            [
              -93.87062436603357,
              43.65937740515315
            ],
            [
              -93.86829943958409,
              43.66171015370715
            ],
            [
              -93.86613313060224,
              43.66419090041063
            ],
            [
              -93.8641348382684,
              43.666808881800975
            ],
            [
              -93.86231323277241,
              43.66955273898177
            ],
            [
              -93.86067621769531,
              43.67241056690679
            ],
            [
              -93.85923089571735,
              43.67536996603359
            ],
            [
              -93.85798353780085,
              43.67841809612264
            ],
            [
              -93.85693955598171,
              43.68154173194857
            ],
            [
              -93.85610347988779,
              43.68472732068173
            ],
            [
              -93.85547893708565,
              43.68796104069124
            ],
            [
              -93.85506863734126,
              43.691228861514276
            ],
            [
              -93.85487436086301,
              43.69451660473138
            ],
            [
              -93.85489695057754,
              43.697810005483866
            ],
            [
              -93.85513630847264,
              43.701094774366105
            ],
            [
              -93.85559139602239,
              43.704356659424434
            ],
            [
              -93.85626023869312,
              43.70758150799351
            ],
            [
              -93.8571399345106,
              43.7107553281019
            ],
            [
              -93.858226666651,
              43.71386434918041
            ],
            [
              -93.85951572000147,
              43.71689508180988
            ],
            [
              -93.86013649959034,
              43.718230682302654
            ],
            [
              -93.86016388971429,
              43.71905996636004
            ],
            [
              -93.86016388971429,
              43.757395942841754
            ],
            [
              -93.86013841462723,
              43.75817640651597
            ],
            [
              -93.8593899363026,
              43.75795380210391
            ],
            [
              -93.81128286093835,
              43.74192040145631
            ],
            [
              -93.80818629420243,
              43.74099839332117
            ],
            [
              -93.8050366448397,
              43.74027830065829
            ],
            [
              -93.80184706430501,
              43.73976313023606
            ],
            [
              -93.79863087078697,
              43.73945503316392
            ],
            [
              -93.79540149359755,
              43.7393552959104
            ],
            [
              -93.7921724170975,
              43.73946433493138
            ],
            [
              -93.78895712439204,
              43.73978169493115
            ],
            [
              -93.78576904103173,
              43.7403060507636
            ],
            [
              -93.78262147895373,
              43.7410352129653
            ],
            [
              -93.77952758089735,
              43.74196613689773
            ],
            [
              -93.77650026552618,
              43.743094935460256
            ],
            [
              -93.77355217348583,
              43.74441689532082
            ],
            [
              -93.77069561462254,
              43.74592649659659
            ],
            [
              -93.76794251658302,
              43.74761743590243
            ],
            [
              -93.76530437501022,
              43.74948265267085
            ],
            [
              -93.76279220554297,
              43.7515143586336
            ],
            [
              -93.76041649781979,
              43.753704070341854
            ],
            [
              -93.75818717167911,
              43.75604264458908
            ],
            [
              -93.75611353573872,
              43.75852031658876
            ],
            [
              -93.75420424852733,
              43.76112674074758
            ],
            [
              -93.75246728233061,
              43.76385103386373
            ],
            [
              -93.75090988990273,
              43.766681820570085
            ],
            [
              -93.75015228165148,
              43.76817086624437
            ],
            [
              -93.74941996382616,
              43.76790507837343
            ],
            [
              -93.70094986774552,
              43.748519810056756
            ],
            [
              -93.7002194381624,
              43.74819944694288
            ],
            [
              -93.70044668778381,
              43.747434909494366
            ],
            [
              -93.70992541746614,
              43.71900278334059
            ],
            [
              -93.71020520441826,
              43.71824725712583
            ],
            [
              -93.71092960981903,
              43.71812712304278
            ],
            [
              -93.71269977273485,
              43.71789303955586
            ],
            [
              -93.71592248322894,
              43.71724910030586
            ],
            [
              -93.71909593016895,
              43.7163948431986
            ],
            [
              -93.72220640360315,
              43.71533395880271
            ],
            [
              -93.72524046563849,
              43.71407103035974
            ],
            [
              -93.72818500849506,
              43.7126115139836
            ],
            [
              -93.73102731113443,
              43.71096171508901
            ],
            [
              -93.73375509421723,
              43.70912876115081
            ],
            [
              -93.7363565731524,
              43.70712057091176
            ],
            [
              -93.73882050900914,
              43.704945820171964
            ],
            [
              -93.74113625707136,
              43.70261390430755
            ],
            [
              -93.74329381282512,
              43.70013489768074
            ],
            [
              -93.7452838551802,
              43.697519510116464
            ],
            [
              -93.74709778673916,
              43.69477904063373
            ],
            [
              -93.74872777093985,
              43.69192532863148
            ],
            [
              -93.75016676591106,
              43.688970702739894
            ],
            [
              -93.75140855489481,
              43.68592792755822
            ],
            [
              -93.75244777310402,
              43.68281014850896
            ],
            [
              -93.75327993089964,
              43.67963083504697
            ],
            [
              -93.75390143318663,
              43.67640372246858
            ],
            [
              -93.75430959494568,
              43.67314275257225
            ],
            [
              -93.754502652833,
              43.66986201342709
            ],
            [
              -93.75447977279828,
              43.66657567850953
            ],
            [
              -93.75424105368803,
              43.663297945470866
            ],
            [
              -93.75378752681857,
              43.66004297480049
            ],
            [
              -93.7531211515204,
              43.65682482864962
            ],
            [
              -93.7522448066736,
              43.65365741007989
            ],
            [
              -93.75116227827044,
              43.65055440299922
            ],
            [
              -93.750483771395,
              43.64895583921714
            ],
            [
              -93.750208125268,
              43.64824204570715
            ],
            [
              -93.75043954349803,
              43.647463483780264
            ],
            [
              -93.75991824494263,
              43.6190314423276
            ],
            [
              -93.76019588286641,
              43.61828172748819
            ],
            [
              -93.76098409814978,
              43.61841291465752
            ],
            [
              -93.80937745459589,
              43.628090203081825
            ],
            [
              -93.81016424390992,
              43.62827420623272
            ],
            [
              -93.81120298223088,
              43.628589247573366
            ],
            [
              -93.81225547364261,
              43.62894570501793
            ],
            [
              -93.81540986970198,
              43.62978902950908
            ],
            [
              -93.81861258248556,
              43.63042467211517
            ],
            [
              -93.8218499538188,
              43.63084992209745
            ],
            [
              -93.82510817772358,
              43.63106296595004
            ],
            [
              -93.8283733592946,
              43.63106289513374
            ],
            [
              -93.83163157395518,
              43.630849709950546
            ],
            [
              -93.83486892683946,
              43.63042431954237
            ],
            [
              -93.83807161204798,
              43.629788538013955
            ],
            [
              -93.84122597152381,
              43.628945076696496
            ],
            [
              -93.8443185532982,
              43.627897532585
            ],
            [
              -93.84733616885737,
              43.62665037299867
            ],
            [
              -93.85026594938581,
              43.625208916529715
            ],
            [
              -93.85309540064615,
              43.623579310361905
            ],
            [
              -93.8558124562616,
              43.6217685040555
            ],
            [
              -93.85840552917384,
              43.619784219910386
            ],
            [
              -93.8594592620157,
              43.618862837286066
            ],
            [
              -93.86017378635337,
              43.61827810678847
            ],
            [
              -93.86098042637552,
              43.61825175371428
            ],
            [
              -93.90933495900654,
              43.61825175371428
            ],
            [
              -93.91013809262972,
              43.61827816102003
            ],
            [
              -93.9104166505338,
              43.6190313576262
            ],
            [
              -93.91989654853859,
              43.64746698824649
            ],
            [
              -93.92011548837833,
              43.648203170823734
            ]
          ]
        ]
      },
      "properties": {
        "hail_size_bin": "0.5\"",
        "min_size_inches": 0.5
      }
    },
    {
      "type": "Feature",
      "geometry": {
        "type": "Polygon",
        "coordinates": [
          [
            [
              -94.1000698015999,
              34.17097685274377
            ],
            [
              -94.09955098624782,
              34.17153055193881
            ],
            [
              -94.04072509809767,
              34.23034803518972
            ],
            [
              -94.0401553398162,
              34.23088109184263
            ],
            [
              -94.04000170311814,
              34.23011619312595
            ],
            [
              -94.03027175454758,
              34.171744842850394
            ],
            [
              -94.0301689823643,
              34.170976823222965
            ],
            [
              -94.03094335733628,
              34.170952023714285
            ],
            [
              -94.09931137622242,
              34.170952023714285
            ],
            [
              -94.1000698015999,
              34.17097685274377
            ]
          ]
        ]
      },
      "properties": {
        "hail_size_bin": "0.5\"",
        "min_size_inches": 0.5
      }
    },
    {
      "type": "Feature",
      "geometry": {
        "type": "Polygon",
        "coordinates": [
          [
            [
              -94.60996550207958,
              42.498563089435436
            ],
            [
              -94.60924973585902,
              42.49870626475909
            ],
            [
              -94.49087730123496,
              42.51843218506904
            ],
            [
              -94.49013247738418,
              42.51853149226998
            ],
            [
              -94.49058273558761,
              42.51793008189703
            ],
            [
              -94.52955239954238,
              42.469224961816586
            ],
            [
              -94.53007713184633,
              42.46861178581539
            ],
            [
              -94.53084114868214,
              42.46887018873243
            ],
            [
              -94.60929068434366,
              42.49828456135123
            ],
            [
              -94.60996550207958,
              42.498563089435436
            ]
          ]
        ]
      },
      "properties": {
        "hail_size_bin": "0.5\"",
        "min_size_inches": 0.5
      }
    },
    {
      "type": "Feature",
      "geometry": {
        "type": "Polygon",
        "coordinates": [
          [
            [
              -94.74997298153583,
              42.698506236056865
            ],
            [
              -94.74923892696995,
              42.69874254584906
            ],
            [
              -94.68083969110312,
              42.71828239246364
            ],
            [
              -94.68005757077994,
              42.71847817074
            ],
            [
              -94.67985748368095,
              42.718202374591286
            ],
            [
              -94.67779816411964,
              42.715560607273346
            ],
            [
              -94.6755665882924,
              42.71306264791719
            ],
            [
              -94.67317277127196,
              42.71071970709625
            ],
            [
              -94.67062745625215,
              42.70854229967741
            ],
            [
              -94.66794206633351,
              42.70654019763142
            ],
            [
              -94.66512865325771,
              42.70472238617732
            ],
            [
              -94.66219984332061,
              42.70309702345779
            ],
            [
              -94.65916878070679,
              42.7016714039262
            ],
            [
              -94.65604906849987,
              42.700451925609975
            ],
            [
              -94.65285470763332,
              42.69944406139689
            ],
            [
              -94.64960003405581,
              42.69865233447333
            ],
            [
              -94.64629965439292,
              42.698080298024735
            ],
            [
              -94.6429683803943,
              42.69773051928927
            ],
            [
              -94.63962116246,
              42.69760456803637
            ],
            [
              -94.63627302254481,
              42.69770300952171
            ],
            [
              -94.63293898674122,
              42.698025401950495
            ],
            [
              -94.63047706080143,
              42.698431304363865
            ],
            [
              -94.63005969968115,
              42.69848608417848
            ],
            [
              -94.6293535643645,
              42.69806905322967
            ],
            [
              -94.52076594876246,
              42.62897771631322
            ],
            [
              -94.52015351303486,
              42.62855901736859
            ],
            [
              -94.5208949575861,
              42.628534639142856
            ],
            [
              -94.64922542885469,
              42.628534639142856
            ],
            [
              -94.65002907028556,
              42.628561185228726
            ],
            [
              -94.65019694084864,
              42.629323262745565
            ],
            [
              -94.6510023156745,
              42.63248291655706
            ],
            [
              -94.65201192084298,
              42.63558335817438
            ],
            [
              -94.65322146268875,
              42.63861140198878
            ],
            [
              -94.65462579725248,
              42.641554170286106
            ],
            [
              -94.65621895215722,
              42.644399148013285
            ],
            [
              -94.65799415200777,
              42.647134236002586
            ],
            [
              -94.65994384720523,
              42.64974780242715
            ],
            [
              -94.66205974605403,
              42.65222873226902
            ],
            [
              -94.66433285002499,
              42.65456647458925
            ],
            [
              -94.66675349202444,
              42.656751087399144
            ],
            [
              -94.66931137750656,
              42.658773279941656
            ],
            [
              -94.6719956282542,
              42.660624452203336
            ],
            [
              -94.67479482864195,
              42.66229673148857
            ],
            [
              -94.6776970741847,
              42.6637830059007
            ],
            [
              -94.68069002216525,
              42.66507695458763
            ],
            [
              -94.68376094412552,
              42.66617307462328
            ],
            [
              -94.68689677999848,
              42.66706670441045
            ],
            [
              -94.69008419365011,
              42.667754043505795
            ],
            [
              -94.6933096295956,
              42.66823216878239
            ],
            [
              -94.69655937064832,
              42.66849904686125
            ],
            [
              -94.69981959625642,
              42.66855354275892
            ],
            [
              -94.70003734946172,
              42.66855008045877
            ],
            [
              -94.70074540326117,
              42.66894407181631
            ],
            [
              -94.74932522422463,
              42.69808779981468
            ],
            [
              -94.74997298153583,
              42.698506236056865
            ]
          ]
        ]
      },
      "properties": {
        "hail_size_bin": "0.5\"",
        "min_size_inches": 0.5
      }
    },
    {
      "type": "Feature",
      "geometry": {
        "type": "Polygon",
        "coordinates": [
          [
            [
              -95.39987782709345,
              33.28120686573149
            ],
            [
              -95.39918530141577,
              33.28152234982363
            ],
            [
              -95.28072019264512,
              33.33087575930912
            ],
            [
              -95.27995527730499,
              33.331165288276985
            ],
            [
              -95.27913854201688,
              33.33119204771428
            ],
            [
              -95.24150953299065,
              33.33119204771428
            ],
            [
              -95.23819749978743,
              33.331301863949726
            ],
            [
              -95.23490001518493,
              33.33163083027185
            ],
            [
              -95.23163156387697,
              33.33217750164692
            ],
            [
              -95.2284065030243,
              33.33293947673924
            ],
            [
              -95.22523899918858,
              33.333913408459374
            ],
            [
              -95.22214296610369,
              33.335095018666706
            ],
            [
              -95.21913200355756,
              33.336479116961854
            ],
            [
              -95.21621933765307,
              33.338059623486245
            ],
            [
              -95.2134177627104,
              33.339829595628814
            ],
            [
              -95.21073958506612,
              33.34178125852246
            ],
            [
              -95.20819656901568,
              33.343906039196305
            ],
            [
              -95.20579988513704,
              33.346194604233766
            ],
            [
              -95.20356006122226,
              33.34863690077096
            ],
            [
              -95.20148693603257,
              33.35122220065543
            ],
            [
              -95.19958961608009,
              33.35393914757113
            ],
            [
              -95.19787643562624,
              33.35677580692279
            ],
            [
              -95.19635492007212,
              33.359719718260344
            ],
            [
              -95.19503175290217,
              33.362757950013375
            ],
            [
              -95.19391274632585,
              33.36587715629494
            ],
            [
              -95.19300281574678,
              33.36906363552539
            ],
            [
              -95.19016664531598,
              33.38040669634813
            ],
            [
              -95.18995320662806,
              33.38115799049948
            ],
            [
              -95.18920277452912,
              33.38137050232532
            ],
            [
              -95.15076603902735,
              33.39097831326403
            ],
            [
              -95.15000449500737,
              33.391142638845004
            ],
            [
              -95.14997956714285,
              33.39036423329265
            ],
            [
              -95.14997956714285,
              33.35200392252638
            ],
            [
              -95.1500056176604,
              33.35120757097251
            ],
            [
              -95.15078128417859,
              33.35102601235946
            ],
            [
              -95.19705331717695,
              33.34177292800682
            ],
            [
              -95.20020140976995,
              33.341036806437316
            ],
            [
              -95.20329534845752,
              33.3400987737424
            ],
            [
              -95.20632219765285,
              33.33896275178495
            ],
            [
              -95.20926930226665,
              33.33763349021003
            ],
            [
              -95.21212434061725,
              33.3361165465869
            ],
            [
              -95.21487537594697,
              33.33441826317306
            ],
            [
              -95.21751090632905,
              33.332545740397684
            ],
            [
              -95.2200199127565,
              33.33050680717508
            ],
            [
              -95.22239190521198,
              33.32830998817246
            ],
            [
              -95.22461696652604,
              33.32596446816874
            ],
            [
              -95.29942282143139,
              33.24181990548784
            ],
            [
              -95.29996550271606,
              33.24124771773659
            ],
            [
              -95.30070621177552,
              33.24151695281395
            ],
            [
              -95.39918086521229,
              33.28090118626146
            ],
            [
              -95.39987782709345,
              33.28120686573149
            ]
          ]
        ]
      },
      "properties": {
        "hail_size_bin": "0.5\"",
        "min_size_inches": 0.5
      }
    },
    {
      "type": "Feature",
      "geometry": {
        "type": "Polygon",
        "coordinates": [
          [
            [
              -95.5898854130252,
              42.55854196238137
            ],
            [
              -95.58919039929975,
              42.55891773832142
            ],
            [
              -95.55064868688548,
              42.57818584115568
            ],
            [
              -95.54993217055134,
              42.57851541743205
            ],
            [
              -95.54950461083827,
              42.57785268907847
            ],
            [
              -95.52035109656686,
              42.529270440931015
            ],
            [
              -95.51997212841631,
              42.52858893299341
            ],
            [
              -95.52075149253655,
              42.52856321342857
            ],
            [
              -95.5790963398637,
              42.52856321342857
            ],
            [
              -95.57989947348688,
              42.528589620734316
            ],
            [
              -95.58017803139096,
              42.529342817340485
            ],
            [
              -95.58965988657692,
              42.5577843186654
            ],
            [
              -95.5898854130252,
              42.55854196238137
            ]
          ]
        ]
      },
      "properties": {
        "hail_size_bin": "0.5\"",
        "min_size_inches": 0.5
      }
    },
    {
      "type": "Feature",
      "geometry": {
        "type": "Polygon",
        "coordinates": [
          [
            [
              -96.1597502941817,
              42.04870316298631
            ],
            [
              -96.15905597505636,
              42.04896009205793
            ],
            [
              -96.04059907493065,
              42.08844008382229
            ],
            [
              -96.03985288029376,
              42.08866294323004
            ],
            [
              -96.03911884667072,
              42.08840371074972
            ],
            [
              -95.98034781893747,
              42.065551576599375
            ],
            [
              -95.97722932899754,
              42.064456219734005
            ],
            [
              -95.97404528346267,
              42.063569292341356
            ],
            [
              -95.97080959633949,
              42.06289467021827
            ],
            [
              -95.96753640730401,
              42.06243530140573
            ],
            [
              -95.96424001991232,
              42.06219319330614
            ],
            [
              -95.96093483909537,
              42.062169403911206
            ],
            [
              -95.95763530821066,
              42.06236403717854
            ],
            [
              -95.9543558459259,
              42.06277624257741
            ],
            [
              -95.9511107832108,
              42.06340421880548
            ],
            [
              -95.94791430071184,
              42.06424522166035
            ],
            [
              -95.94768443445737,
              42.064322262539555
            ],
            [
              -95.94743150138022,
              42.06387183544535
            ],
            [
              -95.94564327660723,
              42.06112575213231
            ],
            [
              -95.94367901090989,
              42.05850270396823
            ],
            [
              -95.94154714176901,
              42.05601395822649
            ],
            [
              -95.93925682660411,
              42.053670205285954
            ],
            [
              -95.93681790343777,
              42.051481512710566
            ],
            [
              -95.93424084863655,
              42.04945728200425
            ],
            [
              -95.93153673190989,
              42.04760620822683
            ],
            [
              -95.92871716876023,
              42.04593624264457
            ],
            [
              -95.92579427058884,
              42.0444545585755
            ],
            [
              -95.92278059267136,
              42.04316752057661
            ],
            [
              -95.88519258390932,
              42.02855205013472
            ],
            [
              -95.88205714685871,
              42.02745136634328
            ],
            [
              -95.87885552288942,
              42.026561380800494
            ],
            [
              -95.8756018535365,
              42.02588602456195
            ],
            [
              -95.87231051021884,
              42.025428280668116
            ],
            [
              -95.86899603076077,
              42.02519017096835
            ],
            [
              -95.86567305517869,
              42.025172747190354
            ],
            [
              -95.8623562610163,
              42.025376086294756
            ],
            [
              -95.859060298514,
              42.02579929013515
            ],
            [
              -95.85579972589902,
              42.026440489425184
            ],
            [
              -95.85258894508188,
              42.027296851995224
            ],
            [
              -95.84944213804332,
              42.02836459530197
            ],
            [
              -95.84637320419263,
              42.02963900313591
            ],
            [
              -95.8433956989742,
              42.03111444645278
            ],
            [
              -95.84052277399321,
              42.03278440823698
            ],
            [
              -95.83776711892517,
              42.03464151228714
            ],
            [
              -95.8351409054658,
              42.036677555796715
            ],
            [
              -95.83265573356876,
              42.038883545585726
            ],
            [
              -95.83032258020879,
              42.04124973782346
            ],
            [
              -95.82815175089657,
              42.043765681066915
            ],
            [
              -95.82615283415939,
              42.04642026242467
            ],
            [
              -95.82433465918875,
              42.04920175664238
            ],
            [
              -95.82270525684187,
              42.05209787789315
            ],
            [
              -95.8212718241696,
              42.05509583404378
            ],
            [
              -95.82004069262702,
              42.058182383157586
            ],
            [
              -95.8198597063086,
              42.05868395820075
            ],
            [
              -95.81893893657342,
              42.05968622545544
            ],
            [
              -95.81862411363014,
              42.06000669511391
            ],
            [
              -95.81650799305525,
              42.06246020761594
            ],
            [
              -95.81455522017428,
              42.06504562208182
            ],
            [
              -95.81277399482886,
              42.06775208215982
            ],
            [
              -95.8111717965195,
              42.07056822321852
            ],
            [
              -95.80975535299861,
              42.073482220067724
            ],
            [
              -95.80853061202009,
              42.07648183661331
            ],
            [
              -95.80750271636435,
              42.079554477237586
            ],
            [
              -95.80667598224335,
              42.082687239689186
            ],
            [
              -95.80605388117641,
              42.085866969260636
            ],
            [
              -95.80563902541317,
              42.08908031402594
            ],
            [
              -95.80543315696453,
              42.09231378090638
            ],
            [
              -95.8054371402877,
              42.095553792328914
            ],
            [
              -95.8056509586564,
              42.09878674323949
            ],
            [
              -95.8060737142311,
              42.10199905823169
            ],
            [
              -95.806703631829,
              42.105177248550866
            ],
            [
              -95.80753806637827,
              42.108307968734465
            ],
            [
              -95.80857351402486,
              42.11137807265065
            ],
            [
              -95.80980562684546,
              42.114374668699895
            ],
            [
              -95.81122923110473,
              42.117285173947785
            ],
            [
              -95.81283834898029,
              42.12009736696171
            ],
            [
              -95.81462622366394,
              42.12279943912962
            ],
            [
              -95.81658534773409,
              42.12538004424524
            ],
            [
              -95.81870749467998,
              42.12782834615169
            ],
            [
              -95.82098375344538,
              42.13013406424329
            ],
            [
              -95.82340456584684,
              42.13228751663467
            ],
            [
              -95.82595976670925,
              42.13427966081565
            ],
            [
              -95.82863862655006,
              42.13610213162152
            ],
            [
              -95.83142989663338,
              42.13774727635894
            ],
            [
              -95.83432185620408,
              42.139208186940195
            ],
            [
              -95.83730236170429,
              42.14047872889079
            ],
            [
              -95.84035889776503,
              42.14155356710859
            ],
            [
              -95.84347862975922,
              42.14242818826626
            ],
            [
              -95.84664845769527,
              42.14309891976313
            ],
            [
              -95.8498550712249,
              42.14356294514672
            ],
            [
              -95.85308500553434,
              42.14381831593918
            ],
            [
              -95.85632469788413,
              42.14386395981916
            ],
            [
              -95.85956054456,
              42.14369968512454
            ],
            [
              -95.90881221361968,
              42.139595965782746
            ],
            [
              -95.9120672254406,
              42.13921699421835
            ],
            [
              -95.91529042188083,
              42.138625617765875
            ],
            [
              -95.91846795773694,
              42.1378243766761
            ],
            [
              -95.91921002992893,
              42.13758457385604
            ],
            [
              -95.91956610196736,
              42.13818161784982
            ],
            [
              -95.91983790784985,
              42.1386730893953
            ],
            [
              -95.91937713546751,
              42.13933110557093
            ],
            [
              -95.8603752442477,
              42.21798905380248
            ],
            [
              -95.8598766725651,
              42.21860976482405
            ],
            [
              -95.85933891436798,
              42.218022812357106
            ],
            [
              -95.80572463520613,
              42.155481756991776
            ],
            [
              -95.80356991819565,
              42.153124957644295
            ],
            [
              -95.80126915200525,
              42.15091050884229
            ],
            [
              -95.79883172128407,
              42.148847443152825
            ],
            [
              -95.79626756812536,
              42.146944175662895
            ],
            [
              -95.79358715151349,
              42.145208469654825
            ],
            [
              -95.79080140466259,
              42.14364740494052
            ],
            [
              -95.78792169042073,
              42.1422673489834
            ],
            [
              -95.78495975492177,
              42.14107393092605
            ],
            [
              -95.78192767967383,
              42.14007201862932
            ],
            [
              -95.77883783227962,
              42.13926569881676
            ],
            [
              -95.77570281599009,
              42.13865826040513
            ],
            [
              -95.7725354182966,
              42.1382521810892
            ],
            [
              -95.7693485587718,
              42.13804911723541
            ],
            [
              -95.76615523637163,
              42.13804989712566
            ],
            [
              -95.76296847641366,
              42.138254517578844
            ],
            [
              -95.75997302733549,
              42.138640039326035
            ],
            [
              -95.75989394248307,
              42.13864752523321
            ],
            [
              -95.75910167963896,
              42.138459031077126
            ],
            [
              -95.65070004821422,
              42.10889917382321
            ],
            [
              -95.6499608877765,
              42.10867129678566
            ],
            [
              -95.65053138968617,
              42.108149074271594
            ],
            [
              -95.69441955837974,
              42.07053601879227
            ],
            [
              -95.69679045586491,
              42.06836818864004
            ],
            [
              -95.69901724503964,
              42.066052578045515
            ],
            [
              -95.70109073314596,
              42.0635987464443
            ],
            [
              -95.70300236029212,
              42.06101682388384
            ],
            [
              -95.70474423479,
              42.058317469203956
            ],
            [
              -95.70630916573406,
              42.05551182603446
            ],
            [
              -95.70769069268718,
              42.05261147679136
            ],
            [
              -95.70888311235107,
              42.049628394861664
            ],
            [
              -95.70988150211096,
              42.046574895174174
            ],
            [
              -95.71068174035733,
              42.043463583360285
            ],
            [
              -95.71128052350106,
              42.040307303714734
            ],
            [
              -95.71167537961145,
              42.03711908617098
            ],
            [
              -95.711864678621,
              42.033912092510384
            ],
            [
              -95.71184763905477,
              42.030699562026896
            ],
            [
              -95.71162433125644,
              42.02749475687192
            ],
            [
              -95.71119567709803,
              42.0243109073047
            ],
            [
              -95.71056344617402,
              42.02116115707447
            ],
            [
              -95.71007264874164,
              42.01933353360566
            ],
            [
              -95.70992878068506,
              42.01871640363089
            ],
            [
              -95.71047816203789,
              42.01813041406119
            ],
            [
              -95.77931348802741,
              41.949304923094964
            ],
            [
              -95.77989768584806,
              41.94875768343224
            ],
            [
              -95.7806773500937,
              41.9489362307046
            ],
            [
              -96.15904087192801,
              42.04849135233046
            ],
            [
              -96.1597502941817,
              42.04870316298631
            ]
          ]
        ]
      },
      "properties": {
        "hail_size_bin": "0.5\"",
        "min_size_inches": 0.5
      }
    },
    {
      "type": "Feature",
      "geometry": {
        "type": "Polygon",
        "coordinates": [
          [
            [
              -95.84984579506002,
              46.10754832018653
            ],
            [
              -95.84950917049176,
              46.108280901465164
            ],
            [
              -95.84024509860953,
              46.126806397973695
            ],
            [
              -95.83986491138727,
              46.12750854439228
            ],
            [
              -95.83906686615659,
              46.12753453914286
            ],
            [
              -95.80070538465898,
              46.12753453914286
            ],
            [
              -95.79991803567545,
              46.12750874833695
            ],
            [
              -95.80004727244173,
              46.126731748794185
            ],
            [
              -95.80972573942927,
              46.078346328035096
            ],
            [
              -95.80990218697043,
              46.07759257798028
            ],
            [
              -95.81053593593091,
              46.078036761580364
            ],
            [
              -95.84921703890222,
              46.10704344381271
            ],
            [
              -95.84984579506002,
              46.10754832018653
            ]
          ]
        ]
      },
      "properties": {
        "hail_size_bin": "0.5\"",
        "min_size_inches": 0.5
      }
    },
    {
      "type": "Feature",
      "geometry": {
        "type": "Polygon",
        "coordinates": [
          [
            [
              -96.01978378497907,
              42.49858420641797
            ],
            [
              -96.01913866632881,
              42.4989812073474
            ],
            [
              -95.95059838823069,
              42.53814148462202
            ],
            [
              -95.94986161492547,
              42.53853004669004
            ],
            [
              -95.9490565053407,
              42.538317764696586
            ],
            [
              -95.8506380694489,
              42.508796452464786
            ],
            [
              -95.84989570534616,
              42.50854789138128
            ],
            [
              -95.84948660684125,
              42.507881381007024
            ],
            [
              -95.81028431818987,
              42.43928717783984
            ],
            [
              -95.80991781936599,
              42.43859513958304
            ],
            [
              -95.81051330014758,
              42.438086572010775
            ],
            [
              -95.85922790964594,
              42.39912045259164
            ],
            [
              -95.85986705226627,
              42.39864322124036
            ],
            [
              -95.86018738625094,
              42.39937341944447
            ],
            [
              -95.86442810870666,
              42.40997371082359
            ],
            [
              -95.86575568596484,
              42.41299841955537
            ],
            [
              -95.8672800831842,
              42.41592886959012
            ],
            [
              -95.8689946470878,
              42.41875227089157
            ],
            [
              -95.87089189441052,
              42.421456300640834
            ],
            [
              -95.87296354456005,
              42.424029157019746
            ],
            [
              -95.87520055575776,
              42.426459610720165
            ],
            [
              -95.87759316450177,
              42.428737053954706
            ],
            [
              -95.88013092818017,
              42.43085154675469
            ],
            [
              -95.88280277064794,
              42.432793860353456
            ],
            [
              -95.88559703056924,
              42.4345555174656
            ],
            [
              -95.88850151231361,
              42.43612882928629
            ],
            [
              -95.89150353918419,
              42.43750692904934
            ],
            [
              -95.89459000874545,
              42.438683801997385
            ],
            [
              -95.89774745000933,
              42.43965431163347
            ],
            [
              -95.90096208222957,
              42.44041422213945
            ],
            [
              -95.90421987504834,
              42.440960216863346
            ],
            [
              -95.90750660973207,
              42.44128991279495
            ],
            [
              -95.91080794122956,
              42.44140187096658
            ],
            [
              -95.9141094607814,
              42.44129560273347
            ],
            [
              -95.91739675880739,
              42.440971571906466
            ],
            [
              -95.92065548779762,
              42.440431192727765
            ],
            [
              -95.92906343382235,
              42.43874984378418
            ],
            [
              -95.92983998700521,
              42.43862089883563
            ],
            [
              -95.92982515986132,
              42.44186565879018
            ],
            [
              -95.930020833675,
              42.44510461996444
            ],
            [
              -95.9304261846655,
              42.44832406841164
            ],
            [
              -95.93103950563103,
              42.45151044489958
            ],
            [
              -95.9318582134703,
              42.454650329484025
            ],
            [
              -95.93287886006173,
              42.457730498028944
            ],
            [
              -95.93409714678573,
              42.46073797790216
            ],
            [
              -95.93550794262909,
              42.4636601026117
            ],
            [
              -95.937105305795,
              42.46648456515276
            ],
            [
              -95.93888250872799,
              42.46919946984072
            ],
            [
              -95.94083206644804,
              42.47179338241169
            ],
            [
              -95.94294576807488,
              42.47425537817984
            ],
            [
              -95.94521471140936,
              42.47657508804846
            ],
            [
              -95.9476293404266,
              42.47874274218112
            ],
            [
              -95.95017948552268,
              42.480749211148904
            ],
            [
              -95.95285440634561,
              42.48258604438051
            ],
            [
              -95.95564283703008,
              42.48424550575323
            ],
            [
              -95.95853303364552,
              42.48572060617483
            ],
            [
              -95.9615128236575,
              42.48700513301931
            ],
            [
              -95.96456965719442,
              42.48809367629238
            ],
            [
              -95.96769065990325,
              42.4889816514165
            ],
            [
              -95.97086268717213,
              42.48966531853962
            ],
            [
              -96.01904326051643,
              42.49842417116174
            ],
            [
              -96.01978378497907,
              42.49858420641797
            ]
          ]
        ]
      },
      "properties": {
        "hail_size_bin": "0.5\"",
        "min_size_inches": 0.5
      }
    },
    {
      "type": "Feature",
      "geometry": {
        "type": "Polygon",
        "coordinates": [
          [
            [
              -96.55973508095633,
              41.80876196784965
            ],
            [
              -96.55904833146384,
              41.809133779563
            ],
            [
              -96.42053168470486,
              41.878382207482375
            ],
            [
              -96.41981646914857,
              41.87871090234599
            ],
            [
              -96.4196372361958,
              41.87794473075688
            ],
            [
              -96.39995987714629,
              41.77957199277444
            ],
            [
              -96.3998313851674,
              41.778800416594024
            ],
            [
              -96.40060837243965,
              41.77871024581488
            ],
            [
              -96.5189515660243,
              41.76884972206504
            ],
            [
              -96.51977390916014,
              41.76880879546334
            ],
            [
              -96.5203743831315,
              41.769370863038105
            ],
            [
              -96.55920114222566,
              41.80819207465975
            ],
            [
              -96.55973508095633,
              41.80876196784965
            ]
          ]
        ]
      },
      "properties": {
        "hail_size_bin": "0.5\"",
        "min_size_inches": 0.5
      }
    },
    {
      "type": "Feature",
      "geometry": {
        "type": "Polygon",
        "coordinates": [
          [
            [
              -96.8996340221657,
              45.097828854285716
            ],
            [
              -96.89894513446524,
              45.09802492193745
            ],
            [
              -96.82052741988478,
              45.11762654954966
            ],
            [
              -96.81976242258149,
              45.11779162027836
            ],
            [
              -96.819509676416,
              45.116246293700954
            ],
            [
              -96.81888792736598,
              45.11308710733939
            ],
            [
              -96.81806413477062,
              45.109974488488945
            ],
            [
              -96.81704171474308,
              45.10692134459525
            ],
            [
              -96.81582490706714,
              45.10394033647247
            ],
            [
              -96.81441875761563,
              45.10104382580127
            ],
            [
              -96.81282909742619,
              45.09824382386727
            ],
            [
              -96.81106251852096,
              45.09555194175248
            ],
            [
              -96.8091263465708,
              45.09297934218633
            ],
            [
              -96.80702861051708,
              45.09053669325593
            ],
            [
              -96.8047780092771,
              45.08823412416751
            ],
            [
              -96.80455758266363,
              45.08803590403645
            ],
            [
              -96.80543907238489,
              45.087670010116106
            ],
            [
              -96.80842588629471,
              45.08618972821065
            ],
            [
              -96.8113074262805,
              45.08451371533423
            ],
            [
              -96.81407088413691,
              45.08264942122455
            ],
            [
              -96.81670397652385,
              45.080605132513696
            ],
            [
              -96.81919499956493,
              45.07838993589478
            ],
            [
              -96.81974927390455,
              45.07786291664065
            ],
            [
              -96.82052741988478,
              45.078031159021755
            ],
            [
              -96.89894513446524,
              45.09763278663398
            ],
            [
              -96.8996340221657,
              45.097828854285716
            ]
          ]
        ]
      },
      "properties": {
        "hail_size_bin": "0.5\"",
        "min_size_inches": 0.5
      }
    },
    {
      "type": "Feature",
      "geometry": {
        "type": "Polygon",
        "coordinates": [
          [
            [
              -96.75035510343982,
              45.078426691379356
            ],
            [
              -96.74800720851229,
              45.07949474360353
            ],
            [
              -96.74516829668897,
              45.081013825565705
            ],
            [
              -96.74243304277975,
              45.08271247691321
            ],
            [
              -96.69043998281477,
              45.11736956446225
            ],
            [
              -96.6897653408956,
              45.11778805996345
            ],
            [
              -96.68908454296641,
              45.116957906523474
            ],
            [
              -96.68842766412564,
              45.11610128954172
            ],
            [
              -96.68627064410055,
              45.11364019007468
            ],
            [
              -96.68395724794051,
              45.11132546672579
            ],
            [
              -96.6814973859996,
              45.10916703553464
            ],
            [
              -96.67890159607643,
              45.10717414300116
            ],
            [
              -96.67618099827128,
              45.10535532647445
            ],
            [
              -96.6733472473487,
              45.10371837757972
            ],
            [
              -96.6704124828097,
              45.102270308839685
            ],
            [
              -96.66738927688736,
              45.1010173236337
            ],
            [
              -96.6642905806887,
              45.09996478962306
            ],
            [
              -96.66112966871333,
              45.099117215756536
            ],
            [
              -96.657920081987,
              45.098478232954434
            ],
            [
              -96.6546755700531,
              45.098050578554165
            ],
            [
              -96.65141003207111,
              45.09783608458372
            ],
            [
              -96.6481374572739,
              45.09783566991347
            ],
            [
              -96.6448718650394,
              45.098049336319825
            ],
            [
              -96.64162724483292,
              45.09847616847761
            ],
            [
              -96.63841749627774,
              45.099114337881225
            ],
            [
              -96.63525636961052,
              45.0999611106778
            ],
            [
              -96.6321574067767,
              45.10101285937871
            ],
            [
              -96.62913388341819,
              45.10226507839939
            ],
            [
              -96.62619875200183,
              45.10371240336079
            ],
            [
              -96.62336458633236,
              45.105348634069834
            ],
            [
              -96.62064352768753,
              45.107166761080435
            ],
            [
              -96.61976003298854,
              45.107799864428486
            ],
            [
              -96.61895132903611,
              45.107825996857144
            ],
            [
              -96.58059346149186,
              45.107825996857144
            ],
            [
              -96.57983503611437,
              45.10780116782766
            ],
            [
              -96.58035385146646,
              45.10724746863262
            ],
            [
              -96.61919094934197,
              45.068415919706815
            ],
            [
              -96.61976236056543,
              45.06788081025936
            ],
            [
              -96.62007941113814,
              45.06847399139768
            ],
            [
              -96.62169101739703,
              45.071268443203536
            ],
            [
              -96.62347946642403,
              45.07395315654145
            ],
            [
              -96.62543731381035,
              45.076516956307564
            ],
            [
              -96.62755641002754,
              45.07894917070011
            ],
            [
              -96.62982793434972,
              45.08123967564065
            ],
            [
              -96.63224243156999,
              45.08337893691554
            ],
            [
              -96.63478985135754,
              45.085358049862016
            ],
            [
              -96.63745959009216,
              45.08716877643382
            ],
            [
              -96.6402405350017,
              45.088803579492
            ],
            [
              -96.64312111041896,
              45.09025565417823
            ],
            [
              -96.64608932596533,
              45.09151895623997
            ],
            [
              -96.64913282646067,
              45.09258822718966
            ],
            [
              -96.65223894335165,
              45.09345901619311
            ],
            [
              -96.65539474744456,
              45.0941276985961
            ],
            [
              -96.65858710272302,
              45.09459149101196
            ],
            [
              -96.66180272102653,
              45.09484846290745
            ],
            [
              -96.66502821736239,
              45.09489754463851
            ],
            [
              -96.66825016562063,
              45.094738531902735
            ],
            [
              -96.67145515446016,
              45.094372086589715
            ],
            [
              -96.67462984313335,
              45.09379973402595
            ],
            [
              -96.67776101701685,
              45.09302385662571
            ],
            [
              -96.68083564261737,
              45.09204768397421
            ],
            [
              -96.68384092182353,
              45.09087527938449
            ],
            [
              -96.68676434517789,
              45.08951152298393
            ],
            [
              -96.68959374394757,
              45.087962091400705
            ],
            [
              -96.68977001225338,
              45.08785803528227
            ],
            [
              -96.69058492787474,
              45.08769416391428
            ],
            [
              -96.74895272557904,
              45.07796758753829
            ],
            [
              -96.74974190198833,
              45.07786219732368
            ],
            [
              -96.74980953585204,
              45.07792837907511
            ],
            [
              -96.75035510343982,
              45.078426691379356
            ]
          ]
        ]
      },
      "properties": {
        "hail_size_bin": "0.5\"",
        "min_size_inches": 0.5
      }
    },
    {
      "type": "Feature",
      "geometry": {
        "type": "Polygon",
        "coordinates": [
          [
            [
              -96.70969686988566,
              43.91819085988663
            ],
            [
              -96.70917805453345,
              43.918744559081745
            ],
            [
              -96.67033925849996,
              43.95757780592291
            ],
            [
              -96.66976935888782,
              43.95811160252296
            ],
            [
              -96.66939751575988,
              43.9574249752104
            ],
            [
              -96.65013219107956,
              43.91889983101486
            ],
            [
              -96.64980646966973,
              43.918191277263844
            ],
            [
              -96.65058567553692,
              43.918166030857144
            ],
            [
              -96.70893844450814,
              43.918166030857144
            ],
            [
              -96.70969686988566,
              43.91819085988663
            ]
          ]
        ]
      },
      "properties": {
        "hail_size_bin": "0.5\"",
        "min_size_inches": 0.5
      }
    },
    {
      "type": "Feature",
      "geometry": {
        "type": "Polygon",
        "coordinates": [
          [
            [
              -97.37963079172431,
              45.59765984286289
            ],
            [
              -97.37883743765482,
              45.59768598285714
            ],
            [
              -97.320487062091,
              45.59768598285714
            ],
            [
              -97.31969050884454,
              45.597659926785155
            ],
            [
              -97.31950914700363,
              45.5968843067189
            ],
            [
              -97.30983215491715,
              45.54850625941149
            ],
            [
              -97.30970118456888,
              45.547717514868765
            ],
            [
              -97.31045072075204,
              45.547440378220664
            ],
            [
              -97.36889341557959,
              45.527962263327986
            ],
            [
              -97.3696417040035,
              45.5277395434453
            ],
            [
              -97.36977700286573,
              45.52850836425883
            ],
            [
              -97.37954445600393,
              45.59687076737723
            ],
            [
              -97.37963079172431,
              45.59765984286289
            ]
          ]
        ]
      },
      "properties": {
        "hail_size_bin": "0.5\"",
        "min_size_inches": 0.5
      }
    },
    {
      "type": "Feature",
      "geometry": {
        "type": "Polygon",
        "coordinates": [
          [
            [
              -97.2496007890401,
              45.66770097122423
            ],
            [
              -97.24905792508362,
              45.668183891898074
            ],
            [
              -97.19031404098347,
              45.71713013432928
            ],
            [
              -97.18970254422973,
              45.71760676136535
            ],
            [
              -97.18949044283349,
              45.71686125685721
            ],
            [
              -97.18886441084686,
              45.71435748669436
            ],
            [
              -97.18794567752447,
              45.71114367654453
            ],
            [
              -97.18681427071142,
              45.70799843168598
            ],
            [
              -97.18547524673113,
              45.70493580840242
            ],
            [
              -97.18393458976027,
              45.70196949373688
            ],
            [
              -97.18219918508518,
              45.69911274432356
            ],
            [
              -97.18027678833113,
              45.69637832714308
            ],
            [
              -97.17817599080193,
              45.693778462466184
            ],
            [
              -97.17590618108494,
              45.691324769240566
            ],
            [
              -97.17347750309287,
              45.689028213165116
            ],
            [
              -97.17090081073009,
              45.68689905768361
            ],
            [
              -97.16818761938586,
              45.68494681811675
            ],
            [
              -97.16535005447139,
              45.68318021913764
            ],
            [
              -97.16240079723067,
              45.681607155780696
            ],
            [
              -97.15935302806727,
              45.68023465815831
            ],
            [
              -97.15622036764029,
              45.67906886004284
            ],
            [
              -97.15301681599287,
              45.67811497145442
            ],
            [
              -97.14975668998517,
              45.67737725537709
            ],
            [
              -97.14645455931148,
              45.67685900870726
            ],
            [
              -97.14312518138745,
              45.67656254751968
            ],
            [
              -97.13978343539821,
              45.676489196716794
            ],
            [
              -97.13644425580257,
              45.67663928410762
            ],
            [
              -97.13312256558994,
              45.67701213894283
            ],
            [
              -97.12983320958865,
              45.67760609491229
            ],
            [
              -97.1297230724703,
              45.67762980892601
            ],
            [
              -97.12972042618185,
              45.6772554008115
            ],
            [
              -97.12958930408469,
              45.67401180906982
            ],
            [
              -97.12924797972474,
              45.670783562165944
            ],
            [
              -97.12869789186342,
              45.66758426791004
            ],
            [
              -97.12794135924877,
              45.66442741207012
            ],
            [
              -97.12698157084138,
              45.661326301526444
            ],
            [
              -97.12582257237221,
              45.658294008179894
            ],
            [
              -97.1244692492889,
              45.655343313850885
            ],
            [
              -97.12292730616241,
              45.652486656401045
            ],
            [
              -97.12120324264099,
              45.649736077304716
            ],
            [
              -97.11930432605263,
              45.64710317089135
            ],
            [
              -97.11723856077161,
              45.64459903547273
            ],
            [
              -97.11501465447817,
              45.64223422656099
            ],
            [
              -97.11264198145362,
              45.640018712374705
            ],
            [
              -97.11013054306561,
              45.637961831820505
            ],
            [
              -97.10749092560997,
              45.63607225512746
            ],
            [
              -97.10473425568708,
              45.634357947299996
            ],
            [
              -97.10187215330065,
              45.6328261345436
            ],
            [
              -97.09891668287669,
              45.631483273804655
            ],
            [
              -97.09588030240918,
              45.63033502555294
            ],
            [
              -97.09277581094669,
              45.629386229921394
            ],
            [
              -97.08961629464149,
              45.628640886303884
            ],
            [
              -97.08641507158828,
              45.62810213649679
            ],
            [
              -97.08318563568541,
              45.627772251455625
            ],
            [
              -97.07994159975497,
              45.627652621722426
            ],
            [
              -97.07970474189777,
              45.6276515814349
            ],
            [
              -97.07891099362313,
              45.62754529543522
            ],
            [
              -97.0205108091067,
              45.61781332202844
            ],
            [
              -97.01980829560199,
              45.617672742565055
            ],
            [
              -97.02048029218206,
              45.617424330797945
            ],
            [
              -97.04569094968774,
              45.60902197897511
            ],
            [
              -97.04879626905485,
              45.60787142194938
            ],
            [
              -97.05181861511815,
              45.60651782891054
            ],
            [
              -97.05474472970401,
              45.60496713768673
            ],
            [
              -97.05756177677894,
              45.603226150719856
            ],
            [
              -97.06025739875764,
              45.60130250522519
            ],
            [
              -97.06281977071222,
              45.59920463968909
            ],
            [
              -97.06523765224479,
              45.59694175685173
            ],
            [
              -97.0675004367959,
              45.5945237833373
            ],
            [
              -97.0695981981725,
              45.59196132610877
            ],
            [
              -97.07152173409132,
              45.5892656259381
            ],
            [
              -97.0732626065467,
              45.58644850809617
            ],
            [
              -97.07481317882569,
              45.58352233047873
            ],
            [
              -97.07616664900817,
              45.580499929395764
            ],
            [
              -97.07731707980491,
              45.57739456326227
            ],
            [
              -97.07825942460282,
              45.57421985443734
            ],
            [
              -97.07898954960294,
              45.57098972946679
            ],
            [
              -97.0795042519543,
              45.56771835799129
            ],
            [
              -97.0798012738039,
              45.564420090588236
            ],
            [
              -97.07987931220124,
              45.561109395819805
            ],
            [
              -97.07973802481406,
              45.557800796763495
            ],
            [
              -97.07973057525807,
              45.55770270512191
            ],
            [
              -97.0801210813185,
              45.557002039265186
            ],
            [
              -97.10928537871573,
              45.50840182180911
            ],
            [
              -97.10971110368143,
              45.50774152405964
            ],
            [
              -97.11046306429391,
              45.507966181066436
            ],
            [
              -97.13892282529442,
              45.51745141264622
            ],
            [
              -97.13967176023753,
              45.5177284263153
            ],
            [
              -97.1398103815366,
              45.51851482586854
            ],
            [
              -97.14222693253804,
              45.535428265982205
            ],
            [
              -97.14280524445013,
              45.53869687306003
            ],
            [
              -97.1435991569084,
              45.541919905778684
            ],
            [
              -97.14460517090662,
              45.54508315928295
            ],
            [
              -97.1458188526446,
              45.54817269218225
            ],
            [
              -97.14723485306914,
              45.551174887994414
            ],
            [
              -97.14884693144901,
              45.55407651515758
            ],
            [
              -97.15064798287962,
              45.55686478534557
            ],
            [
              -97.15263006959643,
              45.55952740982978
            ],
            [
              -97.15478445595905,
              45.56205265363929
            ],
            [
              -97.15710164695174,
              45.56442938728029
            ],
            [
              -97.15957143003081,
              45.566647135787065
            ],
            [
              -97.1621829201342,
              45.568696124888234
            ],
            [
              -97.16492460765531,
              45.570567324084884
            ],
            [
              -97.16778440916906,
              45.572252486450594
            ],
            [
              -97.17074972068725,
              45.5737441849781
            ],
            [
              -97.17380747320797,
              45.575035845312314
            ],
            [
              -97.17694419031454,
              45.5761217747254
            ],
            [
              -97.18014604757012,
              45.57699718720636
            ],
            [
              -97.183398933446,
              45.57765822455434
            ],
            [
              -97.1866885115153,
              45.57810197338291
            ],
            [
              -97.19000028363784,
              45.57832647796018
            ],
            [
              -97.19331965385773,
              45.578330748828314
            ],
            [
              -97.19663199273195,
              45.57811476716432
            ],
            [
              -97.19944764991283,
              45.577742322894906
            ],
            [
              -97.1996501266967,
              45.57772212988705
            ],
            [
              -97.19942843016382,
              45.5784662508265
            ],
            [
              -97.19127881751234,
              45.602911595590676
            ],
            [
              -97.19034387174787,
              45.606056366736546
            ],
            [
              -97.18961717548036,
              45.60925568255046
            ],
            [
              -97.18910185748872,
              45.61249576843048
            ],
            [
              -97.18880013646616,
              45.61576267423979
            ],
            [
              -97.18871331146758,
              45.61904233436883
            ],
            [
              -97.18884175631662,
              45.6223206282945
            ],
            [
              -97.18918491799606,
              45.6255834413759
            ],
            [
              -97.18974131902891,
              45.628816725624624
            ],
            [
              -97.19050856383961,
              45.63200656018818
            ],
            [
              -97.19148334906818,
              45.63513921128598
            ],
            [
              -97.19266147779273,
              45.638201191339924
            ],
            [
              -97.1940378775993,
              45.64117931704494
            ],
            [
              -97.19560662242102,
              45.64406076612946
            ],
            [
              -97.1973609580527,
              45.64683313256156
            ],
            [
              -97.19929333123093,
              45.649484479962865
            ],
            [
              -97.2013954221546,
              45.65200339300047
            ],
            [
              -97.20365818030558,
              45.65437902653546
            ],
            [
              -97.20607186341563,
              45.656601152316476
            ],
            [
              -97.20862607941156,
              45.658660203017284
            ],
            [
              -97.21130983115815,
              45.660547313428744
            ],
            [
              -97.21411156380613,
              45.66225435862782
            ],
            [
              -97.21701921454134,
              45.663773988959306
            ],
            [
              -97.22002026452108,
              45.66509966167964
            ],
            [
              -97.22310179277372,
              45.6662256691266
            ],
            [
              -97.22625053182972,
              45.66714716329351
            ],
            [
              -97.22945292484452,
              45.667860176702305
            ],
            [
              -97.23269518396734,
              45.66836163948541
            ],
            [
              -97.23596334970453,
              45.668649392603
            ],
            [
              -97.2392433510219,
              45.668722197138734
            ],
            [
              -97.24252106592739,
              45.66857973963388
            ],
            [
              -97.24578238227305,
              45.668222633436876
            ],
            [
              -97.24887856529317,
              45.667780384773295
            ],
            [
              -97.2496007890401,
              45.66770097122423
            ]
          ]
        ]
      },
      "properties": {
        "hail_size_bin": "0.5\"",
        "min_size_inches": 0.5
      }
    },
    {
      "type": "Feature",
      "geometry": {
        "type": "Polygon",
        "coordinates": [
          [
            [
              -97.10966125788144,
              45.10780848772204
            ],
            [
              -97.1088956695314,
              45.108026928547275
            ],
            [
              -97.03049962602726,
              45.1276231391645
            ],
            [
              -97.02978757407489,
              45.1277767174227
            ],
            [
              -97.03028582556438,
              45.12724548057359
            ],
            [
              -97.08912549121445,
              45.068414221791265
            ],
            [
              -97.08969539082648,
              45.06788042519132
            ],
            [
              -97.09006723395446,
              45.06856705250398
            ],
            [
              -97.10932891922457,
              45.10708491891912
            ],
            [
              -97.10966125788144,
              45.10780848772204
            ]
          ]
        ]
      },
      "properties": {
        "hail_size_bin": "0.5\"",
        "min_size_inches": 0.5
      }
    },
    {
      "type": "Feature",
      "geometry": {
        "type": "Polygon",
        "coordinates": [
          [
            [
              -97.40957555106971,
              45.74775587134157
            ],
            [
              -97.40928998191178,
              45.74837634368615
            ],
            [
              -97.38002505460962,
              45.80689783568781
            ],
            [
              -97.37964486738727,
              45.80759998210656
            ],
            [
              -97.37884682215659,
              45.80762597685714
            ],
            [
              -97.32049249070496,
              45.80762597685714
            ],
            [
              -97.31984320139237,
              45.807604596835624
            ],
            [
              -97.32046792512376,
              45.807426400380976
            ],
            [
              -97.34622896877268,
              45.80098705963751
            ],
            [
              -97.34947539923968,
              45.80005803575982
            ],
            [
              -97.35265172056445,
              45.79891200828011
            ],
            [
              -97.35574344567736,
              45.797554204182106
            ],
            [
              -97.35873647334864,
              45.79599081635389
            ],
            [
              -97.3616171525034,
              45.7942289753424
            ],
            [
              -97.36437234448368,
              45.792276716831296
            ],
            [
              -97.36698948297334,
              45.79014294499054
            ],
            [
              -97.36945663131243,
              45.78783739186487
            ],
            [
              -97.40907692435685,
              45.74822275967116
            ],
            [
              -97.40957555106971,
              45.74775587134157
            ]
          ]
        ]
      },
      "properties": {
        "hail_size_bin": "0.5\"",
        "min_size_inches": 0.5
      }
    },
    {
      "type": "Feature",
      "geometry": {
        "type": "Polygon",
        "coordinates": [
          [
            [
              -98.34947835927397,
              40.96901395601632
            ],
            [
              -98.34891292688036,
              40.96955735930143
            ],
            [
              -98.27385101981328,
              41.03710342346603
            ],
            [
              -98.27145089692007,
              41.0394124458391
            ],
            [
              -98.26920981681046,
              41.04187612888774
            ],
            [
              -98.26713772286487,
              41.044483541571324
            ],
            [
              -98.26524380869412,
              41.04722311513954
            ],
            [
              -98.26353647734857,
              41.05008269446146
            ],
            [
              -98.26202330403494,
              41.053049591956274
            ],
            [
              -98.26071100250601,
              41.05611064388642
            ],
            [
              -98.25960539527269,
              41.059252268763366
            ],
            [
              -98.25871138777018,
              41.06246052760693
            ],
            [
              -98.25803294659326,
              41.06572118579069
            ],
            [
              -98.25757308189705,
              41.069019776199184
            ],
            [
              -98.25733383404126,
              41.07234166341662
            ],
            [
              -98.25731626453747,
              41.07567210866229
            ],
            [
              -98.25752045133925,
              41.07899633518463
            ],
            [
              -98.25794548849639,
              41.08229959382374
            ],
            [
              -98.25858949017442,
              41.0855672284515
            ],
            [
              -98.25944959902178,
              41.08878474099888
            ],
            [
              -98.25950855159437,
              41.08897908158599
            ],
            [
              -98.25953519257143,
              41.089792879249615
            ],
            [
              -98.25953519257143,
              41.11814426801687
            ],
            [
              -98.25950878173383,
              41.11894745388438
            ],
            [
              -98.25875551285604,
              41.119225966962695
            ],
            [
              -98.22291826003352,
              41.131170011123814
            ],
            [
              -98.21981685785293,
              41.13231896753383
            ],
            [
              -98.21679820004107,
              41.13367044869639
            ],
            [
              -98.21387549479111,
              41.13521854118065
            ],
            [
              -98.21106153045405,
              41.13695647127925
            ],
            [
              -98.20836861958296,
              41.13887663464684
            ],
            [
              -98.20580854505926,
              41.14097062957305
            ],
            [
              -98.20339250853644,
              41.14322929374426
            ],
            [
              -98.20113108142708,
              41.14564274433356
            ],
            [
              -98.19903415864741,
              41.14820042124317
            ],
            [
              -98.19711091532187,
              41.150891133310395
            ],
            [
              -98.19536976663728,
              41.15370310727473
            ],
            [
              -98.19381833102199,
              41.15662403929199
            ],
            [
              -98.19246339681125,
              41.15964114877003
            ],
            [
              -98.1913108925448,
              41.162741234290415
            ],
            [
              -98.19036586102644,
              41.16591073137153
            ],
            [
              -98.18963243725905,
              41.169135771820166
            ],
            [
              -98.18911383035193,
              41.17240224441209
            ],
            [
              -98.17964857213764,
              41.2481134911426
            ],
            [
              -98.17952215859336,
              41.248910794556686
            ],
            [
              -98.17935121017896,
              41.248988305508135
            ],
            [
              -98.17643652327115,
              41.250432350729554
            ],
            [
              -98.17362189813866,
              41.25206285731821
            ],
            [
              -98.1709192470253,
              41.2538729245356
            ],
            [
              -98.16834000827095,
              41.2558548916948
            ],
            [
              -98.16589509790151,
              41.258000370582494
            ],
            [
              -98.16359486342937,
              41.26030028096015
            ],
            [
              -98.16144904005994,
              41.26274488899402
            ],
            [
              -98.15946670948966,
              41.265323848451295
            ],
            [
              -98.15765626146994,
              41.268026244488134
            ],
            [
              -98.15602535829932,
              41.27084063984419
            ],
            [
              -98.15458090239477,
              41.27375512324814
            ],
            [
              -98.15332900707867,
              41.276757359829354
            ],
            [
              -98.1522749707057,
              41.279834643322395
            ],
            [
              -98.15142325423875,
              41.282973949843274
            ],
            [
              -98.15077746236894,
              41.286161993010005
            ],
            [
              -98.15034032825956,
              41.289385280174145
            ],
            [
              -98.15011370197871,
              41.29263016952525
            ],
            [
              -98.15009854266921,
              41.29588292782667
            ],
            [
              -98.15029491448931,
              41.29912978853824
            ],
            [
              -98.1507019863411,
              41.302357010079994
            ],
            [
              -98.15131803538802,
              41.30555093399015
            ],
            [
              -98.15214045434628,
              41.308698042731386
            ],
            [
              -98.15316576251965,
              41.31178501690065
            ],
            [
              -98.15438962053064,
              41.31479879160043
            ],
            [
              -98.16920354846906,
              41.3481253671617
            ],
            [
              -98.1695169377043,
              41.348900179251864
            ],
            [
              -98.16916870870789,
              41.34965896875629
            ],
            [
              -98.13991837971162,
              41.40815126831767
            ],
            [
              -98.13953666360923,
              41.40885594966536
            ],
            [
              -98.13873601938262,
              41.40882494522565
            ],
            [
              -98.02752741535612,
              41.400882608453315
            ],
            [
              -98.02433737960348,
              41.40075696206196
            ],
            [
              -98.02114582803729,
              41.40083515233696
            ],
            [
              -98.01796577212193,
              41.40111686050859
            ],
            [
              -98.0148101764558,
              41.401600938095996
            ],
            [
              -98.0116919059166,
              41.402285411589396
            ],
            [
              -98.00862367321326,
              41.403167490495726
            ],
            [
              -98.00561798705817,
              41.40424357871509
            ],
            [
              -98.00268710117103,
              41.40550928920147
            ],
            [
              -97.9998429643224,
              41.40695946184809
            ],
            [
              -97.99709717162033,
              41.408588184524305
            ],
            [
              -97.99446091723895,
              41.410388817178536
            ],
            [
              -97.99194494878154,
              41.412354018908644
            ],
            [
              -97.98955952346412,
              41.41447577788973
            ],
            [
              -97.9873143662985,
              41.416745444037076
            ],
            [
              -97.98521863044478,
              41.41915376427123
            ],
            [
              -97.9832808598954,
              41.421690920241346
            ],
            [
              -97.95005309289097,
              41.468203147544486
            ],
            [
              -97.94957063560835,
              41.46883397823437
            ],
            [
              -97.9488349461595,
              41.46853524103263
            ],
            [
              -97.89811302186021,
              41.44599538446614
            ],
            [
              -97.8950220532724,
              41.44474351597616
            ],
            [
              -97.89185451020896,
              41.44370047596332
            ],
            [
              -97.88862448349984,
              41.44287090439593
            ],
            [
              -97.88534634193373,
              41.44225849162694
            ],
            [
              -97.88203466833852,
              41.44186596197736
            ],
            [
              -97.87870419470944,
              41.44169506161716
            ],
            [
              -97.8753697366738,
              41.44174655079737
            ],
            [
              -97.87204612758356,
              41.44202020046814
            ],
            [
              -97.86874815252907,
              41.44251479329765
            ],
            [
              -97.86549048256755,
              41.44322812908741
            ],
            [
              -97.86228760945887,
              41.44415703455988
            ],
            [
              -97.85915378119883,
              41.44529737747477
            ],
            [
              -97.85610293863685,
              41.44664408501138
            ],
            [
              -97.85314865346018,
              41.44819116633501
            ],
            [
              -97.85030406782002,
              41.44993173924726
            ],
            [
              -97.84758183586872,
              41.45185806080152
            ],
            [
              -97.84499406746767,
              41.453961561747455
            ],
            [
              -97.84255227431652,
              41.45623288465142
            ],
            [
              -97.84026731874336,
              41.458661925523
            ],
            [
              -97.83814936538361,
              41.46123787876268
            ],
            [
              -97.83620783596255,
              41.46394928523059
            ],
            [
              -97.80005773978026,
              41.51816668194785
            ],
            [
              -97.79959026842327,
              41.51882009883304
            ],
            [
              -97.79882315068053,
              41.51858132390779
            ],
            [
              -97.57041134436493,
              41.43914509037926
            ],
            [
              -97.56980543599246,
              41.438911738891356
            ],
            [
              -97.57045364497705,
              41.43894919533585
            ],
            [
              -97.66545458672061,
              41.44758441063049
            ],
            [
              -97.66891244773376,
              41.44777827836815
            ],
            [
              -97.67237543411571,
              41.44773231311587
            ],
            [
              -97.67582693130625,
              41.44744673540368
            ],
            [
              -97.67925037986748,
              41.446922915363466
            ],
            [
              -97.682629354932,
              41.44616336615545
            ],
            [
              -97.68594764500529,
              41.445171731910634
            ],
            [
              -97.68918932974458,
              41.44395277024717
            ],
            [
              -97.69233885634074,
              41.442512329444476
            ],
            [
              -97.77885538863441,
              41.39926024393308
            ],
            [
              -97.77960271316908,
              41.39891739161397
            ],
            [
              -97.78032126962553,
              41.39931653649579
            ],
            [
              -97.79914762473462,
              41.410610735643054
            ],
            [
              -97.80198699610061,
              41.412190979337005
            ],
            [
              -97.80492301672568,
              41.41358345295449
            ],
            [
              -97.80794328579839,
              41.414782275132616
            ],
            [
              -97.81103504666878,
              41.415782382430166
            ],
            [
              -97.81418524072843,
              41.41657955071401
            ],
            [
              -97.81738056256587,
              41.41717041300044
            ],
            [
              -97.82060751616427,
              41.41755247367626
            ],
            [
              -97.82385247190443,
              41.41772411903945
            ],
            [
              -97.82710172413184,
              41.41768462411493
            ],
            [
              -97.83034154904496,
              41.417434155716634
            ],
            [
              -97.83355826266029,
              41.4169737717429
            ],
            [
              -97.83673827860899,
              41.4163054167083
            ],
            [
              -97.83986816552145,
              41.41543191353058
            ],
            [
              -97.84293470375707,
              41.41435695160762
            ],
            [
              -97.84592494123976,
              41.41308507123454
            ],
            [
              -97.84882624816339,
              41.41162164442697
            ],
            [
              -97.8516263703361,
              41.40997285223139
            ],
            [
              -97.85431348093798,
              41.408145658618345
            ],
            [
              -97.85687623047384,
              41.40614778106887
            ],
            [
              -97.86167777791249,
              41.40214706323113
            ],
            [
              -97.86414664745865,
              41.399947662632094
            ],
            [
              -97.86646475364341,
              41.39758989598817
            ],
            [
              -97.86862195922167,
              41.39508407398249
            ],
            [
              -97.87060883057826,
              41.392441154754934
            ],
            [
              -97.87241667898184,
              41.3896726959814
            ],
            [
              -97.87403759858127,
              41.38679080433125
            ],
            [
              -97.87546450097855,
              41.38380808252396
            ],
            [
              -97.87669114622688,
              41.38073757421657
            ],
            [
              -97.87771217011831,
              41.37759270696275
            ],
            [
              -97.87852310764197,
              41.37438723349323
            ],
            [
              -97.87912041250969,
              41.37113517157408
            ],
            [
              -97.87950147266434,
              41.36785074270598
            ],
            [
              -97.87966462170246,
              41.36454830993265
            ],
            [
              -97.87960914616157,
              41.36124231503015
            ],
            [
              -97.87933528864018,
              41.357947215351984
            ],
            [
              -97.87884424673695,
              41.35467742060609
            ],
            [
              -97.87813816781342,
              41.35144722984008
            ],
            [
              -97.87722013960355,
              41.34827076891054
            ],
            [
              -97.87609417671071,
              41.3451619287096
            ],
            [
              -97.86989359942,
              41.329662700291145
            ],
            [
              -97.86962476713225,
              41.32892154689098
            ],
            [
              -97.87036400564111,
              41.328648445795736
            ],
            [
              -97.89213380365008,
              41.32139288326461
            ],
            [
              -97.89518799706792,
              41.32026318658415
            ],
            [
              -97.89816217650414,
              41.318937076217466
            ],
            [
              -97.90104372630802,
              41.31742017715979
            ],
            [
              -97.90382042373827,
              41.31571892367948
            ],
            [
              -97.90648049080852,
              41.31384053202565
            ],
            [
              -97.90901264424629,
              41.311792969818775
            ],
            [
              -97.9114061433535,
              41.30958492225425
            ],
            [
              -97.91365083556562,
              41.30722575526222
            ],
            [
              -97.91573719951602,
              41.304725475779854
            ],
            [
              -97.91765638542293,
              41.30209468930465
            ],
            [
              -97.91940025262791,
              41.29934455490888
            ],
            [
              -97.92096140412615,
              41.29648673790582
            ],
            [
              -97.92233321794262,
              41.29353336036877
            ],
            [
              -97.92350987522063,
              41.2904969497125
            ],
            [
              -97.92448638490379,
              41.287390385555405
            ],
            [
              -97.92525860490677,
              41.284226845087765
            ],
            [
              -97.9258232596848,
              41.28101974717765
            ],
            [
              -97.92617795412774,
              41.27778269545184
            ],
            [
              -97.92632118371934,
              41.27452942059294
            ],
            [
              -97.92625234091909,
              41.271273722097646
            ],
            [
              -97.92597171773922,
              41.26802940974303
            ],
            [
              -97.92548050450601,
              41.264810245009286
            ],
            [
              -97.92478078481084,
              41.261629882707346
            ],
            [
              -97.92387552667208,
              41.25850181305888
            ],
            [
              -97.92276856994566,
              41.25543930447453
            ],
            [
              -97.92146461003738,
              41.25245534727292
            ],
            [
              -97.91996917798632,
              41.24956259857936
            ],
            [
              -97.91962940851101,
              41.24895473311182
            ],
            [
              -97.9204094395505,
              41.24892896428571
            ],
            [
              -98.05442535874998,
              41.24892896428571
            ],
            [
              -98.05768935082774,
              41.24882231410025
            ],
            [
              -98.06093941869108,
              41.24850281851437
            ],
            [
              -98.0641616975264,
              41.247971840498586
            ],
            [
              -98.06734244106826,
              41.24723164520906
            ],
            [
              -98.07046808024113,
              41.246285390324395
            ],
            [
              -98.07352528104511,
              41.245137112574945
            ],
            [
              -98.0765010014389,
              41.24379171052211
            ],
            [
              -98.0793825469772,
              41.24225492366102
            ],
            [
              -98.08215762496539,
              41.24053330793584
            ],
            [
              -98.1072860339297,
              41.22378342881677
            ],
            [
              -98.1099506543118,
              41.221878320488976
            ],
            [
              -98.1124848156396,
              41.21980282876746
            ],
            [
              -98.1148776416581,
              41.21756586136345
            ],
            [
              -98.11711886270301,
              41.215177019018455
            ],
            [
              -98.1191988597768,
              41.2126465542994
            ],
            [
              -98.12110870583194,
              41.209985327595966
            ],
            [
              -98.12284020408454,
              41.20720476050945
            ],
            [
              -98.12438592319378,
              41.204316786832855
            ],
            [
              -98.12573922915612,
              41.20133380133277
            ],
            [
              -98.1268943137775,
              41.19826860655285
            ],
            [
              -98.12784621960127,
              41.19513435786711
            ],
            [
              -98.1285908611849,
              41.19194450701899
            ],
            [
              -98.12912504263409,
              41.188712744388354
            ],
            [
              -98.12944647131907,
              41.18545294023445
            ],
            [
              -98.12955376771428,
              41.182179085166645
            ],
            [
              -98.12955376771428,
              41.14977334544396
            ],
            [
              -98.12957932507383,
              41.14899036124095
            ],
            [
              -98.12971611989619,
              41.14902179073717
            ],
            [
              -98.13297545010136,
              41.1496507166618
            ],
            [
              -98.13626932835264,
              41.15006199183821
            ],
            [
              -98.13958323684052,
              41.150253803565896
            ],
            [
              -98.142902569472,
              41.15022530643229
            ],
            [
              -98.14621269624705,
              41.14997662603887
            ],
            [
              -98.1494990277406,
              41.14950885844757
            ],
            [
              -98.15274707940559,
              41.14882406534988
            ],
            [
              -98.15594253541373,
              41.14792526497993
            ],
            [
              -98.1590713117528,
              41.146816418811575
            ],
            [
              -98.16211961830201,
              41.14550241409814
            ],
            [
              -98.16507401961223,
              41.143989042331796
            ],
            [
              -98.1679214941228,
              41.14228297371749
            ],
            [
              -98.17064949155426,
              41.14039172777395
            ],
            [
              -98.17324598822387,
              41.13832364019127
            ],
            [
              -98.17569954004017,
              41.13608782609128
            ],
            [
              -98.1779993329429,
              41.13369413985254
            ],
            [
              -98.18013523056614,
              41.13115313167701
            ],
            [
              -98.18209781891443,
              41.128476001089965
            ],
            [
              -98.18387844785516,
              41.125674547577866
            ],
            [
              -98.18546926924402,
              41.12276111858205
            ],
            [
              -98.18686327151592,
              41.11974855507716
            ],
            [
              -98.1880543105884,
              41.11665013497446
            ],
            [
              -98.18903713694192,
              41.113479514599234
            ],
            [
              -98.18980741875703,
              41.11025066850035
            ],
            [
              -98.19036176100704,
              41.106977827857285
            ],
            [
              -98.19069772042154,
              41.103675417756044
            ],
            [
              -98.19081381625524,
              41.10035799361036
            ],
            [
              -98.19070953681428,
              41.09704017700856
            ],
            [
              -98.19038534171163,
              41.09373659126873
            ],
            [
              -98.18984265984122,
              41.090461796986254
            ],
            [
              -98.18970577558457,
              41.089777473491466
            ],
            [
              -98.18957177904508,
              41.08897115526885
            ],
            [
              -98.18959550284013,
              41.08823007324133
            ],
            [
              -98.18970674058544,
              41.08652003978618
            ],
            [
              -98.18970775913102,
              41.08328843585061
            ],
            [
              -98.1895000193492,
              41.080063515817976
            ],
            [
              -98.18908438903257,
              41.07685875116613
            ],
            [
              -98.1884626043962,
              41.07368752917772
            ],
            [
              -98.18763726282475,
              41.07056309701742
            ],
            [
              -98.18661181202256,
              41.0674985063945
            ],
            [
              -98.18539053561142,
              41.06450655904178
            ],
            [
              -98.18397853523663,
              41.061599753238944
            ],
            [
              -98.18238170925584,
              41.05879023160334
            ],
            [
              -98.18060672809983,
              41.0560897303666
            ],
            [
              -98.17866100640805,
              41.05350953034878
            ],
            [
              -98.17655267205542,
              41.051060409834925
            ],
            [
              -98.17429053219973,
              41.04875259955089
            ],
            [
              -98.17188403649139,
              41.046595739926445
            ],
            [
              -98.16934323759939,
              41.04459884082428
            ],
            [
              -98.16667874921822,
              41.042770243903014
            ],
            [
              -98.16390170173122,
              41.041117587771566
            ],
            [
              -98.16102369571557,
              41.03964777608033
            ],
            [
              -98.1595772682668,
              41.0389670857284
            ],
            [
              -98.15964903686557,
              41.03819263829822
            ],
            [
              -98.16571427088785,
              40.98967769880668
            ],
            [
              -98.16601277357849,
              40.98643542087985
            ],
            [
              -98.16609961882172,
              40.98318058940727
            ],
            [
              -98.16597443834264,
              40.97992700678825
            ],
            [
              -98.16563776298007,
              40.976688470126206
            ],
            [
              -98.16509102043554,
              40.97347871272087
            ],
            [
              -98.1643365292189,
              40.97031134583098
            ],
            [
              -98.16337748881656,
              40.96719980095458
            ],
            [
              -98.16221796612376,
              40.964157272871546
            ],
            [
              -98.16086287819851,
              40.96119666368998
            ],
            [
              -98.15931797141042,
              40.95833052813365
            ],
            [
              -98.15758979707267,
              40.95557102030263
            ],
            [
              -98.15568568366064,
              40.95292984213271
            ],
            [
              -98.15361370573481,
              40.950418193772364
            ],
            [
              -98.15138264969993,
              40.9480467260875
            ],
            [
              -98.14900197654545,
              40.945825495495534
            ],
            [
              -98.14648178172538,
              40.943763921320276
            ],
            [
              -98.14383275234768,
              40.94187074584843
            ],
            [
              -98.11023551149586,
              40.919475785475036
            ],
            [
              -98.1096001768638,
              40.91902166828228
            ],
            [
              -98.11020067967266,
              40.918522399921635
            ],
            [
              -98.19890183720068,
              40.84954246782579
            ],
            [
              -98.19953670011407,
              40.84908108619861
            ],
            [
              -98.1999621928765,
              40.84974054039252
            ],
            [
              -98.22772511759706,
              40.89600547042864
            ],
            [
              -98.22945593439944,
              40.89869133493176
            ],
            [
              -98.23135476931186,
              40.90126116389647
            ],
            [
              -98.23341386780021,
              40.90370446255767
            ],
            [
              -98.23562482083989,
              40.90601125287951
            ],
            [
              -98.23797859925689,
              40.90817211430406
            ],
            [
              -98.24046559060157,
              40.910178222223394
            ],
            [
              -98.24307563840422,
              40.91202138401781
            ],
            [
              -98.24579808365252,
              40.91369407251319
            ],
            [
              -98.24862180832118,
              40.915189456720725
            ],
            [
              -98.25153528077617,
              40.916501429733614
            ],
            [
              -98.25452660286804,
              40.91762463366664
            ],
            [
              -98.25758355852206,
              40.91855448153693
            ],
            [
              -98.25852197059936,
              40.918775557451305
            ],
            [
              -98.25952650217165,
              40.919051160142054
            ],
            [
              -98.26028228061391,
              40.919438249039885
            ],
            [
              -98.34880565755368,
              40.96861087622647
            ],
            [
              -98.34947835927397,
              40.96901395601632
            ]
          ]
        ]
      },
      "properties": {
        "hail_size_bin": "0.5\"",
        "min_size_inches": 0.5
      }
    },
    {
      "type": "Feature",
      "geometry": {
        "type": "Polygon",
        "coordinates": [
          [
            [
              -98.27949966064276,
              45.39774516246577
            ],
            [
              -98.27910412512495,
              45.39845671234631
            ],
            [
              -98.24995225197192,
              45.44703622568726
            ],
            [
              -98.24952380043771,
              45.44770058247784
            ],
            [
              -98.24874454744574,
              45.44757045212307
            ],
            [
              -98.20034806420117,
              45.43789253842842
            ],
            [
              -98.19955671615895,
              45.437707104262785
            ],
            [
              -98.19930883450628,
              45.437473787297506
            ],
            [
              -98.19748624556571,
              45.43564225891319
            ],
            [
              -98.1950227285289,
              45.4334721042774
            ],
            [
              -98.19242210391778,
              45.43146829815754
            ],
            [
              -98.18969558405213,
              45.42963947975317
            ],
            [
              -98.1868549240359,
              45.42799353382268
            ],
            [
              -98.18391237107627,
              45.42653755668903
            ],
            [
              -98.18088061168119,
              45.42527782564464
            ],
            [
              -98.17777271696272,
              45.42421977188758
            ],
            [
              -98.17460208628242,
              45.42336795710543
            ],
            [
              -98.17138238948135,
              45.422726053808134
            ],
            [
              -98.16812750794398,
              45.42229682949432
            ],
            [
              -98.16485147475007,
              45.422082134719524
            ],
            [
              -98.16156841417254,
              45.4220828951177
            ],
            [
              -98.15829248078214,
              45.422299107410474
            ],
            [
              -98.15503779842147,
              45.42272983942127
            ],
            [
              -98.1518183993116,
              45.42337323409427
            ],
            [
              -98.14864816355352,
              45.42422651750095
            ],
            [
              -98.14554075928561,
              45.42528601079954
            ],
            [
              -98.14250958375492,
              45.426547146096006
            ],
            [
              -98.13956770555625,
              45.42800448613802
            ],
            [
              -98.13672780828836,
              45.42965174775712
            ],
            [
              -98.13400213586993,
              45.43148182895789
            ],
            [
              -98.13140243975126,
              45.43348683953753
            ],
            [
              -98.12893992824898,
              45.435658135103566
            ],
            [
              -98.12662521822274,
              45.43798635434331
            ],
            [
              -98.12446828930159,
              45.44046145938412
            ],
            [
              -98.12247844085798,
              45.44307277907066
            ],
            [
              -98.12066425191438,
              45.44580905497248
            ],
            [
              -98.11956301529472,
              45.44773331276604
            ],
            [
              -98.11955519657143,
              45.44772884428571
            ],
            [
              -98.0799680581757,
              45.516996438279335
            ],
            [
              -98.07955313316803,
              45.5176701307562
            ],
            [
              -98.07861926800521,
              45.51700037947746
            ],
            [
              -98.07793289324752,
              45.51647280385006
            ],
            [
              -98.07523537484786,
              45.51466521746788
            ],
            [
              -98.07242621683332,
              45.51303653539491
            ],
            [
              -98.06951726707955,
              45.51159362674376
            ],
            [
              -98.06652079434285,
              45.51034257711097
            ],
            [
              -98.06344943651551,
              45.509288662910485
            ],
            [
              -98.06031614732444,
              45.508436329119895
            ],
            [
              -98.05713414169757,
              45.50778917053335
            ],
            [
              -98.05391684002883,
              45.50734991660018
            ],
            [
              -98.05067781157632,
              45.507120419913214
            ],
            [
              -98.04743071723281,
              45.5071016483953
            ],
            [
              -98.04418925190971,
              45.507293681217
            ],
            [
              -98.0409670867775,
              45.50769570846267
            ],
            [
              -98.03777781160639,
              45.50830603454638
            ],
            [
              -98.03463487745024,
              45.50912208536317
            ],
            [
              -98.03155153991551,
              45.510140419145586
            ],
            [
              -98.02854080325457,
              45.51135674097965
            ],
            [
              -98.02561536551913,
              45.51276592091901
            ],
            [
              -98.02278756500498,
              45.51436201562099
            ],
            [
              -98.02006932821423,
              45.51613829341315
            ],
            [
              -98.01747211955414,
              45.5180872626847
            ],
            [
              -98.015006892985,
              45.52020070348309
            ],
            [
              -98.01268404582078,
              45.52246970218234
            ],
            [
              -98.01051337487758,
              45.5248846890771
            ],
            [
              -98.00850403515463,
              45.527435478743705
            ],
            [
              -98.00666450122228,
              45.530111312998145
            ],
            [
              -98.00500253147975,
              45.532900906269646
            ],
            [
              -98.00352513543336,
              45.53579249319859
            ],
            [
              -98.00223854413336,
              45.53877387825796
            ],
            [
              -98.00114818389385,
              45.54183248718909
            ],
            [
              -98.00025865340685,
              45.544955420034704
            ],
            [
              -97.99977330820444,
              45.54689652346459
            ],
            [
              -97.99954897682142,
              45.54768213180323
            ],
            [
              -97.99870712040774,
              45.54813893106074
            ],
            [
              -97.99754029457235,
              45.54872261489172
            ],
            [
              -97.99471512000073,
              45.55037530164003
            ],
            [
              -97.99200412785,
              45.552209288119464
            ],
            [
              -97.99118323442555,
              45.55284671985493
            ],
            [
              -97.98971467602254,
              45.550423056990816
            ],
            [
              -97.98781717066524,
              45.547713537396
            ],
            [
              -97.98574466098688,
              45.54513541275804
            ],
            [
              -97.98350621796692,
              45.54269996703659
            ],
            [
              -97.98111163884339,
              45.5404178597129
            ],
            [
              -97.97857140423221,
              45.53829907913532
            ],
            [
              -97.97589663225564,
              45.536352898802186
            ],
            [
              -97.97309902988029,
              45.5345878367735
            ],
            [
              -97.97019084167798,
              45.53301161838898
            ],
            [
              -97.96031206901102,
              45.528072937782966
            ],
            [
              -97.9596055506997,
              45.52769024970743
            ],
            [
              -97.95965819018343,
              45.52642674742004
            ],
            [
              -97.9597180371408,
              45.52561794589805
            ],
            [
              -97.9597419063422,
              45.52228356878476
            ],
            [
              -97.95954347900837,
              45.51895501548557
            ],
            [
              -97.9591236376362,
              45.51564708959543
            ],
            [
              -97.95848424945179,
              45.512374502969834
            ],
            [
              -97.95762815810608,
              45.50915181029442
            ],
            [
              -97.95655917102782,
              45.50599334435366
            ],
            [
              -97.95528204249021,
              45.50291315228647
            ],
            [
              -97.95380245246646,
              45.4999249331121
            ],
            [
              -97.95212698136841,
              45.497041976804425
            ],
            [
              -97.95026308078033,
              45.49427710518532
            ],
            [
              -97.94821904031843,
              45.491642614900165
            ],
            [
              -97.94600395076314,
              45.489150222729094
            ],
            [
              -97.94362766362819,
              45.486811013477094
            ],
            [
              -97.9411007473465,
              45.48463539067483
            ],
            [
              -97.93843444026754,
              45.482633030309394
            ],
            [
              -97.93564060067521,
              45.48081283779079
            ],
            [
              -97.93273165404872,
              45.4791829083455
            ],
            [
              -97.92972053780075,
              45.47775049101332
            ],
            [
              -97.92960909878181,
              45.47770196648818
            ],
            [
              -97.92958234485715,
              45.47689153907146
            ],
            [
              -97.92958234485715,
              45.418562160416904
            ],
            [
              -97.92960938113603,
              45.41774284776079
            ],
            [
              -97.92974122637906,
              45.417454638651776
            ],
            [
              -97.9308678316104,
              45.41519661528907
            ],
            [
              -97.93211042774834,
              45.41224758252546
            ],
            [
              -97.93316182967891,
              45.409225101196604
            ],
            [
              -97.93401773050677,
              45.40614155240087
            ],
            [
              -97.93467462417476,
              45.40300956738943
            ],
            [
              -97.93512981982586,
              45.39984197582453
            ],
            [
              -97.93538145282584,
              45.39665175322474
            ],
            [
              -97.93542849240144,
              45.393451967813
            ],
            [
              -97.93527074586278,
              45.39025572698471
            ],
            [
              -97.93490885939262,
              45.387076123615486
            ],
            [
              -97.93434431539947,
              45.38392618242831
            ],
            [
              -97.93357942644508,
              45.380818806639915
            ],
            [
              -97.93261732577142,
              45.37776672510486
            ],
            [
              -97.93146195446589,
              45.374782440173895
            ],
            [
              -97.93011804531727,
              45.371878176480095
            ],
            [
              -97.92859110342869,
              45.36906583086269
            ],
            [
              -97.9268873836668,
              45.3663569236336
            ],
            [
              -97.92501386503977,
              45.363762551386394
            ],
            [
              -97.922978222109,
              45.36129334154087
            ],
            [
              -97.92078879355137,
              45.35895940880964
            ],
            [
              -97.91016381346647,
              45.34833594679595
            ],
            [
              -97.9096195258371,
              45.34775489886112
            ],
            [
              -97.90999035666016,
              45.34723760361831
            ],
            [
              -97.91120273364325,
              45.345656464735704
            ],
            [
              -97.91303561450695,
              45.34290747764109
            ],
            [
              -97.91468294007475,
              45.34004344189053
            ],
            [
              -97.9161375172124,
              45.33707686344769
            ],
            [
              -97.91739299443184,
              45.33402069603436
            ],
            [
              -97.91844388962534,
              45.33088828456727
            ],
            [
              -97.91928561400341,
              45.32769330688688
            ],
            [
              -97.91991449213205,
              45.32444971403231
            ],
            [
              -97.92032777798158,
              45.321171669323434
            ],
            [
              -97.9205236669175,
              45.31787348651594
            ],
            [
              -97.9205013035804,
              45.314569567299614
            ],
            [
              -97.92026078562097,
              45.31127433841257
            ],
            [
              -97.91980316327358,
              45.30800218864612
            ],
            [
              -97.91913043477048,
              45.30476740601541
            ],
            [
              -97.91824553761626,
              45.30158411536998
            ],
            [
              -97.91715233576116,
              45.2984662167169
            ],
            [
              -97.91585560272894,
              45.295427324525654
            ],
            [
              -97.91436100077303,
              45.29248070827981
            ],
            [
              -97.91267505615195,
              45.289639234535166
            ],
            [
              -97.91080513063214,
              45.28691531073719
            ],
            [
              -97.90875938934231,
              45.28432083104332
            ],
            [
              -97.90654676512008,
              45.28186712438642
            ],
            [
              -97.90417691950623,
              45.27956490500649
            ],
            [
              -97.90166020055702,
              45.27742422566628
            ],
            [
              -97.89900759765897,
              45.27545443375543
            ],
            [
              -97.89623069354299,
              45.27366413047455
            ],
            [
              -97.89334161370788,
              45.27206113327767
            ],
            [
              -97.89035297347363,
              45.27065244173689
            ],
            [
              -97.88727782289598,
              45.26944420697837
            ],
            [
              -97.8841295897827,
              45.268441704823125
            ],
            [
              -97.88092202106027,
              45.26764931274988
            ],
            [
              -97.87766912274728,
              45.26707049078055
            ],
            [
              -97.87438509879635,
              45.266707766371894
            ],
            [
              -97.87108428907189,
              45.26656272337925
            ],
            [
              -97.86778110673423,
              45.26663599514051
            ],
            [
              -97.86448997530385,
              45.26692726171066
            ],
            [
              -97.86122526568035,
              45.2674352512588
            ],
            [
              -97.85960700339149,
              45.26774212826779
            ],
            [
              -97.85930537491276,
              45.266949611185815
            ],
            [
              -97.85804414626733,
              45.263936923176935
            ],
            [
              -97.85658892240095,
              45.26101300282344
            ],
            [
              -97.85494591245507,
              45.25819032589319
            ],
            [
              -97.85312212681579,
              45.255480936169114
            ],
            [
              -97.85112534720204,
              45.252896394060926
            ],
            [
              -97.84896409346247,
              45.25044772727917
            ],
            [
              -97.84664758722305,
              45.248145383782294
            ],
            [
              -97.84418571254032,
              45.2459991871973
            ],
            [
              -97.84158897372812,
              45.244018294904386
            ],
            [
              -97.83886845053784,
              45.24221115896429
            ],
            [
              -97.83603575088338,
              45.24058549005504
            ],
            [
              -97.83310296131259,
              45.23914822457212
            ],
            [
              -97.83008259543647,
              45.23790549503226
            ],
            [
              -97.8269875405361,
              45.23686260390728
            ],
            [
              -97.8238310025753,
              45.23602400099948
            ],
            [
              -97.82062644985352,
              45.235393264455304
            ],
            [
              -97.81738755553928,
              45.2349730854981
            ],
            [
              -97.81412813932967,
              45.2347652569452
            ],
            [
              -97.81086210848447,
              45.234770665558386
            ],
            [
              -97.80760339848676,
              45.23498928826021
            ],
            [
              -97.78040892656676,
              45.237708346904235
            ],
            [
              -97.77961077986775,
              45.237762136040345
            ],
            [
              -97.77913107397696,
              45.23744785922026
            ],
            [
              -97.77742163719239,
              45.236247469547216
            ],
            [
              -97.77464661660227,
              45.234556730829965
            ],
            [
              -97.77176763295766,
              45.233049816811274
            ],
            [
              -97.76879684632164,
              45.23173309229613
            ],
            [
              -97.7657468045087,
              45.230612118779526
            ],
            [
              -97.76263039008622,
              45.229691630956175
            ],
            [
              -97.75946076596183,
              45.22897551672241
            ],
            [
              -97.7562513197869,
              45.22846680075475
            ],
            [
              -97.75301560741048,
              45.22816763173447
            ],
            [
              -97.74976729562313,
              45.22807927327214
            ],
            [
              -97.74652010443201,
              45.22820209857045
            ],
            [
              -97.74328774911113,
              45.22853558884793
            ],
            [
              -97.74008388227173,
              45.22907833553014
            ],
            [
              -97.7369220361973,
              45.229828046199096
            ],
            [
              -97.7338155656867,
              45.23078155427584
            ],
            [
              -97.73077759164717,
              45.23193483239526
            ],
            [
              -97.72782094567498,
              45.233283009416574
            ],
            [
              -97.72495811585826,
              45.23482039099773
            ],
            [
              -97.72220119403056,
              45.23654048364686
            ],
            [
              -97.71956182469822,
              45.23843602214899
            ],
            [
              -97.71705115585698,
              45.24049900025242
            ],
            [
              -97.71467979190588,
              45.242720704485
            ],
            [
              -97.71019267061449,
              45.24720718466747
            ],
            [
              -97.70961770506085,
              45.24774560340886
            ],
            [
              -97.70915964785114,
              45.247104892390304
            ],
            [
              -97.67007988258955,
              45.18849361993006
            ],
            [
              -97.66964672463617,
              45.18779479106293
            ],
            [
              -97.66962054275484,
              45.186691197886226
            ],
            [
              -97.66963066141052,
              45.18564833217185
            ],
            [
              -97.66944635321154,
              45.1823651026324
            ],
            [
              -97.6690466290472,
              45.179101088797665
            ],
            [
              -97.6684332178949,
              45.17587040891888
            ],
            [
              -97.66760877301937,
              45.17268703706374
            ],
            [
              -97.66657686049615,
              45.169564742672534
            ],
            [
              -97.6653419437868,
              45.16651703099951
            ],
            [
              -97.6639093644325,
              45.163557084696855
            ],
            [
              -97.66228531894967,
              45.160697706794124
            ],
            [
              -97.66047683202733,
              45.15795126531967
            ],
            [
              -97.65849172614234,
              45.15532963980363
            ],
            [
              -97.6563385877239,
              45.152844169893946
            ],
            [
              -97.65402673001351,
              45.15050560630749
            ],
            [
              -97.65156615278131,
              45.14832406432869
            ],
            [
              -97.64896749907273,
              45.14630898005656
            ],
            [
              -97.64624200917282,
              45.14446906958959
            ],
            [
              -97.64340147198727,
              45.14281229132487
            ],
            [
              -97.64045817405028,
              45.14134581153468
            ],
            [
              -97.63742484638013,
              45.14007597336924
            ],
            [
              -97.63431460941206,
              45.13900826941994
            ],
            [
              -97.6311409162468,
              45.13814731796151
            ],
            [
              -97.62964719534314,
              45.137794401171575
            ],
            [
              -97.62942419647729,
              45.13701348307654
            ],
            [
              -97.61983019066022,
              45.098642942880694
            ],
            [
              -97.61965768984527,
              45.09783933589545
            ],
            [
              -97.62028194231547,
              45.09730468687866
            ],
            [
              -97.66896085880313,
              45.05836711778829
            ],
            [
              -97.66962990289646,
              45.057868009342904
            ],
            [
              -97.67046291417773,
              45.057840284
            ],
            [
              -97.97876550980297,
              45.057840284
            ],
            [
              -97.97955838790062,
              45.05786597017898
            ],
            [
              -97.97989419189506,
              45.058584490742824
            ],
            [
              -97.98314356478326,
              45.06616527753621
            ],
            [
              -97.98455291723693,
              45.06917322227042
            ],
            [
              -97.98615888190444,
              45.07208095048148
            ],
            [
              -97.9879543706964,
              45.074875628613334
            ],
            [
              -97.98993145903925,
              45.077544922068036
            ],
            [
              -97.99208142085125,
              45.080077049645716
            ],
            [
              -97.9943947670559,
              45.08246083554218
            ],
            [
              -97.99686128746296,
              45.08468575867438
            ],
            [
              -97.9994700958322,
              45.08674199911639
            ],
            [
              -98.00220967792086,
              45.08862048144056
            ],
            [
              -98.00506794230301,
              45.09031291477289
            ],
            [
              -98.00803227373629,
              45.09181182938567
            ],
            [
              -98.01108958884052,
              45.09311060966584
            ],
            [
              -98.01422639384259,
              45.094203523313716
            ],
            [
              -98.01742884413258,
              45.09508574664306
            ],
            [
              -98.0206828053684,
              45.09575338587091
            ],
            [
              -98.02397391585909,
              45.096203494303204
            ],
            [
              -98.02728764995166,
              45.09643408534032
            ],
            [
              -98.03060938214158,
              45.0964441412451
            ],
            [
              -98.03392445162383,
              45.096233617634795
            ],
            [
              -98.037218227,
              45.0958034436769
            ],
            [
              -98.04047617085536,
              45.0951555179882
            ],
            [
              -98.04368390392126,
              45.09429270025504
            ],
            [
              -98.04682726853952,
              45.09321879861178
            ],
            [
              -98.04989239114869,
              45.09193855283324
            ],
            [
              -98.05286574351643,
              45.0904576134152
            ],
            [
              -98.05573420244778,
              45.08878251663532
            ],
            [
              -98.05848510770564,
              45.0869206557047
            ],
            [
              -98.06110631788813,
              45.084880248137104
            ],
            [
              -98.06892542296232,
              45.078365258220806
            ],
            [
              -98.06952485152243,
              45.077898586988525
            ],
            [
              -98.0694071974012,
              45.07864895591232
            ],
            [
              -98.02972132841067,
              45.28696999945732
            ],
            [
              -98.02954704801269,
              45.28774569554153
            ],
            [
              -98.02875534616537,
              45.28767298889257
            ],
            [
              -97.9934905042375,
              45.283265513470894
            ],
            [
              -97.99018878673931,
              45.282963637640194
            ],
            [
              -97.98687432173051,
              45.282881241278396
            ],
            [
              -97.9835616828706,
              45.28301868668123
            ],
            [
              -97.9802654357895,
              45.28337536950307
            ],
            [
              -97.97700007404275,
              45.283949721414174
            ],
            [
              -97.9737799553834,
              45.28473921699667
            ],
            [
              -97.97061923863131,
              45.28574038484876
            ],
            [
              -97.96753182141688,
              45.28694882284842
            ],
            [
              -97.96453127907341,
              45.28835921750952
            ],
            [
              -97.96163080494654,
              45.28996536734508
            ],
            [
              -97.95884315238321,
              45.291760210135195
            ],
            [
              -97.95618057865548,
              45.29373585397946
            ],
            [
              -97.95365479106536,
              45.29588361199763
            ],
            [
              -97.95127689546801,
              45.29819404052565
            ],
            [
              -97.94905734743942,
              45.30065698063937
            ],
            [
              -97.94700590630336,
              45.303261602823156
            ],
            [
              -97.94513159221981,
              45.30599645458718
            ],
            [
              -97.94344264652338,
              45.30884951082384
            ],
            [
              -97.94194649548635,
              45.311808226682004
            ],
            [
              -97.94064971766531,
              45.314859592726556
            ],
            [
              -97.93955801497547,
              45.31799019214073
            ],
            [
              -97.93867618761936,
              45.321186259719646
            ],
            [
              -97.93800811298038,
              45.324433742395776
            ],
            [
              -97.93755672857402,
              45.32771836103006
            ],
            [
              -97.93732401913162,
              45.331025673197125
            ],
            [
              -97.9373110078736,
              45.33434113668843
            ],
            [
              -97.93751775201027,
              45.33765017345416
            ],
            [
              -97.93794334249036,
              45.34093823370273
            ],
            [
              -97.93858590799806,
              45.34419085987604
            ],
            [
              -97.93944262318121,
              45.34739375021915
            ],
            [
              -97.93955427502294,
              45.34776181701454
            ],
            [
              -97.93958091600001,
              45.34857561467818
            ],
            [
              -97.93958091600001,
              45.376930674992586
            ],
            [
              -97.93955427663047,
              45.37774444824373
            ],
            [
              -97.93930898179559,
              45.378553102942604
            ],
            [
              -97.93846833602407,
              45.381687151465975
            ],
            [
              -97.93783274269592,
              45.38486912673005
            ],
            [
              -97.93740487866211,
              45.388085627597235
            ],
            [
              -97.93718654590546,
              45.39132310752264
            ],
            [
              -97.93717866395149,
              45.39456793160644
            ],
            [
              -97.93738126599563,
              45.39780643401831
            ],
            [
              -97.93779349876353,
              45.401024975552154
            ],
            [
              -97.93841362610468,
              45.404210001068655
            ],
            [
              -97.93923903630427,
              45.40734809658384
            ],
            [
              -97.94026625308274,
              45.41042604576309
            ],
            [
              -97.9414909502363,
              45.41343088558279
            ],
            [
              -97.94290796985713,
              45.41634996092511
            ],
            [
              -97.94451134405632,
              45.41917097787603
            ],
            [
              -97.94629432009808,
              45.421882055502095
            ],
            [
              -97.94824938883939,
              45.424471775887916
            ],
            [
              -97.9503683163554,
              45.42692923222363
            ],
            [
              -97.95264217861721,
              45.42924407473972
            ],
            [
              -97.95506139907613,
              45.43140655429596
            ],
            [
              -97.95761578899604,
              45.43340756344063
            ],
            [
              -97.96029459036409,
              45.43523867476728
            ],
            [
              -97.96308652119887,
              45.43689217640736
            ],
            [
              -97.9659798230654,
              45.43836110450947
            ],
            [
              -97.96896231059664,
              45.439639272568044
            ],
            [
              -97.97202142281319,
              45.440721297478376
            ],
            [
              -97.97514427602476,
              45.44160262220796
            ],
            [
              -97.9783177180909,
              45.442279534988785
            ],
            [
              -97.98152838381225,
              45.44274918494976
            ],
            [
              -97.98476275121907,
              45.44300959412335
            ],
            [
              -97.98800719852017,
              45.44305966577596
            ],
            [
              -97.99124806147206,
              45.44289918902692
            ],
            [
              -97.99447169092707,
              45.44252883973659
            ],
            [
              -97.99766451031768,
              45.44195017765997
            ],
            [
              -98.00081307283541,
              45.44116563987764
            ],
            [
              -98.00390411806306,
              45.4401785305318
            ],
            [
              -98.00692462782197,
              45.43899300691064
            ],
            [
              -98.00930472921597,
              45.43787562660671
            ],
            [
              -98.00957576911222,
              45.43775934913498
            ],
            [
              -98.01039410402709,
              45.43780652647899
            ],
            [
              -98.06533157244911,
              45.4428001282145
            ],
            [
              -98.06858253621444,
              45.44298914604137
            ],
            [
              -98.07183890904352,
              45.44296614299203
            ],
            [
              -98.07508687806303,
              45.442731216640745
            ],
            [
              -98.07831266604691,
              45.44228536349747
            ],
            [
              -98.08150258985651,
              45.44163047478084
            ],
            [
              -98.0846431184818,
              45.44076932839602
            ],
            [
              -98.08772093043704,
              45.439705577151386
            ],
            [
              -98.09072297026793,
              45.438443733264045
            ],
            [
              -98.09363650393016,
              45.43698914921995
            ],
            [
              -98.09644917280463,
              45.435347995069684
            ],
            [
              -98.0991490461202,
              45.43352723225644
            ],
            [
              -98.10172467156168,
              45.43153458408692
            ],
            [
              -98.10416512384812,
              45.429378502970664
            ],
            [
              -98.10646005107571,
              45.42706813456663
            ],
            [
              -98.10859971862844,
              45.424613278989185
            ],
            [
              -98.11057505047033,
              45.42202434923798
            ],
            [
              -98.11237766764421,
              45.41931232702813
            ],
            [
              -98.1139999238135,
              45.41648871620801
            ],
            [
              -98.11543493769642,
              45.413565493962246
            ],
            [
              -98.11667662225501,
              45.41055506000694
            ],
            [
              -98.11771971051513,
              45.4074701839926
            ],
            [
              -98.11855977790788,
              45.40432395133783
            ],
            [
              -98.11919326103765,
              45.401129707723676
            ],
            [
              -98.11961747279747,
              45.397901002483934
            ],
            [
              -98.11983061376705,
              45.39465153113164
            ],
            [
              -98.11983177984561,
              45.391395077265464
            ],
            [
              -98.1196209660869,
              45.38814545410248
            ],
            [
              -98.11958257708828,
              45.3877523720546
            ],
            [
              -98.12000790459292,
              45.38706702384762
            ],
            [
              -98.1990895281302,
              45.26846153702558
            ],
            [
              -98.19953116049312,
              45.267843994207304
            ],
            [
              -98.19976647166965,
              45.26885697179523
            ],
            [
              -98.19998670519433,
              45.26996669596494
            ],
            [
              -98.20084399123103,
              45.27316232758505
            ],
            [
              -98.20191074749658,
              45.276294264983854
            ],
            [
              -98.20318230287832,
              45.27934879403287
            ],
            [
              -98.20465308948914,
              45.28231253955933
            ],
            [
              -98.20631666704814,
              45.28517252391336
            ],
            [
              -98.2081657510814,
              45.28791622379457
            ],
            [
              -98.21019224481913,
              45.290531625089024
            ],
            [
              -98.21238727464993,
              45.29300727547671
            ],
            [
              -98.21474122897645,
              45.295332334578916
            ],
            [
              -98.21724380030275,
              45.2974966214261
            ],
            [
              -98.21988403036872,
              45.29949065903832
            ],
            [
              -98.22265035813406,
              45.30130571592304
            ],
            [
              -98.22553067040191,
              45.302933844308605
            ],
            [
              -98.22851235485996,
              45.30436791494591
            ],
            [
              -98.23158235530735,
              45.30560164832599
            ],
            [
              -98.23472722882515,
              45.30662964217672
            ],
            [
              -98.2379332046402,
              45.30744739511831
            ],
            [
              -98.23953687569731,
              45.30780037673978
            ],
            [
              -98.2401907056941,
              45.30825826990464
            ],
            [
              -98.27887483127967,
              45.33726721877376
            ],
            [
              -98.27949565709342,
              45.337765471885035
            ],
            [
              -98.27875581566231,
              45.338806983792395
            ],
            [
              -98.2769516181505,
              45.34153176118147
            ],
            [
              -98.27532926820412,
              45.34436857649677
            ],
            [
              -98.27389569620391,
              45.34730531138468
            ],
            [
              -98.27265702610597,
              45.35032942065356
            ],
            [
              -98.2716185492813,
              45.35342798586447
            ],
            [
              -98.270784701912,
              45.35658777051636
            ],
            [
              -98.27015904604076,
              45.35979527659
            ],
            [
              -98.26974425435446,
              45.363036802208995
            ],
            [
              -98.26954209876696,
              45.36629850017173
            ],
            [
              -98.26955344284976,
              45.36956643710402
            ],
            [
              -98.26977823814302,
              45.37282665297997
            ],
            [
              -98.27021552436257,
              45.376065220756594
            ],
            [
              -98.27086343350206,
              45.37926830586764
            ],
            [
              -98.27171919781273,
              45.38242222532226
            ],
            [
              -98.27277916162673,
              45.38551350615625
            ],
            [
              -98.27403879697351,
              45.3885289429861
            ],
            [
              -98.27549272292237,
              45.39145565441992
            ],
            [
              -98.27713472856891,
              45.39428113808443
            ],
            [
              -98.27895779956681,
              45.39699332403274
            ],
            [
              -98.27949966064276,
              45.39774516246577
            ]
          ]
        ]
      },
      "properties": {
        "hail_size_bin": "0.5\"",
        "min_size_inches": 0.5
      }
    },
    {
      "type": "Feature",
      "geometry": {
        "type": "Polygon",
        "coordinates": [
          [
            [
              -97.97801911758265,
              45.61756344663199
            ],
            [
              -97.97906738086101,
              45.619353102450944
            ],
            [
              -97.98090287910829,
              45.622063071275925
            ],
            [
              -97.9829117479074,
              45.624647143836064
            ],
            [
              -97.98508537886593,
              45.6270942468793
            ],
            [
              -97.98741445755368,
              45.62939389409449
            ],
            [
              -97.98988900341679,
              45.63153623104734
            ],
            [
              -97.9924984125463,
              45.63351207740851
            ],
            [
              -97.99523150311803,
              45.63531296629316
            ],
            [
              -97.99807656330883,
              45.636931180543144
            ],
            [
              -97.99950310922165,
              45.63768187211576
            ],
            [
              -97.99884240634049,
              45.63803946925541
            ],
            [
              -97.96031458343793,
              45.65730062832606
            ],
            [
              -97.95956755061145,
              45.65764382656383
            ],
            [
              -97.95877344160351,
              45.65783213779567
            ],
            [
              -97.95720549313054,
              45.65814966823497
            ],
            [
              -97.9540569241402,
              45.65900438160404
            ],
            [
              -97.9509707984978,
              45.66006261132844
            ],
            [
              -97.9479602557186,
              45.66131985188013
            ],
            [
              -97.94503811351557,
              45.662770750420854
            ],
            [
              -97.94221681322662,
              45.66440912959244
            ],
            [
              -97.93950836684431,
              45.66622801381755
            ],
            [
              -97.93692430587336,
              45.668219658998964
            ],
            [
              -97.93447563223413,
              45.67037558549093
            ],
            [
              -97.93217277142068,
              45.67268661420216
            ],
            [
              -97.93002552811315,
              45.67514290567683
            ],
            [
              -97.92804304443321,
              45.67773400198709
            ],
            [
              -97.92623376102054,
              45.680448871258875
            ],
            [
              -97.92460538109586,
              45.68327595464129
            ],
            [
              -97.9231648376636,
              45.686203215519654
            ],
            [
              -97.92191826399396,
              45.68921819076274
            ],
            [
              -97.92087096750977,
              45.69230804378586
            ],
            [
              -97.92002740718962,
              45.69545961920404
            ],
            [
              -97.91978798549867,
              45.6966637709343
            ],
            [
              -97.91955927547646,
              45.69764456230696
            ],
            [
              -97.91900512772504,
              45.698235971885154
            ],
            [
              -97.82017763210219,
              45.79704934727676
            ],
            [
              -97.81961965120118,
              45.7975718207631
            ],
            [
              -97.81948771034284,
              45.796176709219054
            ],
            [
              -97.8190646990182,
              45.79287835779993
            ],
            [
              -97.81842338002193,
              45.789615418847106
            ],
            [
              -97.81756659005175,
              45.78640232507134
            ],
            [
              -97.81649811888188,
              45.783253288707
            ],
            [
              -97.81522269259992,
              45.78018223864813
            ],
            [
              -97.81374595270232,
              45.77720275883788
            ],
            [
              -97.81207443114084,
              45.77432802818365
            ],
            [
              -97.81021552143024,
              45.77157076226383
            ],
            [
              -97.80817744594503,
              45.76894315708393
            ],
            [
              -97.80596921955016,
              45.76645683513095
            ],
            [
              -97.80360060972622,
              45.764122793964496
            ],
            [
              -97.80108209336564,
              45.76195135757208
            ],
            [
              -97.7984248104311,
              45.75995213070385
            ],
            [
              -97.79564051468097,
              45.758133956388605
            ],
            [
              -97.79274152167977,
              45.756504876819086
            ],
            [
              -97.7897406543237,
              45.75507209777959
            ],
            [
              -97.78665118612204,
              45.753841956773115
            ],
            [
              -97.78348678248554,
              45.75281989498923
            ],
            [
              -97.78026144028112,
              45.75201043323641
            ],
            [
              -97.77698942592072,
              45.75141715194551
            ],
            [
              -97.77368521225763,
              45.751042675332755
            ],
            [
              -97.77036341456993,
              45.750888659792174
            ],
            [
              -97.76703872591372,
              45.75095578656905
            ],
            [
              -97.76372585213258,
              45.75124375874658
            ],
            [
              -97.7604394468102,
              45.751751302559256
            ],
            [
              -97.75719404645432,
              45.75247617302696
            ],
            [
              -97.75400400619858,
              45.75341516388506
            ],
            [
              -97.75088343630644,
              45.7545641217664
            ],
            [
              -97.74784613975837,
              45.75591796457259
            ],
            [
              -97.74490555119816,
              45.757470703953295
            ],
            [
              -97.71033101061909,
              45.777224761469384
            ],
            [
              -97.70964369118667,
              45.77758788588102
            ],
            [
              -97.7096885766818,
              45.776811900055066
            ],
            [
              -97.71953719549448,
              45.66849257172834
            ],
            [
              -97.71963741932818,
              45.6676876075345
            ],
            [
              -97.720422592033,
              45.66748595298813
            ],
            [
              -97.80879435260526,
              45.6478505898257
            ],
            [
              -97.80958683735085,
              45.64770175052536
            ],
            [
              -97.80960367689323,
              45.6477280998846
            ],
            [
              -97.81120159016238,
              45.65042204073975
            ],
            [
              -97.81303505141831,
              45.65310031354273
            ],
            [
              -97.81503841676565,
              45.65565398788949
            ],
            [
              -97.81720324424288,
              45.65807230287684
            ],
            [
              -97.8195204115048,
              45.66034506799107
            ],
            [
              -97.82198015426312,
              45.66246270604964
            ],
            [
              -97.82457210743203,
              45.66441629355839
            ],
            [
              -97.82728534880562,
              45.66619759831415
            ],
            [
              -97.83010844508274,
              45.66779911409435
            ],
            [
              -97.83302950004584,
              45.66921409228741
            ],
            [
              -97.83603620469012,
              45.67043657033066
            ],
            [
              -97.83911588909251,
              45.6714613968359
            ],
            [
              -97.84225557580123,
              45.67228425329682
            ],
            [
              -97.84544203452137,
              45.672901672286685
            ],
            [
              -97.8486618378659,
              45.673311052069685
            ],
            [
              -97.85190141793723,
              45.67351066756438
            ],
            [
              -97.85514712350077,
              45.67349967761301
            ],
            [
              -97.8583852775098,
              45.67327812852602
            ],
            [
              -97.86160223473905,
              45.67284695388693
            ],
            [
              -97.86478443928411,
              45.6722079706183
            ],
            [
              -97.86791848168458,
              45.67136387132544
            ],
            [
              -97.87099115543008,
              45.67031821295004
            ],
            [
              -97.8739895126109,
              45.66907540178164
            ],
            [
              -97.87690091847931,
              45.66764067488999
            ],
            [
              -97.87971310469075,
              45.6660200780566
            ],
            [
              -97.88241422100144,
              45.66422044029851
            ],
            [
              -97.91890834866282,
              45.63815693067742
            ],
            [
              -97.91959299139455,
              45.637701507582435
            ],
            [
              -97.92007080450341,
              45.637674834315796
            ],
            [
              -97.9221880477951,
              45.637630525496185
            ],
            [
              -97.92532434142213,
              45.637366827707226
            ],
            [
              -97.92843783068969,
              45.636906329260334
            ],
            [
              -97.93151617886454,
              45.63625085481138
            ],
            [
              -97.93454718845473,
              45.63540300157936
            ],
            [
              -97.93751884954031,
              45.634366129055266
            ],
            [
              -97.94041938736092,
              45.633144345690624
            ],
            [
              -97.94323730897136,
              45.63174249261838
            ],
            [
              -97.94596144878085,
              45.63016612447063
            ],
            [
              -97.9485810127948,
              45.628421487369216
            ],
            [
              -97.94958933519406,
              45.627703125092665
            ],
            [
              -97.94976993728245,
              45.627685649527116
            ],
            [
              -97.9526945528465,
              45.627497320060534
            ],
            [
              -97.95597430934146,
              45.62706694772237
            ],
            [
              -97.95921843164398,
              45.6264206556042
            ],
            [
              -97.9624127208497,
              45.62556127240331
            ],
            [
              -97.9655431961642,
              45.624492559476
            ],
            [
              -97.96859615609432,
              45.62321919437487
            ],
            [
              -97.97155823841693,
              45.621746750376005
            ],
            [
              -97.97441647866285,
              45.620081672085846
            ],
            [
              -97.97715836685985,
              45.6182312472344
            ],
            [
              -97.97801911758265,
              45.61756344663199
            ]
          ]
        ]
      },
      "properties": {
        "hail_size_bin": "0.5\"",
        "min_size_inches": 0.5
      }
    },
    {
      "type": "Feature",
      "geometry": {
        "type": "Polygon",
        "coordinates": [
          [
            [
              -98.72939634000932,
              41.718791108270885
            ],
            [
              -98.72869299660131,
              41.71902714382745
            ],
            [
              -98.53027658323302,
              41.778543563062144
            ],
            [
              -98.52950226182047,
              41.778748594583504
            ],
            [
              -98.52886634174278,
              41.778261917416245
            ],
            [
              -98.42015084375755,
              41.68932558243232
            ],
            [
              -98.41956634802501,
              41.68881432975241
            ],
            [
              -98.42030554889632,
              41.688576636083965
            ],
            [
              -98.55868838682356,
              41.64904433147674
            ],
            [
              -98.55949132229279,
              41.64884373212275
            ],
            [
              -98.56026546737499,
              41.649132973635446
            ],
            [
              -98.7287198122894,
              41.71848661692855
            ],
            [
              -98.72939634000932,
              41.718791108270885
            ]
          ]
        ]
      },
      "properties": {
        "hail_size_bin": "0.5\"",
        "min_size_inches": 0.5
      }
    },
    {
      "type": "Feature",
      "geometry": {
        "type": "Polygon",
        "coordinates": [
          [
            [
              -98.6994346075499,
              41.03902226232806
            ],
            [
              -98.6992141015924,
              41.03976352339786
            ],
            [
              -98.68973562761896,
              41.06819488253456
            ],
            [
              -98.68945241906592,
              41.068959063522655
            ],
            [
              -98.6886882138004,
              41.06924220655939
            ],
            [
              -98.66025421598357,
              41.078718851638264
            ],
            [
              -98.65949433211384,
              41.07894477062083
            ],
            [
              -98.65921928280969,
              41.078201385054406
            ],
            [
              -98.64973725204278,
              41.049759357061916
            ],
            [
              -98.64951297022495,
              41.049005555106014
            ],
            [
              -98.65027872578759,
              41.04882628396742
            ],
            [
              -98.69867171126943,
              41.039149069725376
            ],
            [
              -98.6994346075499,
              41.03902226232806
            ]
          ]
        ]
      },
      "properties": {
        "hail_size_bin": "0.5\"",
        "min_size_inches": 0.5
      }
    },
    {
      "type": "Feature",
      "geometry": {
        "type": "Polygon",
        "coordinates": [
          [
            [
              -98.86935504810361,
              23.23402696092031
            ],
            [
              -98.86865842343374,
              23.233852480275832
            ],
            [
              -98.8002359361363,
              23.214305991344535
            ],
            [
              -98.79947803444102,
              23.21406269640876
            ],
            [
              -98.79920216634983,
              23.213316271294257
            ],
            [
              -98.77971977699788,
              23.154877454027044
            ],
            [
              -98.77951164591342,
              23.1541775778776
            ],
            [
              -98.78007273068282,
              23.154644688902046
            ],
            [
              -98.86883422347734,
              23.233532520696873
            ],
            [
              -98.86935504810361,
              23.23402696092031
            ]
          ]
        ]
      },
      "properties": {
        "hail_size_bin": "0.5\"",
        "min_size_inches": 0.5
      }
    },
    {
      "type": "Feature",
      "geometry": {
        "type": "Polygon",
        "coordinates": [
          [
            [
              -99.04937840783944,
              45.21777799908194
            ],
            [
              -99.04862472635479,
              45.21795405965188
            ],
            [
              -99.00022763557892,
              45.227632094835435
            ],
            [
              -98.99943859758068,
              45.227763327925196
            ],
            [
              -98.99834931518095,
              45.22661428554207
            ],
            [
              -98.9959809899829,
              45.224277919986584
            ],
            [
              -98.99346254094472,
              45.22210421745527
            ],
            [
              -98.99080511730905,
              45.22010280098858
            ],
            [
              -98.98802048356289,
              45.21828253091184
            ],
            [
              -98.98512096735584,
              45.2166514656104
            ],
            [
              -98.9821194049253,
              45.21521682585486
            ],
            [
              -98.97902908427012,
              45.21398496283459
            ],
            [
              -98.9758636863242,
              45.21296133004081
            ],
            [
              -98.97263722439067,
              45.21215045912385
            ],
            [
              -98.96936398210457,
              45.21155593983139
            ],
            [
              -98.9660584501989,
              45.211180404116575
            ],
            [
              -98.96273526235362,
              45.21102551448626
            ],
            [
              -98.95940913041207,
              45.21109195664107
            ],
            [
              -98.95609477925116,
              45.21137943643978
            ],
            [
              -98.95280688159394,
              45.211886681201456
            ],
            [
              -98.94955999305313,
              45.212611445339704
            ],
            [
              -98.94636848769294,
              45.21355052030389
            ],
            [
              -98.9432464943947,
              45.21469974878352
            ],
            [
              -98.94020783430801,
              45.21605404311272
            ],
            [
              -98.93726595966403,
              45.217607407793544
            ],
            [
              -98.92014977465145,
              45.22738668750432
            ],
            [
              -98.91946613645747,
              45.227748203169526
            ],
            [
              -98.919440888,
              45.22697527544221
            ],
            [
              -98.919440888,
              45.19861223731451
            ],
            [
              -98.91946655389354,
              45.1978221980862
            ],
            [
              -98.92024468702886,
              45.197685467973706
            ],
            [
              -98.9886163453747,
              45.1879194837494
            ],
            [
              -98.98943294427166,
              45.18783014696783
            ],
            [
              -98.99052251385082,
              45.187783103919
            ],
            [
              -98.9915646930099,
              45.187772834763635
            ],
            [
              -98.99480729363586,
              45.18752951193962
            ],
            [
              -98.99802722105538,
              45.18707593479159
            ],
            [
              -99.00121085669514,
              45.186414021708636
            ],
            [
              -99.00434473547669,
              45.18554657222958
            ],
            [
              -99.00741560276651,
              45.18447725520246
            ],
            [
              -99.01041047043603,
              45.183210593267184
            ],
            [
              -99.01331667179447,
              45.18175194372726
            ],
            [
              -99.01612191516223,
              45.18010747589121
            ],
            [
              -99.01881433585807,
              45.17828414497971
            ],
            [
              -99.01942167636558,
              45.17784337798813
            ],
            [
              -99.0199229714923,
              45.178467729714875
            ],
            [
              -99.04893424181324,
              45.21714389673018
            ],
            [
              -99.04937840783944,
              45.21777799908194
            ]
          ]
        ]
      },
      "properties": {
        "hail_size_bin": "0.5\"",
        "min_size_inches": 0.5
      }
    },
    {
      "type": "Feature",
      "geometry": {
        "type": "Polygon",
        "coordinates": [
          [
            [
              -99.26936595013548,
              45.73767824315501
            ],
            [
              -99.269390878,
              45.73845664870735
            ],
            [
              -99.269390878,
              45.78680295878574
            ],
            [
              -99.26936409201507,
              45.787610777124485
            ],
            [
              -99.26858688220794,
              45.78783266194406
            ],
            [
              -99.23018306531323,
              45.79743224440685
            ],
            [
              -99.22941327990723,
              45.79759834830991
            ],
            [
              -99.2289359478015,
              45.7963172581989
            ],
            [
              -99.22769153990318,
              45.79328512133928
            ],
            [
              -99.22625115211876,
              45.790341027593605
            ],
            [
              -99.22462097373977,
              45.78749762762076
            ],
            [
              -99.22280800958076,
              45.78476713940233
            ],
            [
              -99.22082004987978,
              45.78216129574238
            ],
            [
              -99.21866563682407,
              45.77969129385204
            ],
            [
              -99.21635402784464,
              45.77736774723554
            ],
            [
              -99.21389515583739,
              45.77520064008433
            ],
            [
              -99.21129958648184,
              45.773199284375465
            ],
            [
              -99.20857847284084,
              45.77137227985833
            ],
            [
              -99.20574350743625,
              45.76972747710189
            ],
            [
              -99.20280687200663,
              45.76827194376103
            ],
            [
              -99.19978118516278,
              45.7670119342072
            ],
            [
              -99.19667944816601,
              45.76595286265353
            ],
            [
              -99.19351498906231,
              45.76509927989024
            ],
            [
              -99.1903014054121,
              45.764454853729994
            ],
            [
              -99.18333439257567,
              45.76329385082888
            ],
            [
              -99.18008765148335,
              45.76286156600814
            ],
            [
              -99.17681957386972,
              45.76264278164365
            ],
            [
              -99.17354418396815,
              45.76263843660019
            ],
            [
              -99.170275537391,
              45.76284854952356
            ],
            [
              -99.16702766081323,
              45.76327221876054
            ],
            [
              -99.16381449177987,
              45.76390762622818
            ],
            [
              -99.16064981889625,
              45.764752045215644
            ],
            [
              -99.1575472226571,
              45.765801852085346
            ],
            [
              -99.154520017169,
              45.76705254182294
            ],
            [
              -99.1515811930158,
              45.768498747369634
            ],
            [
              -99.14874336151227,
              45.77013426265371
            ],
            [
              -99.14601870058563,
              45.771952069222515
            ],
            [
              -99.14341890251649,
              45.773944366360624
            ],
            [
              -99.14095512376412,
              45.77610260456485
            ],
            [
              -99.14017791845447,
              45.776879048829585
            ],
            [
              -99.13939994281021,
              45.77760598016196
            ],
            [
              -99.13859049570246,
              45.77751757193861
            ],
            [
              -99.07022465591058,
              45.767752418817516
            ],
            [
              -99.06944257236117,
              45.76761461622614
            ],
            [
              -99.06929673729675,
              45.76671190746741
            ],
            [
              -99.06911613018234,
              45.76530680474637
            ],
            [
              -99.06848749492491,
              45.762095245359866
            ],
            [
              -99.06765012174715,
              45.75893168689809
            ],
            [
              -99.06706205097056,
              45.75718189612206
            ],
            [
              -99.06910191665091,
              45.7562432814616
            ],
            [
              -99.07195427668762,
              45.754699332027094
            ],
            [
              -99.07470053484197,
              45.75297370061075
            ],
            [
              -99.07732913514783,
              45.75107364848847
            ],
            [
              -99.079829016731,
              45.74900717088019
            ],
            [
              -99.08218966035211,
              45.74678296330681
            ],
            [
              -99.08440113267055,
              45.74441038500038
            ],
            [
              -99.08645412804289,
              45.74189941952142
            ],
            [
              -99.08834000768005,
              45.73926063274915
            ],
            [
              -99.10896220894098,
              45.708331750532395
            ],
            [
              -99.10940901141922,
              45.70770672053218
            ],
            [
              -99.10973440043057,
              45.70840265257866
            ],
            [
              -99.11029487579475,
              45.709710241576595
            ],
            [
              -99.11166275400919,
              45.712636634742665
            ],
            [
              -99.11321674165572,
              45.715468593458176
            ],
            [
              -99.1149503524721,
              45.71819429727724
            ],
            [
              -99.11685635045849,
              45.72080236925628
            ],
            [
              -99.1189267800801,
              45.7232819234408
            ],
            [
              -99.12115299947317,
              45.72562261030278
            ],
            [
              -99.12352571651573,
              45.72781465993906
            ],
            [
              -99.12603502761233,
              45.729848922850394
            ],
            [
              -99.12867045903118,
              45.731716908130984
            ],
            [
              -99.13142101062091,
              45.733410818909086
            ],
            [
              -99.13427520172469,
              45.73492358489068
            ],
            [
              -99.1372211190998,
              45.736248891870595
            ],
            [
              -99.14024646664292,
              45.73738120808758
            ],
            [
              -99.14333861671345,
              45.73831580731363
            ],
            [
              -99.1464846628405,
              45.739048788581016
            ],
            [
              -99.14967147359398,
              45.7395770924647
            ],
            [
              -99.15288574739434,
              45.73989851385221
            ],
            [
              -99.15611406803272,
              45.74001171114767
            ],
            [
              -99.15934296066956,
              45.73991621187156
            ],
            [
              -99.16255894807776,
              45.73961241463281
            ],
            [
              -99.16574860689597,
              45.73910158746502
            ],
            [
              -99.168898623657,
              45.73838586253378
            ],
            [
              -99.17199585035749,
              45.73746822723709
            ],
            [
              -99.17502735933701,
              45.73635251173614
            ],
            [
              -99.17798049723741,
              45.73504337296843
            ],
            [
              -99.18084293781732,
              45.733546275209925
            ],
            [
              -99.18360273340112,
              45.73186746726749
            ],
            [
              -99.18624836474802,
              45.73001395639668
            ],
            [
              -99.18875387646968,
              45.72813509109149
            ],
            [
              -99.1893975992938,
              45.72768420743613
            ],
            [
              -99.18983278161835,
              45.728210983999666
            ],
            [
              -99.19202362611172,
              45.73069025622115
            ],
            [
              -99.19437364090797,
              45.73301920894712
            ],
            [
              -99.19687253614737,
              45.735187644541
            ],
            [
              -99.19950937007695,
              45.737186068212345
            ],
            [
              -99.20227259696036,
              45.73900572959106
            ],
            [
              -99.20515011763251,
              45.74063866104205
            ],
            [
              -99.20812933247743,
              45.74207771255268
            ],
            [
              -99.21119719659731,
              45.743316583039984
            ],
            [
              -99.21434027693145,
              45.74434984794088
            ],
            [
              -99.21754481107475,
              45.74517298296435
            ],
            [
              -99.22079676753818,
              45.74578238390162
            ],
            [
              -99.22408190718765,
              45.74617538240773
            ],
            [
              -99.22738584559198,
              45.746350257685215
            ],
            [
              -99.2306941160071,
              45.74630624401887
            ],
            [
              -99.23399223272061,
              45.74604353412852
            ],
            [
              -99.23726575447947,
              45.745563278325186
            ],
            [
              -99.24050034772301,
              45.74486757947429
            ],
            [
              -99.26860440611541,
              45.737842568736
            ],
            [
              -99.26936595013548,
              45.73767824315501
            ]
          ]
        ]
      },
      "properties": {
        "hail_size_bin": "0.5\"",
        "min_size_inches": 0.5
      }
    },
    {
      "type": "Feature",
      "geometry": {
        "type": "Polygon",
        "coordinates": [
          [
            [
              -99.5193299267459,
              45.287786690306305
            ],
            [
              -99.51935515657144,
              45.28857474312804
            ],
            [
              -99.51935515657144,
              45.296953509607526
            ],
            [
              -99.51932921700285,
              45.297745881458304
            ],
            [
              -99.51853696046469,
              45.29777170571428
            ],
            [
              -99.4601824229447,
              45.29777170571428
            ],
            [
              -99.45939507396116,
              45.297745914908376
            ],
            [
              -99.45952431072745,
              45.29696891536561
            ],
            [
              -99.46920030638246,
              45.24859584950369
            ],
            [
              -99.46937942751964,
              45.24783241179635
            ],
            [
              -99.47000725598231,
              45.248301883237595
            ],
            [
              -99.51873028613961,
              45.28727473822136
            ],
            [
              -99.5193299267459,
              45.287786690306305
            ]
          ]
        ]
      },
      "properties": {
        "hail_size_bin": "0.5\"",
        "min_size_inches": 0.5
      }
    },
    {
      "type": "Feature",
      "geometry": {
        "type": "Polygon",
        "coordinates": [
          [
            [
              -99.66930629486441,
              26.173233839225542
            ],
            [
              -99.66886768288416,
              26.173878681156044
            ],
            [
              -99.60039650854422,
              26.268013094256446
            ],
            [
              -99.59858570315218,
              26.270679177817097
            ],
            [
              -99.59695042012258,
              26.273456382730917
            ],
            [
              -99.59549745374096,
              26.276333170247245
            ],
            [
              -99.59423284080232,
              26.279297587868914
            ],
            [
              -99.59316183552947,
              26.282337319012576
            ],
            [
              -99.59228888774271,
              26.285439734181736
            ],
            [
              -99.5916176243717,
              26.28859194343985
            ],
            [
              -99.59152811637841,
              26.28920342319044
            ],
            [
              -99.59069736024115,
              26.286569271590714
            ],
            [
              -99.58947717196922,
              26.283447088056427
            ],
            [
              -99.58937307362042,
              26.28320499272513
            ],
            [
              -99.58961487861043,
              26.282442425936257
            ],
            [
              -99.64906496110731,
              26.11402459209582
            ],
            [
              -99.64933592396062,
              26.113330059802518
            ],
            [
              -99.64959466083846,
              26.11402923875126
            ],
            [
              -99.66908315023235,
              26.17248635352961
            ],
            [
              -99.66930629486441,
              26.173233839225542
            ]
          ]
        ]
      },
      "properties": {
        "hail_size_bin": "0.5\"",
        "min_size_inches": 0.5
      }
    },
    {
      "type": "Feature",
      "geometry": {
        "type": "Polygon",
        "coordinates": [
          [
            [
              -99.59283783892407,
              26.31139953767856
            ],
            [
              -99.59366314702139,
              26.31401249691875
            ],
            [
              -99.59482980923099,
              26.317016813315025
            ],
            [
              -99.59618759881772,
              26.319939727128055
            ],
            [
              -99.59773087442778,
              26.322769094214813
            ],
            [
              -99.59945322404873,
              26.32549315910087
            ],
            [
              -99.60134749165015,
              26.328100603822126
            ],
            [
              -99.60340580691559,
              26.330580594948778
            ],
            [
              -99.6056196179422,
              26.33292282859611
            ],
            [
              -99.60797972677223,
              26.335117573235166
            ],
            [
              -99.61047632760878,
              26.337155710125362
            ],
            [
              -99.613099047557,
              26.339028771201093
            ],
            [
              -99.61863206266243,
              26.34271692090892
            ],
            [
              -99.61931484337771,
              26.343206435921875
            ],
            [
              -99.61948092919404,
              26.34402963738037
            ],
            [
              -99.62920676356066,
              26.40237630595931
            ],
            [
              -99.62931104687728,
              26.403156369031485
            ],
            [
              -99.62859021623126,
              26.40347189206007
            ],
            [
              -99.58011450991361,
              26.422859404150913
            ],
            [
              -99.57937631364577,
              26.423126675036453
            ],
            [
              -99.57942889119879,
              26.42234357075431
            ],
            [
              -99.5892625211141,
              26.324021321651568
            ],
            [
              -99.58937199417231,
              26.32320241013328
            ],
            [
              -99.58962423720745,
              26.32260342459944
            ],
            [
              -99.59082093849383,
              26.31947216359596
            ],
            [
              -99.59180513937784,
              26.31626775443659
            ],
            [
              -99.59257241611685,
              26.313004600157907
            ],
            [
              -99.59283783892407,
              26.31139953767856
            ]
          ]
        ]
      },
      "properties": {
        "hail_size_bin": "0.5\"",
        "min_size_inches": 0.5
      }
    },
    {
      "type": "Feature",
      "geometry": {
        "type": "Polygon",
        "coordinates": [
          [
            [
              -99.79928045741173,
              25.86326762746896
            ],
            [
              -99.79866152452709,
              25.86281824523571
            ],
            [
              -99.70996932275595,
              25.793845277733308
            ],
            [
              -99.70935400256124,
              25.793333834362663
            ],
            [
              -99.70932800828572,
              25.792534135944038
            ],
            [
              -99.70932800828572,
              25.754178369431827
            ],
            [
              -99.70935359097881,
              25.75339899075289
            ],
            [
              -99.71006180914605,
              25.753724826579752
            ],
            [
              -99.71200260705514,
              25.754695086886063
            ],
            [
              -99.71501141210638,
              25.756076721084845
            ],
            [
              -99.71810505866421,
              25.7572562005763
            ],
            [
              -99.72126998192886,
              25.758228353663245
            ],
            [
              -99.72449230457153,
              25.75898891771848
            ],
            [
              -99.72775789758275,
              25.75953455787522
            ],
            [
              -99.73105244222424,
              25.759862881649596
            ],
            [
              -99.73436149281268,
              25.759972449431046
            ],
            [
              -99.73767054006011,
              25.759862780794606
            ],
            [
              -99.74096507469324,
              25.759534356607464
            ],
            [
              -99.74423065107263,
              25.758988616920462
            ],
            [
              -99.74745295053292,
              25.758227954653883
            ],
            [
              -99.75061784416629,
              25.757255705105138
            ],
            [
              -99.75371145477386,
              25.75607613132439
            ],
            [
              -99.75672021771351,
              25.75469440542226
            ],
            [
              -99.75963094037701,
              25.75311658589148
            ],
            [
              -99.76243086003619,
              25.751349591042096
            ],
            [
              -99.76510769980389,
              25.749401168666534
            ],
            [
              -99.7676497224649,
              25.747279862067636
            ],
            [
              -99.77004578194034,
              25.744994972598604
            ],
            [
              -99.77228537216031,
              25.742556518879088
            ],
            [
              -99.77435867313004,
              25.73997519286626
            ],
            [
              -99.77882930335727,
              25.73401520423359
            ],
            [
              -99.77930265496333,
              25.733425213643834
            ],
            [
              -99.77944186356679,
              25.734168650728787
            ],
            [
              -99.79918922664393,
              25.862508171272623
            ],
            [
              -99.79928045741173,
              25.86326762746896
            ]
          ]
        ]
      },
      "properties": {
        "hail_size_bin": "0.5\"",
        "min_size_inches": 0.5
      }
    },
    {
      "type": "Feature",
      "geometry": {
        "type": "Polygon",
        "coordinates": [
          [
            [
              -99.9192619729,
              28.582566162001914
            ],
            [
              -99.91896388109976,
              28.583300991542686
            ],
            [
              -99.87963203980972,
              28.67178499026104
            ],
            [
              -99.87930913875715,
              28.672452412149557
            ],
            [
              -99.87909101084985,
              28.67174379569275
            ],
            [
              -99.84952546882124,
              28.56335229718016
            ],
            [
              -99.84934495747457,
              28.56259243946446
            ],
            [
              -99.85010259940381,
              28.562782035882368
            ],
            [
              -99.91850706352373,
              28.58232337607012
            ],
            [
              -99.9192619729,
              28.582566162001914
            ]
          ]
        ]
      },
      "properties": {
        "hail_size_bin": "0.5\"",
        "min_size_inches": 0.5
      }
    },
    {
      "type": "Feature",
      "geometry": {
        "type": "Polygon",
        "coordinates": [
          [
            [
              -100.49913278753463,
              41.10904504311673
            ],
            [
              -100.49874253192121,
              41.10963050906318
            ],
            [
              -100.449685670338,
              41.17830030250525
            ],
            [
              -100.44921136409528,
              41.17892137880024
            ],
            [
              -100.4484405655849,
              41.178792647168954
            ],
            [
              -100.40002583838415,
              41.1691110852044
            ],
            [
              -100.39929553201186,
              41.168940202215296
            ],
            [
              -100.39992588982757,
              41.168533999809654
            ],
            [
              -100.49851795265502,
              41.10938721406908
            ],
            [
              -100.49913278753463,
              41.10904504311673
            ]
          ]
        ]
      },
      "properties": {
        "hail_size_bin": "0.5\"",
        "min_size_inches": 0.5
      }
    },
    {
      "type": "Feature",
      "geometry": {
        "type": "Polygon",
        "coordinates": [
          [
            [
              -101.07903256318875,
              45.407702190255804
            ],
            [
              -101.07831863000378,
              45.40762405848505
            ],
            [
              -101.00994469848857,
              45.397857749568644
            ],
            [
              -101.00917574784097,
              45.39772234934907
            ],
            [
              -101.00939861966658,
              45.39697415288574
            ],
            [
              -101.01888144492032,
              45.36852974177328
            ],
            [
              -101.01915474228362,
              45.36779159019543
            ],
            [
              -101.01982325227009,
              45.36820658822559
            ],
            [
              -101.07844837691206,
              45.407284420510486
            ],
            [
              -101.07903256318875,
              45.407702190255804
            ]
          ]
        ]
      },
      "properties": {
        "hail_size_bin": "0.5\"",
        "min_size_inches": 0.5
      }
    },
    {
      "type": "Feature",
      "geometry": {
        "type": "Polygon",
        "coordinates": [
          [
            [
              -101.44903960769842,
              26.932989540955525
            ],
            [
              -101.44826986304795,
              26.93290517222399
            ],
            [
              -101.37988865410786,
              26.923137823823996
            ],
            [
              -101.37914822979812,
              26.92300754460476
            ],
            [
              -101.37971987999292,
              26.922519338814926
            ],
            [
              -101.42843203621737,
              26.883555181734494
            ],
            [
              -101.42907117883769,
              26.883077950383214
            ],
            [
              -101.42939151282252,
              26.88380814858766
            ],
            [
              -101.44877564853874,
              26.93226156398327
            ],
            [
              -101.44903960769842,
              26.932989540955525
            ]
          ]
        ]
      },
      "properties": {
        "hail_size_bin": "0.5\"",
        "min_size_inches": 0.5
      }
    },
    {
      "type": "Feature",
      "geometry": {
        "type": "Polygon",
        "coordinates": [
          [
            [
              -101.65901340791567,
              44.30810840699111
            ],
            [
              -101.65888890025754,
              44.30885688092393
            ],
            [
              -101.64921128788998,
              44.35723802919356
            ],
            [
              -101.64903044063946,
              44.35800989693829
            ],
            [
              -101.64824852637517,
              44.3578798702007
            ],
            [
              -101.6336266641738,
              44.354955915587624
            ],
            [
              -101.6303958726419,
              44.3544192335914
            ],
            [
              -101.6271368773354,
              44.35409521032061
            ],
            [
              -101.62386366070189,
              44.35398523597005
            ],
            [
              -101.6205902662043,
              44.35408978237551
            ],
            [
              -101.61733073806872,
              44.35440840098936
            ],
            [
              -101.61409906102875,
              44.354939724805
            ],
            [
              -101.6109091003252,
              44.35568147422193
            ],
            [
              -101.6077745422184,
              44.35663046682613
            ],
            [
              -101.60470883526847,
              44.35778263104399
            ],
            [
              -101.6017251326354,
              44.35913302361102
            ],
            [
              -101.59883623564646,
              44.360675850780545
            ],
            [
              -101.59605453887325,
              44.36240449318128
            ],
            [
              -101.59339197695375,
              44.36431153421717
            ],
            [
              -101.59085997338782,
              44.36638879188772
            ],
            [
              -101.58846939152558,
              44.368627353892144
            ],
            [
              -101.5396253426388,
              44.4174644240605
            ],
            [
              -101.53905737066854,
              44.417997505288156
            ],
            [
              -101.53828022047124,
              44.4179445399674
            ],
            [
              -101.43988646209253,
              44.40810656995552
            ],
            [
              -101.4391888644022,
              44.40801392136938
            ],
            [
              -101.43984894088844,
              44.407770011810264
            ],
            [
              -101.49487731135969,
              44.389429842426246
            ],
            [
              -101.4979593523182,
              44.38828879159445
            ],
            [
              -101.50095977508977,
              44.386947733555964
            ],
            [
              -101.50386561667968,
              44.38541246220371
            ],
            [
              -101.50666432272077,
              44.38368961050776
            ],
            [
              -101.50934380171317,
              44.38178662185828
            ],
            [
              -101.51189247726425,
              44.37971171790725
            ],
            [
              -101.51429933810323,
              44.377473863047676
            ],
            [
              -101.51655398565406,
              44.375082725683946
            ],
            [
              -101.5186466789614,
              44.37254863646055
            ],
            [
              -101.5205683767753,
              44.369882543629686
            ],
            [
              -101.5223107766129,
              44.36709596575053
            ],
            [
              -101.52386635062844,
              44.364200941924565
            ],
            [
              -101.52522837813645,
              44.36120997978202
            ],
            [
              -101.52639097464774,
              44.358136001443995
            ],
            [
              -101.52734911729267,
              44.35499228769388
            ],
            [
              -101.52809866652194,
              44.351792420599196
            ],
            [
              -101.528636383991,
              44.3485502248318
            ],
            [
              -101.52895994655101,
              44.34527970793985
            ],
            [
              -101.52906795628572,
              44.34199499982985
            ],
            [
              -101.52906795628572,
              44.31886089874726
            ],
            [
              -101.52909245950829,
              44.31810404432902
            ],
            [
              -101.52968961048289,
              44.31856970486157
            ],
            [
              -101.55149353478255,
              44.33673704570174
            ],
            [
              -101.55402109513462,
              44.33870926078804
            ],
            [
              -101.55666985167223,
              44.34051543976159
            ],
            [
              -101.55942891462229,
              44.34214815691944
            ],
            [
              -101.56228694071146,
              44.343600699708354
            ],
            [
              -101.56523217980147,
              44.34486709632186
            ],
            [
              -101.56825252319719,
              44.345942140252106
            ],
            [
              -101.57133555342885,
              44.34682141169519
            ],
            [
              -101.57446859530373,
              44.34750129572224
            ],
            [
              -101.57763876801734,
              44.347978997141375
            ],
            [
              -101.58083303811003,
              44.34825255198951
            ],
            [
              -101.58403827305112,
              44.34832083560676
            ],
            [
              -101.58724129523041,
              44.34818356726023
            ],
            [
              -101.59042893613497,
              44.34784131129818
            ],
            [
              -101.59358809048857,
              44.347295474829835
            ],
            [
              -101.59670577013107,
              44.346548301940366
            ],
            [
              -101.59976915741639,
              44.34560286446485
            ],
            [
              -101.6027656579094,
              44.34446304935908
            ],
            [
              -101.60568295216514,
              44.343133542719215
            ],
            [
              -101.60850904637743,
              44.34161981051596
            ],
            [
              -101.61123232168885,
              44.33992807612242
            ],
            [
              -101.65836858201965,
              44.30850839237774
            ],
            [
              -101.65901340791567,
              44.30810840699111
            ]
          ]
        ]
      },
      "properties": {
        "hail_size_bin": "0.5\"",
        "min_size_inches": 0.5
      }
    },
    {
      "type": "Feature",
      "geometry": {
        "type": "Polygon",
        "coordinates": [
          [
            [
              -101.76891178500301,
              44.148122553709875
            ],
            [
              -101.76827611874498,
              44.14838434877492
            ],
            [
              -101.68979785335009,
              44.17780949350441
            ],
            [
              -101.68904077333555,
              44.178065913476296
            ],
            [
              -101.68878181839031,
              44.17806721443651
            ],
            [
              -101.68551483405048,
              44.1781905126346
            ],
            [
              -101.6822628911621,
              44.17852704877385
            ],
            [
              -101.67903989293755,
              44.179075384042584
            ],
            [
              -101.6758596188405,
              44.1798331741125
            ],
            [
              -101.67273566567381,
              44.18079717916155
            ],
            [
              -101.66968138944826,
              44.18196327772531
            ],
            [
              -101.66670984828097,
              44.18332648431768
            ],
            [
              -101.66383374656726,
              44.18488097074567
            ],
            [
              -101.66106538066485,
              44.18662009102693
            ],
            [
              -101.65841658632253,
              44.18853640980376
            ],
            [
              -101.65589868807815,
              44.19062173413185
            ],
            [
              -101.6535224508422,
              44.19286714850805
            ],
            [
              -101.65129803387397,
              44.195263052987315
            ],
            [
              -101.6492349473471,
              44.19779920422591
            ],
            [
              -101.64903879072446,
              44.19805712723289
            ],
            [
              -101.64823941020902,
              44.19795080888044
            ],
            [
              -101.58987867330484,
              44.188225409136344
            ],
            [
              -101.58909442319754,
              44.18806778379023
            ],
            [
              -101.5893220719229,
              44.18730092654258
            ],
            [
              -101.5987956899803,
              44.15888413307259
            ],
            [
              -101.5990709589956,
              44.15814148724864
            ],
            [
              -101.59970552265598,
              44.158615433249246
            ],
            [
              -101.60439833606463,
              44.162369147577984
            ],
            [
              -101.60700578964219,
              44.164319061221576
            ],
            [
              -101.60973462261867,
              44.16609513778611
            ],
            [
              -101.6125732636754,
              44.16768984601259
            ],
            [
              -101.61550967586454,
              44.1690964237147
            ],
            [
              -101.61853140765041,
              44.170308906453066
            ],
            [
              -101.6216256457089,
              44.17132215282686
            ],
            [
              -101.62477926926093,
              44.172131866275336
            ],
            [
              -101.62797890570974,
              44.1727346132969
            ],
            [
              -101.6312109873459,
              44.17312783800855
            ],
            [
              -101.63446180887966,
              44.173309872983765
            ],
            [
              -101.63771758555683,
              44.17327994632309
            ],
            [
              -101.64096451161143,
              44.17303818492727
            ],
            [
              -101.64418881880762,
              44.172585613959136
            ],
            [
              -101.64737683482232,
              44.17192415249652
            ],
            [
              -101.65051504122131,
              44.17105660539463
            ],
            [
              -101.65359013078253,
              44.16998665139235
            ],
            [
              -101.65658906392407,
              44.16871882751293
            ],
            [
              -101.65949912399695,
              44.167258509825295
            ],
            [
              -101.66230797120878,
              44.16561189064735
            ],
            [
              -101.66500369494925,
              44.163785952288144
            ],
            [
              -101.66757486429583,
              44.16178843744018
            ],
            [
              -101.67001057648527,
              44.159627816347346
            ],
            [
              -101.67230050314565,
              44.15731325088777
            ],
            [
              -101.67443493409267,
              44.15485455572387
            ],
            [
              -101.67640481850468,
              44.152262156684394
            ],
            [
              -101.67820180330163,
              44.149547046554744
            ],
            [
              -101.67907725742856,
              44.148125828325604
            ],
            [
              -101.6798623672646,
              44.14810031
            ],
            [
              -101.76822461958301,
              44.14810031
            ],
            [
              -101.76891178500301,
              44.148122553709875
            ]
          ]
        ]
      },
      "properties": {
        "hail_size_bin": "0.5\"",
        "min_size_inches": 0.5
      }
    },
    {
      "type": "Feature",
      "geometry": {
        "type": "Polygon",
        "coordinates": [
          [
            [
              -102.04894467754904,
              44.03816276506359
            ],
            [
              -102.04855708190809,
              44.038830160001645
            ],
            [
              -101.999447912765,
              44.11739360407352
            ],
            [
              -101.99898522380855,
              44.118081066336444
            ],
            [
              -101.99815727599574,
              44.11810888228571
            ],
            [
              -101.9498314386309,
              44.11810888228571
            ],
            [
              -101.94903808456141,
              44.118082742291456
            ],
            [
              -101.94912442028179,
              44.1172936668058
            ],
            [
              -101.9588899717088,
              44.04894457376374
            ],
            [
              -101.95902983487316,
              44.048152944705684
            ],
            [
              -101.95982545037367,
              44.048037904514864
            ],
            [
              -102.04817505071652,
              44.038222684829556
            ],
            [
              -102.04894467754904,
              44.03816276506359
            ]
          ]
        ]
      },
      "properties": {
        "hail_size_bin": "0.5\"",
        "min_size_inches": 0.5
      }
    },
    {
      "type": "Feature",
      "geometry": {
        "type": "Polygon",
        "coordinates": [
          [
            [
              -102.29891232076034,
              38.31976154953048
            ],
            [
              -102.29823533718965,
              38.32012743778371
            ],
            [
              -102.0397268291159,
              38.44936322428842
            ],
            [
              -102.03899290117842,
              38.44970059193116
            ],
            [
              -102.038218963366,
              38.44947037418068
            ],
            [
              -101.9797716592927,
              38.42999072309227
            ],
            [
              -101.97904414386663,
              38.4297217853063
            ],
            [
              -101.97947984671714,
              38.429080092814424
            ],
            [
              -102.0261609722052,
              38.3649027160855
            ],
            [
              -102.027976285768,
              38.36222951028994
            ],
            [
              -102.02961513930046,
              38.359444631180196
            ],
            [
              -102.03107068803733,
              38.35655970996268
            ],
            [
              -102.03233685279633,
              38.353586795675355
            ],
            [
              -102.03340834536814,
              38.35053830486427
            ],
            [
              -102.03428069060294,
              38.34742696972513
            ],
            [
              -102.0349502451011,
              38.34426578492656
            ],
            [
              -102.0354142124301,
              38.34106795333713
            ],
            [
              -102.0356706548039,
              38.337846830882825
            ],
            [
              -102.03571850117633,
              38.334615870765255
            ],
            [
              -102.03555755171428,
              38.33138856727358
            ],
            [
              -102.03518847863235,
              38.328178399424864
            ],
            [
              -102.03461282338533,
              38.32499877466819
            ],
            [
              -102.03383299023015,
              38.32186297288765
            ],
            [
              -102.0328522361845,
              38.3187840909382
            ],
            [
              -102.03167465742354,
              38.31577498794587
            ],
            [
              -102.03030517217212,
              38.312848231600896
            ],
            [
              -102.02874950016349,
              38.310016045668036
            ],
            [
              -102.0270141387505,
              38.30729025893334
            ],
            [
              -102.02510633576904,
              38.30468225580055
            ],
            [
              -102.02303405926708,
              38.30220292874345
            ],
            [
              -102.02080596422554,
              38.299862632812875
            ],
            [
              -102.01843135641047,
              38.297671142388225
            ],
            [
              -102.0159201535068,
              38.295637610354234
            ],
            [
              -102.01328284369663,
              38.2937705298734
            ],
            [
              -102.0105304418548,
              38.2920776989138
            ],
            [
              -101.98972261832003,
              38.280189212877374
            ],
            [
              -101.98905855982277,
              38.27977999937709
            ],
            [
              -101.98975556366518,
              38.27942997726063
            ],
            [
              -102.11823011202239,
              38.22014250392487
            ],
            [
              -102.11898767550494,
              38.219822960936725
            ],
            [
              -102.11980227311567,
              38.21993118221603
            ],
            [
              -102.17815489718505,
              38.22965523001419
            ],
            [
              -102.17895152171315,
              38.22981537249069
            ],
            [
              -102.17909268798921,
              38.230615042014556
            ],
            [
              -102.18050036329451,
              38.24046736127513
            ],
            [
              -102.18106257145385,
              38.24365949029989
            ],
            [
              -102.181830419997,
              38.24680848606679
            ],
            [
              -102.18280068218921,
              38.24990111553111
            ],
            [
              -102.18396928069154,
              38.25292438251659
            ],
            [
              -102.18533130469518,
              38.25586558232936
            ],
            [
              -102.18688103055808,
              38.25871235514696
            ],
            [
              -102.1886119458575,
              38.26145273795807
            ],
            [
              -102.1905167767572,
              38.26407521483475
            ],
            [
              -102.1925875185743,
              38.266568765325935
            ],
            [
              -102.19481546941742,
              38.26892291076872
            ],
            [
              -102.19719126675474,
              38.27112775832289
            ],
            [
              -102.19970492675817,
              38.27317404254371
            ],
            [
              -102.20234588625844,
              38.275053164318116
            ],
            [
              -102.20510304713486,
              38.276757227000864
            ],
            [
              -102.20796482295292,
              38.278279069598625
            ],
            [
              -102.2109191876541,
              38.279612296862666
            ],
            [
              -102.21395372609302,
              38.28075130616369
            ],
            [
              -102.21705568620975,
              38.28169131103572
            ],
            [
              -102.22021203261774,
              38.28242836129039
            ],
            [
              -102.22340950138265,
              38.28295935961678
            ],
            [
              -102.22663465576136,
              38.28328207459727
            ],
            [
              -102.22987394266734,
              38.28339515008467
            ],
            [
              -102.23311374962488,
              38.28329811090116
            ],
            [
              -102.23634046197277,
              38.2829913648351
            ],
            [
              -102.23954052007747,
              38.28247620092741
            ],
            [
              -102.24270047631464,
              38.28175478405463
            ],
            [
              -102.24580705158031,
              38.280830145831416
            ],
            [
              -102.24817728819018,
              38.280040179846
            ],
            [
              -102.24895980587155,
              38.279807948501315
            ],
            [
              -102.24961354202514,
              38.2802963172137
            ],
            [
              -102.2983270625083,
              38.319261565545155
            ],
            [
              -102.29891232076034,
              38.31976154953048
            ]
          ]
        ]
      },
      "properties": {
        "hail_size_bin": "0.5\"",
        "min_size_inches": 0.5
      }
    },
    {
      "type": "Feature",
      "geometry": {
        "type": "Polygon",
        "coordinates": [
          [
            [
              -102.97879706588486,
              39.20953363083843
            ],
            [
              -102.97823642593673,
              39.210032093762806
            ],
            [
              -102.91954766349976,
              39.25893240803775
            ],
            [
              -102.91885429070815,
              39.25946982163944
            ],
            [
              -102.91801862631776,
              39.25973386959267
            ],
            [
              -102.73969022537226,
              39.30926245898686
            ],
            [
              -102.7389025302465,
              39.309453470991876
            ],
            [
              -102.73831147603313,
              39.30889980027197
            ],
            [
              -102.71923609637983,
              39.28982714606235
            ],
            [
              -102.71687672711052,
              39.28761597226896
            ],
            [
              -102.71437936721152,
              39.28556192591397
            ],
            [
              -102.71175446155387,
              39.28367359776928
            ],
            [
              -102.70901298845155,
              39.28195888551273
            ],
            [
              -102.7061664137461,
              39.28042496069712
            ],
            [
              -102.70322664285244,
              39.27907823875614
            ],
            [
              -102.70020597096588,
              39.27792435217273
            ],
            [
              -102.69711703163931,
              39.27696812692193
            ],
            [
              -102.69397274394491,
              39.2762135622869
            ],
            [
              -102.690786258442,
              39.27566381413248
            ],
            [
              -102.6875709021765,
              39.275321181706204
            ],
            [
              -102.68434012294246,
              39.275187098021995
            ],
            [
              -102.68110743303833,
              39.275262123866774
            ],
            [
              -102.67788635275377,
              39.275545945455065
            ],
            [
              -102.67469035382273,
              39.276037375741346
            ],
            [
              -102.67153280307976,
              39.27673435938471
            ],
            [
              -102.66842690655507,
              39.277633981345055
            ],
            [
              -102.66538565424209,
              39.27873247907484
            ],
            [
              -102.66242176576851,
              39.28002525825543
            ],
            [
              -102.65954763719822,
              39.28150691201222
            ],
            [
              -102.65677528918641,
              39.28317124352817
            ],
            [
              -102.65411631670482,
              39.28501129196113
            ],
            [
              -102.65158184054728,
              39.28701936155666
            ],
            [
              -102.6491824608186,
              39.28918705383444
            ],
            [
              -102.64890124244937,
              39.289458138904244
            ],
            [
              -102.64814681519744,
              39.28918462014857
            ],
            [
              -102.54968979945713,
              39.24980744077163
            ],
            [
              -102.54894883949432,
              39.24948228896745
            ],
            [
              -102.54892221285715,
              39.24867375022243
            ],
            [
              -102.54892221285715,
              39.24032150353533
            ],
            [
              -102.54894815242574,
              39.23952913168455
            ],
            [
              -102.5497404089639,
              39.23950330742857
            ],
            [
              -102.61810720866764,
              39.23950330742857
            ],
            [
              -102.61890196372173,
              39.23952890524616
            ],
            [
              -102.61916772999682,
              39.239771868595895
            ],
            [
              -102.62097646523117,
              39.24153394659905
            ],
            [
              -102.62345437004714,
              39.24365145281934
            ],
            [
              -102.62606497355644,
              39.24560301480587
            ],
            [
              -102.62879718190038,
              39.247380339321914
            ],
            [
              -102.63163938445592,
              39.248975873559495
            ],
            [
              -102.63457950317544,
              39.25038283723533
            ],
            [
              -102.6376050439129,
              39.25159525140388
            ],
            [
              -102.64070314951807,
              39.252607963865124
            ],
            [
              -102.64386065447366,
              39.25341667105903
            ],
            [
              -102.64706414084252,
              39.2540179363537
            ],
            [
              -102.65029999528775,
              39.254409204649434
            ],
            [
              -102.65355446692313,
              39.254588813236765
            ],
            [
              -102.6568137257479,
              39.25455599886219
            ],
            [
              -102.66006392141801,
              39.254310900971625
            ],
            [
              -102.66329124210364,
              39.253854561117876
            ],
            [
              -102.66648197318307,
              39.25318891853446
            ],
            [
              -102.66962255552346,
              39.25231680189479
            ],
            [
              -102.67269964310101,
              39.25124191729163
            ],
            [
              -102.67570015971529,
              39.24996883248789
            ],
            [
              -102.67861135455706,
              39.24850295750575
            ],
            [
              -102.68142085639337,
              39.24685052163657
            ],
            [
              -102.68411672613958,
              39.24501854696929
            ],
            [
              -102.68668750759487,
              39.24301481854978
            ],
            [
              -102.73825218863443,
              39.20005039054658
            ],
            [
              -102.73890457325223,
              39.19954281646692
            ],
            [
              -102.73973112727441,
              39.199549568111536
            ],
            [
              -102.97804880747144,
              39.20947805269274
            ],
            [
              -102.97879706588486,
              39.20953363083843
            ]
          ]
        ]
      },
      "properties": {
        "hail_size_bin": "0.5\"",
        "min_size_inches": 0.5
      }
    },
    {
      "type": "Feature",
      "geometry": {
        "type": "Polygon",
        "coordinates": [
          [
            [
              -103.86863881777423,
              43.25834633435435
            ],
            [
              -103.86792175944896,
              43.25848990918802
            ],
            [
              -103.85052337020299,
              43.26138922642246
            ],
            [
              -103.84724292958322,
              43.26204940372177
            ],
            [
              -103.84401399236584,
              43.26292752055488
            ],
            [
              -103.84085102047597,
              43.26401964396833
            ],
            [
              -103.83776818038989,
              43.26532088250527
            ],
            [
              -103.83477927968559,
              43.26682540811363
            ],
            [
              -103.83189770520066,
              43.26852648224905
            ],
            [
              -103.82913636307468,
              43.27041648605583
            ],
            [
              -103.82650762094451,
              43.272486954490624
            ],
            [
              -103.82402325255157,
              43.2747286142361
            ],
            [
              -103.82169438500895,
              43.27713142523477
            ],
            [
              -103.8195314489648,
              43.27968462565684
            ],
            [
              -103.81754413188497,
              43.28237678010089
            ],
            [
              -103.81574133466437,
              43.285195830811276
            ],
            [
              -103.8141311317611,
              43.28812915168303
            ],
            [
              -103.81272073503229,
              43.2911636048123
            ],
            [
              -103.81151646143314,
              43.294285599339005
            ],
            [
              -103.81052370472437,
              43.29748115231831
            ],
            [
              -103.80974691131422,
              43.3007359513481
            ],
            [
              -103.8091895603438,
              43.3040354186721
            ],
            [
              -103.80885414810442,
              43.30736477647144
            ],
            [
              -103.80874217685715,
              43.31070911305231
            ],
            [
              -103.80874217685715,
              43.32752894442841
            ],
            [
              -103.80871710342622,
              43.328306768291675
            ],
            [
              -103.80794092770583,
              43.32825028917751
            ],
            [
              -103.61957015873823,
              43.30842462022886
            ],
            [
              -103.61877875984129,
              43.30831545903484
            ],
            [
              -103.61811402905116,
              43.30787233223957
            ],
            [
              -103.47139739218227,
              43.20308970770094
            ],
            [
              -103.46868124127529,
              43.201280746757504
            ],
            [
              -103.4658528710943,
              43.199652822446104
            ],
            [
              -103.46292433028746,
              43.198212869604134
            ],
            [
              -103.45990809422244,
              43.196967022324394
            ],
            [
              -103.4568170118422,
              43.19592058782433
            ],
            [
              -103.45366425092949,
              43.19507802383766
            ],
            [
              -103.45146592707012,
              43.1946418598716
            ],
            [
              -103.45041899458903,
              43.19282696736583
            ],
            [
              -103.44859302653109,
              43.1900938073409
            ],
            [
              -103.44659142367571,
              43.18748652732527
            ],
            [
              -103.44442283640849,
              43.18501639527719
            ],
            [
              -103.4420966367764,
              43.182694086438524
            ],
            [
              -103.43962287798436,
              43.180529637199264
            ],
            [
              -103.43701225094806,
              43.17853240172295
            ],
            [
              -103.40945703436458,
              43.158852916321926
            ],
            [
              -103.40887329303754,
              43.15840683937336
            ],
            [
              -103.40960754599381,
              43.15838319542857
            ],
            [
              -103.55297604986899,
              43.15838319542857
            ],
            [
              -103.55616003000644,
              43.15828171515095
            ],
            [
              -103.55933108569637,
              43.157977686247946
            ],
            [
              -103.56247634495429,
              43.15747234283706
            ],
            [
              -103.5655830405089,
              43.15676773621389
            ],
            [
              -103.5686385616271,
              43.15586672652544
            ],
            [
              -103.57163050530363,
              43.15477297116026
            ],
            [
              -103.57454672660752,
              43.15349090990228
            ],
            [
              -103.57737538798085,
              43.152025746908784
            ],
            [
              -103.58010500728996,
              43.15038342958567
            ],
            [
              -103.58272450443383,
              43.14857062444566
            ],
            [
              -103.58522324632058,
              43.1465946900475
            ],
            [
              -103.58759109002939,
              43.14446364712604
            ],
            [
              -103.58981842398279,
              43.14218614603438
            ],
            [
              -103.59189620696205,
              43.13977143163024
            ],
            [
              -103.59381600480742,
              43.137229305749145
            ],
            [
              -103.5955700246542,
              43.1345700874167
            ],
            [
              -103.5971511465655,
              43.13180457096149
            ],
            [
              -103.59855295243374,
              43.12894398219863
            ],
            [
              -103.59879253341506,
              43.12841290529167
            ],
            [
              -103.59955521467393,
              43.128130794401244
            ],
            [
              -103.65798942539547,
              43.108655507139844
            ],
            [
              -103.65870402896932,
              43.108442984964135
            ],
            [
              -103.65831090169272,
              43.10907644758105
            ],
            [
              -103.6539146974531,
              43.115669811762096
            ],
            [
              -103.65220453343552,
              43.11842416443257
            ],
            [
              -103.65067646762566,
              43.12128355850843
            ],
            [
              -103.64933692469651,
              43.12423597181645
            ],
            [
              -103.64819153668644,
              43.12726899108885
            ],
            [
              -103.64724511931962,
              43.13036986415431
            ],
            [
              -103.64650165175847,
              43.133525553553774
            ],
            [
              -103.6459642598736,
              43.13672279135576
            ],
            [
              -103.64563520310114,
              43.139948134940695
            ],
            [
              -103.64551586494314,
              43.143188023519706
            ],
            [
              -103.64560674715065,
              43.14642883515025
            ],
            [
              -103.64590746761417,
              43.14965694400889
            ],
            [
              -103.6464167619702,
              43.15285877768028
            ],
            [
              -103.6471324889172,
              43.156020874221774
            ],
            [
              -103.64805163921852,
              43.15912993876339
            ],
            [
              -103.64917034835469,
              43.162172899405434
            ],
            [
              -103.65048391277149,
              43.1651369621786
            ],
            [
              -103.65198680965584,
              43.16800966483557
            ],
            [
              -103.65367272015618,
              43.17077892924787
            ],
            [
              -103.65553455594976,
              43.17343311218771
            ],
            [
              -103.65756448904507,
              43.17596105428136
            ],
            [
              -103.65975398469433,
              43.178352126928154
            ],
            [
              -103.66209383727727,
              43.18059627698786
            ],
            [
              -103.66457420900575,
              43.18268406904861
            ],
            [
              -103.66718467128621,
              43.18460672509759
            ],
            [
              -103.66991424856616,
              43.18635616142771
            ],
            [
              -103.67275146448029,
              43.18792502262519
            ],
            [
              -103.67568439010229,
              43.18930671249494
            ],
            [
              -103.67870069409936,
              43.190495421793976
            ],
            [
              -103.86795850042519,
              43.258077838091346
            ],
            [
              -103.86863881777423,
              43.25834633435435
            ]
          ]
        ]
      },
      "properties": {
        "hail_size_bin": "0.5\"",
        "min_size_inches": 0.5
      }
    },
    {
      "type": "Feature",
      "geometry": {
        "type": "Polygon",
        "coordinates": [
          [
            [
              -103.3987576598033,
              43.26837103307232
            ],
            [
              -103.39834953705011,
              43.26902850143467
            ],
            [
              -103.37926338506622,
              43.297653638936325
            ],
            [
              -103.37879739230563,
              43.29830469671775
            ],
            [
              -103.37815641677261,
              43.297825504651634
            ],
            [
              -103.37300582909677,
              43.29370562323367
            ],
            [
              -103.37037127902877,
              43.291736803145156
            ],
            [
              -103.36761299216103,
              43.28994544607386
            ],
            [
              -103.36474290316676,
              43.28833930293994
            ],
            [
              -103.36177343046941,
              43.286925323271994
            ],
            [
              -103.35871742251007,
              43.285709625137535
            ],
            [
              -103.35558810215427,
              43.284697468671105
            ],
            [
              -103.3523990094788,
              43.28389323331445
            ],
            [
              -103.3491639431858,
              43.28330039886741
            ],
            [
              -103.34589690089807,
              43.282921530431345
            ],
            [
              -103.34261201859348,
              43.28275826731036
            ],
            [
              -103.33932350944086,
              43.282811315918295
            ],
            [
              -103.33604560230182,
              43.28308044672217
            ],
            [
              -103.33279248016478,
              43.28356449523533
            ],
            [
              -103.32957821877727,
              43.28426136705605
            ],
            [
              -103.32641672574256,
              43.285168046929606
            ],
            [
              -103.3233216803435,
              43.28628061179487
            ],
            [
              -103.3203064743545,
              43.28759424775874
            ],
            [
              -103.31876436494616,
              43.28832735596253
            ],
            [
              -103.31799787219094,
              43.288462363474046
            ],
            [
              -103.10965208061693,
              43.31822179542206
            ],
            [
              -103.10884912227573,
              43.31830979277158
            ],
            [
              -103.10818768015056,
              43.31784665917831
            ],
            [
              -103.02950178293389,
              43.25884066810244
            ],
            [
              -103.02891381580567,
              43.25836923775643
            ],
            [
              -103.02965276015894,
              43.258221451431766
            ],
            [
              -103.20800861462028,
              43.22849972286303
            ],
            [
              -103.20882374602384,
              43.22839157509069
            ],
            [
              -103.20955710485798,
              43.228760880184815
            ],
            [
              -103.27328857673032,
              43.26351853440769
            ],
            [
              -103.27619707846084,
              43.26498394627559
            ],
            [
              -103.27919481094214,
              43.26625690119609
            ],
            [
              -103.28226905561756,
              43.267331998370615
            ],
            [
              -103.2854067693102,
              43.268204676456754
            ],
            [
              -103.28859463956154,
              43.26887123292076
            ],
            [
              -103.2918191411125,
              43.26932883974639
            ],
            [
              -103.29506659328749,
              43.269575555433406
            ],
            [
              -103.29832321803768,
              43.269610333234816
            ],
            [
              -103.30157519839754,
              43.26943302559795
            ],
            [
              -103.30480873710641,
              43.269044384790476
            ],
            [
              -103.30801011514652,
              43.26844605970874
            ],
            [
              -103.31116574994893,
              43.26764058888193
            ],
            [
              -103.31426225302077,
              43.26663138970186
            ],
            [
              -103.31728648674887,
              43.26542274392379
            ],
            [
              -103.32022562013907,
              43.264019779500266
            ],
            [
              -103.32306718325457,
              43.26242844882449
            ],
            [
              -103.3257991201225,
              43.260655503476016
            ],
            [
              -103.3284098398841,
              43.258708465575666
            ],
            [
              -103.32881913795522,
              43.25838194470146
            ],
            [
              -103.32961789168257,
              43.258469908908836
            ],
            [
              -103.3979955592324,
              43.268236751468216
            ],
            [
              -103.3987576598033,
              43.26837103307232
            ]
          ]
        ]
      },
      "properties": {
        "hail_size_bin": "0.5\"",
        "min_size_inches": 0.5
      }
    },
    {
      "type": "Feature",
      "geometry": {
        "type": "Polygon",
        "coordinates": [
          [
            [
              -103.39877561535336,
              43.89818637693936
            ],
            [
              -103.39880076,
              43.8989768464274
            ],
            [
              -103.39880076,
              43.91735099053608
            ],
            [
              -103.39877512814148,
              43.918136996058145
            ],
            [
              -103.39799201174343,
              43.91806495176907
            ],
            [
              -103.3196321236288,
              43.90827136523842
            ],
            [
              -103.31882411063167,
              43.9081431340562
            ],
            [
              -103.31822785840093,
              43.90758463931749
            ],
            [
              -103.2993972710316,
              43.8887567424165
            ],
            [
              -103.29886093749442,
              43.88818395136159
            ],
            [
              -103.29957950456684,
              43.88786886443413
            ],
            [
              -103.3480444687065,
              43.86848564860056
            ],
            [
              -103.34880553158787,
              43.86820993213192
            ],
            [
              -103.34951298656988,
              43.86860330692623
            ],
            [
              -103.3981103657246,
              43.89775756833416
            ],
            [
              -103.39877561535336,
              43.89818637693936
            ]
          ]
        ]
      },
      "properties": {
        "hail_size_bin": "0.5\"",
        "min_size_inches": 0.5
      }
    },
    {
      "type": "Feature",
      "geometry": {
        "type": "Polygon",
        "coordinates": [
          [
            [
              -103.72871626488332,
              38.04982432633988
            ],
            [
              -103.72795873379987,
              38.049975801486035
            ],
            [
              -103.66955480195973,
              38.059708399357525
            ],
            [
              -103.66877248161013,
              38.0598130548729
            ],
            [
              -103.66779024622,
              38.05858571682021
            ],
            [
              -103.66565823543641,
              38.05609577740208
            ],
            [
              -103.66385127203868,
              38.054245972679674
            ],
            [
              -103.66387613544984,
              38.05360681650349
            ],
            [
              -103.66378862800129,
              38.05032971586094
            ],
            [
              -103.6634865597966,
              38.04706539342364
            ],
            [
              -103.66297122937219,
              38.04382788192117
            ],
            [
              -103.66224485203998,
              38.040631098827774
            ],
            [
              -103.66131055036426,
              38.037488786533665
            ],
            [
              -103.65902163536711,
              38.03062302264595
            ],
            [
              -103.65879895910282,
              38.029874533532144
            ],
            [
              -103.65957945355032,
              38.02984905628571
            ],
            [
              -103.717940926728,
              38.02984905628571
            ],
            [
              -103.71873897195869,
              38.02987505103629
            ],
            [
              -103.71911915918095,
              38.03057719745486
            ],
            [
              -103.72839318610585,
              38.049122601204026
            ],
            [
              -103.72871626488332,
              38.04982432633988
            ]
          ]
        ]
      },
      "properties": {
        "hail_size_bin": "0.5\"",
        "min_size_inches": 0.5
      }
    },
    {
      "type": "Feature",
      "geometry": {
        "type": "Polygon",
        "coordinates": [
          [
            [
              -103.5787858891145,
              38.08889000568427
            ],
            [
              -103.57874877726819,
              38.08982651727636
            ],
            [
              -103.57865797165702,
              38.09002440960611
            ],
            [
              -103.57740140797647,
              38.09254584584367
            ],
            [
              -103.57613652844469,
              38.09556387335057
            ],
            [
              -103.57507177419512,
              38.09865817596188
            ],
            [
              -103.57421170595792,
              38.10181549965287
            ],
            [
              -103.57356000771848,
              38.10502232045657
            ],
            [
              -103.57311947093767,
              38.10826490239186
            ],
            [
              -103.57289198259491,
              38.11152935629968
            ],
            [
              -103.57287851710561,
              38.11480169933532
            ],
            [
              -103.57307913214734,
              38.118067914862095
            ],
            [
              -103.57349296841286,
              38.12131401248966
            ],
            [
              -103.57411825329075,
              38.12452608799995
            ],
            [
              -103.57495230845822,
              38.12769038290403
            ],
            [
              -103.57599156135329,
              38.13079334337468
            ],
            [
              -103.57723156047743,
              38.1338216783024
            ],
            [
              -103.57866699446288,
              38.13676241622608
            ],
            [
              -103.58029171482325,
              38.139602960894436
            ],
            [
              -103.58209876228965,
              38.1423311452204
            ],
            [
              -103.58408039661985,
              38.144935283397174
            ],
            [
              -103.58622812975247,
              38.14740422095276
            ],
            [
              -103.58853276216452,
              38.149727382528646
            ],
            [
              -103.59098442227624,
              38.15189481717793
            ],
            [
              -103.5935726087347,
              38.15389724098885
            ],
            [
              -103.59628623539496,
              38.15572607685112
            ],
            [
              -103.59911367880595,
              38.157373491194846
            ],
            [
              -103.60204282799809,
              38.15883242754458
            ],
            [
              -103.60506113635884,
              38.16009663674472
            ],
            [
              -103.60815567537453,
              38.16116070372696
            ],
            [
              -103.66798259013046,
              38.17956635506002
            ],
            [
              -103.66872880787597,
              38.179822855560296
            ],
            [
              -103.66847575116334,
              38.1805698982423
            ],
            [
              -103.65594893772544,
              38.21396996127534
            ],
            [
              -103.65491385737916,
              38.21702629385688
            ],
            [
              -103.65407807641004,
              38.22014302777942
            ],
            [
              -103.65344507586596,
              38.223307181771155
            ],
            [
              -103.6530174922094,
              38.22650557705456
            ],
            [
              -103.65279710633659,
              38.22972489223629
            ],
            [
              -103.65278483616,
              38.23295171879113
            ],
            [
              -103.65298073278518,
              38.23617261690881
            ],
            [
              -103.65338398029802,
              38.23937417147115
            ],
            [
              -103.65399289916289,
              38.24254304792634
            ],
            [
              -103.65480495321806,
              38.24566604782767
            ],
            [
              -103.65581676023886,
              38.248730163805384
            ],
            [
              -103.6570241060247,
              38.25172263374269
            ],
            [
              -103.6584219619513,
              38.25463099393027
            ],
            [
              -103.66000450591511,
              38.25744313097794
            ],
            [
              -103.6617651465824,
              38.26014733226721
            ],
            [
              -103.66369655084243,
              38.26273233473463
            ],
            [
              -103.66579067434998,
              38.2651873717827
            ],
            [
              -103.66803879503021,
              38.26750221812303
            ],
            [
              -103.67043154940642,
              38.26966723236489
            ],
            [
              -103.67295897159899,
              38.27167339717186
            ],
            [
              -103.6756105348337,
              38.273512356819225
            ],
            [
              -103.67837519528581,
              38.27517645199579
            ],
            [
              -103.68124143807805,
              38.27665875170511
            ],
            [
              -103.68419732524016,
              38.277953082133195
            ],
            [
              -103.68800079620951,
              38.27947425314868
            ],
            [
              -103.6885071090532,
              38.27969620035473
            ],
            [
              -103.68796676592963,
              38.27957950957778
            ],
            [
              -103.56955850516556,
              38.249981673857555
            ],
            [
              -103.56879872346107,
              38.2497655081751
            ],
            [
              -103.5686439294381,
              38.24899106653625
            ],
            [
              -103.56320236282095,
              38.21634633169985
            ],
            [
              -103.56255473005318,
              38.2131197697929
            ],
            [
              -103.56169624820207,
              38.209942799718654
            ],
            [
              -103.56063063625562,
              38.20682918427662
            ],
            [
              -103.55936251050016,
              38.20379241181072
            ],
            [
              -103.5578973645224,
              38.200845637777114
            ],
            [
              -103.55624154541084,
              38.19800162775408
            ],
            [
              -103.55440222625994,
              38.19527270214087
            ],
            [
              -103.55238737509588,
              38.192670682785064
            ],
            [
              -103.5502057203586,
              38.190206841769765
            ],
            [
              -103.54786671308986,
              38.18789185258232
            ],
            [
              -103.54538048599068,
              38.185735743876194
            ],
            [
              -103.5427578095261,
              38.183747856026386
            ],
            [
              -103.54001004526685,
              38.181936800666385
            ],
            [
              -103.53714909667057,
              38.18031042338213
            ],
            [
              -103.53418735751526,
              38.178875769724556
            ],
            [
              -103.46953470679216,
              38.15014536380889
            ],
            [
              -103.46881461844748,
              38.149796870884416
            ],
            [
              -103.4687008433334,
              38.14900565076446
            ],
            [
              -103.45888255606063,
              38.06065369062566
            ],
            [
              -103.45881946169767,
              38.05984588194204
            ],
            [
              -103.4593799183057,
              38.05884723109897
            ],
            [
              -103.46089990951164,
              38.05591378107712
            ],
            [
              -103.46198199695222,
              38.053437530645574
            ],
            [
              -103.46335661596544,
              38.0539981922785
            ],
            [
              -103.46650601604743,
              38.05504495237863
            ],
            [
              -103.46971791981703,
              38.055880477218835
            ],
            [
              -103.47297817636161,
              38.056501085667975
            ],
            [
              -103.47627242173736,
              38.05690404346733
            ],
            [
              -103.47958614225341,
              38.05708757527708
            ],
            [
              -103.4829047384159,
              38.05705087249812
            ],
            [
              -103.48621358924999,
              38.056794096834466
            ],
            [
              -103.54797337985912,
              38.04993287833212
            ],
            [
              -103.54876791096217,
              38.049870612515406
            ],
            [
              -103.54926591499208,
              38.05049203253089
            ],
            [
              -103.57387912103931,
              38.08330495169417
            ],
            [
              -103.57593117679409,
              38.08586153405236
            ],
            [
              -103.57814635502672,
              38.0882781497795
            ],
            [
              -103.5787858891145,
              38.08889000568427
            ]
          ]
        ]
      },
      "properties": {
        "hail_size_bin": "0.5\"",
        "min_size_inches": 0.5
      }
    },
    {
      "type": "Feature",
      "geometry": {
        "type": "Polygon",
        "coordinates": [
          [
            [
              -103.43448454679451,
              37.9880493058969
            ],
            [
              -103.43355141350315,
              37.987658481463015
            ],
            [
              -103.4304264032295,
              37.98658618808602
            ],
            [
              -103.42723739966729,
              37.98572261494087
            ],
            [
              -103.42399832664681,
              37.985071532561406
            ],
            [
              -103.42072332661168,
              37.98463578370413
            ],
            [
              -103.41742669887002,
              37.984417270936085
            ],
            [
              -103.41412283716095,
              37.984416948327926
            ],
            [
              -103.41082616680846,
              37.98463481728823
            ],
            [
              -103.4075510817377,
              37.985069926557344
            ],
            [
              -103.37957745080143,
              37.98973153224604
            ],
            [
              -103.37880865705932,
              37.98983497435332
            ],
            [
              -103.37815084213256,
              37.989425364456835
            ],
            [
              -103.31949345709853,
              37.95032602831677
            ],
            [
              -103.31885258441781,
              37.949867841930384
            ],
            [
              -103.31939117174241,
              37.94929301755239
            ],
            [
              -103.36822610801681,
              37.90046505869444
            ],
            [
              -103.36880402891677,
              37.899923875381916
            ],
            [
              -103.36934419756199,
              37.90050228738056
            ],
            [
              -103.43824845006722,
              37.97923875324786
            ],
            [
              -103.43876098554092,
              37.97986521761593
            ],
            [
              -103.43875385564917,
              37.979876201462154
            ],
            [
              -103.43704024309265,
              37.98271837661331
            ],
            [
              -103.43551895367271,
              37.98566797083701
            ],
            [
              -103.43448454679451,
              37.9880493058969
            ]
          ]
        ]
      },
      "properties": {
        "hail_size_bin": "0.5\"",
        "min_size_inches": 0.5
      }
    },
    {
      "type": "Feature",
      "geometry": {
        "type": "Polygon",
        "coordinates": [
          [
            [
              -103.44876001260656,
              40.93898140839868
            ],
            [
              -103.44800009125517,
              40.938790855690776
            ],
            [
              -103.37958044542732,
              40.91924517849194
            ],
            [
              -103.37882911128578,
              40.91900402883676
            ],
            [
              -103.37880361771428,
              40.91821535512331
            ],
            [
              -103.37880361771428,
              40.899865761217185
            ],
            [
              -103.37883086555131,
              40.899051927841676
            ],
            [
              -103.37962902244601,
              40.898891426485726
            ],
            [
              -103.43800457495817,
              40.889163557826436
            ],
            [
              -103.43877564769839,
              40.88906033850844
            ],
            [
              -103.4389522277651,
              40.88981763539286
            ],
            [
              -103.44863174491023,
              40.93820830618961
            ],
            [
              -103.44876001260656,
              40.93898140839868
            ]
          ]
        ]
      },
      "properties": {
        "hail_size_bin": "0.5\"",
        "min_size_inches": 0.5
      }
    },
    {
      "type": "Feature",
      "geometry": {
        "type": "Polygon",
        "coordinates": [
          [
            [
              -103.88865921347663,
              44.20807005611774
            ],
            [
              -103.88792943851564,
              44.208209669585756
            ],
            [
              -103.69952816746981,
              44.237952988438224
            ],
            [
              -103.69875983152254,
              44.23804983809274
            ],
            [
              -103.69804111705353,
              44.23776744679108
            ],
            [
              -103.6295345394023,
              44.2084116798202
            ],
            [
              -103.62879226453371,
              44.208063862526664
            ],
            [
              -103.62863075788356,
              44.20726045257954
            ],
            [
              -103.61890286199366,
              44.14890141662825
            ],
            [
              -103.61880098981946,
              44.14813817218916
            ],
            [
              -103.61953418264652,
              44.14837343436525
            ],
            [
              -103.73865833041593,
              44.19091169422313
            ],
            [
              -103.74185888339609,
              44.19193470235108
            ],
            [
              -103.7451209182768,
              44.19274044017801
            ],
            [
              -103.7484297035976,
              44.193325268964486
            ],
            [
              -103.75177029677148,
              44.19368654760383
            ],
            [
              -103.75512761156608,
              44.19382264454942
            ],
            [
              -103.75848648623364,
              44.19373294518282
            ],
            [
              -103.76183175198192,
              44.193417854589434
            ],
            [
              -103.76514830147705,
              44.19287879572907
            ],
            [
              -103.76842115706877,
              44.1921182030099
            ],
            [
              -103.7716355384299,
              44.19113951129448
            ],
            [
              -103.77477692930495,
              44.18994714038789
            ],
            [
              -103.77783114306588,
              44.18854647507769
            ],
            [
              -103.81800821885696,
              44.16846080738339
            ],
            [
              -103.81874004812012,
              44.16812443554166
            ],
            [
              -103.81945183729297,
              44.168500873825295
            ],
            [
              -103.88802637480715,
              44.20768072511199
            ],
            [
              -103.88865921347663,
              44.20807005611774
            ]
          ]
        ]
      },
      "properties": {
        "hail_size_bin": "0.5\"",
        "min_size_inches": 0.5
      }
    },
    {
      "type": "Feature",
      "geometry": {
        "type": "Polygon",
        "coordinates": [
          [
            [
              -103.91866567886022,
              39.259515625693695
            ],
            [
              -103.91809610522911,
              39.260013263228146
            ],
            [
              -103.80940561879483,
              39.3489291371397
            ],
            [
              -103.80873124603131,
              39.3494432645593
            ],
            [
              -103.80788501854894,
              39.349471875714286
            ],
            [
              -103.75957575602006,
              39.349471875714286
            ],
            [
              -103.75879854518489,
              39.34944617612758
            ],
            [
              -103.75922329587358,
              39.348794865699475
            ],
            [
              -103.8282595608415,
              39.25018572107809
            ],
            [
              -103.82875273426424,
              39.24952918243358
            ],
            [
              -103.8295707234812,
              39.249592815061035
            ],
            [
              -103.91791702977939,
              39.25940766879367
            ],
            [
              -103.91866567886022,
              39.259515625693695
            ]
          ]
        ]
      },
      "properties": {
        "hail_size_bin": "0.5\"",
        "min_size_inches": 0.5
      }
    },
    {
      "type": "Feature",
      "geometry": {
        "type": "Polygon",
        "coordinates": [
          [
            [
              -103.8287145208866,
              42.88848972635567
            ],
            [
              -103.82873931914285,
              42.88926408273329
            ],
            [
              -103.82873931914285,
              42.90762655204992
            ],
            [
              -103.82871233015936,
              42.90844113549419
            ],
            [
              -103.82807682179374,
              42.908951433162684
            ],
            [
              -103.78939346695911,
              42.937959804051204
            ],
            [
              -103.78875401805816,
              42.93840769411674
            ],
            [
              -103.7883825270563,
              42.93772114741525
            ],
            [
              -103.76910831389415,
              42.89917822879597
            ],
            [
              -103.76878523511668,
              42.89847650366012
            ],
            [
              -103.76954276620022,
              42.898325028513945
            ],
            [
              -103.82794651505164,
              42.88859246113622
            ],
            [
              -103.8287145208866,
              42.88848972635567
            ]
          ]
        ]
      },
      "properties": {
        "hail_size_bin": "0.5\"",
        "min_size_inches": 0.5
      }
    },
    {
      "type": "Feature",
      "geometry": {
        "type": "Polygon",
        "coordinates": [
          [
            [
              -103.85869643326636,
              43.498265819551456
            ],
            [
              -103.85792737143517,
              43.498401406534235
            ],
            [
              -103.78957063072681,
              43.50816525997197
            ],
            [
              -103.78876496797284,
              43.508253036240895
            ],
            [
              -103.78854273855674,
              43.50747411698404
            ],
            [
              -103.77894668326479,
              43.469095380060025
            ],
            [
              -103.77877883856823,
              43.468315551292854
            ],
            [
              -103.7795606524146,
              43.468158936366734
            ],
            [
              -103.83791221314048,
              43.458435065767176
            ],
            [
              -103.83872285000685,
              43.458327727777515
            ],
            [
              -103.8391122790778,
              43.45904614317209
            ],
            [
              -103.85837012779542,
              43.49755633757853
            ],
            [
              -103.85869643326636,
              43.498265819551456
            ]
          ]
        ]
      },
      "properties": {
        "hail_size_bin": "0.5\"",
        "min_size_inches": 0.5
      }
    },
    {
      "type": "Feature",
      "geometry": {
        "type": "Polygon",
        "coordinates": [
          [
            [
              -104.03867493144277,
              39.74933599828984
            ],
            [
              -104.03789692502536,
              39.749459112577114
            ],
            [
              -103.95952674487098,
              39.75925398542891
            ],
            [
              -103.95873013085722,
              39.7593273604063
            ],
            [
              -103.95814634023807,
              39.75878039945034
            ],
            [
              -103.89927898701421,
              39.69992145705016
            ],
            [
              -103.89874743824763,
              39.699355866457076
            ],
            [
              -103.8982520616533,
              39.69875833918511
            ],
            [
              -103.8292448644635,
              39.61004747654374
            ],
            [
              -103.82880458746017,
              39.609441311418315
            ],
            [
              -103.8295326590554,
              39.609617923283125
            ],
            [
              -104.0079281804153,
              39.65916515457296
            ],
            [
              -104.00869334150107,
              39.65940479515869
            ],
            [
              -104.00897140580953,
              39.6601566032102
            ],
            [
              -104.03845038148721,
              39.74858089459104
            ],
            [
              -104.03867493144277,
              39.74933599828984
            ]
          ]
        ]
      },
      "properties": {
        "hail_size_bin": "0.5\"",
        "min_size_inches": 0.5
      }
    },
    {
      "type": "Feature",
      "geometry": {
        "type": "Polygon",
        "coordinates": [
          [
            [
              -104.49859101267846,
              41.368886668993525
            ],
            [
              -104.49786741022794,
              41.36918569936346
            ],
            [
              -104.41942123952926,
              41.39859881030148
            ],
            [
              -104.41868724877865,
              41.39884693964075
            ],
            [
              -104.41878956495037,
              41.39807892792715
            ],
            [
              -104.42188744405777,
              41.379494308987134
            ],
            [
              -104.42232019509163,
              41.37624442886391
            ],
            [
              -104.42253903143641,
              41.37297317452852
            ],
            [
              -104.42254301218387,
              41.3696946110586
            ],
            [
              -104.42233212021839,
              41.36642283495814
            ],
            [
              -104.42190726229059,
              41.36317191354817
            ],
            [
              -104.42127026511862,
              41.35995582448294
            ],
            [
              -104.4204238675341,
              41.35678839565161
            ],
            [
              -104.41937170870611,
              41.35368324572394
            ],
            [
              -104.41811831249434,
              41.35065372559544
            ],
            [
              -104.4166690679983,
              41.34771286098392
            ],
            [
              -104.41503020638628,
              41.34487329642412
            ],
            [
              -104.41320877410392,
              41.34214724090131
            ],
            [
              -104.4112126025773,
              41.33954641535759
            ],
            [
              -104.4090502745409,
              41.3370820022965
            ],
            [
              -104.40673108713544,
              41.33476459770278
            ],
            [
              -104.40426501193376,
              41.33260416548393
            ],
            [
              -104.40166265206715,
              41.330609994629356
            ],
            [
              -104.3989351966361,
              41.328790659271505
            ],
            [
              -104.39609437260178,
              41.32715398182051
            ],
            [
              -104.39315239436466,
              41.32570699933098
            ],
            [
              -104.39012191124766,
              41.324455933245524
            ],
            [
              -104.34943105965634,
              41.30919904407734
            ],
            [
              -104.34867932271227,
              41.308888767924664
            ],
            [
              -104.34867485940867,
              41.308884314257966
            ],
            [
              -104.34643739318832,
              41.306503139596714
            ],
            [
              -104.34402069679783,
              41.304249912125194
            ],
            [
              -104.34146045818514,
              41.30216122025507
            ],
            [
              -104.33876785786667,
              41.30024618526655
            ],
            [
              -104.33595465438007,
              41.29851317008333
            ],
            [
              -104.33303313293489,
              41.296969742751855
            ],
            [
              -104.33001605176322,
              41.295622643391795
            ],
            [
              -104.32691658640485,
              41.29447775476206
            ],
            [
              -104.32374827216978,
              41.29354007657093
            ],
            [
              -104.32052494502987,
              41.292813703642345
            ],
            [
              -104.31726068119734,
              41.29230180803396
            ],
            [
              -104.31396973565421,
              41.29200662518479
            ],
            [
              -104.31066647990107,
              41.29192944415306
            ],
            [
              -104.30736533919699,
              41.292070601986985
            ],
            [
              -104.30408072956462,
              41.2924294822528
            ],
            [
              -104.25948637746797,
              41.29879919376202
            ],
            [
              -104.25870686531114,
              41.29888466573299
            ],
            [
              -104.25887400382237,
              41.29561624488385
            ],
            [
              -104.25882622755589,
              41.2923346471583
            ],
            [
              -104.25856326975047,
              41.28906325305233
            ],
            [
              -104.25808626335098,
              41.285816157257806
            ],
            [
              -104.25739726352352,
              41.28260734977811
            ],
            [
              -104.25649923880074,
              41.279450655652724
            ],
            [
              -104.25560045359099,
              41.27693236665129
            ],
            [
              -104.2580938605489,
              41.278894800045656
            ],
            [
              -104.26078001958041,
              41.28073888650641
            ],
            [
              -104.26358058089608,
              41.282404107673244
            ],
            [
              -104.26648365207447,
              41.2838833922809
            ],
            [
              -104.26947690539197,
              41.28517045863297
            ],
            [
              -104.27254763017169,
              41.28625984127672
            ],
            [
              -104.2756827867587,
              41.28714691421184
            ],
            [
              -104.27886906189211,
              41.287827910534496
            ],
            [
              -104.28209292523911,
              41.288299938433234
            ],
            [
              -104.28534068685069,
              41.28856099346892
            ],
            [
              -104.28859855529525,
              41.28860996708647
            ],
            [
              -104.29185269622312,
              41.288446651322246
            ],
            [
              -104.29508929111331,
              41.28807173968718
            ],
            [
              -104.29829459595305,
              41.28748682422183
            ],
            [
              -104.30145499960098,
              41.28669438873583
            ],
            [
              -104.3278740840971,
              41.27914715736387
            ],
            [
              -104.32865532349827,
              41.27895162806508
            ],
            [
              -104.32915576670075,
              41.27974750886183
            ],
            [
              -104.32982167487728,
              41.28088943987863
            ],
            [
              -104.33164652848804,
              41.28359596692491
            ],
            [
              -104.33364409507755,
              41.286177653790816
            ],
            [
              -104.33580586071385,
              41.288623496935145
            ],
            [
              -104.3381226116238,
              41.2909230718033
            ],
            [
              -104.34058447346348,
              41.293066577258244
            ],
            [
              -104.34318095340414,
              41.29504487735447
            ],
            [
              -104.3459009848543,
              41.29684954027679
            ],
            [
              -104.34873297462717,
              41.29847287427798
            ],
            [
              -104.3516648523526,
              41.299907960462185
            ],
            [
              -104.35468412192284,
              41.30114868227435
            ],
            [
              -104.35777791475286,
              41.302189751569834
            ],
            [
              -104.36093304462813,
              41.303026731153324
            ],
            [
              -104.36413606390637,
              41.30365605369083
            ],
            [
              -104.3673733208334,
              41.304075036914206
            ],
            [
              -104.37063101772894,
              41.30428189505338
            ],
            [
              -104.37389526979453,
              41.30427574644757
            ],
            [
              -104.37715216429251,
              41.30405661730307
            ],
            [
              -104.38038781984436,
              41.30362544158153
            ],
            [
              -104.40787285776882,
              41.29904525642664
            ],
            [
              -104.40865064190236,
              41.29894091778977
            ],
            [
              -104.40928353523896,
              41.299402343975444
            ],
            [
              -104.49798922391616,
              41.3683857997949
            ],
            [
              -104.49859101267846,
              41.368886668993525
            ]
          ]
        ]
      },
      "properties": {
        "hail_size_bin": "0.5\"",
        "min_size_inches": 0.5
      }
    },
    {
      "type": "Feature",
      "geometry": {
        "type": "Polygon",
        "coordinates": [
          [
            [
              -104.2410234066007,
              41.25643671147316
            ],
            [
              -104.23992984566166,
              41.255510409772306
            ],
            [
              -104.23729179437501,
              41.25355801339529
            ],
            [
              -104.23453134193298,
              41.2517828884647
            ],
            [
              -104.23166038165236,
              41.25019268304679
            ],
            [
              -104.22869128296932,
              41.248794248488316
            ],
            [
              -104.225636838146,
              41.24759360989769
            ],
            [
              -104.22251020715555,
              41.24659594018604
            ],
            [
              -104.2193248609828,
              41.24580553777987
            ],
            [
              -104.21609452358494,
              41.24522580810147
            ],
            [
              -104.2128331127624,
              41.24485924889672
            ],
            [
              -104.20955468019437,
              41.24470743947366
            ],
            [
              -104.2062733508977,
              41.244771033898104
            ],
            [
              -104.20300326236968,
              41.24504975817561
            ],
            [
              -104.19975850367712,
              41.24554241143198
            ],
            [
              -104.19655305475408,
              41.246246871087145
            ],
            [
              -104.19340072616981,
              41.24716010200032
            ],
            [
              -104.19031509962635,
              41.24827816954671
            ],
            [
              -104.18944283392153,
              41.248627025977754
            ],
            [
              -104.18871301349625,
              41.24889172562731
            ],
            [
              -104.18868788028571,
              41.2481158703587
            ],
            [
              -104.18868788028571,
              41.228948966285714
            ],
            [
              -104.18858082644765,
              41.22567880982421
            ],
            [
              -104.18826012335441,
              41.22242265667471
            ],
            [
              -104.18772714430588,
              41.21919445018491
            ],
            [
              -104.18698417160017,
              41.216008014030585
            ],
            [
              -104.18603438676047,
              41.21287699302056
            ],
            [
              -104.18488185691128,
              41.20981479466746
            ],
            [
              -104.18353151736235,
              41.20683453177477
            ],
            [
              -104.18198915047493,
              41.203948966285715
            ],
            [
              -104.18026136090084,
              41.201170454634735
            ],
            [
              -104.17835554730027,
              41.19851089483528
            ],
            [
              -104.17627987065967,
              41.19598167553071
            ],
            [
              -104.17404321934504,
              41.193593627226385
            ],
            [
              -104.17165517104073,
              41.191356975911766
            ],
            [
              -104.16912595173615,
              41.18928129927115
            ],
            [
              -104.1664663919367,
              41.187375485670586
            ],
            [
              -104.16368788028572,
              41.18564769609649
            ],
            [
              -104.16080231479667,
              41.18410532920908
            ],
            [
              -104.15782205190396,
              41.18275498966015
            ],
            [
              -104.15475985355087,
              41.18160245981096
            ],
            [
              -104.15162883254084,
              41.18065267497126
            ],
            [
              -104.14844239638653,
              41.179909702265554
            ],
            [
              -104.14521418989672,
              41.179376723217025
            ],
            [
              -104.14195803674723,
              41.17905602012378
            ],
            [
              -104.13868788028572,
              41.178948966285716
            ],
            [
              -104.06951702960279,
              41.178948966285716
            ],
            [
              -104.06889017893872,
              41.17892860072894
            ],
            [
              -104.06949769875263,
              41.17877284207991
            ],
            [
              -104.15787190870442,
              41.15913693468869
            ],
            [
              -104.15868679172141,
              41.15898441114119
            ],
            [
              -104.15939133762109,
              41.15942072838828
            ],
            [
              -104.18800677341123,
              41.178494959912655
            ],
            [
              -104.18866165887665,
              41.17896315703889
            ],
            [
              -104.18868319145092,
              41.17961053304798
            ],
            [
              -104.18890717704531,
              41.18295242067302
            ],
            [
              -104.18935439987415,
              41.186271814320406
            ],
            [
              -104.19002285309074,
              41.18955381869916
            ],
            [
              -104.19090953710953,
              41.192783706297156
            ],
            [
              -104.19201047306638,
              41.19594698346867
            ],
            [
              -104.19332072067303,
              41.19902945547247
            ],
            [
              -104.19483440038597,
              41.20201729016863
            ],
            [
              -104.19654471979005,
              41.20489708008821
            ],
            [
              -104.1984440040784,
              41.20765590259736
            ],
            [
              -104.200523730492,
              41.210281377885664
            ],
            [
              -104.20277456656432,
              41.21276172451878
            ],
            [
              -104.20518641199945,
              41.21508581230585
            ],
            [
              -104.20774844399556,
              41.21724321224462
            ],
            [
              -104.21044916581076,
              41.219224243320056
            ],
            [
              -104.21327645835295,
              41.22102001594646
            ],
            [
              -104.21621763456254,
              41.22262247185819
            ],
            [
              -104.21925949634371,
              41.224024420269934
            ],
            [
              -104.22238839378893,
              41.22521957014431
            ],
            [
              -104.22559028643093,
              41.22620255842198
            ],
            [
              -104.22885080624722,
              41.22696897408757
            ],
            [
              -104.23787489593468,
              41.22877353415708
            ],
            [
              -104.23864989366922,
              41.22895518840296
            ],
            [
              -104.2384534615398,
              41.230089277457076
            ],
            [
              -104.23800261137937,
              41.23331617059912
            ],
            [
              -104.23776288644792,
              41.23656557626393
            ],
            [
              -104.2377353047235,
              41.23982369603855
            ],
            [
              -104.23791998333027,
              41.243076694506044
            ],
            [
              -104.23831613804127,
              41.2463107579968
            ],
            [
              -104.23892208660843,
              41.24951215324751
            ],
            [
              -104.23973525590625,
              41.25266728571864
            ],
            [
              -104.24075219285842,
              41.25576275732287
            ],
            [
              -104.2410234066007,
              41.25643671147316
            ]
          ]
        ]
      },
      "properties": {
        "hail_size_bin": "0.5\"",
        "min_size_inches": 0.5
      }
    },
    {
      "type": "Feature",
      "geometry": {
        "type": "Polygon",
        "coordinates": [
          [
            [
              -104.22863914752777,
              39.19952171757894
            ],
            [
              -104.22810520879722,
              39.200091610768716
            ],
            [
              -104.16927526007281,
              39.25891315401371
            ],
            [
              -104.16868453733667,
              39.25946597539768
            ],
            [
              -104.1679309742659,
              39.259172026065315
            ],
            [
              -104.09946295996386,
              39.22983278388274
            ],
            [
              -104.09876956883362,
              39.22950803538561
            ],
            [
              -104.09948007879551,
              39.22922280942242
            ],
            [
              -104.2078897158438,
              39.1898067556973
            ],
            [
              -104.20868344008655,
              39.18954822765032
            ],
            [
              -104.20944194680791,
              39.189896002615924
            ],
            [
              -104.22795239803506,
              39.19914990586546
            ],
            [
              -104.22863914752777,
              39.19952171757894
            ]
          ]
        ]
      },
      "properties": {
        "hail_size_bin": "0.5\"",
        "min_size_inches": 0.5
      }
    },
    {
      "type": "Feature",
      "geometry": {
        "type": "Polygon",
        "coordinates": [
          [
            [
              -104.27864790389397,
              40.41914896112549
            ],
            [
              -104.27791696748142,
              40.41945036015011
            ],
            [
              -104.19947419241161,
              40.44886219790923
            ],
            [
              -104.19869342998506,
              40.449125339398186
            ],
            [
              -104.1980915250006,
              40.448562717145094
            ],
            [
              -104.11925814003763,
              40.369740595703654
            ],
            [
              -104.11872425989266,
              40.3691718424126
            ],
            [
              -104.11882814837116,
              40.368398933159895
            ],
            [
              -104.1285593203783,
              40.31002024331369
            ],
            [
              -104.12871969150976,
              40.309223091316724
            ],
            [
              -104.12952836632698,
              40.30913814871166
            ],
            [
              -104.26786649282921,
              40.299258265776764
            ],
            [
              -104.26865318291793,
              40.29922771160411
            ],
            [
              -104.26874389355548,
              40.30000963388788
            ],
            [
              -104.27860777850647,
              40.41835934136625
            ],
            [
              -104.27864790389397,
              40.41914896112549
            ]
          ]
        ]
      },
      "properties": {
        "hail_size_bin": "0.5\"",
        "min_size_inches": 0.5
      }
    },
    {
      "type": "Feature",
      "geometry": {
        "type": "Polygon",
        "coordinates": [
          [
            [
              -104.76856113385774,
              43.768213085577244
            ],
            [
              -104.76798397347733,
              43.76872634592106
            ],
            [
              -104.70925533548885,
              43.817659885074484
            ],
            [
              -104.70861372784087,
              43.81815913441692
            ],
            [
              -104.7079793116001,
              43.81765102443585
            ],
            [
              -104.64106498990343,
              43.76030408631432
            ],
            [
              -104.63847179132658,
              43.75822704288666
            ],
            [
              -104.63810532213954,
              43.757971530216466
            ],
            [
              -104.63875511413264,
              43.757502321872764
            ],
            [
              -104.64122286125493,
              43.75546821508352
            ],
            [
              -104.6435555247113,
              43.75328051138124
            ],
            [
              -104.67804662594615,
              43.71879433815072
            ],
            [
              -104.67862229389182,
              43.718254794020574
            ],
            [
              -104.67932403268932,
              43.718615438044274
            ],
            [
              -104.76789835196976,
              43.767816362487615
            ],
            [
              -104.76856113385774,
              43.768213085577244
            ]
          ]
        ]
      },
      "properties": {
        "hail_size_bin": "0.5\"",
        "min_size_inches": 0.5
      }
    },
    {
      "type": "Feature",
      "geometry": {
        "type": "Polygon",
        "coordinates": [
          [
            [
              -104.5785522470282,
              43.75823594098183
            ],
            [
              -104.57795104798268,
              43.75866575608733
            ],
            [
              -104.55968527125064,
              43.77084120072897
            ],
            [
              -104.55704565212943,
              43.7727271785882
            ],
            [
              -104.55453389259043,
              43.77478036284901
            ],
            [
              -104.55216056664055,
              43.77699211001499
            ],
            [
              -104.54993566550888,
              43.77935310907151
            ],
            [
              -104.54786855558562,
              43.78185342068324
            ],
            [
              -104.54596793899145,
              43.78448251903677
            ],
            [
              -104.54424181694331,
              43.78722933615218
            ],
            [
              -104.5426974560709,
              43.790082308477025
            ],
            [
              -104.53900551807038,
              43.79746512948789
            ],
            [
              -104.53864056072588,
              43.79813864162884
            ],
            [
              -104.53840847143807,
              43.79760376649314
            ],
            [
              -104.53701944420868,
              43.7946676452199
            ],
            [
              -104.53544271175312,
              43.79182790587645
            ],
            [
              -104.53368492801151,
              43.78909653239542
            ],
            [
              -104.53175351097521,
              43.786485051396625
            ],
            [
              -104.52965661138232,
              43.78400448354379
            ],
            [
              -104.52740307832089,
              43.78166529703643
            ],
            [
              -104.52500242188502,
              43.779477363433216
            ],
            [
              -104.5224647730415,
              43.77744991599317
            ],
            [
              -104.51980084087631,
              43.77559151071055
            ],
            [
              -104.51702186740141,
              43.773909990207876
            ],
            [
              -104.51413958011247,
              43.77241245063939
            ],
            [
              -104.51116614249793,
              43.77110521174476
            ],
            [
              -104.5081141027081,
              43.76999379017918
            ],
            [
              -104.50499634060087,
              43.76908287623269
            ],
            [
              -104.50182601338773,
              43.768376314036765
            ],
            [
              -104.49861650010916,
              43.767877085341745
            ],
            [
              -104.49538134517412,
              43.76758729693361
            ],
            [
              -104.49213420120144,
              43.76750817174319
            ],
            [
              -104.48888877140462,
              43.76764004368526
            ],
            [
              -104.48565875176325,
              43.767982356249426
            ],
            [
              -104.48245777322481,
              43.768533664848626
            ],
            [
              -104.4792993441809,
              43.76929164291542
            ],
            [
              -104.47619679346079,
              43.77025309172027
            ],
            [
              -104.47316321408267,
              43.77141395387048
            ],
            [
              -104.47021140799998,
              43.77276933043268
            ],
            [
              -104.46735383207617,
              43.774313501606755
            ],
            [
              -104.46460254551572,
              43.77603995086388
            ],
            [
              -104.46196915897326,
              43.77794139244677
            ],
            [
              -104.4594647855557,
              43.7800098021162
            ],
            [
              -104.45709999392399,
              43.78223645101394
            ],
            [
              -104.45488476369253,
              43.78461194249925
            ],
            [
              -104.45282844331435,
              43.78712625180349
            ],
            [
              -104.45093971062985,
              43.789768768335456
            ],
            [
              -104.4440889254683,
              43.80004347784261
            ],
            [
              -104.44238683135445,
              43.802783845866095
            ],
            [
              -104.44086499357023,
              43.80562827041862
            ],
            [
              -104.43952974706444,
              43.80856491102403
            ],
            [
              -104.43838665006307,
              43.811581543338704
            ],
            [
              -104.43744046093201,
              43.81466561003785
            ],
            [
              -104.43669511836946,
              43.81780427308777
            ],
            [
              -104.43615372501029,
              43.82098446718675
            ],
            [
              -104.43581853451074,
              43.8241929541519
            ],
            [
              -104.43569094216717,
              43.82741637802573
            ],
            [
              -104.43577147910776,
              43.830641320672925
            ],
            [
              -104.43605981008167,
              43.83385435763599
            ],
            [
              -104.43655473485457,
              43.83704211401716
            ],
            [
              -104.43725419320481,
              43.84019132015408
            ],
            [
              -104.43815527349959,
              43.843288866857336
            ],
            [
              -104.43925422481507,
              43.846321859980094
            ],
            [
              -104.4405464725505,
              43.849277674092455
            ],
            [
              -104.44202663747068,
              43.85214400503733
            ],
            [
              -104.4436885580983,
              43.8549089211489
            ],
            [
              -104.44552531636216,
              43.857560912920505
            ],
            [
              -104.44752926639504,
              43.86008894091526
            ],
            [
              -104.44969206636111,
              43.86248248171985
            ],
            [
              -104.45200471318053,
              43.864731571750326
            ],
            [
              -104.45445758000643,
              43.86682684872745
            ],
            [
              -104.46800460530322,
              43.87766292051216
            ],
            [
              -104.4685740558802,
              43.87815002564724
            ],
            [
              -104.46782469877061,
              43.8781469770195
            ],
            [
              -104.19954678559671,
              43.868212177675765
            ],
            [
              -104.19869372057948,
              43.868151123632664
            ],
            [
              -104.19793893388889,
              43.86775322615074
            ],
            [
              -104.1294088418826,
              43.8285987686684
            ],
            [
              -104.12874476981678,
              43.828189884361336
            ],
            [
              -104.12937915186386,
              43.82773668045229
            ],
            [
              -104.21802871504521,
              43.76864541568679
            ],
            [
              -104.2186905534252,
              43.7682337348754
            ],
            [
              -104.21946994321739,
              43.76824165216702
            ],
            [
              -104.41728926721602,
              43.77648294633605
            ],
            [
              -104.42058442558891,
              43.77651154192727
            ],
            [
              -104.4238743111992,
              43.77632302380725
            ],
            [
              -104.4271446342492,
              43.77591821081475
            ],
            [
              -104.43038118991232,
              43.775298861277086
            ],
            [
              -104.43356992003244,
              43.77446766537276
            ],
            [
              -104.43669697418629,
              43.773428233446545
            ],
            [
              -104.43974876984352,
              43.77218508032773
            ],
            [
              -104.44271205136317,
              43.77074360571971
            ],
            [
              -104.4455739475703,
              43.7691100707461
            ],
            [
              -104.44832202766253,
              43.7672915707552
            ],
            [
              -104.45094435520407,
              43.76529600450093
            ],
            [
              -104.45342953997216,
              43.76313203983422
            ],
            [
              -104.45576678743113,
              43.760809076053654
            ],
            [
              -104.45794594561914,
              43.75833720307917
            ],
            [
              -104.45995754924368,
              43.75572715762592
            ],
            [
              -104.46179286079465,
              43.75299027656874
            ],
            [
              -104.46344390849619,
              43.750138447699825
            ],
            [
              -104.46490352093251,
              43.74718405809349
            ],
            [
              -104.46616535819736,
              43.74413994030218
            ],
            [
              -104.46722393943172,
              43.74101931661763
            ],
            [
              -104.46807466663026,
              43.737835741639095
            ],
            [
              -104.46871384461294,
              43.73460304339819
            ],
            [
              -104.46913869707534,
              43.73133526329612
            ],
            [
              -104.4693473786476,
              43.72804659511406
            ],
            [
              -104.46933898290993,
              43.724751323361694
            ],
            [
              -104.46911354632968,
              43.7214637612317
            ],
            [
              -104.46867773353082,
              43.718240241098414
            ],
            [
              -104.46867582588692,
              43.71822130550706
            ],
            [
              -104.46864787228571,
              43.7173863924971
            ],
            [
              -104.46864787228571,
              43.69904709039247
            ],
            [
              -104.4686738118543,
              43.69825471854169
            ],
            [
              -104.46946606839246,
              43.69822889428571
            ],
            [
              -104.51781894157799,
              43.69822889428571
            ],
            [
              -104.51862207520116,
              43.69825530159146
            ],
            [
              -104.51890063310528,
              43.699008498197685
            ],
            [
              -104.52724071579848,
              43.72402517144537
            ],
            [
              -104.52838194559762,
              43.72710690568541
            ],
            [
              -104.52972314852998,
              43.730107016695825
            ],
            [
              -104.5312585308718,
              43.73301254460743
            ],
            [
              -104.53298146008369,
              43.73581093813076
            ],
            [
              -104.53488449346202,
              43.738490108775125
            ],
            [
              -104.53695941028975,
              43.74103848306841
            ],
            [
              -104.53919724734831,
              43.74344505255213
            ],
            [
              -104.5415883376369,
              43.74569942133572
            ],
            [
              -104.54412235213194,
              43.7477918510047
            ],
            [
              -104.54678834440634,
              43.74971330268858
            ],
            [
              -104.54957479791587,
              43.75145547610701
            ],
            [
              -104.55246967574826,
              43.75301084542526
            ],
            [
              -104.55546047262024,
              43.75437269176432
            ],
            [
              -104.55853426889779,
              43.755535132225056
            ],
            [
              -104.56167778640635,
              43.75649314530118
            ],
            [
              -104.56487744578982,
              43.75724259257111
            ],
            [
              -104.56811942517064,
              43.757780236575115
            ],
            [
              -104.57138971985742,
              43.75810375480048
            ],
            [
              -104.5746742028425,
              43.758211749714285
            ],
            [
              -104.57781360225563,
              43.758211749714285
            ],
            [
              -104.5785522470282,
              43.75823594098183
            ]
          ]
        ]
      },
      "properties": {
        "hail_size_bin": "0.5\"",
        "min_size_inches": 0.5
      }
    },
    {
      "type": "Feature",
      "geometry": {
        "type": "Polygon",
        "coordinates": [
          [
            [
              -104.31862826277958,
              38.669732681948624
            ],
            [
              -104.3184730281997,
              38.67045117645548
            ],
            [
              -104.298871161442,
              38.7488474408189
            ],
            [
              -104.29865419681809,
              38.74960818492271
            ],
            [
              -104.29791044242009,
              38.74933867678685
            ],
            [
              -104.24944784916403,
              38.72995640917122
            ],
            [
              -104.24880051093815,
              38.72967230916471
            ],
            [
              -104.2457123069934,
              38.728437770824
            ],
            [
              -104.24254886317323,
              38.727411266213345
            ],
            [
              -104.23932417593049,
              38.726597337036075
            ],
            [
              -104.2360525126856,
              38.72599958446928
            ],
            [
              -104.23274834870126,
              38.725620653230564
            ],
            [
              -104.2294263030376,
              38.72546221987673
            ],
            [
              -104.22610107387106,
              38.72552498538592
            ],
            [
              -104.22278737346333,
              38.725808672056175
            ],
            [
              -104.21949986306781,
              38.72631202473416
            ],
            [
              -104.2162530880619,
              38.727032816368464
            ],
            [
              -104.2130614135919,
              38.72796785786306
            ],
            [
              -104.20993896101534,
              38.72911301218724
            ],
            [
              -104.20868141843052,
              38.72962227575141
            ],
            [
              -104.20788726672485,
              38.72951609597485
            ],
            [
              -104.14949353304144,
              38.71978519755329
            ],
            [
              -104.1487340063604,
              38.71963316121644
            ],
            [
              -104.1491108793185,
              38.71895652040804
            ],
            [
              -104.17827268124545,
              38.670360461474864
            ],
            [
              -104.17868739830186,
              38.66971751078214
            ],
            [
              -104.17905145670355,
              38.670390372493
            ],
            [
              -104.19204477468672,
              38.69637329555226
            ],
            [
              -104.19358787936734,
              38.69922411687613
            ],
            [
              -104.1953124716351,
              38.701968954901574
            ],
            [
              -104.19721130243941,
              38.70459627213643
            ],
            [
              -104.19927639034555,
              38.70709502506858
            ],
            [
              -104.20149905508336,
              38.709454710585604
            ],
            [
              -104.20386995403346,
              38.71166541012293
            ],
            [
              -104.20637912149742,
              38.713717831355005
            ],
            [
              -104.20901601058694,
              38.715603347254046
            ],
            [
              -104.21176953755614,
              38.71731403235243
            ],
            [
              -104.21462812839027,
              38.71884269605612
            ],
            [
              -104.21757976745523,
              38.72018291286922
            ],
            [
              -104.22061204800345,
              38.7213290494025
            ],
            [
              -104.22371222432359,
              38.72227628805246
            ],
            [
              -104.22686726531524,
              38.723020647251374
            ],
            [
              -104.230063909263,
              38.723558998203174
            ],
            [
              -104.23328871958,
              38.72388907803485
            ],
            [
              -104.23652814128656,
              38.724009499308075
            ],
            [
              -104.23976855798628,
              38.72391975585109
            ],
            [
              -104.24299634910052,
              38.72362022488631
            ],
            [
              -104.24619794712022,
              38.72311216544473
            ],
            [
              -104.24935989463492,
              38.7223977130738
            ],
            [
              -104.2524689008987,
              38.72147987086097
            ],
            [
              -104.2555118976959,
              38.72036249681069
            ],
            [
              -104.25847609427113,
              38.719050287627915
            ],
            [
              -104.2613490310933,
              38.717548758976235
            ],
            [
              -104.26411863222722,
              38.71586422229366
            ],
            [
              -104.26677325609293,
              38.714003758263495
            ],
            [
              -104.26930174439923,
              38.7119751870518
            ],
            [
              -104.31805490656883,
              38.67019273296307
            ],
            [
              -104.31862826277958,
              38.669732681948624
            ]
          ]
        ]
      },
      "properties": {
        "hail_size_bin": "0.5\"",
        "min_size_inches": 0.5
      }
    },
    {
      "type": "Feature",
      "geometry": {
        "type": "Polygon",
        "coordinates": [
          [
            [
              -104.48861703775783,
              39.779363114098025
            ],
            [
              -104.48854368900815,
              39.7801594949748
            ],
            [
              -104.47874727406534,
              39.858519617014494
            ],
            [
              -104.47862302773115,
              39.85930508191572
            ],
            [
              -104.47785167260241,
              39.859496430558124
            ],
            [
              -104.33946773749663,
              39.88914589408964
            ],
            [
              -104.33872537642985,
              39.8892796685683
            ],
            [
              -104.33915817764301,
              39.888662027961786
            ],
            [
              -104.3393163810369,
              39.88845112024157
            ],
            [
              -104.34121345778951,
              39.885739536189874
            ],
            [
              -104.34292700774242,
              39.88290839952175
            ],
            [
              -104.34444952445823,
              39.87997011241447
            ],
            [
              -104.34577433834643,
              39.87693754643228
            ],
            [
              -104.34689564588054,
              39.8738239861408
            ],
            [
              -104.34780853502116,
              39.87064307091219
            ],
            [
              -104.34850900673392,
              39.86740873517601
            ],
            [
              -104.34899399250767,
              39.86413514737758
            ],
            [
              -104.34926136779661,
              39.86083664791122
            ],
            [
              -104.34930996132714,
              39.85752768630016
            ],
            [
              -104.34913956022868,
              39.854222757898455
            ],
            [
              -104.34875091096632,
              39.850936340392174
            ],
            [
              -104.34814571607075,
              39.847682830377884
            ],
            [
              -104.34732662668009,
              39.844476480296436
            ],
            [
              -104.34629723092623,
              39.84133133599821
            ],
            [
              -104.34506203821658,
              39.838261175213376
            ],
            [
              -104.34362645947994,
              39.83527944719667
            ],
            [
              -104.3419967834632,
              39.83239921381113
            ],
            [
              -104.34018014918267,
              39.829633092308825
            ],
            [
              -104.33818451465062,
              39.82699320005928
            ],
            [
              -104.33601862201415,
              39.82449110146769
            ],
            [
              -104.33369195925901,
              39.82213775731551
            ],
            [
              -104.33121471864625,
              39.81994347674522
            ],
            [
              -104.32859775206353,
              39.81791787209977
            ],
            [
              -104.3258525234871,
              39.816069816814384
            ],
            [
              -104.32299105876217,
              39.81440740654531
            ],
            [
              -104.32002589292217,
              39.81293792370567
            ],
            [
              -104.31697001527728,
              39.81166780556387
            ],
            [
              -104.31383681251299,
              39.8106026160443
            ],
            [
              -104.31064001004798,
              39.80974702135378
            ],
            [
              -104.30999400378198,
              39.80961921857736
            ],
            [
              -104.30767400563597,
              39.80908309968832
            ],
            [
              -104.30646762740518,
              39.808763269444604
            ],
            [
              -104.30324638337764,
              39.808132086521496
            ],
            [
              -104.29999066617877,
              39.807713624470175
            ],
            [
              -104.29671450769573,
              39.807509686829434
            ],
            [
              -104.29343202791597,
              39.80752115255459
            ],
            [
              -104.29015737407127,
              39.80774797222927
            ],
            [
              -104.28690465966424,
              39.808189168278375
            ],
            [
              -104.28368790364024,
              39.80884283918134
            ],
            [
              -104.28052096996676,
              39.80970616766757
            ],
            [
              -104.27741750788087,
              39.81077543285865
            ],
            [
              -104.27439089306206,
              39.81204602630502
            ],
            [
              -104.27145416998408,
              39.813512471848036
            ],
            [
              -104.2686199956943,
              39.81516844922183
            ],
            [
              -104.26590058526278,
              39.81700682129309
            ],
            [
              -104.26330765913637,
              39.81901966482162
            ],
            [
              -104.26085239262436,
              39.821198304608835
            ],
            [
              -104.2585453677339,
              39.82353335088721
            ],
            [
              -104.25639652756227,
              39.82601473978945
            ],
            [
              -104.25441513344298,
              39.82863177672298
            ],
            [
              -104.25260972503011,
              39.83137318246276
            ],
            [
              -104.25098808349307,
              39.83422714176393
            ],
            [
              -104.24955719798038,
              39.837181354284546
            ],
            [
              -104.24905186197174,
              39.83842701401344
            ],
            [
              -104.24866373153549,
              39.839301801121984
            ],
            [
              -104.2478906231156,
              39.83913471887878
            ],
            [
              -104.20948886418287,
              39.82953565083299
            ],
            [
              -104.20872321180583,
              39.82931707079458
            ],
            [
              -104.2090556144899,
              39.82859364120445
            ],
            [
              -104.21752290221633,
              39.81166148532237
            ],
            [
              -104.21889826399652,
              39.80866859062716
            ],
            [
              -104.22007358927826,
              39.80559163609952
            ],
            [
              -104.22104377760176,
              39.80244397453894
            ],
            [
              -104.2218046187228,
              39.79923926558622
            ],
            [
              -104.22235281088342,
              39.795991416445936
            ],
            [
              -104.2226859751405,
              39.792714521534464
            ],
            [
              -104.22280266568922,
              39.78942280131566
            ],
            [
              -104.22270237613749,
              39.786130540589525
            ],
            [
              -104.22238554170342,
              39.78285202650165
            ],
            [
              -104.2218535373266,
              39.77960148654249
            ],
            [
              -104.22110867170146,
              39.77639302680556
            ],
            [
              -104.22015417725838,
              39.77324057077237
            ],
            [
              -104.21899419613624,
              39.770157798889905
            ],
            [
              -104.21763376220706,
              39.767158089202724
            ],
            [
              -104.21607877923095,
              39.764254459297405
            ],
            [
              -104.21433599523611,
              39.76145950981121
            ],
            [
              -104.21241297323493,
              39.758785369750186
            ],
            [
              -104.21031805840344,
              39.7562436438539
            ],
            [
              -104.20806034186646,
              39.753845362235396
            ],
            [
              -104.2056496212456,
              39.751600932514684
            ],
            [
              -104.20309635814137,
              39.74952009465372
            ],
            [
              -104.20041163273385,
              39.74761187868867
            ],
            [
              -104.19760709569896,
              39.74588456554308
            ],
            [
              -104.16940421913066,
              39.72977093868012
            ],
            [
              -104.1687168963657,
              39.72934769068391
            ],
            [
              -104.16869073800001,
              39.72854156964615
            ],
            [
              -104.16869073800001,
              39.670198634106754
            ],
            [
              -104.1687166775686,
              39.669406262255976
            ],
            [
              -104.16950893410676,
              39.669380438
            ],
            [
              -104.23788331400853,
              39.669380438
            ],
            [
              -104.23866359844833,
              39.669405332970975
            ],
            [
              -104.23896076463082,
              39.67012707432267
            ],
            [
              -104.25562342061669,
              39.71455447503274
            ],
            [
              -104.25684073480845,
              39.7175093487061
            ],
            [
              -104.25824432966897,
              39.72038042058514
            ],
            [
              -104.25982847115823,
              39.72315596161509
            ],
            [
              -104.26158668765764,
              39.72582463300892
            ],
            [
              -104.26351179640812,
              39.728375532569046
            ],
            [
              -104.26559593285356,
              39.73079823922562
            ],
            [
              -104.26783058276946,
              39.73308285560925
            ],
            [
              -104.2702066170458,
              39.735220048484194
            ],
            [
              -104.2727143289816,
              39.73720108687705
            ],
            [
              -104.27534347393943,
              39.73901787774498
            ],
            [
              -104.27808331119718,
              39.740662999037795
            ],
            [
              -104.28092264782673,
              39.74212973001896
            ],
            [
              -104.28384988441987,
              39.74341207872146
            ],
            [
              -104.28685306247479,
              39.74450480642655
            ],
            [
              -104.28991991324962,
              39.74540344906517
            ],
            [
              -104.2930379078833,
              39.74610433545489
            ],
            [
              -104.29619430857922,
              39.746604602297545
            ],
            [
              -104.29937622064223,
              39.74690220587655
            ],
            [
              -104.30257064515685,
              39.74699593040603
            ],
            [
              -104.30576453209103,
              39.74688539299758
            ],
            [
              -104.41784335259781,
              39.73941453920033
            ],
            [
              -104.41864909699795,
              39.7393871148204
            ],
            [
              -104.41936132695518,
              39.739763984267334
            ],
            [
              -104.48793581046803,
              39.778943804700546
            ],
            [
              -104.48861703775783,
              39.779363114098025
            ]
          ]
        ]
      },
      "properties": {
        "hail_size_bin": "0.5\"",
        "min_size_inches": 0.5
      }
    },
    {
      "type": "Feature",
      "geometry": {
        "type": "Polygon",
        "coordinates": [
          [
            [
              -104.4886059008967,
              44.57796222873136
            ],
            [
              -104.48785811007133,
              44.578202238305465
            ],
            [
              -104.41945737266218,
              44.59774251387084
            ],
            [
              -104.41867070250655,
              44.59793910467774
            ],
            [
              -104.4183450699852,
              44.59719696995972
            ],
            [
              -104.40429721576078,
              44.56208235220644
            ],
            [
              -104.40295824244872,
              44.5590338636695
            ],
            [
              -104.40141934650725,
              44.55608124937506
            ],
            [
              -104.39968735209777,
              44.55323760255174
            ],
            [
              -104.39776993966764,
              44.55051553321701
            ],
            [
              -104.39567561189169,
              44.54792711225874
            ],
            [
              -104.3934136559675,
              44.545483817907396
            ],
            [
              -104.39099410243178,
              44.54319648483633
            ],
            [
              -104.38842768068032,
              44.54107525611599
            ],
            [
              -104.38572577138918,
              44.53912953823492
            ],
            [
              -104.38290035604743,
              44.53736795938714
            ],
            [
              -104.37996396382594,
              44.535798331210835
            ],
            [
              -104.37692961601728,
              44.53442761414799
            ],
            [
              -104.37381076829345,
              44.53326188657866
            ],
            [
              -104.37062125103735,
              44.53230631786668
            ],
            [
              -104.36737520801256,
              44.53156514543635
            ],
            [
              -104.3640870336435,
              44.531041655981824
            ],
            [
              -104.36077130918409,
              44.53073817089233
            ],
            [
              -104.35744273805778,
              44.53065603595817
            ],
            [
              -104.35411608065598,
              44.53079561540282
            ],
            [
              -104.35080608888379,
              44.53115629026784
            ],
            [
              -104.34752744074332,
              44.53173646115757
            ],
            [
              -104.34429467524487,
              44.53253355533162
            ],
            [
              -104.3411221279343,
              44.53354403811352
            ],
            [
              -104.33802386732279,
              44.53476342856512
            ],
            [
              -104.33501363250063,
              44.53618631935708
            ],
            [
              -104.33210477221195,
              44.537806400747385
            ],
            [
              -104.32931018566026,
              44.53961648856166
            ],
            [
              -104.3266422653076,
              44.54160855605102
            ],
            [
              -104.3192993621155,
              44.547482039295836
            ],
            [
              -104.31866711129777,
              44.547955141691176
            ],
            [
              -104.31798214182712,
              44.547563203542964
            ],
            [
              -104.1893815685345,
              44.468435696369596
            ],
            [
              -104.18871691145105,
              44.467996264076035
            ],
            [
              -104.188864590466,
              44.46721379009005
            ],
            [
              -104.2085065547034,
              44.37883757980323
            ],
            [
              -104.20870397330249,
              44.37806955306745
            ],
            [
              -104.20945524573362,
              44.378323381560826
            ],
            [
              -104.28789784097188,
              44.40773515189275
            ],
            [
              -104.2886404527022,
              44.408042022119915
            ],
            [
              -104.28828856364981,
              44.40927005856337
            ],
            [
              -104.28810870217133,
              44.40982600522247
            ],
            [
              -104.28731239127151,
              44.41297079563808
            ],
            [
              -104.28672168576136,
              44.41616060516336
            ],
            [
              -104.28633907223175,
              44.41938200620859
            ],
            [
              -104.2861661613047,
              44.42262143819871
            ],
            [
              -104.28620368085348,
              44.425865264656885
            ],
            [
              -104.28645147293848,
              44.429099830607655
            ],
            [
              -104.28690849447223,
              44.43231152005793
            ],
            [
              -104.28757282161017,
              44.435486813313844
            ],
            [
              -104.28844165784922,
              44.43861234389232
            ],
            [
              -104.28951134579964,
              44.44167495478762
            ],
            [
              -104.29077738258101,
              44.4446617538561
            ],
            [
              -104.29223443877714,
              44.44756016808609
            ],
            [
              -104.29387638087047,
              44.45035799652426
            ],
            [
              -104.29569629706123,
              44.45304346163592
            ],
            [
              -104.29768652636282,
              44.45560525888284
            ],
            [
              -104.29983869085105,
              44.458032604310034
            ],
            [
              -104.3021437309311,
              44.46031527994108
            ],
            [
              -104.30459194347428,
              44.462443676791004
            ],
            [
              -104.30717302266345,
              44.46440883531553
            ],
            [
              -104.30987610337576,
              44.46620248312656
            ],
            [
              -104.31268980691965,
              44.46781706981498
            ],
            [
              -104.31560228893372,
              44.46924579873432
            ],
            [
              -104.31860128924595,
              44.47048265561146
            ],
            [
              -104.33791651104204,
              44.4777248288931
            ],
            [
              -104.33864670105443,
              44.47802562402652
            ],
            [
              -104.33988993272234,
              44.48113160334699
            ],
            [
              -104.3413441485035,
              44.48415820257564
            ],
            [
              -104.34299822672716,
              44.48708037157469
            ],
            [
              -104.34484470746986,
              44.48988493130767
            ],
            [
              -104.34687526306915,
              44.49255923315811
            ],
            [
              -104.34908073568154,
              44.49509121597499
            ],
            [
              -104.35145117858463,
              44.497469460468785
            ],
            [
              -104.35397590103686,
              44.49968324071266
            ],
            [
              -104.35664351649311,
              44.50172257251661
            ],
            [
              -104.35944199395813,
              44.503578258456315
            ],
            [
              -104.36235871224656,
              44.50524192935373
            ],
            [
              -104.36538051690478,
              44.506706082022205
            ],
            [
              -104.36849377953764,
              44.50796411310602
            ],
            [
              -104.36864184694308,
              44.508018235874346
            ],
            [
              -104.3686453548833,
              44.508027180159495
            ],
            [
              -104.36995141171117,
              44.511058827288245
            ],
            [
              -104.37145466309285,
              44.51399768829795
            ],
            [
              -104.37314855685543,
              44.51683095367063
            ],
            [
              -104.37502570987918,
              44.51954627414458
            ],
            [
              -104.37707794027826,
              44.522131814540714
            ],
            [
              -104.37929630306269,
              44.52457630534812
            ],
            [
              -104.38167112912673,
              44.52686909184417
            ],
            [
              -104.38419206739317,
              44.52900018053488
            ],
            [
              -104.38684812993034,
              44.530960282713224
            ],
            [
              -104.38962773984477,
              44.532740854945544
            ],
            [
              -104.39251878174106,
              44.534334136309525
            ],
            [
              -104.39550865452885,
              44.535733182221456
            ],
            [
              -104.3985843263468,
              44.536931894705404
            ],
            [
              -104.40173239136412,
              44.537925048972205
            ],
            [
              -104.4049391282121,
              44.53870831619265
            ],
            [
              -104.4081905597911,
              44.539278282365345
            ],
            [
              -104.41147251419194,
              44.53963246319727
            ],
            [
              -104.41477068646664,
              44.539769314931945
            ],
            [
              -104.4180707009789,
              44.539688241078146
            ],
            [
              -104.42135817406272,
              44.53938959500986
            ],
            [
              -104.42461877671599,
              44.53887467842599
            ],
            [
              -104.42783829705591,
              44.53814573567672
            ],
            [
              -104.43100270226381,
              44.53720594398113
            ],
            [
              -104.457885747992,
              44.52824620906638
            ],
            [
              -104.45863869403675,
              44.52802191658353
            ],
            [
              -104.45906343356992,
              44.52868184980901
            ],
            [
              -104.4882239151311,
              44.577275708446976
            ],
            [
              -104.4886059008967,
              44.57796222873136
            ]
          ]
        ]
      },
      "properties": {
        "hail_size_bin": "0.5\"",
        "min_size_inches": 0.5
      }
    },
    {
      "type": "Feature",
      "geometry": {
        "type": "Polygon",
        "coordinates": [
          [
            [
              -104.37859515672031,
              39.46945121759088
            ],
            [
              -104.37797482583179,
              39.469894792016504
            ],
            [
              -104.31935776502998,
              39.508967249176045
            ],
            [
              -104.31866638183688,
              39.50939576163929
            ],
            [
              -104.31790879739633,
              39.50910027153413
            ],
            [
              -104.2494257796948,
              39.479754600241904
            ],
            [
              -104.24871727847548,
              39.479423366643395
            ],
            [
              -104.2491298347938,
              39.478759034221866
            ],
            [
              -104.26822853973606,
              39.45011506997297
            ],
            [
              -104.26868846049922,
              39.44947133375277
            ],
            [
              -104.2694708304238,
              39.44958771370057
            ],
            [
              -104.3778497042728,
              39.46929014805333
            ],
            [
              -104.37859515672031,
              39.46945121759088
            ]
          ]
        ]
      },
      "properties": {
        "hail_size_bin": "0.5\"",
        "min_size_inches": 0.5
      }
    },
    {
      "type": "Feature",
      "geometry": {
        "type": "Polygon",
        "coordinates": [
          [
            [
              -104.47855079345393,
              42.98842727048519
            ],
            [
              -104.47785329325323,
              42.988590379084684
            ],
            [
              -104.42947588557972,
              42.9982644782102
            ],
            [
              -104.42866029867227,
              42.998399302648515
            ],
            [
              -104.4279987318263,
              42.99790510442671
            ],
            [
              -104.3793018672594,
              42.95895317892444
            ],
            [
              -104.37876780134546,
              42.95849644259872
            ],
            [
              -104.37944712428708,
              42.95867622797878
            ],
            [
              -104.4778716934337,
              42.98819937992415
            ],
            [
              -104.47855079345393,
              42.98842727048519
            ]
          ]
        ]
      },
      "properties": {
        "hail_size_bin": "0.5\"",
        "min_size_inches": 0.5
      }
    },
    {
      "type": "Feature",
      "geometry": {
        "type": "Polygon",
        "coordinates": [
          [
            [
              -104.54856767537146,
              40.23919344543242
            ],
            [
              -104.54782488286473,
              40.239217564571426
            ],
            [
              -104.43947071145865,
              40.239217564571426
            ],
            [
              -104.43873189554925,
              40.239193367699
            ],
            [
              -104.43933326573159,
              40.238763558198386
            ],
            [
              -104.49795233826383,
              40.19968976007686
            ],
            [
              -104.49864246549336,
              40.19926215400607
            ],
            [
              -104.499292320465,
              40.19974790793458
            ],
            [
              -104.54800268532426,
              40.2387106321276
            ],
            [
              -104.54856767537146,
              40.23919344543242
            ]
          ]
        ]
      },
      "properties": {
        "hail_size_bin": "0.5\"",
        "min_size_inches": 0.5
      }
    },
    {
      "type": "Feature",
      "geometry": {
        "type": "Polygon",
        "coordinates": [
          [
            [
              -104.76857624717834,
              43.958174635916585
            ],
            [
              -104.76850277945276,
              43.958972301244565
            ],
            [
              -104.7587091577224,
              44.03731008077747
            ],
            [
              -104.75858133033977,
              44.0381150035535
            ],
            [
              -104.75788745524326,
              44.03854252883381
            ],
            [
              -104.69296926851163,
              44.07563333533646
            ],
            [
              -104.69024519515166,
              44.077307469104646
            ],
            [
              -104.6876336940117,
              44.079152289242266
            ],
            [
              -104.68514544435509,
              44.08116025168978
            ],
            [
              -104.68279062143047,
              44.08332314524656
            ],
            [
              -104.6805788548619,
              44.08563212514912
            ],
            [
              -104.67851918927026,
              44.088077749240185
            ],
            [
              -104.67662004728683,
              44.09065001658069
            ],
            [
              -104.67488919511058,
              44.093338408346824
            ],
            [
              -104.67333371074962,
              44.09613193084486
            ],
            [
              -104.67195995507697,
              44.09901916046789
            ],
            [
              -104.67077354581892,
              44.101988290410596
            ],
            [
              -104.66977933458237,
              44.105027178951055
            ],
            [
              -104.66898138701504,
              44.10812339910215
            ],
            [
              -104.6683829661797,
              44.11126428942944
            ],
            [
              -104.66798651921056,
              44.114437005827874
            ],
            [
              -104.66779366730606,
              44.11762857404541
            ],
            [
              -104.6678051990993,
              44.12082594273888
            ],
            [
              -104.66802106743313,
              44.12401603684513
            ],
            [
              -104.66844038955284,
              44.127185811049095
            ],
            [
              -104.66859277834794,
              44.128109513242656
            ],
            [
              -104.66861929514286,
              44.12892361452638
            ],
            [
              -104.66861929514286,
              44.17728681245324
            ],
            [
              -104.66859400393959,
              44.17807212290292
            ],
            [
              -104.6678335322356,
              44.17826632674525
            ],
            [
              -104.5794197740682,
              44.19791102137315
            ],
            [
              -104.57864185359163,
              44.198057703370424
            ],
            [
              -104.5781179203582,
              44.19746574840546
            ],
            [
              -104.5759138687127,
              44.19513108290614
            ],
            [
              -104.573564520883,
              44.192942688192
            ],
            [
              -104.5710795641762,
              44.19090958789563
            ],
            [
              -104.5684692450694,
              44.1890401653082
            ],
            [
              -104.56574432695933,
              44.18734212881177
            ],
            [
              -104.56291604578058,
              44.185822480094565
            ],
            [
              -104.55999606367529,
              44.18448748528013
            ],
            [
              -104.55699642090543,
              44.183342649089646
            ],
            [
              -104.553929486206,
              44.182392692143694
            ],
            [
              -104.55080790578369,
              44.18164153149728
            ],
            [
              -104.54764455117149,
              44.181092264488214
            ],
            [
              -104.54445246615423,
              44.180747155965534
            ],
            [
              -104.54124481298379,
              44.18060762895064
            ],
            [
              -104.53803481810576,
              44.180674258769606
            ],
            [
              -104.53483571762156,
              44.180946770680855
            ],
            [
              -104.53166070271064,
              44.18142404100804
            ],
            [
              -104.52852286523793,
              44.18210410177343
            ],
            [
              -104.5254351437708,
              44.182984148812665
            ],
            [
              -104.52241027022819,
              44.18406055333743
            ],
            [
              -104.51946071738169,
              44.185328876898446
            ],
            [
              -104.51659864742534,
              44.18678388968698
            ],
            [
              -104.51383586182604,
              44.18841959209941
            ],
            [
              -104.4993285565622,
              44.19765019459654
            ],
            [
              -104.49864829605177,
              44.19805261142102
            ],
            [
              -104.49811518482763,
              44.19746964323543
            ],
            [
              -104.43919364627882,
              44.12873766992164
            ],
            [
              -104.4386903124454,
              44.12810937889754
            ],
            [
              -104.43929790378864,
              44.12758143206354
            ],
            [
              -104.59801305658522,
              43.998643795343504
            ],
            [
              -104.59864034570049,
              43.998166441433305
            ],
            [
              -104.59941840510616,
              43.99805550529329
            ],
            [
              -104.64413723444179,
              43.99308745640235
            ],
            [
              -104.64742090052627,
              43.99261189324445
            ],
            [
              -104.65066579660382,
              43.991919597991334
            ],
            [
              -104.65385763393904,
              43.99101361913006
            ],
            [
              -104.65698235743803,
              43.98989794609262
            ],
            [
              -104.66002620753923,
              43.988577491688666
            ],
            [
              -104.66297578080305,
              43.987058070472244
            ],
            [
              -104.66581808893314,
              43.98534637313765
            ],
            [
              -104.6685406159697,
              43.98344993705734
            ],
            [
              -104.67113137340297,
              43.98137711309145
            ],
            [
              -104.6735789529639,
              43.97913702881524
            ],
            [
              -104.67587257685996,
              43.97673954832627
            ],
            [
              -104.6780021452346,
              43.97419522880835
            ],
            [
              -104.67995828064143,
              43.97151527404349
            ],
            [
              -104.68173236933735,
              43.968711485076646
            ],
            [
              -104.68331659921272,
              43.96579620825042
            ],
            [
              -104.68470399419158,
              43.96278228083852
            ],
            [
              -104.68588844495048,
              43.95968297451753
            ],
            [
              -104.68686473582054,
              43.95651193692573
            ],
            [
              -104.6876285677544,
              43.95328313156641
            ],
            [
              -104.68817657725687,
              43.95001077632029
            ],
            [
              -104.68850635119587,
              43.94670928083783
            ],
            [
              -104.68861643742858,
              43.94339318308702
            ],
            [
              -104.68861643742858,
              43.938970985850204
            ],
            [
              -104.68864169357605,
              43.938192323973404
            ],
            [
              -104.68940290931336,
              43.9383569058789
            ],
            [
              -104.76780553895182,
              43.95795476279445
            ],
            [
              -104.76857624717834,
              43.958174635916585
            ]
          ]
        ]
      },
      "properties": {
        "hail_size_bin": "0.5\"",
        "min_size_inches": 0.5
      }
    },
    {
      "type": "Feature",
      "geometry": {
        "type": "Polygon",
        "coordinates": [
          [
            [
              -104.5686077594583,
              44.70796623356858
            ],
            [
              -104.56863358371429,
              44.70875849010675
            ],
            [
              -104.56863358371429,
              44.737113525607526
            ],
            [
              -104.5686076441457,
              44.737905897458305
            ],
            [
              -104.56781538760754,
              44.73793172171428
            ],
            [
              -104.50946394327917,
              44.73793172171428
            ],
            [
              -104.50866080965599,
              44.737905314408536
            ],
            [
              -104.50838225175191,
              44.73715211780237
            ],
            [
              -104.49890161136712,
              44.70871426036023
            ],
            [
              -104.49867893510283,
              44.70796577124643
            ],
            [
              -104.49945942955033,
              44.707940294
            ],
            [
              -104.56781538760754,
              44.707940294
            ],
            [
              -104.5686077594583,
              44.70796623356858
            ]
          ]
        ]
      },
      "properties": {
        "hail_size_bin": "0.5\"",
        "min_size_inches": 0.5
      }
    },
    {
      "type": "Feature",
      "geometry": {
        "type": "Polygon",
        "coordinates": [
          [
            [
              -104.73853250540023,
              43.50823989582386
            ],
            [
              -104.7378206091155,
              43.50808604259304
            ],
            [
              -104.69941900436359,
              43.498487013086944
            ],
            [
              -104.69891328665283,
              43.49834263626362
            ],
            [
              -104.69579558360643,
              43.49756002031561
            ],
            [
              -104.69263403604765,
              43.49697935083887
            ],
            [
              -104.68944171072845,
              43.49660302775428
            ],
            [
              -104.68623180160598,
              43.496432606414196
            ],
            [
              -104.68301757531172,
              43.496468791174095
            ],
            [
              -104.67981231632007,
              43.496711432481504
            ],
            [
              -104.67662927204339,
              43.49715952749407
            ],
            [
              -104.67348159808006,
              43.49781122422435
            ],
            [
              -104.67038230384215,
              43.498663829194115
            ],
            [
              -104.66734419878713,
              43.49971381856656
            ],
            [
              -104.66437983947611,
              43.50095685271042
            ],
            [
              -104.66150147767728,
              43.502387794135714
            ],
            [
              -104.65872100972904,
              43.504000728727206
            ],
            [
              -104.65604992737217,
              43.50578899018751
            ],
            [
              -104.65349927025414,
              43.50774518758909
            ],
            [
              -104.65107958030208,
              43.509861235921115
            ],
            [
              -104.64880085815261,
              43.51212838950505
            ],
            [
              -104.64667252181908,
              43.51453727814071
            ],
            [
              -104.64470336776665,
              43.51707794583354
            ],
            [
              -104.64290153455629,
              43.519739891943
            ],
            [
              -104.64127446920789,
              43.5225121145819
            ],
            [
              -104.63982889642159,
              43.52538315608754
            ],
            [
              -104.63863242298014,
              43.528196243877744
            ],
            [
              -104.63860514042251,
              43.52825499669206
            ],
            [
              -104.63783000231027,
              43.52843616377529
            ],
            [
              -104.58944095815959,
              43.53811258986374
            ],
            [
              -104.58863389044556,
              43.53824641399723
            ],
            [
              -104.58789166350545,
              43.537905134693304
            ],
            [
              -104.54937739672391,
              43.51865075271473
            ],
            [
              -104.54868625929008,
              43.518276118159235
            ],
            [
              -104.54966805293667,
              43.517519324312794
            ],
            [
              -104.55027909517383,
              43.517079562379195
            ],
            [
              -104.55283639023776,
              43.51496826129599
            ],
            [
              -104.55524810662564,
              43.512692085913386
            ],
            [
              -104.55750363534149,
              43.510261048990614
            ],
            [
              -104.55959305444954,
              43.50768584451353
            ],
            [
              -104.56150717272025,
              43.50497780065243
            ],
            [
              -104.56323757006196,
              43.50214882993012
            ],
            [
              -104.56477663456037,
              43.49921137681941
            ],
            [
              -104.56611759596291,
              43.496178363000645
            ],
            [
              -104.56725455546065,
              43.49306313052001
            ],
            [
              -104.56818251163685,
              43.48987938309866
            ],
            [
              -104.56889738246785,
              43.486641125850866
            ],
            [
              -104.56939602327967,
              43.48336260367636
            ],
            [
              -104.56967624058123,
              43.4800582385979
            ],
            [
              -104.5697368017134,
              43.47674256631958
            ],
            [
              -104.5695774402714,
              43.47343017228525
            ],
            [
              -104.56919885727666,
              43.470135627517905
            ],
            [
              -104.5686027180931,
              43.46687342452273
            ],
            [
              -104.56779164510131,
              43.463657913535364
            ],
            [
              -104.56676920616279,
              43.460503239396104
            ],
            [
              -104.56553989892524,
              43.4574232793276
            ],
            [
              -104.56410913103757,
              43.45443158188977
            ],
            [
              -104.56248319636205,
              43.45154130738051
            ],
            [
              -104.56066924728798,
              43.44876516994433
            ],
            [
              -104.5586752632687,
              43.44611538164359
            ],
            [
              -104.55651001572053,
              43.44360359873835
            ],
            [
              -104.55418302943778,
              43.44124087041122
            ],
            [
              -104.55170454069379,
              43.439037590162634
            ],
            [
              -104.54908545221213,
              43.437003450090494
            ],
            [
              -104.54633728520619,
              43.43514739825517
            ],
            [
              -104.5434721286981,
              43.43347759931754
            ],
            [
              -104.54050258633978,
              43.43200139862317
            ],
            [
              -104.53744172097026,
              43.43072528989051
            ],
            [
              -104.53430299715303,
              43.429654886645466
            ],
            [
              -104.5311002219462,
              43.42879489752783
            ],
            [
              -104.52946093480105,
              43.4284694367889
            ],
            [
              -104.52868319688507,
              43.428289016040445
            ],
            [
              -104.52912785007841,
              43.427654736680374
            ],
            [
              -104.55813819319211,
              43.388979805764734
            ],
            [
              -104.55863523520807,
              43.388360973249
            ],
            [
              -104.55913183195067,
              43.388979805764635
            ],
            [
              -104.58814217506455,
              43.42765473668048
            ],
            [
              -104.58860302198207,
              43.42831269786261
            ],
            [
              -104.58845417483897,
              43.42917597190366
            ],
            [
              -104.58816469785063,
              43.43057966418535
            ],
            [
              -104.58771804931104,
              43.43377701583263
            ],
            [
              -104.58747867066367,
              43.43699652671746
            ],
            [
              -104.58744755988313,
              43.44022477463137
            ],
            [
              -104.58762484667092,
              43.44344830094104
            ],
            [
              -104.5880097919147,
              43.44665366669765
            ],
            [
              -104.58860079076968,
              43.44982750866406
            ],
            [
              -104.5893953793492,
              43.4529565950265
            ],
            [
              -104.59039024499683,
              43.45602788055824
            ],
            [
              -104.59158124009676,
              43.45902856100545
            ],
            [
              -104.59296339936546,
              43.46194612646834
            ],
            [
              -104.59453096055191,
              43.46476841355527
            ],
            [
              -104.5962773884606,
              43.467483656092135
            ],
            [
              -104.59819540219698,
              43.47008053417581
            ],
            [
              -104.60027700552146,
              43.47254822136704
            ],
            [
              -104.60251352018614,
              43.474876429826146
            ],
            [
              -104.6048956221144,
              43.477055453203185
            ],
            [
              -104.60741338027331,
              43.479076207103965
            ],
            [
              -104.61005629807627,
              43.48093026696305
            ],
            [
              -104.6128133571435,
              43.48260990316599
            ],
            [
              -104.61567306323784,
              43.484108113274175
            ],
            [
              -104.61862349418458,
              43.48541865121823
            ],
            [
              -104.62165234957517,
              43.48653605333797
            ],
            [
              -104.62474700204793,
              43.48745566116048
            ],
            [
              -104.62789454993171,
              43.488173640821465
            ],
            [
              -104.6286161363573,
              43.48831389892427
            ],
            [
              -104.62954783676204,
              43.48884245113857
            ],
            [
              -104.63249217602717,
              43.49038534000236
            ],
            [
              -104.63553252616106,
              43.49172918181504
            ],
            [
              -104.63865544925424,
              43.49286803698944
            ],
            [
              -104.64184714243665,
              43.4937968719498
            ],
            [
              -104.64509349888432,
              43.49451158137942
            ],
            [
              -104.64838017016957,
              43.495009006365635
            ],
            [
              -104.65169262967892,
              43.495286948361674
            ],
            [
              -104.65501623681864,
              43.49534417890396
            ],
            [
              -104.6583363017241,
              43.49518044504175
            ],
            [
              -104.66163815018686,
              43.494796470455114
            ],
            [
              -104.66490718851249,
              43.4941939522564
            ],
            [
              -104.66812896802264,
              43.49337555348923
            ],
            [
              -104.67128924891615,
              43.49234489135822
            ],
            [
              -104.67437406320686,
              43.49110652124147
            ],
            [
              -104.67736977646011,
              43.48966591655645
            ],
            [
              -104.68026314805499,
              43.48802944456827
            ],
            [
              -104.683041389706,
              43.486204338247326
            ],
            [
              -104.68569222198538,
              43.48419866430054
            ],
            [
              -104.68820392859644,
              43.48202128751776
            ],
            [
              -104.69056540815787,
              43.4796818315906
            ],
            [
              -104.6927662232703,
              43.47719063657715
            ],
            [
              -104.69479664664809,
              43.47455871320039
            ],
            [
              -104.69664770411245,
              43.471797694182385
            ],
            [
              -104.69831121425617,
              43.468919782829346
            ],
            [
              -104.69862217314886,
              43.468337998830776
            ],
            [
              -104.69919358437227,
              43.468873108278196
            ],
            [
              -104.73803440957835,
              43.507708384002015
            ],
            [
              -104.73853250540023,
              43.50823989582386
            ]
          ]
        ]
      },
      "properties": {
        "hail_size_bin": "0.5\"",
        "min_size_inches": 0.5
      }
    },
    {
      "type": "Feature",
      "geometry": {
        "type": "Polygon",
        "coordinates": [
          [
            [
              -104.86855080629155,
              42.868483353516375
            ],
            [
              -104.86816396786737,
              42.869148763512534
            ],
            [
              -104.81903669225385,
              42.94774117379788
            ],
            [
              -104.81860037451911,
              42.94839032910637
            ],
            [
              -104.81822757287229,
              42.94770272841382
            ],
            [
              -104.79924602067187,
              42.90974504808864
            ],
            [
              -104.79773776143969,
              42.906953991606386
            ],
            [
              -104.79605553413904,
              42.90426420471752
            ],
            [
              -104.79420611131086,
              42.90168651633427
            ],
            [
              -104.79219693861468,
              42.89923130406738
            ],
            [
              -104.790036104853,
              42.89690845244643
            ],
            [
              -104.78773230940612,
              42.89472731312546
            ],
            [
              -104.78529482720911,
              42.89269666723367
            ],
            [
              -104.78273347141143,
              42.89082469002327
            ],
            [
              -104.78005855386985,
              42.88911891795634
            ],
            [
              -104.77728084363356,
              42.887586218363545
            ],
            [
              -104.77441152358863,
              42.886232761796705
            ],
            [
              -104.77146214543644,
              42.885063997186535
            ],
            [
              -104.76844458318729,
              42.88408462990557
            ],
            [
              -104.7653709853563,
              42.88329860282468
            ],
            [
              -104.69940112088346,
              42.868640727522525
            ],
            [
              -104.69862982864161,
              42.868443088059905
            ],
            [
              -104.69813179447456,
              42.86782186744857
            ],
            [
              -104.66910824815005,
              42.82912933476713
            ],
            [
              -104.66867706944825,
              42.82851369643737
            ],
            [
              -104.66941832291506,
              42.82863727329324
            ],
            [
              -104.8678012404981,
              42.86830818791648
            ],
            [
              -104.86855080629155,
              42.868483353516375
            ]
          ]
        ]
      },
      "properties": {
        "hail_size_bin": "0.5\"",
        "min_size_inches": 0.5
      }
    },
    {
      "type": "Feature",
      "geometry": {
        "type": "Polygon",
        "coordinates": [
          [
            [
              -104.7985269198657,
              41.14893294133861
            ],
            [
              -104.79777888280047,
              41.14895753857143
            ],
            [
              -104.69943154523267,
              41.14895753857143
            ],
            [
              -104.69871428511077,
              41.14893410555461
            ],
            [
              -104.69934536203247,
              41.14859241401647
            ],
            [
              -104.75787829775713,
              41.1193301276756
            ],
            [
              -104.75860369170292,
              41.11899654118565
            ],
            [
              -104.75925771644917,
              41.11945450183251
            ],
            [
              -104.79794321642277,
              41.14846448134539
            ],
            [
              -104.7985269198657,
              41.14893294133861
            ]
          ]
        ]
      },
      "properties": {
        "hail_size_bin": "0.5\"",
        "min_size_inches": 0.5
      }
    },
    {
      "type": "Feature",
      "geometry": {
        "type": "Polygon",
        "coordinates": [
          [
            [
              -104.86852039113447,
              44.55799735573234
            ],
            [
              -104.86789691968534,
              44.55839937494045
            ],
            [
              -104.81930429042384,
              44.58755078681961
            ],
            [
              -104.81860835118107,
              44.5879377011967
            ],
            [
              -104.81822940626313,
              44.587237776385884
            ],
            [
              -104.79896947203528,
              44.54872341155492
            ],
            [
              -104.79864539167063,
              44.54801812864163
            ],
            [
              -104.79941689645861,
              44.548102592835036
            ],
            [
              -104.86778977695727,
              44.55786875162768
            ],
            [
              -104.86852039113447,
              44.55799735573234
            ]
          ]
        ]
      },
      "properties": {
        "hail_size_bin": "0.5\"",
        "min_size_inches": 0.5
      }
    },
    {
      "type": "Feature",
      "geometry": {
        "type": "Polygon",
        "coordinates": [
          [
            [
              -104.88853995617892,
              39.96931368522252
            ],
            [
              -104.88807441399057,
              39.969936431311865
            ],
            [
              -104.84909822503572,
              40.01864970647704
            ],
            [
              -104.84859821560921,
              40.019234834175414
            ],
            [
              -104.84823229195872,
              40.01855796372756
            ],
            [
              -104.818966614321,
              39.96003497126921
            ],
            [
              -104.81864253395635,
              39.95932968835592
            ],
            [
              -104.81941403874433,
              39.95941415254933
            ],
            [
              -104.88777427440384,
              39.96917850519447
            ],
            [
              -104.88853995617892,
              39.96931368522252
            ]
          ]
        ]
      },
      "properties": {
        "hail_size_bin": "0.5\"",
        "min_size_inches": 0.5
      }
    },
    {
      "type": "Feature",
      "geometry": {
        "type": "Polygon",
        "coordinates": [
          [
            [
              -104.96854628915287,
              43.82816560772003
            ],
            [
              -104.96775293508338,
              43.828191747714285
            ],
            [
              -104.91940176982104,
              43.828191747714285
            ],
            [
              -104.91860939797027,
              43.828165808145705
            ],
            [
              -104.91858357371429,
              43.82737355160753
            ],
            [
              -104.91858357371429,
              43.75902994582104
            ],
            [
              -104.91860951328287,
              43.75823757397026
            ],
            [
              -104.91940176982104,
              43.758211749714285
            ],
            [
              -104.95776592370957,
              43.758211749714285
            ],
            [
              -104.95855594226944,
              43.75823741421727
            ],
            [
              -104.95869269925466,
              43.75901552163951
            ],
            [
              -104.96845995343249,
              43.827376532234375
            ],
            [
              -104.96854628915287,
              43.82816560772003
            ]
          ]
        ]
      },
      "properties": {
        "hail_size_bin": "0.5\"",
        "min_size_inches": 0.5
      }
    },
    {
      "type": "Feature",
      "geometry": {
        "type": "Polygon",
        "coordinates": [
          [
            [
              -105.10851540378579,
              44.54801159819159
            ],
            [
              -105.10818947292044,
              44.548719813014856
            ],
            [
              -105.07892590444791,
              44.6072385877455
            ],
            [
              -105.07854228749291,
              44.607946906521995
            ],
            [
              -105.07794926216488,
              44.60812416556342
            ],
            [
              -105.07597381611295,
              44.608646165083165
            ],
            [
              -105.07284726506622,
              44.609697287035935
            ],
            [
              -105.06979682253221,
              44.610952268770525
            ],
            [
              -105.06683576425502,
              44.612405648516656
            ],
            [
              -105.06397697697204,
              44.61405110106174
            ],
            [
              -105.06123290233002,
              44.6158814652786
            ],
            [
              -105.05861548273803,
              44.617888775291256
            ],
            [
              -105.05855361126639,
              44.61793955189579
            ],
            [
              -105.05774537360755,
              44.617966010857145
            ],
            [
              -104.99938867951838,
              44.617966010857145
            ],
            [
              -104.99867141939647,
              44.617942577840324
            ],
            [
              -104.99930249631818,
              44.617600886302185
            ],
            [
              -105.0509491965296,
              44.59178122577367
            ],
            [
              -105.05389989457211,
              44.590180085715545
            ],
            [
              -105.0567364977284,
              44.58838454931724
            ],
            [
              -105.05944621828685,
              44.58640271104963
            ],
            [
              -105.06201684053624,
              44.58424350525241
            ],
            [
              -105.0644367758355,
              44.58191666585716
            ],
            [
              -105.06669511485644,
              44.57943268250569
            ],
            [
              -105.06878167676427,
              44.57680275326166
            ],
            [
              -105.07068705511392,
              44.57403873412848
            ],
            [
              -105.07240266025516,
              44.57115308560117
            ],
            [
              -105.07392075805585,
              44.56815881649312
            ],
            [
              -105.07523450476808,
              44.56506942529096
            ],
            [
              -105.07633797788061,
              44.56189883930194
            ],
            [
              -105.0772262028182,
              44.558661351868125
            ],
            [
              -105.07789517536743,
              44.55537155793047
            ],
            [
              -105.07834187972826,
              44.552044288233276
            ],
            [
              -105.07856430210943,
              44.548694542465576
            ],
            [
              -105.07858665156859,
              44.548011837113116
            ],
            [
              -105.07937890810675,
              44.54798601285714
            ],
            [
              -105.10773598846309,
              44.54798601285714
            ],
            [
              -105.10851540378579,
              44.54801159819159
            ]
          ]
        ]
      },
      "properties": {
        "hail_size_bin": "0.5\"",
        "min_size_inches": 0.5
      }
    },
    {
      "type": "Feature",
      "geometry": {
        "type": "Polygon",
        "coordinates": [
          [
            [
              -105.13851960778449,
              43.25837482734793
            ],
            [
              -105.13835033757955,
              43.259161710921674
            ],
            [
              -105.12875586372895,
              43.29753412298418
            ],
            [
              -105.1285331679986,
              43.298313355785304
            ],
            [
              -105.12772797155897,
              43.29822526597198
            ],
            [
              -105.05936569423345,
              43.28846062170194
            ],
            [
              -105.05858483846522,
              43.28832313548902
            ],
            [
              -105.05840464168155,
              43.28755152222968
            ],
            [
              -105.04872739193696,
              43.23917218681577
            ],
            [
              -105.04859842941502,
              43.23839438352209
            ],
            [
              -105.04937322166349,
              43.23853991547002
            ],
            [
              -105.13774000814563,
              43.25817417343702
            ],
            [
              -105.13851960778449,
              43.25837482734793
            ]
          ]
        ]
      },
      "properties": {
        "hail_size_bin": "0.5\"",
        "min_size_inches": 0.5
      }
    },
    {
      "type": "Feature",
      "geometry": {
        "type": "Polygon",
        "coordinates": [
          [
            [
              -105.50847023168305,
              44.08809841473071
            ],
            [
              -105.50771305172637,
              44.088313981342274
            ],
            [
              -105.42929717388478,
              44.10791514983539
            ],
            [
              -105.42853562986451,
              44.108079475416424
            ],
            [
              -105.428510702,
              44.107301069864086
            ],
            [
              -105.428510702,
              44.04893678859098
            ],
            [
              -105.4285361955715,
              44.04814811487753
            ],
            [
              -105.42928752971304,
              44.047906965222346
            ],
            [
              -105.49772221151306,
              44.02835699264526
            ],
            [
              -105.49848039636379,
              44.0281667205912
            ],
            [
              -105.49863382110748,
              44.02893321166768
            ],
            [
              -105.5083660220993,
              44.087318074539844
            ],
            [
              -105.50847023168305,
              44.08809841473071
            ]
          ]
        ]
      },
      "properties": {
        "hail_size_bin": "0.5\"",
        "min_size_inches": 0.5
      }
    },
    {
      "type": "Feature",
      "geometry": {
        "type": "Polygon",
        "coordinates": [
          [
            [
              -105.58846293581098,
              45.607653835055565
            ],
            [
              -105.5876950361945,
              45.607551010292354
            ],
            [
              -105.52931591383397,
              45.59782254674334
            ],
            [
              -105.52854068370613,
              45.59766672743596
            ],
            [
              -105.52895730459699,
              45.596994744881016
            ],
            [
              -105.54802841131541,
              45.568392172053116
            ],
            [
              -105.54851070445902,
              45.5677188918688
            ],
            [
              -105.54930699603763,
              45.56749122411761
            ],
            [
              -105.58770136840094,
              45.557894002450325
            ],
            [
              -105.5884629124212,
              45.55772967686929
            ],
            [
              -105.58848784028572,
              45.55850808242163
            ],
            [
              -105.58848784028572,
              45.60687938869528
            ],
            [
              -105.58846293581098,
              45.607653835055565
            ]
          ]
        ]
      },
      "properties": {
        "hail_size_bin": "0.5\"",
        "min_size_inches": 0.5
      }
    },
    {
      "type": "Feature",
      "geometry": {
        "type": "Polygon",
        "coordinates": [
          [
            [
              -106.21839782228571,
              45.136981464493815
            ],
            [
              -106.21837048470486,
              45.13779878639306
            ],
            [
              -106.21761756825525,
              45.13811747939822
            ],
            [
              -105.95918285168162,
              45.23750124557223
            ],
            [
              -105.95844706479187,
              45.23775745267042
            ],
            [
              -105.95807659109008,
              45.23707218973234
            ],
            [
              -105.93880550256209,
              45.19853551948851
            ],
            [
              -105.93847361111503,
              45.197813421383884
            ],
            [
              -105.93919797417658,
              45.19748732429508
            ],
            [
              -106.0256872349461,
              45.16187918760297
            ],
            [
              -106.02870953229247,
              45.1605160130031
            ],
            [
              -106.03163484274766,
              45.15895553712043
            ],
            [
              -106.03445030369089,
              45.157204621383805
            ],
            [
              -106.03714353551085,
              45.1552709645881
            ],
            [
              -106.03970269603894,
              45.153163069042535
            ],
            [
              -106.04211653261949,
              45.15089020318595
            ],
            [
              -106.0443744315877,
              45.14846236083338
            ],
            [
              -106.0464664649381,
              45.14589021723311
            ],
            [
              -106.04838343397813,
              45.14318508212757
            ],
            [
              -106.05011690977476,
              45.1403588500242
            ],
            [
              -106.05165927021672,
              45.13742394789523
            ],
            [
              -106.05300373352898,
              45.13439328053611
            ],
            [
              -106.05414438809223,
              45.13128017382304
            ],
            [
              -106.05507621843638,
              45.12809831611892
            ],
            [
              -106.05579512729365,
              45.124861698085454
            ],
            [
              -106.05629795361423,
              45.121584551166116
            ],
            [
              -106.05658248646552,
              45.1182812850103
            ],
            [
              -106.05664747475356,
              45.114966424113966
            ],
            [
              -106.0564926327242,
              45.111654543955275
            ],
            [
              -106.05611864121944,
              45.108360206906035
            ],
            [
              -106.05552714468388,
              45.10509789820084
            ],
            [
              -106.05472074393397,
              45.101881962245294
            ],
            [
              -106.05370298472229,
              45.098726539543556
            ],
            [
              -106.05247834214677,
              45.095645504522366
            ],
            [
              -106.05105220097366,
              45.09265240452504
            ],
            [
              -106.04943083196068,
              45.08976040024369
            ],
            [
              -106.04762136428438,
              45.0869822078515
            ],
            [
              -106.04563175419314,
              45.084330043089565
            ],
            [
              -106.04347075002342,
              45.08181556755418
            ],
            [
              -106.04114785373321,
              45.07944983742068
            ],
            [
              -106.0386732791219,
              45.077243254829284
            ],
            [
              -106.03605790692002,
              45.0752055221468
            ],
            [
              -105.99909785243342,
              45.048329323074604
            ],
            [
              -105.99850558730154,
              45.04786795989244
            ],
            [
              -105.99925593256626,
              45.04784314142857
            ],
            [
              -106.05751667270121,
              45.04784314142857
            ],
            [
              -106.06077052327534,
              45.047737153658915
            ],
            [
              -106.06401057911485,
              45.047419639686225
            ],
            [
              -106.06722310396808,
              45.046891945614426
            ],
            [
              -106.07039447830125,
              45.04615630860821
            ],
            [
              -106.07351125703867,
              45.04521584740862
            ],
            [
              -106.07656022656327,
              45.044074549111045
            ],
            [
              -106.07952846073587,
              45.04273725226192
            ],
            [
              -106.08240337569566,
              45.04120962634568
            ],
            [
              -106.08517278320967,
              45.039498147748866
            ],
            [
              -106.08782494234488,
              45.037610072303444
            ],
            [
              -106.090348609244,
              45.03555340452564
            ],
            [
              -106.09273308479402,
              45.03333686368068
            ],
            [
              -106.09496825998511,
              45.03096984681738
            ],
            [
              -106.09704465876794,
              45.02846238892926
            ],
            [
              -106.09895347822749,
              45.02582512041109
            ],
            [
              -106.10068662590304,
              45.02306922199121
            ],
            [
              -106.10223675409634,
              45.02020637733067
            ],
            [
              -106.11804682479307,
              44.9885907537458
            ],
            [
              -106.11840529418039,
              44.98792888122042
            ],
            [
              -106.11862257488038,
              44.98864941332242
            ],
            [
              -106.14260003261525,
              45.078552032925884
            ],
            [
              -106.14355009880953,
              45.081695737760924
            ],
            [
              -106.14470449090068,
              45.084770292161686
            ],
            [
              -106.14605822860761,
              45.08776243187837
            ],
            [
              -106.14760547163198,
              45.090659248214784
            ],
            [
              -106.14933954485427,
              45.0934482437191
            ],
            [
              -106.15125296713171,
              45.096117386100374
            ],
            [
              -106.15333748357345,
              45.098655160138286
            ],
            [
              -106.15558410115375,
              45.10105061736212
            ],
            [
              -106.15798312750978,
              45.10329342328472
            ],
            [
              -106.16052421275641,
              45.10537390198749
            ],
            [
              -106.16319639413771,
              45.10728307786436
            ],
            [
              -106.1659881433225,
              45.10901271434426
            ],
            [
              -106.16888741613988,
              45.11055534942544
            ],
            [
              -106.1718817045403,
              45.111904327868025
            ],
            [
              -106.17495809055768,
              45.113053829906036
            ],
            [
              -106.17810330204027,
              45.1139988963551
            ],
            [
              -106.1813037699093,
              45.114735450007316
            ],
            [
              -106.18454568669881,
              45.1152603132212
            ],
            [
              -106.18781506612376,
              45.11557122163063
            ],
            [
              -106.19109780341978,
              45.11566683391383
            ],
            [
              -106.19437973619392,
              45.115546737580054
            ],
            [
              -106.19764670552411,
              45.11521145074919
            ],
            [
              -106.2008846170436,
              45.11466241991648
            ],
            [
              -106.20407950174693,
              45.113902013712014
            ],
            [
              -106.20721757625502,
              45.11293351268203
            ],
            [
              -106.21028530227944,
              45.11176109513595
            ],
            [
              -106.21326944502943,
              45.110389819120286
            ],
            [
              -106.21766402142565,
              45.10819284486534
            ],
            [
              -106.21837257844763,
              45.1078672184759
            ],
            [
              -106.21839782228571,
              45.10864638771755
            ],
            [
              -106.21839782228571,
              45.136981464493815
            ]
          ]
        ]
      },
      "properties": {
        "hail_size_bin": "0.5\"",
        "min_size_inches": 0.5
      }
    },
    {
      "type": "Feature",
      "geometry": {
        "type": "Polygon",
        "coordinates": [
          [
            [
              -106.36833205399644,
              45.547675767495356
            ],
            [
              -106.36756970586278,
              45.54770027
            ],
            [
              -106.29921302275474,
              45.54770027
            ],
            [
              -106.29840436531103,
              45.54767352422664
            ],
            [
              -106.29807935044327,
              45.54693277720991
            ],
            [
              -106.27869290677779,
              45.498473592765514
            ],
            [
              -106.27841673629938,
              45.497711958730214
            ],
            [
              -106.27843492988609,
              45.49760928649887
            ],
            [
              -106.2798603588177,
              45.49661138252815
            ],
            [
              -106.31772121301346,
              45.46821979898112
            ],
            [
              -106.3183766487525,
              45.467761389127105
            ],
            [
              -106.31882234281652,
              45.46842512367859
            ],
            [
              -106.36794880406327,
              45.54701623116327
            ],
            [
              -106.36833205399644,
              45.547675767495356
            ]
          ]
        ]
      },
      "properties": {
        "hail_size_bin": "0.5\"",
        "min_size_inches": 0.5
      }
    },
    {
      "type": "Feature",
      "geometry": {
        "type": "Polygon",
        "coordinates": [
          [
            [
              -106.20108677684213,
              45.445710393622825
            ],
            [
              -106.20066663928161,
              45.44598857860865
            ],
            [
              -106.1987360497311,
              45.447457768493685
            ],
            [
              -106.19839938480172,
              45.447697173087676
            ],
            [
              -106.19772253787144,
              45.44727681412752
            ],
            [
              -106.17860899634417,
              45.43453627370676
            ],
            [
              -106.17571111003453,
              45.432744147745915
            ],
            [
              -106.17269789822363,
              45.431153545625385
            ],
            [
              -106.1695833536169,
              45.42977185375818
            ],
            [
              -106.16638193948742,
              45.42860548842319
            ],
            [
              -106.16310852251155,
              45.42765986596931
            ],
            [
              -106.15977830373137,
              45.42693937766319
            ],
            [
              -106.15640674796425,
              45.42644736929703
            ],
            [
              -106.15300951198763,
              45.42618612565151
            ],
            [
              -106.1496023718323,
              45.426156859885765
            ],
            [
              -106.1462011495219,
              45.42635970790368
            ],
            [
              -106.14282163959888,
              45.42679372772284
            ],
            [
              -106.13947953577808,
              45.42745690384885
            ],
            [
              -106.1384065964488,
              45.42770808637337
            ],
            [
              -106.13759860920194,
              45.427683901135474
            ],
            [
              -105.97925090935105,
              45.41778858391559
            ],
            [
              -105.97857124431735,
              45.41772366809457
            ],
            [
              -105.97922550210976,
              45.41752866028317
            ],
            [
              -106.16761334160212,
              45.36795999631004
            ],
            [
              -106.16840660955526,
              45.36777881353139
            ],
            [
              -106.17001404450316,
              45.36805232578929
            ],
            [
              -106.1700142131827,
              45.368051333192476
            ],
            [
              -106.17011692739972,
              45.36807219585384
            ],
            [
              -106.17342870874607,
              45.36851711427242
            ],
            [
              -106.17676281191655,
              45.36873983412766
            ],
            [
              -106.18010434567533,
              45.36873936067712
            ],
            [
              -106.1834383855991,
              45.368515696035395
            ],
            [
              -106.18675004073454,
              45.368069839164654
            ],
            [
              -106.1883995362777,
              45.3677913604588
            ],
            [
              -106.1888967965291,
              45.36841119303719
            ],
            [
              -106.2179092309895,
              45.40708891201671
            ],
            [
              -106.21836737609472,
              45.407743019506746
            ],
            [
              -106.21803363950883,
              45.40846853548667
            ],
            [
              -106.20514302088333,
              45.434246089177485
            ],
            [
              -106.2037787507666,
              45.437212610261575
            ],
            [
              -106.20261101161206,
              45.440261850422786
            ],
            [
              -106.20164478335093,
              45.44338080589556
            ],
            [
              -106.20108677684213,
              45.445710393622825
            ]
          ]
        ]
      },
      "properties": {
        "hail_size_bin": "0.5\"",
        "min_size_inches": 0.5
      }
    },
    {
      "type": "Feature",
      "geometry": {
        "type": "Polygon",
        "coordinates": [
          [
            [
              -106.45829565541625,
              44.997857489096496
            ],
            [
              -106.45759594311431,
              44.99816441934306
            ],
            [
              -106.40910667839889,
              45.01755735401813
            ],
            [
              -106.4083658624427,
              45.01782672599169
            ],
            [
              -106.40757798862371,
              45.017851713714286
            ],
            [
              -106.38919396867976,
              45.017851713714286
            ],
            [
              -106.38841455335707,
              45.01782612837983
            ],
            [
              -106.38874048422241,
              45.01711791355657
            ],
            [
              -106.40800905116184,
              44.97858628576931
            ],
            [
              -106.40838293930841,
              44.977895404017495
            ],
            [
              -106.40912138153213,
              44.97816338353772
            ],
            [
              -106.45759594311431,
              44.997550437799795
            ],
            [
              -106.45829565541625,
              44.997857489096496
            ]
          ]
        ]
      },
      "properties": {
        "hail_size_bin": "0.5\"",
        "min_size_inches": 0.5
      }
    },
    {
      "type": "Feature",
      "geometry": {
        "type": "Polygon",
        "coordinates": [
          [
            [
              -106.66827368333898,
              43.63822131807353
            ],
            [
              -106.66751530279386,
              43.63824603885714
            ],
            [
              -106.56916239404468,
              43.63824603885714
            ],
            [
              -106.56845922951688,
              43.63822312137452
            ],
            [
              -106.56909654766005,
              43.63792519811563
            ],
            [
              -106.63757804655161,
              43.60858017764897
            ],
            [
              -106.63833182575759,
              43.60828626993823
            ],
            [
              -106.63892233235852,
              43.60883904970057
            ],
            [
              -106.66775491281926,
              43.63766751063262
            ],
            [
              -106.66827368333898,
              43.63822131807353
            ]
          ]
        ]
      },
      "properties": {
        "hail_size_bin": "0.5\"",
        "min_size_inches": 0.5
      }
    },
    {
      "type": "Feature",
      "geometry": {
        "type": "Polygon",
        "coordinates": [
          [
            [
              -107.1072118735895,
              44.898584748799635
            ],
            [
              -107.10657110003208,
              44.898997172189
            ],
            [
              -107.10393146397325,
              44.90095266652148
            ],
            [
              -107.10142593419754,
              44.90307727405007
            ],
            [
              -107.09906532621169,
              44.90536182357779
            ],
            [
              -107.09685982994512,
              44.90779645349334
            ],
            [
              -107.09481896576354,
              44.91037065434017
            ],
            [
              -107.09295154337279,
              44.913073314182256
            ],
            [
              -107.0912656237904,
              44.91589276657044
            ],
            [
              -107.08976848454898,
              44.91881684090247
            ],
            [
              -107.08846658828156,
              44.92183291495932
            ],
            [
              -107.08736555482473,
              44.92492796939089
            ],
            [
              -107.08647013695966,
              44.92808864391612
            ],
            [
              -107.08578419989604,
              44.931301294994626
            ],
            [
              -107.08531070458727,
              44.93455205472123
            ],
            [
              -107.0850516949491,
              44.93782689068885
            ],
            [
              -107.08500828903667,
              44.9411116665616
            ],
            [
              -107.08518067421831,
              44.944392203096484
            ],
            [
              -107.08556810636672,
              44.94765433935021
            ],
            [
              -107.08616891307113,
              44.950883993807174
            ],
            [
              -107.08698050085648,
              44.95406722516448
            ],
            [
              -107.08799936637861,
              44.95719029251171
            ],
            [
              -107.08822618149617,
              44.95781512838046
            ],
            [
              -107.08756651198455,
              44.95747613677719
            ],
            [
              -106.99899302603025,
              44.90827567522667
            ],
            [
              -106.99833024414227,
              44.90787895213704
            ],
            [
              -106.99890740452268,
              44.907365691793224
            ],
            [
              -107.05765154212695,
              44.85841923813877
            ],
            [
              -107.05827822286533,
              44.857930791540824
            ],
            [
              -107.05891436296463,
              44.85840661155391
            ],
            [
              -107.10763266753247,
              44.89737568660629
            ],
            [
              -107.10822694536759,
              44.897883750638044
            ],
            [
              -107.1072118735895,
              44.898584748799635
            ]
          ]
        ]
      },
      "properties": {
        "hail_size_bin": "0.5\"",
        "min_size_inches": 0.5
      }
    },
    {
      "type": "Feature",
      "geometry": {
        "type": "Polygon",
        "coordinates": [
          [
            [
              -107.5580645738761,
              44.99782005439996
            ],
            [
              -107.55740231264889,
              44.9977681032492
            ],
            [
              -107.28904985812883,
              44.967955424029576
            ],
            [
              -107.28826821032706,
              44.9678428532985
            ],
            [
              -107.28816433753889,
              44.96706014568688
            ],
            [
              -107.27832674060616,
              44.86869823207789
            ],
            [
              -107.27827434232402,
              44.86792174388625
            ],
            [
              -107.27905182368022,
              44.867954230340594
            ],
            [
              -107.54739269504408,
              44.887828491931366
            ],
            [
              -107.5480919786512,
              44.887903332277034
            ],
            [
              -107.54743239373384,
              44.888147286874364
            ],
            [
              -107.53425846734298,
              44.89253796825184
            ],
            [
              -107.53119818762347,
              44.893670144804474
            ],
            [
              -107.52821827092892,
              44.89499951766471
            ],
            [
              -107.52533140829031,
              44.89652042522725
            ],
            [
              -107.52254989443495,
              44.898226390168404
            ],
            [
              -107.51988557542505,
              44.90011014703208
            ],
            [
              -107.51734979820702,
              44.902163673172296
            ],
            [
              -107.51495336228653,
              44.90437822292044
            ],
            [
              -107.51270647373498,
              44.906744364831845
            ],
            [
              -107.51061870172329,
              44.909252021852886
            ],
            [
              -107.50869893776823,
              44.91189051423772
            ],
            [
              -107.50695535786475,
              44.91464860503176
            ],
            [
              -107.50539538766559,
              44.917514547928214
            ],
            [
              -107.5040256708565,
              44.92047613729389
            ],
            [
              -107.5028520408618,
              44.92352076015125
            ],
            [
              -107.50187949600061,
              44.92663544989518
            ],
            [
              -107.50111217819978,
              44.929806941515935
            ],
            [
              -107.500553355354,
              44.93302172809284
            ],
            [
              -107.50020540740836,
              44.93626611831831
            ],
            [
              -107.50006981622245,
              44.93952629480713
            ],
            [
              -107.50014715925937,
              44.942788372942715
            ],
            [
              -107.5004371071264,
              44.94603846000961
            ],
            [
              -107.50093842497783,
              44.94926271436059
            ],
            [
              -107.50164897777397,
              44.95244740436621
            ],
            [
              -107.50256573937399,
              44.95557896689579
            ],
            [
              -107.50368480542386,
              44.958644065080854
            ],
            [
              -107.50500140998432,
              44.96162964511485
            ],
            [
              -107.50650994582838,
              44.96452299184747
            ],
            [
              -107.50820398832172,
              44.967311782936584
            ],
            [
              -107.51007632278422,
              44.96998414132732
            ],
            [
              -107.51211897521621,
              44.97252868583471
            ],
            [
              -107.51432324625864,
              44.97493457961446
            ],
            [
              -107.51667974824235,
              44.97719157631556
            ],
            [
              -107.51917844516876,
              44.97929006371793
            ],
            [
              -107.52180869545178,
              44.981221104669515
            ],
            [
              -107.52455929723871,
              44.982976475148284
            ],
            [
              -107.52741853611735,
              44.98454869928716
            ],
            [
              -107.53037423500597,
              44.98593108121263
            ],
            [
              -107.55746276038272,
              44.99753879051308
            ],
            [
              -107.5580645738761,
              44.99782005439996
            ]
          ]
        ]
      },
      "properties": {
        "hail_size_bin": "0.5\"",
        "min_size_inches": 0.5
      }
    },
    {
      "type": "Feature",
      "geometry": {
        "type": "Polygon",
        "coordinates": [
          [
            [
              -107.82812921763711,
              45.897578964295974
            ],
            [
              -107.82736319432989,
              45.89767687590467
            ],
            [
              -107.61901999746213,
              45.917516250123775
            ],
            [
              -107.61851719960383,
              45.91754741506258
            ],
            [
              -107.61900768221035,
              45.91743258830123
            ],
            [
              -107.81736967494044,
              45.87776585805064
            ],
            [
              -107.8181548580512,
              45.87763531058854
            ],
            [
              -107.81853388669774,
              45.87833523375729
            ],
            [
              -107.82780628728918,
              45.896877385304265
            ],
            [
              -107.82812921763711,
              45.897578964295974
            ]
          ]
        ]
      },
      "properties": {
        "hail_size_bin": "0.5\"",
        "min_size_inches": 0.5
      }
    },
    {
      "type": "Feature",
      "geometry": {
        "type": "Polygon",
        "coordinates": [
          [
            [
              -108.25881006357652,
              44.426193780320055
            ],
            [
              -108.2586751942055,
              44.42650377098859
            ],
            [
              -108.25807115886454,
              44.42802972530588
            ],
            [
              -108.25769026602654,
              44.42871365192508
            ],
            [
              -108.22853817971614,
              44.477293520477595
            ],
            [
              -108.22809624791894,
              44.47797738717806
            ],
            [
              -108.22728380908349,
              44.47792334537879
            ],
            [
              -108.12895671697987,
              44.46809204104191
            ],
            [
              -108.1281316445362,
              44.467981579557154
            ],
            [
              -108.12813110648604,
              44.46735816132173
            ],
            [
              -108.12812491057143,
              44.46717291837381
            ],
            [
              -108.12812491057143,
              44.448820434447185
            ],
            [
              -108.1281502039833,
              44.448035954508185
            ],
            [
              -108.12892138987071,
              44.44789206937359
            ],
            [
              -108.24630502317814,
              44.4298356290935
            ],
            [
              -108.24952847367975,
              44.42923095674242
            ],
            [
              -108.25270534849842,
              44.428416261600134
            ],
            [
              -108.2558219791153,
              44.42739504889633
            ],
            [
              -108.25881006357652,
              44.426193780320055
            ]
          ]
        ]
      },
      "properties": {
        "hail_size_bin": "0.5\"",
        "min_size_inches": 0.5
      }
    },
    {
      "type": "Feature",
      "geometry": {
        "type": "Polygon",
        "coordinates": [
          [
            [
              -108.06812625149179,
              44.518022070250076
            ],
            [
              -108.06812668951265,
              44.5186123228168
            ],
            [
              -108.06813348371429,
              44.51881843833381
            ],
            [
              -108.06813348371429,
              44.60713291437339
            ],
            [
              -108.06810633224775,
              44.60794467793331
            ],
            [
              -108.06730167730585,
              44.60805203704191
            ],
            [
              -107.96895580978779,
              44.61788521865198
            ],
            [
              -107.9681737520013,
              44.61793783231339
            ],
            [
              -107.96815158647419,
              44.61635251283486
            ],
            [
              -107.9681543627533,
              44.6161966832947
            ],
            [
              -107.96799355819452,
              44.612884739316826
            ],
            [
              -107.96761359012973,
              44.60959073638901
            ],
            [
              -107.96701612963275,
              44.60632916131349
            ],
            [
              -107.96620380429452,
              44.603114358276976
            ],
            [
              -107.96518018666693,
              44.59996046576593
            ],
            [
              -107.96394977855111,
              44.59688135438645
            ],
            [
              -107.96251799119882,
              44.59389056586224
            ],
            [
              -107.96089112151404,
              44.591001253479085
            ],
            [
              -107.95907632435967,
              44.58822612423754
            ],
            [
              -107.95708158109095,
              44.58557738296845
            ],
            [
              -107.95491566445394,
              44.58306667865686
            ],
            [
              -107.95258810000358,
              44.58070505321065
            ],
            [
              -107.95010912421104,
              44.57850289289888
            ],
            [
              -107.94748963944429,
              44.57646988267377
            ],
            [
              -107.94474116602024,
              44.57461496357687
            ],
            [
              -107.94187579153926,
              44.57294629341698
            ],
            [
              -107.93890611772464,
              44.57147121089268
            ],
            [
              -107.93584520500109,
              44.57019620331722
            ],
            [
              -107.93270651505586,
              44.56912687808771
            ],
            [
              -107.92950385163519,
              44.56826793802425
            ],
            [
              -107.92818424897224,
              44.56796054169143
            ],
            [
              -107.92834990396463,
              44.56719474525252
            ],
            [
              -107.93795271634802,
              44.528788983824484
            ],
            [
              -107.93817315348271,
              44.52801623016313
            ],
            [
              -107.93897143861923,
              44.52792870750728
            ],
            [
              -108.0673120565046,
              44.51805776282333
            ],
            [
              -108.06812625149179,
              44.518022070250076
            ]
          ]
        ]
      },
      "properties": {
        "hail_size_bin": "0.5\"",
        "min_size_inches": 0.5
      }
    },
    {
      "type": "Feature",
      "geometry": {
        "type": "Polygon",
        "coordinates": [
          [
            [
              -108.20604695185698,
              45.06078469043137
            ],
            [
              -108.2046636914172,
              45.06021082918325
            ],
            [
              -108.2014995199358,
              45.05913963510566
            ],
            [
              -108.19827088240139,
              45.05828211683355
            ],
            [
              -108.19499219072601,
              45.057642102135695
            ],
            [
              -108.19167808025217,
              45.05722244789379
            ],
            [
              -108.18834334442387,
              45.057025027350036
            ],
            [
              -108.18500286875211,
              45.05705072174535
            ],
            [
              -108.18167156436922,
              45.05729941638572
            ],
            [
              -108.17836430146899,
              45.05777000115419
            ],
            [
              -108.17812191839622,
              45.05781279445556
            ],
            [
              -108.17740816681975,
              45.05744611839993
            ],
            [
              -108.08884491999953,
              45.008251344444496
            ],
            [
              -108.08824158914503,
              45.00788992067218
            ],
            [
              -108.08894272529008,
              45.007944791505004
            ],
            [
              -108.17729313002508,
              45.01776010055444
            ],
            [
              -108.17809263552232,
              45.01787589045184
            ],
            [
              -108.17811691640603,
              45.01811915587767
            ],
            [
              -108.17829214297488,
              45.02079123180857
            ],
            [
              -108.17871101311664,
              45.02399317345148
            ],
            [
              -108.17933569750731,
              45.027161398805255
            ],
            [
              -108.18016359049273,
              45.030282692717236
            ],
            [
              -108.18119123880459,
              45.03334403579297
            ],
            [
              -108.18241435596457,
              45.03633265870214
            ],
            [
              -108.18382784016386,
              45.03923609544135
            ],
            [
              -108.18542579554362,
              45.04204223533176
            ],
            [
              -108.18720155678747,
              45.044739373534576
            ],
            [
              -108.1891477169236,
              45.0473162598737
            ],
            [
              -108.19125615822034,
              45.04976214576198
            ],
            [
              -108.19351808604645,
              45.05206682903517
            ],
            [
              -108.19592406555492,
              45.05422069650673
            ],
            [
              -108.19846406103713,
              45.05621476406593
            ],
            [
              -108.2011274777833,
              45.058040714151886
            ],
            [
              -108.20390320627473,
              45.059690930447445
            ],
            [
              -108.20604695185698,
              45.06078469043137
            ]
          ]
        ]
      },
      "properties": {
        "hail_size_bin": "0.5\"",
        "min_size_inches": 0.5
      }
    },
    {
      "type": "Feature",
      "geometry": {
        "type": "Polygon",
        "coordinates": [
          [
            [
              -108.2779804508412,
              46.77724421282979
            ],
            [
              -108.2774163565777,
              46.77690714866702
            ],
            [
              -108.13881665543619,
              46.68782007115332
            ],
            [
              -108.13818919119831,
              46.687386891856214
            ],
            [
              -108.13893150059997,
              46.687212942455275
            ],
            [
              -108.1873231593119,
              46.67753599352929
            ],
            [
              -108.18810741230504,
              46.67740539192979
            ],
            [
              -108.1886574934703,
              46.67797857915218
            ],
            [
              -108.27755700998942,
              46.776741706678045
            ],
            [
              -108.2779804508412,
              46.77724421282979
            ]
          ]
        ]
      },
      "properties": {
        "hail_size_bin": "0.5\"",
        "min_size_inches": 0.5
      }
    },
    {
      "type": "Feature",
      "geometry": {
        "type": "Polygon",
        "coordinates": [
          [
            [
              -108.46696637133049,
              44.7077848189614
            ],
            [
              -108.46803043092588,
              44.707959617656726
            ],
            [
              -108.46758777849296,
              44.70859160217687
            ],
            [
              -108.43857743537943,
              44.74726653309228
            ],
            [
              -108.43806712658825,
              44.74790188314903
            ],
            [
              -108.43725265941566,
              44.74792886428571
            ],
            [
              -108.38890193739061,
              44.74792886428571
            ],
            [
              -108.38809601216599,
              44.747902610689835
            ],
            [
              -108.38710318349008,
              44.74719532631084
            ],
            [
              -108.38438958365978,
              44.745393547111085
            ],
            [
              -108.38156442552372,
              44.74377227790768
            ],
            [
              -108.37863969908956,
              44.742338399388075
            ],
            [
              -108.3756278169341,
              44.741097996951254
            ],
            [
              -108.37254156152414,
              44.740056334881196
            ],
            [
              -108.36939403096757,
              44.73921783400519
            ],
            [
              -108.36619858342473,
              44.738586052931794
            ],
            [
              -108.36296878041634,
              44.73816367294806
            ],
            [
              -108.35971832926812,
              44.7379524866401
            ],
            [
              -108.35805288409132,
              44.737898671734555
            ],
            [
              -108.35729882033188,
              44.73777309907609
            ],
            [
              -108.30890913356112,
              44.728096544481986
            ],
            [
              -108.3081456262348,
              44.727917448754546
            ],
            [
              -108.30861522040216,
              44.72728963472998
            ],
            [
              -108.34759364146939,
              44.678573569822966
            ],
            [
              -108.34810559700064,
              44.67797408838667
            ],
            [
              -108.34889353120104,
              44.67794886628572
            ],
            [
              -108.42725999884755,
              44.67794886628572
            ],
            [
              -108.42806439094107,
              44.677975323329576
            ],
            [
              -108.42838869030498,
              44.67870173167328
            ],
            [
              -108.42982854886735,
              44.68166019620616
            ],
            [
              -108.43145986592519,
              44.68451755682896
            ],
            [
              -108.43327557741556,
              44.687261440364324
            ],
            [
              -108.43526782079563,
              44.68987996502269
            ],
            [
              -108.4374279690897,
              44.6923617918538
            ],
            [
              -108.43974666824641,
              44.69469617384751
            ],
            [
              -108.44221387764449,
              44.696873002471435
            ],
            [
              -108.44481891357141,
              44.698882851443706
            ],
            [
              -108.44755049548694,
              44.70071701755143
            ],
            [
              -108.45039679487097,
              44.70236755833809
            ],
            [
              -108.45334548644443,
              44.70382732649656
            ],
            [
              -108.45638380154121,
              44.70509000081902
            ],
            [
              -108.45949858340003,
              44.70615011356956
            ],
            [
              -108.46267634413701,
              44.707003074160966
            ],
            [
              -108.4659033231519,
              44.70764518903333
            ],
            [
              -108.46696637133049,
              44.7077848189614
            ]
          ]
        ]
      },
      "properties": {
        "hail_size_bin": "0.5\"",
        "min_size_inches": 0.5
      }
    },
    {
      "type": "Feature",
      "geometry": {
        "type": "Polygon",
        "coordinates": [
          [
            [
              -108.85789747288104,
              46.10759947286006
            ],
            [
              -108.85735019768808,
              46.108009471368135
            ],
            [
              -108.55875839014199,
              46.31699387320258
            ],
            [
              -108.55805427889986,
              46.31745190429185
            ],
            [
              -108.55721525108436,
              46.317480247999995
            ],
            [
              -108.41889565618796,
              46.317480247999995
            ],
            [
              -108.41814602355133,
              46.3174558880329
            ],
            [
              -108.41868447892726,
              46.31693395768834
            ],
            [
              -108.52747650624254,
              46.21804624552827
            ],
            [
              -108.52808369439454,
              46.21752878219228
            ],
            [
              -108.52879790855089,
              46.21718435653336
            ],
            [
              -108.61728711544083,
              46.17786143930307
            ],
            [
              -108.61806460688108,
              46.177546774149484
            ],
            [
              -108.61886147509678,
              46.17728503354235
            ],
            [
              -108.85723503032634,
              46.107769346917905
            ],
            [
              -108.85789747288104,
              46.10759947286006
            ]
          ]
        ]
      },
      "properties": {
        "hail_size_bin": "0.5\"",
        "min_size_inches": 0.5
      }
    },
    {
      "type": "Feature",
      "geometry": {
        "type": "Polygon",
        "coordinates": [
          [
            [
              -108.60801043650558,
              44.378025240924124
            ],
            [
              -108.60729186943317,
              44.37834032785158
            ],
            [
              -108.55883778176005,
              44.397719193720135
            ],
            [
              -108.55806705118334,
              44.39799800423153
            ],
            [
              -108.55738482949442,
              44.397544200530426
            ],
            [
              -108.48873254048112,
              44.34851385757192
            ],
            [
              -108.4881377230848,
              44.34805925340974
            ],
            [
              -108.4888771122811,
              44.34794272071049
            ],
            [
              -108.56725603998616,
              44.338146754571085
            ],
            [
              -108.56805265399993,
              44.338073379593695
            ],
            [
              -108.56863644461907,
              44.33862034054966
            ],
            [
              -108.60747410296841,
              44.37745244986922
            ],
            [
              -108.60801043650558,
              44.378025240924124
            ]
          ]
        ]
      },
      "properties": {
        "hail_size_bin": "0.5\"",
        "min_size_inches": 0.5
      }
    },
    {
      "type": "Feature",
      "geometry": {
        "type": "Polygon",
        "coordinates": [
          [
            [
              -108.63802684208267,
              44.60799917016498
            ],
            [
              -108.63805203885714,
              44.60877941366566
            ],
            [
              -108.63805203885714,
              44.637129497888424
            ],
            [
              -108.63802538035974,
              44.63793147182413
            ],
            [
              -108.63722465169313,
              44.63788508973192
            ],
            [
              -108.52888013788406,
              44.62803699574923
            ],
            [
              -108.52822686356261,
              44.62795605402187
            ],
            [
              -108.52887033282995,
              44.62781725126965
            ],
            [
              -108.63725456400145,
              44.608113842997426
            ],
            [
              -108.63802684208267,
              44.60799917016498
            ]
          ]
        ]
      },
      "properties": {
        "hail_size_bin": "0.5\"",
        "min_size_inches": 0.5
      }
    },
    {
      "type": "Feature",
      "geometry": {
        "type": "Polygon",
        "coordinates": [
          [
            [
              -109.32789328651643,
              44.62797788034297
            ],
            [
              -109.32730529249469,
              44.62844920038815
            ],
            [
              -109.28860268426808,
              44.65747200925749
            ],
            [
              -109.2879506268584,
              44.657928969361905
            ],
            [
              -109.28715480310964,
              44.65795458114286
            ],
            [
              -109.23878048453348,
              44.65795458114286
            ],
            [
              -109.23801573183285,
              44.657929668771665
            ],
            [
              -109.2384548583642,
              44.65730327296599
            ],
            [
              -109.26748001526404,
              44.61860859315756
            ],
            [
              -109.26797350087939,
              44.61799294456861
            ],
            [
              -109.26875436377293,
              44.61809804914177
            ],
            [
              -109.32715431526964,
              44.627829983717476
            ],
            [
              -109.32789328651643,
              44.62797788034297
            ]
          ]
        ]
      },
      "properties": {
        "hail_size_bin": "0.5\"",
        "min_size_inches": 0.5
      }
    },
    {
      "type": "Feature",
      "geometry": {
        "type": "Polygon",
        "coordinates": [
          [
            [
              -110.3177127143178,
              47.407145355268895
            ],
            [
              -110.3169954541959,
              47.407168788285716
            ],
            [
              -110.30680381223496,
              47.407168788285716
            ],
            [
              -110.30347396033925,
              47.40727979063741
            ],
            [
              -110.30015889329918,
              47.40761230483161
            ],
            [
              -110.29687333032426,
              47.408164854474016
            ],
            [
              -110.29363185962316,
              47.408934986192236
            ],
            [
              -110.29044887363072,
              47.409919280529
            ],
            [
              -110.28733850510416,
              47.41111336712486
            ],
            [
              -110.28431456437231,
              47.41251194412301
            ],
            [
              -110.28139047801648,
              47.41410880171001
            ],
            [
              -110.27857922925516,
              47.41589684968796
            ],
            [
              -110.2758933002973,
              47.41786814895565
            ],
            [
              -110.27334461692013,
              47.420013946758885
            ],
            [
              -110.27094449551758,
              47.42232471555358
            ],
            [
              -110.26870359285446,
              47.4247901953089
            ],
            [
              -110.2666318587494,
              47.42739943906283
            ],
            [
              -110.26473849189671,
              47.43014086152764
            ],
            [
              -110.2630318990233,
              47.433002290529714
            ],
            [
              -110.26151965756208,
              47.43597102105512
            ],
            [
              -110.26020848200739,
              47.43903387166105
            ],
            [
              -110.25910419410202,
              47.44217724300271
            ],
            [
              -110.25821169698817,
              47.44538717821564
            ],
            [
              -110.25815833811973,
              47.445644394986424
            ],
            [
              -110.25779784772965,
              47.44713554925649
            ],
            [
              -110.2570203744983,
              47.447357377364575
            ],
            [
              -110.17862067888449,
              47.46695450087876
            ],
            [
              -110.17790862693205,
              47.46710807913697
            ],
            [
              -110.17840687842151,
              47.46657684228787
            ],
            [
              -110.22724630986482,
              47.41774438890326
            ],
            [
              -110.22784018061755,
              47.41718824456912
            ],
            [
              -110.22882861111054,
              47.41674056420171
            ],
            [
              -110.23176253344522,
              47.415293880569834
            ],
            [
              -110.23459557934822,
              47.41365844646595
            ],
            [
              -110.23731562248354,
              47.411841262067306
            ],
            [
              -110.23991102020288,
              47.409850105500105
            ],
            [
              -110.24237066337993,
              47.4076934995467
            ],
            [
              -110.2446840239609,
              47.405380675165325
            ],
            [
              -110.24684120002797,
              47.402921531978706
            ],
            [
              -110.24883295818265,
              47.400326595900495
            ],
            [
              -110.25065077306758,
              47.39760697408105
            ],
            [
              -110.25228686385788,
              47.394774307365296
            ],
            [
              -110.25373422756547,
              47.39184072046619
            ],
            [
              -110.25498666901414,
              47.38881877006714
            ],
            [
              -110.2560388273568,
              47.38572139107538
            ],
            [
              -110.25688619902166,
              47.382561841256454
            ],
            [
              -110.25752515698895,
              47.37935364448682
            ],
            [
              -110.25767260355252,
              47.37823589030587
            ],
            [
              -110.25784135891256,
              47.377216537629884
            ],
            [
              -110.25855436486026,
              47.37754420857972
            ],
            [
              -110.3170816373961,
              47.406803663730756
            ],
            [
              -110.3177127143178,
              47.407145355268895
            ]
          ]
        ]
      },
      "properties": {
        "hail_size_bin": "0.5\"",
        "min_size_inches": 0.5
      }
    },
    {
      "type": "Feature",
      "geometry": {
        "type": "Polygon",
        "coordinates": [
          [
            [
              -110.24779748963456,
              41.069032708614735
            ],
            [
              -110.24782199285714,
              41.06978956303298
            ],
            [
              -110.24782199285714,
              41.10813218135424
            ],
            [
              -110.24779474502012,
              41.10894601472975
            ],
            [
              -110.24699658812527,
              41.109106516085724
            ],
            [
              -110.1886358001473,
              41.11883192434091
            ],
            [
              -110.18791268614542,
              41.118928283128746
            ],
            [
              -110.18845773109791,
              41.118443547948736
            ],
            [
              -110.24720033865997,
              41.06949836914728
            ],
            [
              -110.24779748963456,
              41.069032708614735
            ]
          ]
        ]
      },
      "properties": {
        "hail_size_bin": "0.5\"",
        "min_size_inches": 0.5
      }
    },
    {
      "type": "Feature",
      "geometry": {
        "type": "Polygon",
        "coordinates": [
          [
            [
              -110.287781785922,
              46.477468400836194
            ],
            [
              -110.28761727073744,
              46.47823044217303
            ],
            [
              -110.2780201089607,
              46.51661360440383
            ],
            [
              -110.2777957746681,
              46.517398518446846
            ],
            [
              -110.27698973253757,
              46.51752658135973
            ],
            [
              -110.19863788539944,
              46.52731916291192
            ],
            [
              -110.19785476900138,
              46.527391207201
            ],
            [
              -110.19782913714286,
              46.52660520167893
            ],
            [
              -110.19782913714286,
              46.498233739546755
            ],
            [
              -110.19785442834613,
              46.497448429097076
            ],
            [
              -110.19861490005012,
              46.49725422525474
            ],
            [
              -110.2870153932738,
              46.47761247797094
            ],
            [
              -110.287781785922,
              46.477468400836194
            ]
          ]
        ]
      },
      "properties": {
        "hail_size_bin": "0.5\"",
        "min_size_inches": 0.5
      }
    },
    {
      "type": "Feature",
      "geometry": {
        "type": "Polygon",
        "coordinates": [
          [
            [
              -110.3277801573972,
              54.81502172925736
            ],
            [
              -110.32700920870215,
              54.81493697102822
            ],
            [
              -110.2586243630288,
              54.805169103169135
            ],
            [
              -110.25784589105761,
              54.805031982383404
            ],
            [
              -110.257820564,
              54.80424233382834
            ],
            [
              -110.257820564,
              54.74587517244757
            ],
            [
              -110.25784546847474,
              54.74510072608729
            ],
            [
              -110.25861336809116,
              54.74520355085049
            ],
            [
              -110.31700690266803,
              54.75493441609236
            ],
            [
              -110.3177897134165,
              54.755091283282574
            ],
            [
              -110.31794619035969,
              54.755873660256476
            ],
            [
              -110.3276774646938,
              54.814252963976855
            ],
            [
              -110.3277801573972,
              54.81502172925736
            ]
          ]
        ]
      },
      "properties": {
        "hail_size_bin": "0.5\"",
        "min_size_inches": 0.5
      }
    },
    {
      "type": "Feature",
      "geometry": {
        "type": "Polygon",
        "coordinates": [
          [
            [
              -110.46176043479493,
              29.233402247498287
            ],
            [
              -110.46013261242312,
              29.23265475819766
            ],
            [
              -110.45704569817048,
              29.23147735138602
            ],
            [
              -110.45388776616575,
              29.230506376691757
            ],
            [
              -110.4506726043524,
              29.22974607351717
            ],
            [
              -110.44741425054667,
              29.229199761445177
            ],
            [
              -110.4441269311467,
              29.228869825745615
            ],
            [
              -110.44082499901816,
              29.228757706960824
            ],
            [
              -110.43752287082786,
              29.228863894616058
            ],
            [
              -110.4342349640986,
              29.22918792508215
            ],
            [
              -110.43097563426042,
              29.22972838359978
            ],
            [
              -110.41860950566908,
              29.2322012559496
            ],
            [
              -110.41781734336689,
              29.23233255638512
            ],
            [
              -110.41759688592884,
              29.23156044276963
            ],
            [
              -110.40799578118809,
              29.19316151093622
            ],
            [
              -110.40783140013923,
              29.1923999537929
            ],
            [
              -110.40853917536768,
              29.192377314966485
            ],
            [
              -110.40860660050787,
              29.192372938857847
            ],
            [
              -110.40866959997173,
              29.19237502314286
            ],
            [
              -110.43697672290526,
              29.19237502314286
            ],
            [
              -110.43778407348017,
              29.192401450658174
            ],
            [
              -110.43837338527804,
              29.19295348118898
            ],
            [
              -110.4672122184123,
              29.221788193901183
            ],
            [
              -110.46775625932895,
              29.222368960601862
            ],
            [
              -110.46764279487721,
              29.222526990402525
            ],
            [
              -110.46583866260245,
              29.22522978767942
            ],
            [
              -110.46421390896788,
              29.22804406947266
            ],
            [
              -110.46277539693698,
              29.23095794824876
            ],
            [
              -110.46176043479493,
              29.233402247498287
            ]
          ]
        ]
      },
      "properties": {
        "hail_size_bin": "0.5\"",
        "min_size_inches": 0.5
      }
    },
    {
      "type": "Feature",
      "geometry": {
        "type": "Polygon",
        "coordinates": [
          [
            [
              -110.51774535845848,
              47.27718756392576
            ],
            [
              -110.51697911522739,
              47.27736677157128
            ],
            [
              -110.46859914094682,
              47.28704138394488
            ],
            [
              -110.46784171595485,
              47.287167028900846
            ],
            [
              -110.46821485140802,
              47.28649602278522
            ],
            [
              -110.49736964353116,
              47.23791164518915
            ],
            [
              -110.49778436058757,
              47.23726869449643
            ],
            [
              -110.49814841898926,
              47.23794155620729
            ],
            [
              -110.51741655725033,
              47.27647232676035
            ],
            [
              -110.51774535845848,
              47.27718756392576
            ]
          ]
        ]
      },
      "properties": {
        "hail_size_bin": "0.5\"",
        "min_size_inches": 0.5
      }
    },
    {
      "type": "Feature",
      "geometry": {
        "type": "Polygon",
        "coordinates": [
          [
            [
              -110.58774758745831,
              30.921906627568582
            ],
            [
              -110.5877734117143,
              30.922698884106758
            ],
            [
              -110.5877734117143,
              30.95105391960753
            ],
            [
              -110.58774747214571,
              30.951846291458295
            ],
            [
              -110.58695521560749,
              30.951872115714288
            ],
            [
              -110.54859814019271,
              30.951872115714288
            ],
            [
              -110.54779309901619,
              30.951845735066847
            ],
            [
              -110.54732477550219,
              30.951190685628255
            ],
            [
              -110.52823567729318,
              30.922561129420366
            ],
            [
              -110.52782904414121,
              30.921905800427677
            ],
            [
              -110.5285998096263,
              30.921880688
            ],
            [
              -110.58695521560749,
              30.921880688
            ],
            [
              -110.58774758745831,
              30.921906627568582
            ]
          ]
        ]
      },
      "properties": {
        "hail_size_bin": "0.5\"",
        "min_size_inches": 0.5
      }
    },
    {
      "type": "Feature",
      "geometry": {
        "type": "Polygon",
        "coordinates": [
          [
            [
              -110.81768939004517,
              54.665130343670576
            ],
            [
              -110.81731625459221,
              54.66580134978583
            ],
            [
              -110.78816146246878,
              54.71438572738238
            ],
            [
              -110.78774674541242,
              54.715028678075015
            ],
            [
              -110.78738268701082,
              54.714355816364304
            ],
            [
              -110.76811454874968,
              54.675825045811074
            ],
            [
              -110.76778574754152,
              54.67510980864567
            ],
            [
              -110.76855199077262,
              54.67493060100015
            ],
            [
              -110.81693196505319,
              54.66525598862655
            ],
            [
              -110.81768939004517,
              54.665130343670576
            ]
          ]
        ]
      },
      "properties": {
        "hail_size_bin": "0.5\"",
        "min_size_inches": 0.5
      }
    },
    {
      "type": "Feature",
      "geometry": {
        "type": "Polygon",
        "coordinates": [
          [
            [
              -111.13763159180724,
              53.83535590516541
            ],
            [
              -111.13708983954406,
              53.83587587044401
            ],
            [
              -111.03830327718477,
              53.92477107362286
            ],
            [
              -111.03770443734734,
              53.92527626249689
            ],
            [
              -111.03697867278379,
              53.92498115108135
            ],
            [
              -110.94845639239576,
              53.88564353661878
            ],
            [
              -110.9477500443198,
              53.88530205687844
            ],
            [
              -110.94787960701817,
              53.88452911637833
            ],
            [
              -110.95477622312133,
              53.85005096272079
            ],
            [
              -110.95530294287097,
              53.84689617668178
            ],
            [
              -110.95562687942628,
              53.84371416886364
            ],
            [
              -110.95574670722476,
              53.84051796018064
            ],
            [
              -110.95566193592589,
              53.83732062965761
            ],
            [
              -110.95537291241749,
              53.83413526091001
            ],
            [
              -110.95488081939632,
              53.83097488860519
            ],
            [
              -110.95418767052841,
              53.82785244512395
            ],
            [
              -110.95329630220904,
              53.824780707640734
            ],
            [
              -110.95221036195613,
              53.8217722458388
            ],
            [
              -110.95093429348437,
              53.81883937047459
            ],
            [
              -110.94947331852141,
              53.81599408300156
            ],
            [
              -110.94783341544029,
              53.813248026459696
            ],
            [
              -110.94602129479568,
              53.81061243783171
            ],
            [
              -110.94404437186402,
              53.8080981020608
            ],
            [
              -110.94191073629986,
              53.80571530791821
            ],
            [
              -110.93962911903266,
              53.803473805901135
            ],
            [
              -110.9372088565394,
              53.80138276833324
            ],
            [
              -110.93465985263943,
              53.79945075183112
            ],
            [
              -110.93199253796745,
              53.797685662290256
            ],
            [
              -110.92921782729103,
              53.79609472253378
            ],
            [
              -110.92778979282146,
              53.79533555630532
            ],
            [
              -110.92844455532263,
              53.79494310147375
            ],
            [
              -111.01700121029155,
              53.74575198913468
            ],
            [
              -111.01769762050118,
              53.74539426862076
            ],
            [
              -111.01796911400879,
              53.7461284978064
            ],
            [
              -111.0274527571,
              53.77457536208075
            ],
            [
              -111.02768331828302,
              53.7753502687245
            ],
            [
              -111.02742945147132,
              53.77685431805317
            ],
            [
              -111.02740592233768,
              53.77697026378351
            ],
            [
              -111.02697002016178,
              53.780160078997845
            ],
            [
              -111.02674030487515,
              53.783371334623865
            ],
            [
              -111.02671772887109,
              53.78659071688333
            ],
            [
              -111.02690238574912,
              53.78980487830522
            ],
            [
              -111.02729350992684,
              53.793000493063936
            ],
            [
              -111.02788947981408,
              53.796164312227866
            ],
            [
              -111.02868782453595,
              53.79928321868905
            ],
            [
              -111.029685234177,
              53.802344281546375
            ],
            [
              -111.03087757350407,
              53.805334809716726
            ],
            [
              -111.03225989911084,
              53.808242404551876
            ],
            [
              -111.03382647991305,
              53.811055011242956
            ],
            [
              -111.0355708209094,
              53.81376096879935
            ],
            [
              -111.03748569010972,
              53.81634905839482
            ],
            [
              -111.03956314851854,
              53.81880854988051
            ],
            [
              -111.04179458304996,
              53.8211292462718
            ],
            [
              -111.04417074223727,
              53.82330152602476
            ],
            [
              -111.04668177458929,
              53.82531638292678
            ],
            [
              -111.0493172694344,
              53.8271654634361
            ],
            [
              -111.05206630008284,
              53.828841101315376
            ],
            [
              -111.05491746912854,
              53.83033634941566
            ],
            [
              -111.0578589557024,
              53.831645008479114
            ],
            [
              -111.06087856448131,
              53.83276165284095
            ],
            [
              -111.06396377624966,
              53.83368165292412
            ],
            [
              -111.0671017998036,
              53.834401194433354
            ],
            [
              -111.07027962498306,
              53.83491729416919
            ],
            [
              -111.07348407661152,
              53.8352278123962
            ],
            [
              -111.07670186911997,
              53.83533146171428
            ],
            [
              -111.1368809525001,
              53.83533146171428
            ],
            [
              -111.13763159180724,
              53.83535590516541
            ]
          ]
        ]
      },
      "properties": {
        "hail_size_bin": "0.5\"",
        "min_size_inches": 0.5
      }
    },
    {
      "type": "Feature",
      "geometry": {
        "type": "Polygon",
        "coordinates": [
          [
            [
              -111.32763232689716,
              54.994974522753566
            ],
            [
              -111.32685183244968,
              54.995
            ],
            [
              -111.27849660699346,
              54.995
            ],
            [
              -111.27768331049272,
              54.99497325853539
            ],
            [
              -111.2769163294269,
              54.99442004601605
            ],
            [
              -111.27419467780949,
              54.99259102336788
            ],
            [
              -111.27135899156674,
              54.9909443312574
            ],
            [
              -111.26842146722493,
              54.989487052246616
            ],
            [
              -111.2653947393246,
              54.98822545421577
            ],
            [
              -111.26229182607838,
              54.98716496340465
            ],
            [
              -111.2591260733785,
              54.9863101410739
            ],
            [
              -111.25591109739496,
              54.98566466388665
            ],
            [
              -111.25266072601129,
              54.985231308094846
            ],
            [
              -111.24938893934964,
              54.985011937598394
            ],
            [
              -111.24610980964107,
              54.98500749592834
            ],
            [
              -111.24283744069972,
              54.985218002188695
            ],
            [
              -111.23958590726106,
              54.98564255097423
            ],
            [
              -111.23636919444533,
              54.986279316264714
            ],
            [
              -111.23320113760633,
              54.9871255592788
            ],
            [
              -111.23009536282437,
              54.98817764025374
            ],
            [
              -111.22706522829941,
              54.989431034100306
            ],
            [
              -111.2241237668962,
              54.990880349865584
            ],
            [
              -111.22128363008896,
              54.99251935391994
            ],
            [
              -111.21855703354622,
              54.994340996768344
            ],
            [
              -111.21767390068717,
              54.99497386602557
            ],
            [
              -111.21686517279385,
              54.995
            ],
            [
              -111.13850778250732,
              54.995
            ],
            [
              -111.13777973905083,
              54.994976318991455
            ],
            [
              -111.1383919566149,
              54.994581780536635
            ],
            [
              -111.18697711090402,
              54.965434853000076
            ],
            [
              -111.18769198011974,
              54.965037595022444
            ],
            [
              -111.18771746795896,
              54.96504344083945
            ],
            [
              -111.19096203084207,
              54.96566364119772
            ],
            [
              -111.19424046477879,
              54.966068249291396
            ],
            [
              -111.1975384602747,
              54.96625549911349
            ],
            [
              -111.20084162245436,
              54.96622457336819
            ],
            [
              -111.20413553389115,
              54.965975607038175
            ],
            [
              -111.20740581753547,
              54.965509686795436
            ],
            [
              -111.21063819946677,
              54.96482884625822
            ],
            [
              -111.21381857119542,
              54.96393605711487
            ],
            [
              -111.21693305124253,
              54.96283521615314
            ],
            [
              -111.21996804572892,
              54.96153112825179
            ],
            [
              -111.2229103077088,
              54.96002948540856
            ],
            [
              -111.22574699498918,
              54.958336841896106
            ],
            [
              -111.22846572618258,
              54.956460585654305
            ],
            [
              -111.2310546347486,
              54.95440890604392
            ],
            [
              -111.23350242078816,
              54.952190758102184
            ],
            [
              -111.23579840036453,
              54.9498158234564
            ],
            [
              -111.23793255213597,
              54.94729446806627
            ],
            [
              -111.23989556109616,
              54.944637696979186
            ],
            [
              -111.24167885923173,
              54.941857106296155
            ],
            [
              -111.2432746629194,
              54.93896483255785
            ],
            [
              -111.24467600689943,
              54.93597349977186
            ],
            [
              -111.2458767746771,
              54.93289616431225
            ],
            [
              -111.24687172521959,
              54.92974625793192
            ],
            [
              -111.24765651583176,
              54.92653752913659
            ],
            [
              -111.24822772111075,
              54.92328398317624
            ],
            [
              -111.24858284789707,
              54.919999820915855
            ],
            [
              -111.2487203461565,
              54.91669937685247
            ],
            [
              -111.2486396157456,
              54.91339705654886
            ],
            [
              -111.24834100903122,
              54.91010727375709
            ],
            [
              -111.24782582935245,
              54.90684438750632
            ],
            [
              -111.24709632533191,
              54.903622639429436
            ],
            [
              -111.24615568106111,
              54.900456091602116
            ],
            [
              -111.2379376399602,
              54.875805490820284
            ],
            [
              -111.23772985013983,
              54.87510733770745
            ],
            [
              -111.23829779548822,
              54.875563293110595
            ],
            [
              -111.30702928090112,
              54.93446757759009
            ],
            [
              -111.30764618941642,
              54.935033515838626
            ],
            [
              -111.30793763189709,
              54.93581832377576
            ],
            [
              -111.32740965063277,
              54.99422603363942
            ],
            [
              -111.32763232689716,
              54.994974522753566
            ]
          ]
        ]
      },
      "properties": {
        "hail_size_bin": "0.5\"",
        "min_size_inches": 0.5
      }
    },
    {
      "type": "Feature",
      "geometry": {
        "type": "Polygon",
        "coordinates": [
          [
            [
              -111.67754894110614,
              54.51513761613719
            ],
            [
              -111.67685585382344,
              54.5154301195008
            ],
            [
              -111.5484028302054,
              54.564828069717606
            ],
            [
              -111.54769605657556,
              54.56507353908668
            ],
            [
              -111.5480715844597,
              54.56442642009997
            ],
            [
              -111.59690269770192,
              54.48630780190476
            ],
            [
              -111.59757083615831,
              54.48515774299983
            ],
            [
              -111.59762138999227,
              54.485171235014136
            ],
            [
              -111.59839320994182,
              54.48543223021628
            ],
            [
              -111.67685341919123,
              54.51485060485866
            ],
            [
              -111.67754894110614,
              54.51513761613719
            ]
          ]
        ]
      },
      "properties": {
        "hail_size_bin": "0.5\"",
        "min_size_inches": 0.5
      }
    },
    {
      "type": "Feature",
      "geometry": {
        "type": "Polygon",
        "coordinates": [
          [
            [
              -111.56686042429422,
              54.41136029041571
            ],
            [
              -111.56383778258626,
              54.41068395991107
            ],
            [
              -111.56064118597261,
              54.41018315203205
            ],
            [
              -111.55741889121329,
              54.40989014191931
            ],
            [
              -111.55418439203939,
              54.409806156586505
            ],
            [
              -111.55095123328938,
              54.4099315477319
            ],
            [
              -111.54773295418856,
              54.41026579026561
            ],
            [
              -111.544543031652,
              54.41080748450846
            ],
            [
              -111.54139482384832,
              54.41155436205331
            ],
            [
              -111.53830151426097,
              54.412503295264266
            ],
            [
              -111.53527605648071,
              54.41365031037403
            ],
            [
              -111.50837988691532,
              54.42485544650168
            ],
            [
              -111.50764169762326,
              54.42513563730383
            ],
            [
              -111.50691752889979,
              54.42482485535057
            ],
            [
              -111.35841337932091,
              54.35553282057187
            ],
            [
              -111.3576765952407,
              54.35515886153204
            ],
            [
              -111.35699504784604,
              54.354754132054914
            ],
            [
              -111.35410700711135,
              54.35316546011825
            ],
            [
              -111.35112056852446,
              54.35177052557702
            ],
            [
              -111.34804871073868,
              54.35057539062581
            ],
            [
              -111.34490478362751,
              54.349585249157535
            ],
            [
              -111.34170245026782,
              54.34880440419149
            ],
            [
              -111.33845562756207,
              54.34823624917302
            ],
            [
              -111.33517842575732,
              54.34788325322606
            ],
            [
              -111.33188508712405,
              54.34774695042268
            ],
            [
              -111.32858992406118,
              54.347827933116214
            ],
            [
              -111.32530725689634,
              54.34812584936695
            ],
            [
              -111.3220513516517,
              54.348639404471655
            ],
            [
              -111.31883635804581,
              54.349366366590125
            ],
            [
              -111.31567624800081,
              54.350303576444496
            ],
            [
              -111.31258475492243,
              54.351446961049035
            ],
            [
              -111.30957531401641,
              54.352791551410746
            ],
            [
              -111.30666100390103,
              54.354331504123955
            ],
            [
              -111.2883827136724,
              54.3647747490789
            ],
            [
              -111.28780191009204,
              54.36508186972856
            ],
            [
              -111.28825109228525,
              54.36460239996949
            ],
            [
              -111.34708794092865,
              54.305773957791345
            ],
            [
              -111.34766738720148,
              54.305231219309405
            ],
            [
              -111.34831758904755,
              54.305693328055604
            ],
            [
              -111.34957711049616,
              54.30665187361101
            ],
            [
              -111.35227654460407,
              54.30844264604627
            ],
            [
              -111.35508627345749,
              54.31005486011026
            ],
            [
              -111.35799450315164,
              54.311481748495495
            ],
            [
              -111.36098902632212,
              54.31271732180348
            ],
            [
              -111.36405727338553,
              54.31375639368541
            ],
            [
              -111.36718636530065,
              54.31459460261193
            ],
            [
              -111.3703631676286,
              54.31522843018083
            ],
            [
              -111.37357434566479,
              54.31565521588556
            ],
            [
              -111.37680642041182,
              54.31587316828283
            ],
            [
              -111.38004582515784,
              54.31588137251216
            ],
            [
              -111.38327896242313,
              54.31567979413611
            ],
            [
              -111.38649226103588,
              54.315269279284784
            ],
            [
              -111.38967223309753,
              54.31465155110419
            ],
            [
              -111.39280553059847,
              54.31382920252331
            ],
            [
              -111.39587900144673,
              54.312805685370165
            ],
            [
              -111.39887974467415,
              54.31158529588275
            ],
            [
              -111.4017951645885,
              54.310173156675425
            ],
            [
              -111.40461302364425,
              54.308575195236656
            ],
            [
              -111.40732149380992,
              54.30679811904819
            ],
            [
              -111.4099092062165,
              54.30484938743027
            ],
            [
              -111.41236529887865,
              54.30273718023096
            ],
            [
              -111.41467946228808,
              54.30047036349104
            ],
            [
              -111.41684198268791,
              54.29805845222854
            ],
            [
              -111.41884378284652,
              54.29551157049927
            ],
            [
              -111.42067646015938,
              54.292840408900865
            ],
            [
              -111.42233232191917,
              54.29005617969867
            ],
            [
              -111.42380441760612,
              54.28717056976205
            ],
            [
              -111.42508656806304,
              54.284195691508444
            ],
            [
              -111.42617339143237,
              54.281144032061235
            ],
            [
              -111.42706032574675,
              54.278028400834685
            ],
            [
              -111.42759640635785,
              54.27554419591973
            ],
            [
              -111.42767313796536,
              54.27523872634213
            ],
            [
              -111.4284432419892,
              54.275442657283875
            ],
            [
              -111.62685884705054,
              54.33495883406115
            ],
            [
              -111.62760013090599,
              54.33520728959275
            ],
            [
              -111.62762481057143,
              54.335988270245515
            ],
            [
              -111.62762481057143,
              54.37436038242058
            ],
            [
              -111.62759868347037,
              54.37515986906887
            ],
            [
              -111.6268708455747,
              54.37549126776811
            ],
            [
              -111.59071373127613,
              54.39055457954244
            ],
            [
              -111.58773746572871,
              54.39191038792824
            ],
            [
              -111.58485620405484,
              54.393457871096025
            ],
            [
              -111.58208227387438,
              54.39519040806292
            ],
            [
              -111.57942754358403,
              54.397100586084285
            ],
            [
              -111.57690337157794,
              54.39918023236948
            ],
            [
              -111.57452055765025,
              54.40142044904957
            ],
            [
              -111.57228929678753,
              54.40381165124727
            ],
            [
              -111.57021913554917,
              54.40634360808635
            ],
            [
              -111.56831893122185,
              54.40900548646492
            ],
            [
              -111.56686042429422,
              54.41136029041571
            ]
          ]
        ]
      },
      "properties": {
        "hail_size_bin": "0.5\"",
        "min_size_inches": 0.5
      }
    },
    {
      "type": "Feature",
      "geometry": {
        "type": "Polygon",
        "coordinates": [
          [
            [
              -111.60754793159359,
              45.91761874201527
            ],
            [
              -111.60694656141133,
              45.91804855151585
            ],
            [
              -111.54830267335241,
              45.95713889095812
            ],
            [
              -111.54763075532568,
              45.95755632432101
            ],
            [
              -111.54685923197506,
              45.957388890819495
            ],
            [
              -111.46845073375306,
              45.93778956696768
            ],
            [
              -111.46772832462338,
              45.937583357225414
            ],
            [
              -111.46841625244866,
              45.937281442145675
            ],
            [
              -111.51690452360111,
              45.917888904839
            ],
            [
              -111.5176453395573,
              45.91761953286545
            ],
            [
              -111.51843321337628,
              45.917594545142855
            ],
            [
              -111.6068091156842,
              45.917594545142855
            ],
            [
              -111.60754793159359,
              45.91761874201527
            ]
          ]
        ]
      },
      "properties": {
        "hail_size_bin": "0.5\"",
        "min_size_inches": 0.5
      }
    },
    {
      "type": "Feature",
      "geometry": {
        "type": "Polygon",
        "coordinates": [
          [
            [
              -111.60762766828572,
              31.430903192764667
            ],
            [
              -111.6076004426256,
              31.431721274817832
            ],
            [
              -111.60648317287311,
              31.432611122362292
            ],
            [
              -111.60398693989094,
              31.434736660106434
            ],
            [
              -111.60163537335755,
              31.437021222349426
            ],
            [
              -111.59943858415289,
              31.439454986305382
            ],
            [
              -111.59932669468132,
              31.439596598312377
            ],
            [
              -111.59779041609684,
              31.437264752545055
            ],
            [
              -111.59578876117921,
              31.434625241241974
            ],
            [
              -111.59361671984693,
              31.432124065762476
            ],
            [
              -111.5912838261819,
              31.4297722049086
            ],
            [
              -111.58880032032036,
              31.427579982072274
            ],
            [
              -111.58617710350434,
              31.425557019921225
            ],
            [
              -111.5834256902311,
              31.423712198160686
            ],
            [
              -111.58055815771067,
              31.422053614556326
            ],
            [
              -111.57758709285356,
              31.420588549389436
            ],
            [
              -111.574525537021,
              31.419323433500466
            ],
            [
              -111.52839664411216,
              31.40202757020349
            ],
            [
              -111.52776102905607,
              31.401765492739003
            ],
            [
              -111.52844814327412,
              31.401743531428572
            ],
            [
              -111.60680947217891,
              31.401743531428572
            ],
            [
              -111.60760184402973,
              31.401769470997152
            ],
            [
              -111.60762766828572,
              31.40256172753533
            ],
            [
              -111.60762766828572,
              31.430903192764667
            ]
          ]
        ]
      },
      "properties": {
        "hail_size_bin": "0.5\"",
        "min_size_inches": 0.5
      }
    },
    {
      "type": "Feature",
      "geometry": {
        "type": "Polygon",
        "coordinates": [
          [
            [
              -112.03752322255576,
              54.165221276021
            ],
            [
              -112.0367763015326,
              54.165406412221415
            ],
            [
              -111.89833658858915,
              54.19506782643899
            ],
            [
              -111.89758608053079,
              54.19520468372018
            ],
            [
              -111.89683711353872,
              54.19506214742844
            ],
            [
              -111.80838959134022,
              54.17540995075454
            ],
            [
              -111.80760976949028,
              54.17520997624321
            ],
            [
              -111.80745995307883,
              54.17509809738964
            ],
            [
              -111.80473286660204,
              54.17320629765505
            ],
            [
              -111.80188627908056,
              54.17149959136212
            ],
            [
              -111.79933862665635,
              54.17019357409287
            ],
            [
              -111.80146259382977,
              54.16982132927416
            ],
            [
              -111.80459151268586,
              54.169062590306176
            ],
            [
              -111.80766511340461,
              54.168104051495725
            ],
            [
              -111.81067065183176,
              54.16694968725835
            ],
            [
              -111.8135956660215,
              54.16560428396591
            ],
            [
              -111.81642802790793,
              54.16407342010069
            ],
            [
              -111.81915599359186,
              54.16236344312519
            ],
            [
              -111.82176825203497,
              54.16048144316346
            ],
            [
              -111.82425397195898,
              54.15843522360317
            ],
            [
              -111.82660284675573,
              54.156233268740166
            ],
            [
              -111.86426975779038,
              54.11857173946179
            ],
            [
              -111.86648445941917,
              54.116209053628914
            ],
            [
              -111.86854157001758,
              54.11370795714231
            ],
            [
              -111.87043246026369,
              54.11107894178925
            ],
            [
              -111.87214919810914,
              54.108333035960676
            ],
            [
              -111.87368458205317,
              54.105481758388464
            ],
            [
              -111.87503217135198,
              54.102537069825786
            ],
            [
              -111.87618631303681,
              54.09951132287325
            ],
            [
              -111.87714216562749,
              54.09641721016129
            ],
            [
              -111.87789571944184,
              54.09326771110616
            ],
            [
              -111.87844381341576,
              54.090076037462886
            ],
            [
              -111.8787841483635,
              54.086855577903634
            ],
            [
              -111.87891529662247,
              54.08361984185389
            ],
            [
              -111.8788367080421,
              54.08038240282212
            ],
            [
              -111.8785487122917,
              54.07715684146056
            ],
            [
              -111.87805251747744,
              54.07395668859613
            ],
            [
              -111.87735020507458,
              54.070795368470264
            ],
            [
              -111.87644472119588,
              54.06768614242592
            ],
            [
              -111.8753398642331,
              54.06464205327788
            ],
            [
              -111.86789350012575,
              54.046028802805296
            ],
            [
              -111.86761962781745,
              54.045273678126755
            ],
            [
              -111.86817292946566,
              54.04426165144237
            ],
            [
              -111.86967662774018,
              54.04127865784792
            ],
            [
              -111.87097778364162,
              54.03820191401629
            ],
            [
              -111.87207058914352,
              54.03504515374342
            ],
            [
              -111.87295016624216,
              54.03182246799813
            ],
            [
              -111.87361258873082,
              54.02854824202367
            ],
            [
              -111.87405489972527,
              54.02523709112564
            ],
            [
              -111.87427512486258,
              54.021903795433055
            ],
            [
              -111.87427228111419,
              54.0185632339236
            ],
            [
              -111.87404638117386,
              54.015230318007724
            ],
            [
              -111.87359843340103,
              54.0119199249679
            ],
            [
              -111.87293043731975,
              54.00864683155024
            ],
            [
              -111.87204537469334,
              54.00542564800491
            ],
            [
              -111.87094719621453,
              54.00227075286973
            ],
            [
              -111.8696408038706,
              53.999196228788016
            ],
            [
              -111.86813202906215,
              53.99621579964731
            ],
            [
              -111.86761952902175,
              53.99528218184033
            ],
            [
              -111.86785109058583,
              53.994504136789594
            ],
            [
              -111.87732835616029,
              53.966076402331865
            ],
            [
              -111.87759796376315,
              53.96534859799876
            ],
            [
              -111.87808377681485,
              53.96595380446581
            ],
            [
              -111.88602304752665,
              53.976537986290055
            ],
            [
              -111.88805099126161,
              53.97906644650298
            ],
            [
              -111.89023849505844,
              53.98145820192095
            ],
            [
              -111.8925763664427,
              53.98370320174973
            ],
            [
              -111.89505478105521,
              53.98579201190122
            ],
            [
              -111.89766332393673,
              53.98771585463799
            ],
            [
              -111.90039103329424,
              53.98946664545972
            ],
            [
              -111.90322644656545,
              53.991037027076366
            ],
            [
              -111.90615764858751,
              53.9924204003255
            ],
            [
              -111.90917232166764,
              53.99361095190373
            ],
            [
              -111.91225779734545,
              53.99460367879578
            ],
            [
              -111.91540110962913,
              53.99539440929842
            ],
            [
              -111.91858904948202,
              53.99597982055119
            ],
            [
              -111.92180822033053,
              53.99635745249984
            ],
            [
              -111.92504509436007,
              53.9965257182342
            ],
            [
              -111.9282860693626,
              53.99648391065678
            ],
            [
              -111.93151752589665,
              53.99623220545415
            ],
            [
              -111.93472588451993,
              53.99577166035873
            ],
            [
              -111.93789766285373,
              53.99510421070384
            ],
            [
              -111.94101953223944,
              53.99423266129098
            ],
            [
              -111.9440783737492,
              53.99316067460324
            ],
            [
              -111.94706133331508,
              53.991892755414625
            ],
            [
              -111.94995587574532,
              53.99043423185977
            ],
            [
              -111.95274983740055,
              53.9887912330437
            ],
            [
              -111.95543147730864,
              53.98697066328567
            ],
            [
              -111.95717617999526,
              53.9856130609486
            ],
            [
              -111.95758358796064,
              53.985316670448015
            ],
            [
              -111.95836273311599,
              53.98548484095089
            ],
            [
              -112.0367678074477,
              54.00508330895243
            ],
            [
              -112.03739253117904,
              54.005261505407056
            ],
            [
              -112.03674324186646,
              54.00528288542857
            ],
            [
              -112.01847309644165,
              54.00528288542857
            ],
            [
              -112.01521924586751,
              54.00538887319823
            ],
            [
              -112.01197919002799,
              54.00570638717092
            ],
            [
              -112.00876666517473,
              54.00623408124273
            ],
            [
              -112.00559529084154,
              54.006969718248946
            ],
            [
              -112.00247851210409,
              54.00791017944855
            ],
            [
              -111.99942954257948,
              54.00905147774615
            ],
            [
              -111.99646130840686,
              54.01038877459528
            ],
            [
              -111.99358639344706,
              54.01191640051154
            ],
            [
              -111.99081698593304,
              54.01362787910838
            ],
            [
              -111.98816482679783,
              54.01551595455381
            ],
            [
              -111.98564115989869,
              54.01757262233164
            ],
            [
              -111.98325668434867,
              54.01978916317663
            ],
            [
              -111.98102150915759,
              54.02215618003996
            ],
            [
              -111.97894511037475,
              54.0246636379281
            ],
            [
              -111.97703629091522,
              54.02730090644629
            ],
            [
              -111.97530314323967,
              54.03005680486621
            ],
            [
              -111.97375301504637,
              54.03291964952677
            ],
            [
              -111.97340055556563,
              54.033624467771155
            ],
            [
              -111.97203980985826,
              54.03658261739295
            ],
            [
              -111.97087448884784,
              54.03962306226299
            ],
            [
              -111.96990953455733,
              54.04273290812449
            ],
            [
              -111.96914903927224,
              54.04589896639724
            ],
            [
              -111.96859622818553,
              54.049107810109156
            ],
            [
              -111.96825344571997,
              54.05234583083892
            ],
            [
              -111.96812214558555,
              54.05559929642807
            ],
            [
              -111.9682028846145,
              54.058854409217865
            ],
            [
              -111.96849532039974,
              54.06209736456393
            ],
            [
              -111.96899821274708,
              54.065314409380534
            ],
            [
              -111.96970942893472,
              54.068491900466206
            ],
            [
              -111.97062595275794,
              54.07161636236332
            ],
            [
              -111.97174389732058,
              54.07467454450635
            ],
            [
              -111.973058521519,
              54.07765347741631
            ],
            [
              -111.97456425014865,
              54.080540527703185
            ],
            [
              -111.97625469754809,
              54.083323451643
            ],
            [
              -111.97812269467998,
              54.08599044710237
            ],
            [
              -112.03708147110169,
              54.16459091714997
            ],
            [
              -112.03752322255576,
              54.165221276021
            ]
          ]
        ]
      },
      "properties": {
        "hail_size_bin": "0.5\"",
        "min_size_inches": 0.5
      }
    },
    {
      "type": "Feature",
      "geometry": {
        "type": "Polygon",
        "coordinates": [
          [
            [
              -111.86756484279843,
              54.74510286989298
            ],
            [
              -111.867590518,
              54.74589010349478
            ],
            [
              -111.867590518,
              54.784241338219495
            ],
            [
              -111.86756472871198,
              54.785028665352435
            ],
            [
              -111.86678774378335,
              54.78489947409635
            ],
            [
              -111.81839937932138,
              54.77522318392622
            ],
            [
              -111.81762359631063,
              54.77504148321898
            ],
            [
              -111.81759766228572,
              54.77424527375933
            ],
            [
              -111.81759766228572,
              54.75588616795495
            ],
            [
              -111.81762371280327,
              54.75508981640108
            ],
            [
              -111.81839937932138,
              54.75490825778805
            ],
            [
              -111.86678774378335,
              54.745231967617926
            ],
            [
              -111.86756484279843,
              54.74510286989298
            ]
          ]
        ]
      },
      "properties": {
        "hail_size_bin": "0.5\"",
        "min_size_inches": 0.5
      }
    },
    {
      "type": "Feature",
      "geometry": {
        "type": "Polygon",
        "coordinates": [
          [
            [
              -111.93747431289295,
              31.44172158688979
            ],
            [
              -111.93676497363144,
              31.441834029945017
            ],
            [
              -111.85840115292139,
              31.451628107979857
            ],
            [
              -111.85764272063568,
              31.451697867295483
            ],
            [
              -111.85804435055321,
              31.451050735699116
            ],
            [
              -111.87713677269105,
              31.42241619431034
            ],
            [
              -111.87759968641703,
              31.42176870387339
            ],
            [
              -111.87836260383115,
              31.42199561796156
            ],
            [
              -111.93680079411443,
              31.44147223155402
            ],
            [
              -111.93747431289295,
              31.44172158688979
            ]
          ]
        ]
      },
      "properties": {
        "hail_size_bin": "0.5\"",
        "min_size_inches": 0.5
      }
    },
    {
      "type": "Feature",
      "geometry": {
        "type": "Polygon",
        "coordinates": [
          [
            [
              -112.06748111994008,
              53.635381063987474
            ],
            [
              -112.06675325939383,
              53.63556829160145
            ],
            [
              -112.06553500825261,
              53.635838975397114
            ],
            [
              -112.06235152532729,
              53.63665698672393
            ],
            [
              -112.05922866644354,
              53.63768239320857
            ],
            [
              -112.05617992698114,
              53.63891076357495
            ],
            [
              -112.0532184820141,
              53.6403367894421
            ],
            [
              -112.05035712937482,
              53.64195430826432
            ],
            [
              -112.04760823434842,
              53.64375632996242
            ],
            [
              -112.04498367623647,
              53.64573506713131
            ],
            [
              -112.04249479702071,
              53.647881968693085
            ],
            [
              -112.04015235234894,
              53.65018775685038
            ],
            [
              -112.03796646505467,
              53.652642467180186
            ],
            [
              -112.03594658141138,
              53.65523549169496
            ],
            [
              -112.03410143031078,
              53.65795562468482
            ],
            [
              -112.0324389855409,
              53.660791111142856
            ],
            [
              -112.03096643132763,
              53.66372969756417
            ],
            [
              -112.02969013128809,
              53.66675868489918
            ],
            [
              -112.0286156009305,
              53.66986498343235
            ],
            [
              -112.02774748381887,
              53.673035169349156
            ],
            [
              -112.0270895315061,
              53.676255542746866
            ],
            [
              -112.02664458732151,
              53.67951218683844
            ],
            [
              -112.0264145740836,
              53.68279102809367
            ],
            [
              -112.02640048579052,
              53.68607789705768
            ],
            [
              -112.02660238332457,
              53.689358589584
            ],
            [
              -112.02701939418914,
              53.692618928217556
            ],
            [
              -112.02746194036229,
              53.694883814088264
            ],
            [
              -112.02754183959317,
              53.69537481598769
            ],
            [
              -112.02756765628571,
              53.69617810061652
            ],
            [
              -112.02756765628571,
              53.74453898246467
            ],
            [
              -112.02754171671712,
              53.74533135431545
            ],
            [
              -112.02674946017896,
              53.745357178571425
            ],
            [
              -111.94840706587581,
              53.745357178571425
            ],
            [
              -111.94766464880888,
              53.74533258360531
            ],
            [
              -111.9482812398827,
              53.74491839581019
            ],
            [
              -111.96813613273038,
              53.73251086079202
            ],
            [
              -111.97087560651167,
              53.73067050000404
            ],
            [
              -111.97348770600574,
              53.72865342770456
            ],
            [
              -111.97596105118905,
              53.726468431587286
            ],
            [
              -111.97828486654306,
              53.72412503093253
            ],
            [
              -111.98044902799957,
              53.72163343513496
            ],
            [
              -111.98244410704775,
              53.71900449922478
            ],
            [
              -111.98426141181095,
              53.716249676576055
            ],
            [
              -111.98589302491425,
              53.713380969008284
            ],
            [
              -111.98733183797776,
              53.71041087449858
            ],
            [
              -111.98857158258535,
              53.70735233273228
            ],
            [
              -111.98960685759404,
              53.70421866872912
            ],
            [
              -111.99043315266493,
              53.70102353479076
            ],
            [
              -111.99104686791318,
              53.69778085102227
            ],
            [
              -111.99144532959147,
              53.69450474468712
            ],
            [
              -111.99162680173863,
              53.691209488659425
            ],
            [
              -111.99159049374263,
              53.687909439241956
            ],
            [
              -111.991336563785,
              53.684618973620665
            ],
            [
              -111.99086611815163,
              53.68135242722817
            ],
            [
              -111.99018120641315,
              53.6781240312892
            ],
            [
              -111.98928481249563,
              53.67494785082
            ],
            [
              -111.98818084168059,
              53.671837723351906
            ],
            [
              -111.98687410359105,
              53.668807198645915
            ],
            [
              -111.98537029123766,
              53.66586947966104
            ],
            [
              -111.9836759562162,
              53.663037365033524
            ],
            [
              -111.98179848016453,
              53.66032319331757
            ],
            [
              -111.97974604260325,
              53.657738789230486
            ],
            [
              -111.97765784215046,
              53.65543887516512
            ],
            [
              -111.9776055523344,
              53.65537735095458
            ],
            [
              -111.97788013625109,
              53.65461966529347
            ],
            [
              -111.9972633357673,
              53.60616859006346
            ],
            [
              -111.99758662476026,
              53.60543240416788
            ],
            [
              -111.99833562929649,
              53.60572442999672
            ],
            [
              -112.06680050172382,
              53.63506232585395
            ],
            [
              -112.06748111994008,
              53.635381063987474
            ]
          ]
        ]
      },
      "properties": {
        "hail_size_bin": "0.5\"",
        "min_size_inches": 0.5
      }
    },
    {
      "type": "Feature",
      "geometry": {
        "type": "Polygon",
        "coordinates": [
          [
            [
              -112.20742005814587,
              54.34520797656702
            ],
            [
              -112.20678439188784,
              54.34546977163206
            ],
            [
              -112.12832844130591,
              54.3748865495023
            ],
            [
              -112.12759428937775,
              54.37513442415244
            ],
            [
              -112.12781516345842,
              54.37439188555323
            ],
            [
              -112.1372920337519,
              54.345965336769055
            ],
            [
              -112.13757109137755,
              54.345211780000255
            ],
            [
              -112.13837372527917,
              54.34518573285714
            ],
            [
              -112.20673289272587,
              54.34518573285714
            ],
            [
              -112.20742005814587,
              54.34520797656702
            ]
          ]
        ]
      },
      "properties": {
        "hail_size_bin": "0.5\"",
        "min_size_inches": 0.5
      }
    },
    {
      "type": "Feature",
      "geometry": {
        "type": "Polygon",
        "coordinates": [
          [
            [
              -112.35748953641072,
              54.98498353033388
            ],
            [
              -112.35672692459589,
              54.985161550632455
            ],
            [
              -112.30832993191046,
              54.99483956620071
            ],
            [
              -112.3075395559217,
              54.99497088584905
            ],
            [
              -112.30735738329487,
              54.9947171942417
            ],
            [
              -112.30591568288521,
              54.99256377913025
            ],
            [
              -112.30393152128053,
              54.98998121387665
            ],
            [
              -112.30178344158793,
              54.98753329757973
            ],
            [
              -112.29948055728515,
              54.98523041580887
            ],
            [
              -112.2970326386265,
              54.98308233880764
            ],
            [
              -112.2944500711914,
              54.98109818004238
            ],
            [
              -112.29174381182237,
              54.97928635753726
            ],
            [
              -112.28892534213931,
              54.97765455815984
            ],
            [
              -112.2860066198274,
              54.97620970500863
            ],
            [
              -112.28300002790532,
              54.97495792804105
            ],
            [
              -112.27991832218869,
              54.973904538066385
            ],
            [
              -112.27677457717223,
              54.97305400421402
            ],
            [
              -112.27358213055955,
              54.97240993497268
            ],
            [
              -112.27035452667641,
              54.97197506288098
            ],
            [
              -112.26710545900744,
              54.97175123293432
            ],
            [
              -112.26432145121058,
              54.9717411131497
            ],
            [
              -112.26666153157879,
              54.971137320357556
            ],
            [
              -112.26982415478766,
              54.97009226682112
            ],
            [
              -112.27291018161216,
              54.96883896681965
            ],
            [
              -112.27590591710162,
              54.96738298215889
            ],
            [
              -112.27879806699386,
              54.96573077410415
            ],
            [
              -112.28157379671146,
              54.96388967470702
            ],
            [
              -112.2842207883182,
              54.96186785426764
            ],
            [
              -112.28672729518271,
              54.95967428507716
            ],
            [
              -112.28908219410685,
              54.95731870160118
            ],
            [
              -112.29127503468742,
              54.95481155728074
            ],
            [
              -112.2932960856922,
              54.95216397814286
            ],
            [
              -112.29513637824458,
              54.94938771342622
            ],
            [
              -112.29678774562497,
              54.94649508344119
            ],
            [
              -112.29755538692369,
              54.94503990734785
            ],
            [
              -112.29834777037327,
              54.945014287142854
            ],
            [
              -112.34669324196601,
              54.945014287142854
            ],
            [
              -112.34750102177571,
              54.945041070490824
            ],
            [
              -112.34772294695125,
              54.945818228637634
            ],
            [
              -112.35732419572129,
              54.98421773650591
            ],
            [
              -112.35748953641072,
              54.98498353033388
            ]
          ]
        ]
      },
      "properties": {
        "hail_size_bin": "0.5\"",
        "min_size_inches": 0.5
      }
    },
    {
      "type": "Feature",
      "geometry": {
        "type": "Polygon",
        "coordinates": [
          [
            [
              -112.25347044520105,
              54.9731557538884
            ],
            [
              -112.25102053331504,
              54.973799495472846
            ],
            [
              -112.24793125105397,
              54.974830454091794
            ],
            [
              -112.24675430010146,
              54.975266318059845
            ],
            [
              -112.1883263503931,
              54.99473951861504
            ],
            [
              -112.18756303591624,
              54.99496626921797
            ],
            [
              -112.18734496190345,
              54.994200783534474
            ],
            [
              -112.17774287347378,
              54.95579791750758
            ],
            [
              -112.17757849219463,
              54.95503635929731
            ],
            [
              -112.17835692330513,
              54.95501142971428
            ],
            [
              -112.19675068033801,
              54.95501142971428
            ],
            [
              -112.19753855415699,
              54.95503641743688
            ],
            [
              -112.19827937011318,
              54.95530578941043
            ],
            [
              -112.23399664187187,
              54.96959065683529
            ],
            [
              -112.23712876824169,
              54.970723841223965
            ],
            [
              -112.24032939149161,
              54.97164597639157
            ],
            [
              -112.24358430812308,
              54.97235297015215
            ],
            [
              -112.2468790736982,
              54.972841685059
            ],
            [
              -112.25019906694033,
              54.973109952327825
            ],
            [
              -112.25347044520105,
              54.9731557538884
            ]
          ]
        ]
      },
      "properties": {
        "hail_size_bin": "0.5\"",
        "min_size_inches": 0.5
      }
    },
    {
      "type": "Feature",
      "geometry": {
        "type": "Polygon",
        "coordinates": [
          [
            [
              -112.3374975374583,
              54.44518309814001
            ],
            [
              -112.33752336171429,
              54.44597535467818
            ],
            [
              -112.33752336171429,
              54.47433099661647
            ],
            [
              -112.33749731119674,
              54.47512734817034
            ],
            [
              -112.33672164467863,
              54.47530890678337
            ],
            [
              -112.28832658119246,
              54.4849865365669
            ],
            [
              -112.2875641157357,
              54.485113417310565
            ],
            [
              -112.28772743166365,
              54.48435813874757
            ],
            [
              -112.29732806304875,
              54.44596110006621
            ],
            [
              -112.29754998822429,
              54.445183941919396
            ],
            [
              -112.298357768034,
              54.445157158571426
            ],
            [
              -112.33670516560754,
              54.445157158571426
            ],
            [
              -112.3374975374583,
              54.44518309814001
            ]
          ]
        ]
      },
      "properties": {
        "hail_size_bin": "0.5\"",
        "min_size_inches": 0.5
      }
    },
    {
      "type": "Feature",
      "geometry": {
        "type": "Polygon",
        "coordinates": [
          [
            [
              -112.59736323994632,
              54.815116023109134
            ],
            [
              -112.59683033572006,
              54.815543270213226
            ],
            [
              -112.51815029769405,
              54.874544867523966
            ],
            [
              -112.51751063171913,
              54.874992708398096
            ],
            [
              -112.51723963767604,
              54.87426038590302
            ],
            [
              -112.50775785487068,
              54.84581910168884
            ],
            [
              -112.50753185075746,
              54.84505916005762
            ],
            [
              -112.5082753335867,
              54.84478414425078
            ],
            [
              -112.59670846740757,
              54.815310644680565
            ],
            [
              -112.59736323994632,
              54.815116023109134
            ]
          ]
        ]
      },
      "properties": {
        "hail_size_bin": "0.5\"",
        "min_size_inches": 0.5
      }
    },
    {
      "type": "Feature",
      "geometry": {
        "type": "Polygon",
        "coordinates": [
          [
            [
              -113.50723765354759,
              45.95757320905065
            ],
            [
              -113.50654186916545,
              45.95767358208586
            ],
            [
              -113.41817469766134,
              45.967490753843464
            ],
            [
              -113.41741875941727,
              45.96755000423537
            ],
            [
              -113.41781873460249,
              45.966905820186355
            ],
            [
              -113.43690592122961,
              45.938279130941595
            ],
            [
              -113.43737789596416,
              45.937619765594675
            ],
            [
              -113.43816394804338,
              45.93781672932363
            ],
            [
              -113.50656837530646,
              45.95735805898236
            ],
            [
              -113.50723765354759,
              45.95757320905065
            ]
          ]
        ]
      },
      "properties": {
        "hail_size_bin": "0.5\"",
        "min_size_inches": 0.5
      }
    },
    {
      "type": "Feature",
      "geometry": {
        "type": "Polygon",
        "coordinates": [
          [
            [
              -113.53729813262593,
              51.276080261064685
            ],
            [
              -113.5367649203435,
              51.27664985807616
            ],
            [
              -113.47794275761186,
              51.33546361644083
            ],
            [
              -113.47736329952167,
              51.336006033411614
            ],
            [
              -113.47686637639032,
              51.335387118837794
            ],
            [
              -113.41786486300694,
              51.25672967431616
            ],
            [
              -113.41742694248578,
              51.25610380082397
            ],
            [
              -113.41818409330345,
              51.25620450023713
            ],
            [
              -113.53653313579464,
              51.275926522415304
            ],
            [
              -113.53729813262593,
              51.276080261064685
            ]
          ]
        ]
      },
      "properties": {
        "hail_size_bin": "0.5\"",
        "min_size_inches": 0.5
      }
    },
    {
      "type": "Feature",
      "geometry": {
        "type": "Polygon",
        "coordinates": [
          [
            [
              -113.66726050480078,
              52.145804990528184
            ],
            [
              -113.66653800501683,
              52.14598177873533
            ],
            [
              -113.47815280202236,
              52.18563615494095
            ],
            [
              -113.47745983733968,
              52.185758736041215
            ],
            [
              -113.47801533256698,
              52.18532674324522
            ],
            [
              -113.58669510952097,
              52.106298198479514
            ],
            [
              -113.58734780638957,
              52.10585491357868
            ],
            [
              -113.58806321896618,
              52.1061849777283
            ],
            [
              -113.6666063594935,
              52.1454509369659
            ],
            [
              -113.66726050480078,
              52.145804990528184
            ]
          ]
        ]
      },
      "properties": {
        "hail_size_bin": "0.5\"",
        "min_size_inches": 0.5
      }
    },
    {
      "type": "Feature",
      "geometry": {
        "type": "Polygon",
        "coordinates": [
          [
            [
              -114.87712088347219,
              41.728780449820974
            ],
            [
              -114.87640461411038,
              41.72906661131436
            ],
            [
              -114.76794919358122,
              41.768499311199285
            ],
            [
              -114.76745048918222,
              41.76866226948844
            ],
            [
              -114.76791188550949,
              41.76841256251963
            ],
            [
              -114.7683787770256,
              41.768179150115735
            ],
            [
              -114.7712345230353,
              41.76663359882947
            ],
            [
              -114.77398392688603,
              41.76490594362195
            ],
            [
              -114.77661539267662,
              41.763003471061474
            ],
            [
              -114.77911782192218,
              41.760934205027006
            ],
            [
              -114.78148066036306,
              41.75870687286661
            ],
            [
              -114.78369394247856,
              41.756330868588925
            ],
            [
              -114.78574833351762,
              41.75381621324294
            ],
            [
              -114.78763516886902,
              41.75117351265318
            ],
            [
              -114.7893464906054,
              41.748413912688505
            ],
            [
              -114.79087508104655,
              41.745549052253224
            ],
            [
              -114.79221449320087,
              41.74259101419882
            ],
            [
              -114.79335907795613,
              41.73955227436323
            ],
            [
              -114.7943040079052,
              41.73644564895263
            ],
            [
              -114.79504529770624,
              41.73328424048783
            ],
            [
              -114.79557982089123,
              41.73008138254294
            ],
            [
              -114.79590532305215,
              41.72685058350963
            ],
            [
              -114.79602043134929,
              41.723605469624054
            ],
            [
              -114.79592466030124,
              41.72035972749678
            ],
            [
              -114.79561841383249,
              41.71712704638804
            ],
            [
              -114.79510298356988,
              41.71392106047185
            ],
            [
              -114.794380543395,
              41.710755291332426
            ],
            [
              -114.79345414027556,
              41.707643090935484
            ],
            [
              -114.78743131736711,
              41.68957720378881
            ],
            [
              -114.78720864110282,
              41.688828714675005
            ],
            [
              -114.78798913555032,
              41.68880323742857
            ],
            [
              -114.84633676198709,
              41.68880323742857
            ],
            [
              -114.84715122915968,
              41.68883021856526
            ],
            [
              -114.84766153795086,
              41.689465568622005
            ],
            [
              -114.87667785292908,
              41.72814846088603
            ],
            [
              -114.87712088347219,
              41.728780449820974
            ]
          ]
        ]
      },
      "properties": {
        "hail_size_bin": "0.5\"",
        "min_size_inches": 0.5
      }
    },
    {
      "type": "Feature",
      "geometry": {
        "type": "Polygon",
        "coordinates": [
          [
            [
              -115.2970600742985,
              41.92871271108159
            ],
            [
              -115.29627616509295,
              41.928826229936135
            ],
            [
              -115.20790958945952,
              41.93864333549534
            ],
            [
              -115.20712780203945,
              41.938704907641785
            ],
            [
              -115.2067549273027,
              41.93801519929213
            ],
            [
              -115.1874870656201,
              41.899484981817004
            ],
            [
              -115.18715648313008,
              41.898765179489835
            ],
            [
              -115.18794039233563,
              41.89865166063529
            ],
            [
              -115.27630696796906,
              41.88883455507608
            ],
            [
              -115.27708875538913,
              41.88877298292964
            ],
            [
              -115.27746163012588,
              41.88946269127929
            ],
            [
              -115.29672949180848,
              41.92799290875442
            ],
            [
              -115.2970600742985,
              41.92871271108159
            ]
          ]
        ]
      },
      "properties": {
        "hail_size_bin": "0.5\"",
        "min_size_inches": 0.5
      }
    },
    {
      "type": "Feature",
      "geometry": {
        "type": "Polygon",
        "coordinates": [
          [
            [
              -116.23692000912317,
              42.57853067746505
            ],
            [
              -116.23615096620351,
              42.578684763745656
            ],
            [
              -116.17777669415187,
              42.58841241902536
            ],
            [
              -116.17702340249276,
              42.58851289924788
            ],
            [
              -116.17739304724344,
              42.5878488906958
            ],
            [
              -116.2065506684133,
              42.539259798695554
            ],
            [
              -116.20697280014134,
              42.53860569853038
            ],
            [
              -116.20745986727567,
              42.5392128937879
            ],
            [
              -116.2364702329506,
              42.57788785478086
            ],
            [
              -116.23692000912317,
              42.57853067746505
            ]
          ]
        ]
      },
      "properties": {
        "hail_size_bin": "0.5\"",
        "min_size_inches": 0.5
      }
    },
    {
      "type": "Feature",
      "geometry": {
        "type": "Polygon",
        "coordinates": [
          [
            [
              -117.14679043007816,
              41.848741441619374
            ],
            [
              -117.14563645889062,
              41.84902744746178
            ],
            [
              -117.14254180819677,
              41.849901925314825
            ],
            [
              -117.13950977259968,
              41.8509735290524
            ],
            [
              -117.13655289450809,
              41.852237825846586
            ],
            [
              -117.13368340543191,
              41.85368958576963
            ],
            [
              -117.13091317538513,
              41.855322803428194
            ],
            [
              -117.12825366378381,
              41.85713072280549
            ],
            [
              -117.12571587204282,
              41.85910586520841
            ],
            [
              -117.12331029806705,
              41.86124006020407
            ],
            [
              -117.12104689282542,
              41.86352447941791
            ],
            [
              -117.11893501918745,
              41.8659496730534
            ],
            [
              -117.1169834131925,
              41.868505608982346
            ],
            [
              -117.11682974460498,
              41.868720877547254
            ],
            [
              -117.11606641458832,
              41.86849385610392
            ],
            [
              -117.05761853856015,
              41.84901401439113
            ],
            [
              -117.05697446792803,
              41.848775874069226
            ],
            [
              -117.05720550297393,
              41.84876175174639
            ],
            [
              -117.06048729542627,
              41.84844914844565
            ],
            [
              -117.06374135499881,
              41.847920963987114
            ],
            [
              -117.06695353579669,
              41.84717949446943
            ],
            [
              -117.07010987397847,
              41.84622796317405
            ],
            [
              -117.07319664845915,
              41.845070506553114
            ],
            [
              -117.07620044055773,
              41.84371215624764
            ],
            [
              -117.07910819233035,
              41.842158817214255
            ],
            [
              -117.08190726333517,
              41.840417242055416
            ],
            [
              -117.08458548558222,
              41.83849500166481
            ],
            [
              -117.08713121642961,
              41.83640045231554
            ],
            [
              -117.08953338919582,
              41.83414269933411
            ],
            [
              -117.09178156126828,
              41.83173155751819
            ],
            [
              -117.09386595949901,
              41.82917750847018
            ],
            [
              -117.09577752268996,
              41.826491655032086
            ],
            [
              -117.09750794098343,
              41.82368567301977
            ],
            [
              -117.09904969198637,
              41.82077176046637
            ],
            [
              -117.10039607347123,
              41.81776258459563
            ],
            [
              -117.10154123251172,
              41.81467122675547
            ],
            [
              -117.10658480750088,
              41.79954266362903
            ],
            [
              -117.10685099744013,
              41.798823039725534
            ],
            [
              -117.1073494477882,
              41.799406278713185
            ],
            [
              -117.14632333783821,
              41.848116680657924
            ],
            [
              -117.14679043007816,
              41.848741441619374
            ]
          ]
        ]
      },
      "properties": {
        "hail_size_bin": "0.5\"",
        "min_size_inches": 0.5
      }
    },
    {
      "type": "Feature",
      "geometry": {
        "type": "Polygon",
        "coordinates": [
          [
            [
              -117.29678330432455,
              53.955322963377334
            ],
            [
              -117.29665406755826,
              53.9560999629201
            ],
            [
              -117.28697807056817,
              54.00447303545646
            ],
            [
              -117.2867957661711,
              54.005250041584716
            ],
            [
              -117.286021953255,
              54.005056025225414
            ],
            [
              -117.26885402713495,
              54.00015160430864
            ],
            [
              -117.26571365852509,
              53.9993635081116
            ],
            [
              -117.2625288676407,
              53.9987803120517
            ],
            [
              -117.25931300896043,
              53.998404461589146
            ],
            [
              -117.2560795672366,
              53.99823753274169
            ],
            [
              -117.25284210095074,
              53.99828022547608
            ],
            [
              -117.24961418546026,
              53.99853236077297
            ],
            [
              -117.24640935607411,
              53.99899288137756
            ],
            [
              -117.24324105129648,
              53.99965985623289
            ],
            [
              -117.24012255647642,
              54.00053048857716
            ],
            [
              -117.23706694809967,
              54.00160112767114
            ],
            [
              -117.23408703895626,
              54.00286728410641
            ],
            [
              -117.23119532441385,
              54.00432364863044
            ],
            [
              -117.22840393002217,
              54.00596411440932
            ],
            [
              -117.22572456066803,
              54.00778180263498
            ],
            [
              -117.22316845149439,
              54.00976909136942
            ],
            [
              -117.22074632078909,
              54.011917647505086
            ],
            [
              -117.21846832504092,
              54.014218461707245
            ],
            [
              -117.2163440163513,
              54.016661886192026
            ],
            [
              -117.21438230238047,
              54.019237675181486
            ],
            [
              -117.21259140899578,
              54.021935027866306
            ],
            [
              -117.21097884577898,
              54.02474263369573
            ],
            [
              -117.209551374537,
              54.02764871980508
            ],
            [
              -117.20831498094832,
              54.03064110038172
            ],
            [
              -117.2072748494638,
              54.03370722776272
            ],
            [
              -117.20726691073767,
              54.03373679810263
            ],
            [
              -117.20681035865283,
              54.03524004233855
            ],
            [
              -117.20607354259583,
              54.034972769956816
            ],
            [
              -117.10760938345712,
              53.995592733628776
            ],
            [
              -117.1068684234943,
              53.99526758182459
            ],
            [
              -117.10684179685714,
              53.99445904307957
            ],
            [
              -117.10684179685714,
              53.956115368678184
            ],
            [
              -117.10686773642573,
              53.955322996827405
            ],
            [
              -117.10765999296389,
              53.95529717257143
            ],
            [
              -117.29599595534101,
              53.95529717257143
            ],
            [
              -117.29678330432455,
              53.955322963377334
            ]
          ]
        ]
      },
      "properties": {
        "hail_size_bin": "0.5\"",
        "min_size_inches": 0.5
      }
    },
    {
      "type": "Feature",
      "geometry": {
        "type": "Polygon",
        "coordinates": [
          [
            [
              -117.86669659216963,
              53.825334400704335
            ],
            [
              -117.86615455772504,
              53.82591288245658
            ],
            [
              -117.84731619050935,
              53.84474855809236
            ],
            [
              -117.84672495527415,
              53.845302134663726
            ],
            [
              -117.84518359266768,
              53.84534928622508
            ],
            [
              -117.84192633739002,
              53.84555574555633
            ],
            [
              -117.83868949121467,
              53.84597427182364
            ],
            [
              -117.83548684613265,
              53.846603081713816
            ],
            [
              -117.83233204840639,
              53.847439495908795
            ],
            [
              -117.82923854042376,
              53.84847995050211
            ],
            [
              -117.8262195034211,
              53.8497200121844
            ],
            [
              -117.82328780131871,
              53.85115439713349
            ],
            [
              -117.82045592590859,
              53.852776993528416
            ],
            [
              -117.81773594362765,
              53.85458088759146
            ],
            [
              -117.8151394441435,
              53.85655839304736
            ],
            [
              -117.81267749097155,
              53.85870108387397
            ],
            [
              -117.81036057433414,
              53.860999830205046
            ],
            [
              -117.8081985664624,
              53.86344483723198
            ],
            [
              -117.80728702433863,
              53.86462235793457
            ],
            [
              -117.80673103637491,
              53.86529412312001
            ],
            [
              -117.80594179406624,
              53.8651629157303
            ],
            [
              -117.75674892114286,
              53.85532574685714
            ],
            [
              -117.75674487050858,
              53.85534600292269
            ],
            [
              -117.75619888391233,
              53.855237120417335
            ],
            [
              -117.75655607635927,
              53.85479820804115
            ],
            [
              -117.75845380906222,
              53.852126144516546
            ],
            [
              -117.76017241091715,
              53.849335495746885
            ],
            [
              -117.79633544047581,
              53.78605923606861
            ],
            [
              -117.79675532748173,
              53.78537756321813
            ],
            [
              -117.79715119078982,
              53.785498412157054
            ],
            [
              -117.80030680165778,
              53.78634915038507
            ],
            [
              -117.80351125036717,
              53.78699191313405
            ],
            [
              -117.80675084541677,
              53.78742395410106
            ],
            [
              -117.81001174513722,
              53.787643427324426
            ],
            [
              -117.81328001683164,
              53.78764939507097
            ],
            [
              -117.8165416963053,
              53.78744183184258
            ],
            [
              -117.81978284752968,
              53.78702162448514
            ],
            [
              -117.82298962218644,
              53.7863905683994
            ],
            [
              -117.82614831883639,
              53.785551359869764
            ],
            [
              -117.82673190079011,
              53.78537570335719
            ],
            [
              -117.82731632051414,
              53.78592306773073
            ],
            [
              -117.86615455772504,
              53.82475575582913
            ],
            [
              -117.86669659216963,
              53.825334400704335
            ]
          ]
        ]
      },
      "properties": {
        "hail_size_bin": "0.5\"",
        "min_size_inches": 0.5
      }
    },
    {
      "type": "Feature",
      "geometry": {
        "type": "Polygon",
        "coordinates": [
          [
            [
              -117.70729387684203,
              53.87361572785341
            ],
            [
              -117.70567839816464,
              53.875784383697564
            ],
            [
              -117.7038784352606,
              53.87856845814917
            ],
            [
              -117.70226692605266,
              53.881465693914635
            ],
            [
              -117.70085095533928,
              53.88446335365964
            ],
            [
              -117.69963674825844,
              53.88754825854842
            ],
            [
              -117.69862964291956,
              53.89070684618285
            ],
            [
              -117.69783406693514,
              53.893925230227836
            ],
            [
              -117.69725351795545,
              53.89718926146085
            ],
            [
              -117.69689054829135,
              53.900484589977246
            ],
            [
              -117.69674675369353,
              53.90379672827774
            ],
            [
              -117.6967315677442,
              53.905281342783766
            ],
            [
              -117.69346851162085,
              53.90477060069055
            ],
            [
              -117.69013349222199,
              53.90447538724213
            ],
            [
              -117.68678619284277,
              53.904404027331424
            ],
            [
              -117.68344162211137,
              53.904556840922154
            ],
            [
              -117.6801147764212,
              53.90493314282841
            ],
            [
              -117.6768205726901,
              53.905531245786904
            ],
            [
              -117.67357378147587,
              53.906348468022294
            ],
            [
              -117.6703889607479,
              53.90738114527178
            ],
            [
              -117.66728039061222,
              53.90862464721487
            ],
            [
              -117.6642620092823,
              53.9100733982349
            ],
            [
              -117.6613473505828,
              53.91172090241893
            ],
            [
              -117.6585494832667,
              53.913559772684145
            ],
            [
              -117.65588095241745,
              53.91558176390012
            ],
            [
              -117.6533537231994,
              53.91777780985829
            ],
            [
              -117.65097912720839,
              53.92013806392307
            ],
            [
              -117.64876781166298,
              53.92265194318221
            ],
            [
              -117.64675846087982,
              53.92527068167302
            ],
            [
              -117.64675689614431,
              53.925272590219905
            ],
            [
              -117.64602956421258,
              53.924938260190544
            ],
            [
              -117.60878854791353,
              53.90632041249375
            ],
            [
              -117.60585684728056,
              53.904971213826194
            ],
            [
              -117.60284421457071,
              53.90381395421769
            ],
            [
              -117.59976320065967,
              53.902853454906975
            ],
            [
              -117.59662664130482,
              53.90209371741317
            ],
            [
              -117.59344760367047,
              53.90153790686518
            ],
            [
              -117.59023933188888,
              53.901188338815466
            ],
            [
              -117.5870151918842,
              53.901046469593275
            ],
            [
              -117.58378861568892,
              53.90111289023746
            ],
            [
              -117.58057304548487,
              53.90138732403415
            ],
            [
              -117.57738187760204,
              53.901868627669565
            ],
            [
              -117.57422840670831,
              53.90255479599319
            ],
            [
              -117.57112577042284,
              53.90344297037133
            ],
            [
              -117.5680868945836,
              53.90452945059648
            ],
            [
              -117.56512443939731,
              53.90580971030263
            ],
            [
              -117.56225074669598,
              53.907278415822546
            ],
            [
              -117.55947778851977,
              53.908929448408216
            ],
            [
              -117.55681711724056,
              53.91075592972207
            ],
            [
              -117.55427981743374,
              53.91275025049272
            ],
            [
              -117.55187645969903,
              53.914904102215786
            ],
            [
              -117.54961705662245,
              53.91720851176782
            ],
            [
              -117.54751102106307,
              53.919653878789056
            ],
            [
              -117.54556712693828,
              53.92223001567934
            ],
            [
              -117.54379347267088,
              53.92492619004049
            ],
            [
              -117.54219744745048,
              53.927731169388316
            ],
            [
              -117.54078570044939,
              53.93063326794813
            ],
            [
              -117.53956411312178,
              53.93362039533861
            ],
            [
              -117.53853777470094,
              53.93668010694133
            ],
            [
              -117.53771096099716,
              53.93979965574607
            ],
            [
              -117.53708711658432,
              53.9429660454559
            ],
            [
              -117.53689321264271,
              53.94444951572294
            ],
            [
              -117.53675628169509,
              53.945283043836504
            ],
            [
              -117.53605209801235,
              53.94566410696797
            ],
            [
              -117.49750998977181,
              53.96493240768707
            ],
            [
              -117.4967930147415,
              53.96526228644149
            ],
            [
              -117.49628043532307,
              53.96466236031605
            ],
            [
              -117.45730762115424,
              53.91595330303066
            ],
            [
              -117.45684464847692,
              53.91533379668792
            ],
            [
              -117.45761745269334,
              53.91530860228571
            ],
            [
              -117.52097727058923,
              53.91530860228571
            ],
            [
              -117.52434026628337,
              53.91519537668496
            ],
            [
              -117.52768803088921,
              53.914856212684164
            ],
            [
              -117.53100540230038,
              53.91429264636523
            ],
            [
              -117.53427735606205,
              53.91350723013357
            ],
            [
              -117.53748907341702,
              53.91250352115816
            ],
            [
              -117.54062600842019,
              53.911286065261066
            ],
            [
              -117.54367395381757,
              53.90986037632932
            ],
            [
              -117.5466191053912,
              53.90823291134234
            ],
            [
              -117.54944812447883,
              53.90641104112816
            ],
            [
              -117.55214819838504,
              53.904403016980766
            ],
            [
              -117.5547070984102,
              53.90221793328977
            ],
            [
              -117.55711323523465,
              53.89986568635172
            ],
            [
              -117.55935571140685,
              53.89735692954952
            ],
            [
              -117.56142437069836,
              53.89470302510301
            ],
            [
              -117.56330984410151,
              53.89191599260921
            ],
            [
              -117.56500359226197,
              53.88900845460525
            ],
            [
              -117.56649794415361,
              53.88599357940063
            ],
            [
              -117.56679863703661,
              53.8853318555566
            ],
            [
              -117.5673530254885,
              53.884740300945566
            ],
            [
              -117.6061934763572,
              53.84590539950564
            ],
            [
              -117.60677849759377,
              53.84535743923268
            ],
            [
              -117.6077530085164,
              53.84558186246741
            ],
            [
              -117.60900146398819,
              53.845911812367405
            ],
            [
              -117.61224150024984,
              53.84654283046444
            ],
            [
              -117.61551611181224,
              53.846958688530364
            ],
            [
              -117.61881102658371,
              53.847157574086246
            ],
            [
              -117.62211188398292,
              53.84713862030778
            ],
            [
              -117.62540429752814,
              53.846901909803265
            ],
            [
              -117.62867391753937,
              53.846448474253535
            ],
            [
              -117.63190649368016,
              53.84578028991551
            ],
            [
              -117.63508793706633,
              53.84490026900884
            ],
            [
              -117.63820438167109,
              53.84381224702326
            ],
            [
              -117.6412422447588,
              53.842520966001985
            ],
            [
              -117.64418828608413,
              53.84103205387393
            ],
            [
              -117.6470296655984,
              53.83935199992493
            ],
            [
              -117.64975399941173,
              53.837488126514764
            ],
            [
              -117.65234941376714,
              53.83544855716332
            ],
            [
              -117.65480459679117,
              53.833242181145
            ],
            [
              -117.65710884779563,
              53.83087861474568
            ],
            [
              -117.65925212391562,
              53.828368159350916
            ],
            [
              -117.66122508388035,
              53.825721756548404
            ],
            [
              -117.66301912872629,
              53.82295094044004
            ],
            [
              -117.66462643927485,
              53.82006778737159
            ],
            [
              -117.66604001021166,
              53.8170848632991
            ],
            [
              -117.66673925579576,
              53.81547394671395
            ],
            [
              -117.66676178085714,
              53.81615898776651
            ],
            [
              -117.66676178085714,
              53.82452587668909
            ],
            [
              -117.66686919398606,
              53.827801510263086
            ],
            [
              -117.66719097186959,
              53.83106306999504
            ],
            [
              -117.66772573198097,
              53.83429654251149
            ],
            [
              -117.66847117670991,
              53.83748803511644
            ],
            [
              -117.6694241032344,
              53.84062383548163
            ],
            [
              -117.67058041728167,
              53.843690470561896
            ],
            [
              -117.67193515071928,
              53.84667476448247
            ],
            [
              -117.67348248290098,
              53.84956389514945
            ],
            [
              -117.67521576567509,
              53.85234544934025
            ],
            [
              -117.6771275519486,
              53.8550074760373
            ],
            [
              -117.67920962768366,
              53.857538537775945
            ],
            [
              -117.68145304718952,
              53.85992775978575
            ],
            [
              -117.68384817155784,
              53.86216487671423
            ],
            [
              -117.6863847100765,
              53.86424027673224
            ],
            [
              -117.68905176444395,
              53.866145042831384
            ],
            [
              -117.691837875594,
              53.86787099113621
            ],
            [
              -117.69473107293003,
              53.8694107060664
            ],
            [
              -117.69771892575687,
              53.87075757219801
            ],
            [
              -117.7007885966897,
              53.87190580268685
            ],
            [
              -117.70392689681015,
              53.872850464131716
            ],
            [
              -117.70712034233277,
              53.873587497770956
            ],
            [
              -117.70729387684203,
              53.87361572785341
            ]
          ]
        ]
      },
      "properties": {
        "hail_size_bin": "0.5\"",
        "min_size_inches": 0.5
      }
    },
    {
      "type": "Feature",
      "geometry": {
        "type": "Polygon",
        "coordinates": [
          [
            [
              -117.56670730253536,
              54.11523540046794
            ],
            [
              -117.56596161642081,
              54.115353245794374
            ],
            [
              -117.4875921275306,
              54.1251480322505
            ],
            [
              -117.48682635523926,
              54.12521860919239
            ],
            [
              -117.4870886933468,
              54.124495721217315
            ],
            [
              -117.50647883723762,
              54.07602728753129
            ],
            [
              -117.50679695723386,
              54.07530227839566
            ],
            [
              -117.50746970355691,
              54.075719525499
            ],
            [
              -117.56609310129758,
              54.114796206680836
            ],
            [
              -117.56670730253536,
              54.11523540046794
            ]
          ]
        ]
      },
      "properties": {
        "hail_size_bin": "0.5\"",
        "min_size_inches": 0.5
      }
    }
  ]
}